run_number,run_name,settings_fingerprint,time_min,CV,volume_mL,uv_mAU,program_stage,flow_mL_min,percent_B,programmed_percent_B,column_percent_B,programmed_conductivity_mS_cm,column_conductivity_mS_cm,column_total_protein_g_L,stage_index,pH,salt_concentration_M,conductivity_mS_cm,ionic_strength_M,programmed_salt_concentration_M,binding_salt_concentration_M,binding_ionic_strength_M,total_protein_g_L,Target protein_g_L,Target protein_uv_mAU,Target protein_effective_b_L_g
1,EDM Competitive Langmuir - two high-salt washes,7153f3f39ab39e3944db30e3ecafc691b277362a1f5bcba2e70b2181c5adf90d,0.0,0.0,0.0,0.0,Load,1.0,100.0,100.0,100.0,100.0,100.0,0.0,1.0,6.0,2.0,100.0,2.0,2.0,2.0,2.0,0.0,0.0,0.0,162.7547914190039
1,EDM Competitive Langmuir - two high-salt washes,7153f3f39ab39e3944db30e3ecafc691b277362a1f5bcba2e70b2181c5adf90d,0.012142857142857143,0.012142857142857143,0.012142857142857143,0.0,Load,1.0,100.0,100.0,100.0,100.0,100.0,0.0,1.0,6.0,2.0,100.0,2.0,2.0,2.0,2.0,0.0,0.0,0.0,162.7547914190039
1,EDM Competitive Langmuir - two high-salt washes,7153f3f39ab39e3944db30e3ecafc691b277362a1f5bcba2e70b2181c5adf90d,0.024285714285714285,0.024285714285714285,0.024285714285714285,0.0,Load,1.0,100.0,100.0,100.0,100.0,100.0,0.0,1.0,6.0,2.0,100.0,2.0,2.0,2.0,2.0,0.0,0.0,0.0,162.7547914190039
1,EDM Competitive Langmuir - two high-salt washes,7153f3f39ab39e3944db30e3ecafc691b277362a1f5bcba2e70b2181c5adf90d,0.03642857142857143,0.03642857142857143,0.03642857142857143,0.0,Load,1.0,100.0,100.0,100.0,100.0,100.0,0.0,1.0,6.0,2.0,100.0,2.0,2.0,2.0,2.0,0.0,0.0,0.0,162.7547914190039
1,EDM Competitive Langmuir - two high-salt washes,7153f3f39ab39e3944db30e3ecafc691b277362a1f5bcba2e70b2181c5adf90d,0.04857142857142857,0.04857142857142857,0.04857142857142857,0.0,Load,1.0,100.0,100.0,100.0,100.0,100.0,0.0,1.0,6.0,2.0,100.0,2.0,2.0,2.0,2.0,0.0,0.0,0.0,162.7547914190039
1,EDM Competitive Langmuir - two high-salt washes,7153f3f39ab39e3944db30e3ecafc691b277362a1f5bcba2e70b2181c5adf90d,0.060714285714285714,0.060714285714285714,0.060714285714285714,0.0,Load,1.0,100.0,100.0,100.0,100.0,100.0,0.0,1.0,6.0,2.0,100.0,2.0,2.0,2.0,2.0,0.0,0.0,0.0,162.7547914190039
1,EDM Competitive Langmuir - two high-salt washes,7153f3f39ab39e3944db30e3ecafc691b277362a1f5bcba2e70b2181c5adf90d,0.07285714285714286,0.07285714285714286,0.07285714285714286,0.0,Load,1.0,100.0,100.0,100.0,100.0,100.0,0.0,1.0,6.0,2.0,100.0,2.0,2.0,2.0,2.0,0.0,0.0,0.0,162.7547914190039
1,EDM Competitive Langmuir - two high-salt washes,7153f3f39ab39e3944db30e3ecafc691b277362a1f5bcba2e70b2181c5adf90d,0.08499999999999999,0.08499999999999999,0.08499999999999999,0.0,Load,1.0,100.0,100.0,100.0,100.0,100.0,0.0,1.0,6.0,2.0,100.0,2.0,2.0,2.0,2.0,0.0,0.0,0.0,162.7547914190039
1,EDM Competitive Langmuir - two high-salt washes,7153f3f39ab39e3944db30e3ecafc691b277362a1f5bcba2e70b2181c5adf90d,0.09714285714285714,0.09714285714285714,0.09714285714285714,0.0,Load,1.0,100.0,100.0,100.0,100.0,100.0,0.0,1.0,6.0,2.0,100.0,2.0,2.0,2.0,2.0,0.0,0.0,0.0,162.7547914190039
1,EDM Competitive Langmuir - two high-salt washes,7153f3f39ab39e3944db30e3ecafc691b277362a1f5bcba2e70b2181c5adf90d,0.10928571428571428,0.10928571428571428,0.10928571428571428,0.0,Load,1.0,100.0,100.0,100.0,100.0,100.0,0.0,1.0,6.0,2.0,100.0,2.0,2.0,2.0,2.0,0.0,0.0,0.0,162.7547914190039
1,EDM Competitive Langmuir - two high-salt washes,7153f3f39ab39e3944db30e3ecafc691b277362a1f5bcba2e70b2181c5adf90d,0.12142857142857143,0.12142857142857143,0.12142857142857143,0.0,Load,1.0,100.0,100.0,100.0,100.0,100.0,0.0,1.0,6.0,2.0,100.0,2.0,2.0,2.0,2.0,0.0,0.0,0.0,162.7547914190039
1,EDM Competitive Langmuir - two high-salt washes,7153f3f39ab39e3944db30e3ecafc691b277362a1f5bcba2e70b2181c5adf90d,0.13357142857142856,0.13357142857142856,0.13357142857142856,0.0,Load,1.0,100.0,100.0,100.0,100.0,100.0,0.0,1.0,6.0,2.0,100.0,2.0,2.0,2.0,2.0,0.0,0.0,0.0,162.7547914190039
1,EDM Competitive Langmuir - two high-salt washes,7153f3f39ab39e3944db30e3ecafc691b277362a1f5bcba2e70b2181c5adf90d,0.1457142857142857,0.1457142857142857,0.1457142857142857,0.0,Load,1.0,100.0,100.0,100.0,100.0,100.0,0.0,1.0,6.0,2.0,100.0,2.0,2.0,2.0,2.0,0.0,0.0,0.0,162.7547914190039
1,EDM Competitive Langmuir - two high-salt washes,7153f3f39ab39e3944db30e3ecafc691b277362a1f5bcba2e70b2181c5adf90d,0.15785714285714286,0.15785714285714286,0.15785714285714286,0.0,Load,1.0,100.0,100.0,100.0,100.0,100.0,0.0,1.0,6.0,2.0,100.0,2.0,2.0,2.0,2.0,0.0,0.0,0.0,162.7547914190039
1,EDM Competitive Langmuir - two high-salt washes,7153f3f39ab39e3944db30e3ecafc691b277362a1f5bcba2e70b2181c5adf90d,0.16999999999999998,0.16999999999999998,0.16999999999999998,0.0,Load,1.0,100.0,100.0,100.0,100.0,100.0,0.0,1.0,6.0,2.0,100.0,2.0,2.0,2.0,2.0,0.0,0.0,0.0,162.7547914190039
1,EDM Competitive Langmuir - two high-salt washes,7153f3f39ab39e3944db30e3ecafc691b277362a1f5bcba2e70b2181c5adf90d,0.18214285714285713,0.18214285714285713,0.18214285714285713,0.0,Load,1.0,100.0,100.0,100.0,100.0,100.0,0.0,1.0,6.0,2.0,100.0,2.0,2.0,2.0,2.0,0.0,0.0,0.0,162.7547914190039
1,EDM Competitive Langmuir - two high-salt washes,7153f3f39ab39e3944db30e3ecafc691b277362a1f5bcba2e70b2181c5adf90d,0.19428571428571428,0.19428571428571428,0.19428571428571428,0.0,Load,1.0,100.0,100.0,100.0,100.0,100.0,0.0,1.0,6.0,2.0,100.0,2.0,2.0,2.0,2.0,0.0,0.0,0.0,162.7547914190039
1,EDM Competitive Langmuir - two high-salt washes,7153f3f39ab39e3944db30e3ecafc691b277362a1f5bcba2e70b2181c5adf90d,0.2064285714285714,0.2064285714285714,0.2064285714285714,0.0,Load,1.0,100.0,100.0,100.0,100.0,100.0,0.0,1.0,6.0,2.0,100.0,2.0,2.0,2.0,2.0,0.0,0.0,0.0,162.7547914190039
1,EDM Competitive Langmuir - two high-salt washes,7153f3f39ab39e3944db30e3ecafc691b277362a1f5bcba2e70b2181c5adf90d,0.21857142857142856,0.21857142857142856,0.21857142857142856,0.0,Load,1.0,100.0,100.0,100.0,100.0,100.0,0.0,1.0,6.0,2.0,100.0,2.0,2.0,2.0,2.0,0.0,0.0,0.0,162.7547914190039
1,EDM Competitive Langmuir - two high-salt washes,7153f3f39ab39e3944db30e3ecafc691b277362a1f5bcba2e70b2181c5adf90d,0.2307142857142857,0.2307142857142857,0.2307142857142857,0.0,Load,1.0,100.0,100.0,100.0,100.0,100.0,0.0,1.0,6.0,2.0,100.0,2.0,2.0,2.0,2.0,0.0,0.0,0.0,162.7547914190039
1,EDM Competitive Langmuir - two high-salt washes,7153f3f39ab39e3944db30e3ecafc691b277362a1f5bcba2e70b2181c5adf90d,0.24285714285714285,0.24285714285714285,0.24285714285714285,0.0,Load,1.0,100.0,100.0,100.0,100.0,100.0,0.0,1.0,6.0,2.0,100.0,2.0,2.0,2.0,2.0,0.0,0.0,0.0,162.7547914190039
1,EDM Competitive Langmuir - two high-salt washes,7153f3f39ab39e3944db30e3ecafc691b277362a1f5bcba2e70b2181c5adf90d,0.255,0.255,0.255,0.0,Load,1.0,100.0,100.0,100.0,100.0,100.0,0.0,1.0,6.0,2.0,100.0,2.0,2.0,2.0,2.0,0.0,0.0,0.0,162.7547914190039
1,EDM Competitive Langmuir - two high-salt washes,7153f3f39ab39e3944db30e3ecafc691b277362a1f5bcba2e70b2181c5adf90d,0.2671428571428571,0.2671428571428571,0.2671428571428571,0.0,Load,1.0,100.0,100.0,100.0,100.0,100.0,0.0,1.0,6.0,2.0,100.0,2.0,2.0,2.0,2.0,0.0,0.0,0.0,162.7547914190039
1,EDM Competitive Langmuir - two high-salt washes,7153f3f39ab39e3944db30e3ecafc691b277362a1f5bcba2e70b2181c5adf90d,0.27928571428571425,0.27928571428571425,0.27928571428571425,0.0,Load,1.0,100.0,100.0,100.0,100.0,100.0,0.0,1.0,6.0,2.0,100.0,2.0,2.0,2.0,2.0,0.0,0.0,0.0,162.7547914190039
1,EDM Competitive Langmuir - two high-salt washes,7153f3f39ab39e3944db30e3ecafc691b277362a1f5bcba2e70b2181c5adf90d,0.2914285714285714,0.2914285714285714,0.2914285714285714,0.0,Load,1.0,100.0,100.0,100.0,100.0,100.0,0.0,1.0,6.0,2.0,100.0,2.0,2.0,2.0,2.0,0.0,0.0,0.0,162.7547914190039
1,EDM Competitive Langmuir - two high-salt washes,7153f3f39ab39e3944db30e3ecafc691b277362a1f5bcba2e70b2181c5adf90d,0.30357142857142855,0.30357142857142855,0.30357142857142855,0.0,Load,1.0,100.0,100.0,100.0,100.0,100.0,0.0,1.0,6.0,2.0,100.0,2.0,2.0,2.0,2.0,0.0,0.0,0.0,162.7547914190039
1,EDM Competitive Langmuir - two high-salt washes,7153f3f39ab39e3944db30e3ecafc691b277362a1f5bcba2e70b2181c5adf90d,0.3157142857142857,0.3157142857142857,0.3157142857142857,0.0,Load,1.0,100.0,100.0,100.0,100.0,100.0,0.0,1.0,6.0,2.0,100.0,2.0,2.0,2.0,2.0,0.0,0.0,0.0,162.7547914190039
1,EDM Competitive Langmuir - two high-salt washes,7153f3f39ab39e3944db30e3ecafc691b277362a1f5bcba2e70b2181c5adf90d,0.32785714285714285,0.32785714285714285,0.32785714285714285,0.0,Load,1.0,100.0,100.0,100.0,100.0,100.0,0.0,1.0,6.0,2.0,100.0,2.0,2.0,2.0,2.0,0.0,0.0,0.0,162.7547914190039
1,EDM Competitive Langmuir - two high-salt washes,7153f3f39ab39e3944db30e3ecafc691b277362a1f5bcba2e70b2181c5adf90d,0.33999999999999997,0.33999999999999997,0.33999999999999997,0.0,Load,1.0,100.0,100.0,100.0,100.0,100.0,0.0,1.0,6.0,2.0,100.0,2.0,2.0,2.0,2.0,0.0,0.0,0.0,162.7547914190039
1,EDM Competitive Langmuir - two high-salt washes,7153f3f39ab39e3944db30e3ecafc691b277362a1f5bcba2e70b2181c5adf90d,0.3521428571428571,0.3521428571428571,0.3521428571428571,0.0,Load,1.0,100.0,100.0,100.0,100.0,100.0,0.0,1.0,6.0,2.0,100.0,2.0,2.0,2.0,2.0,0.0,0.0,0.0,162.7547914190039
1,EDM Competitive Langmuir - two high-salt washes,7153f3f39ab39e3944db30e3ecafc691b277362a1f5bcba2e70b2181c5adf90d,0.36428571428571427,0.36428571428571427,0.36428571428571427,0.0,Load,1.0,100.0,100.0,100.0,100.0,100.0,0.0,1.0,6.0,2.0,100.0,2.0,2.0,2.0,2.0,0.0,0.0,0.0,162.7547914190039
1,EDM Competitive Langmuir - two high-salt washes,7153f3f39ab39e3944db30e3ecafc691b277362a1f5bcba2e70b2181c5adf90d,0.37642857142857145,0.37642857142857145,0.37642857142857145,0.0,Load,1.0,100.0,100.0,100.0,100.0,100.0,0.0,1.0,6.0,2.0,100.0,2.0,2.0,2.0,2.0,0.0,0.0,0.0,162.7547914190039
1,EDM Competitive Langmuir - two high-salt washes,7153f3f39ab39e3944db30e3ecafc691b277362a1f5bcba2e70b2181c5adf90d,0.38857142857142857,0.38857142857142857,0.38857142857142857,0.0,Load,1.0,100.0,100.0,100.0,100.0,100.0,0.0,1.0,6.0,2.0,100.0,2.0,2.0,2.0,2.0,0.0,0.0,0.0,162.7547914190039
1,EDM Competitive Langmuir - two high-salt washes,7153f3f39ab39e3944db30e3ecafc691b277362a1f5bcba2e70b2181c5adf90d,0.4007142857142857,0.4007142857142857,0.4007142857142857,0.0,Load,1.0,100.0,100.0,100.0,100.0,100.0,0.0,1.0,6.0,2.0,100.0,2.0,2.0,2.0,2.0,0.0,0.0,0.0,162.7547914190039
1,EDM Competitive Langmuir - two high-salt washes,7153f3f39ab39e3944db30e3ecafc691b277362a1f5bcba2e70b2181c5adf90d,0.4128571428571428,0.4128571428571428,0.4128571428571428,0.0,Load,1.0,100.0,100.0,100.0,100.0,100.0,0.0,1.0,6.0,2.0,100.0,2.0,2.0,2.0,2.0,0.0,0.0,0.0,162.7547914190039
1,EDM Competitive Langmuir - two high-salt washes,7153f3f39ab39e3944db30e3ecafc691b277362a1f5bcba2e70b2181c5adf90d,0.425,0.425,0.425,0.0,Load,1.0,100.0,100.0,100.0,100.0,100.0,0.0,1.0,6.0,2.0,100.0,2.0,2.0,2.0,2.0,0.0,0.0,0.0,162.7547914190039
1,EDM Competitive Langmuir - two high-salt washes,7153f3f39ab39e3944db30e3ecafc691b277362a1f5bcba2e70b2181c5adf90d,0.4371428571428571,0.4371428571428571,0.4371428571428571,0.0,Load,1.0,100.0,100.0,100.0,100.0,100.0,0.0,1.0,6.0,2.0,100.0,2.0,2.0,2.0,2.0,0.0,0.0,0.0,162.7547914190039
1,EDM Competitive Langmuir - two high-salt washes,7153f3f39ab39e3944db30e3ecafc691b277362a1f5bcba2e70b2181c5adf90d,0.44928571428571423,0.44928571428571423,0.44928571428571423,0.0,Load,1.0,100.0,100.0,100.0,100.0,100.0,0.0,1.0,6.0,2.0,100.0,2.0,2.0,2.0,2.0,0.0,0.0,0.0,162.7547914190039
1,EDM Competitive Langmuir - two high-salt washes,7153f3f39ab39e3944db30e3ecafc691b277362a1f5bcba2e70b2181c5adf90d,0.4614285714285714,0.4614285714285714,0.4614285714285714,0.0,Load,1.0,100.0,100.0,100.0,100.0,100.0,0.0,1.0,6.0,2.0,100.0,2.0,2.0,2.0,2.0,0.0,0.0,0.0,162.7547914190039
1,EDM Competitive Langmuir - two high-salt washes,7153f3f39ab39e3944db30e3ecafc691b277362a1f5bcba2e70b2181c5adf90d,0.4735714285714286,0.4735714285714286,0.4735714285714286,0.0,Load,1.0,100.0,100.0,100.0,100.0,100.0,0.0,1.0,6.0,2.0,100.0,2.0,2.0,2.0,2.0,0.0,0.0,0.0,162.7547914190039
1,EDM Competitive Langmuir - two high-salt washes,7153f3f39ab39e3944db30e3ecafc691b277362a1f5bcba2e70b2181c5adf90d,0.4857142857142857,0.4857142857142857,0.4857142857142857,0.0,Load,1.0,100.0,100.0,100.0,100.0,100.0,0.0,1.0,6.0,2.0,100.0,2.0,2.0,2.0,2.0,0.0,0.0,0.0,162.7547914190039
1,EDM Competitive Langmuir - two high-salt washes,7153f3f39ab39e3944db30e3ecafc691b277362a1f5bcba2e70b2181c5adf90d,0.49785714285714283,0.49785714285714283,0.49785714285714283,0.0,Load,1.0,100.0,100.0,100.0,100.0,100.0,0.0,1.0,6.0,2.0,100.0,2.0,2.0,2.0,2.0,0.0,0.0,0.0,162.7547914190039
1,EDM Competitive Langmuir - two high-salt washes,7153f3f39ab39e3944db30e3ecafc691b277362a1f5bcba2e70b2181c5adf90d,0.51,0.51,0.51,0.0,Load,1.0,100.0,100.0,100.0,100.0,100.0,0.0,1.0,6.0,2.0,100.0,2.0,2.0,2.0,2.0,0.0,0.0,0.0,162.7547914190039
1,EDM Competitive Langmuir - two high-salt washes,7153f3f39ab39e3944db30e3ecafc691b277362a1f5bcba2e70b2181c5adf90d,0.5221428571428571,0.5221428571428571,0.5221428571428571,0.0,Load,1.0,100.0,100.0,100.0,100.0,100.0,0.0,1.0,6.0,2.0,100.0,2.0,2.0,2.0,2.0,0.0,0.0,0.0,162.7547914190039
1,EDM Competitive Langmuir - two high-salt washes,7153f3f39ab39e3944db30e3ecafc691b277362a1f5bcba2e70b2181c5adf90d,0.5342857142857143,0.5342857142857143,0.5342857142857143,0.0,Load,1.0,100.0,100.0,100.0,100.0,100.0,0.0,1.0,6.0,2.0,100.0,2.0,2.0,2.0,2.0,0.0,0.0,0.0,162.7547914190039
1,EDM Competitive Langmuir - two high-salt washes,7153f3f39ab39e3944db30e3ecafc691b277362a1f5bcba2e70b2181c5adf90d,0.5464285714285714,0.5464285714285714,0.5464285714285714,0.0,Load,1.0,100.0,100.0,100.0,100.0,100.0,0.0,1.0,6.0,2.0,100.0,2.0,2.0,2.0,2.0,0.0,0.0,0.0,162.7547914190039
1,EDM Competitive Langmuir - two high-salt washes,7153f3f39ab39e3944db30e3ecafc691b277362a1f5bcba2e70b2181c5adf90d,0.5585714285714285,0.5585714285714285,0.5585714285714285,0.0,Load,1.0,100.0,100.0,100.0,100.0,100.0,0.0,1.0,6.0,2.0,100.0,2.0,2.0,2.0,2.0,0.0,0.0,0.0,162.7547914190039
1,EDM Competitive Langmuir - two high-salt washes,7153f3f39ab39e3944db30e3ecafc691b277362a1f5bcba2e70b2181c5adf90d,0.5707142857142856,0.5707142857142856,0.5707142857142856,0.0,Load,1.0,100.0,100.0,100.0,100.0,100.0,0.0,1.0,6.0,2.0,100.0,2.0,2.0,2.0,2.0,0.0,0.0,0.0,162.7547914190039
1,EDM Competitive Langmuir - two high-salt washes,7153f3f39ab39e3944db30e3ecafc691b277362a1f5bcba2e70b2181c5adf90d,0.5828571428571429,0.5828571428571429,0.5828571428571429,0.0,Load,1.0,100.0,100.0,100.0,100.0,100.0,0.0,1.0,6.0,2.0,100.0,2.0,2.0,2.0,2.0,0.0,0.0,0.0,162.7547914190039
1,EDM Competitive Langmuir - two high-salt washes,7153f3f39ab39e3944db30e3ecafc691b277362a1f5bcba2e70b2181c5adf90d,0.595,0.595,0.595,0.0,Load,1.0,100.0,100.0,100.0,100.0,100.0,0.0,1.0,6.0,2.0,100.0,2.0,2.0,2.0,2.0,0.0,0.0,0.0,162.7547914190039
1,EDM Competitive Langmuir - two high-salt washes,7153f3f39ab39e3944db30e3ecafc691b277362a1f5bcba2e70b2181c5adf90d,0.6071428571428571,0.6071428571428571,0.6071428571428571,0.0,Load,1.0,100.0,100.0,100.0,100.0,100.0,0.0,1.0,6.0,2.0,100.0,2.0,2.0,2.0,2.0,0.0,0.0,0.0,162.7547914190039
1,EDM Competitive Langmuir - two high-salt washes,7153f3f39ab39e3944db30e3ecafc691b277362a1f5bcba2e70b2181c5adf90d,0.6192857142857143,0.6192857142857143,0.6192857142857143,0.0,Load,1.0,100.0,100.0,100.0,100.0,100.0,0.0,1.0,6.0,2.0,100.0,2.0,2.0,2.0,2.0,0.0,0.0,0.0,162.7547914190039
1,EDM Competitive Langmuir - two high-salt washes,7153f3f39ab39e3944db30e3ecafc691b277362a1f5bcba2e70b2181c5adf90d,0.6314285714285715,0.6314285714285715,0.6314285714285715,0.0,Load,1.0,100.0,100.0,100.0,100.0,100.0,0.0,1.0,6.0,2.0,100.0,2.0,2.0,2.0,2.0,0.0,0.0,0.0,162.7547914190039
1,EDM Competitive Langmuir - two high-salt washes,7153f3f39ab39e3944db30e3ecafc691b277362a1f5bcba2e70b2181c5adf90d,0.6435714285714286,0.6435714285714286,0.6435714285714286,0.0,Load,1.0,100.0,100.0,100.0,100.0,100.0,0.0,1.0,6.0,2.0,100.0,2.0,2.0,2.0,2.0,0.0,0.0,0.0,162.7547914190039
1,EDM Competitive Langmuir - two high-salt washes,7153f3f39ab39e3944db30e3ecafc691b277362a1f5bcba2e70b2181c5adf90d,0.6557142857142857,0.6557142857142857,0.6557142857142857,0.0,Load,1.0,100.0,100.0,100.0,100.0,100.0,0.0,1.0,6.0,2.0,100.0,2.0,2.0,2.0,2.0,0.0,0.0,0.0,162.7547914190039
1,EDM Competitive Langmuir - two high-salt washes,7153f3f39ab39e3944db30e3ecafc691b277362a1f5bcba2e70b2181c5adf90d,0.6678571428571428,0.6678571428571428,0.6678571428571428,0.0,Load,1.0,100.0,100.0,100.0,100.0,100.0,0.0,1.0,6.0,2.0,100.0,2.0,2.0,2.0,2.0,0.0,0.0,0.0,162.7547914190039
1,EDM Competitive Langmuir - two high-salt washes,7153f3f39ab39e3944db30e3ecafc691b277362a1f5bcba2e70b2181c5adf90d,0.6799999999999999,0.6799999999999999,0.6799999999999999,0.0,Load,1.0,100.0,100.0,100.0,100.0,100.0,0.0,1.0,6.0,2.0,100.0,2.0,2.0,2.0,2.0,0.0,0.0,0.0,162.7547914190039
1,EDM Competitive Langmuir - two high-salt washes,7153f3f39ab39e3944db30e3ecafc691b277362a1f5bcba2e70b2181c5adf90d,0.6921428571428571,0.6921428571428571,0.6921428571428571,0.0,Load,1.0,100.0,100.0,100.0,100.0,100.0,0.0,1.0,6.0,2.0,100.0,2.0,2.0,2.0,2.0,0.0,0.0,0.0,162.7547914190039
1,EDM Competitive Langmuir - two high-salt washes,7153f3f39ab39e3944db30e3ecafc691b277362a1f5bcba2e70b2181c5adf90d,0.7042857142857142,0.7042857142857142,0.7042857142857142,0.0,Load,1.0,100.0,100.0,100.0,100.0,100.0,0.0,1.0,6.0,2.0,100.0,2.0,2.0,2.0,2.0,0.0,0.0,0.0,162.7547914190039
1,EDM Competitive Langmuir - two high-salt washes,7153f3f39ab39e3944db30e3ecafc691b277362a1f5bcba2e70b2181c5adf90d,0.7164285714285713,0.7164285714285713,0.7164285714285713,0.0,Load,1.0,100.0,100.0,100.0,100.0,100.0,0.0,1.0,6.0,2.0,100.0,2.0,2.0,2.0,2.0,0.0,0.0,0.0,162.7547914190039
1,EDM Competitive Langmuir - two high-salt washes,7153f3f39ab39e3944db30e3ecafc691b277362a1f5bcba2e70b2181c5adf90d,0.7285714285714285,0.7285714285714285,0.7285714285714285,0.0,Load,1.0,100.0,100.0,100.0,100.0,100.0,0.0,1.0,6.0,2.0,100.0,2.0,2.0,2.0,2.0,0.0,0.0,0.0,162.7547914190039
1,EDM Competitive Langmuir - two high-salt washes,7153f3f39ab39e3944db30e3ecafc691b277362a1f5bcba2e70b2181c5adf90d,0.7407142857142858,0.7407142857142858,0.7407142857142858,0.0,Load,1.0,100.0,100.0,100.0,100.0,100.0,0.0,1.0,6.0,2.0,100.0,2.0,2.0,2.0,2.0,0.0,0.0,0.0,162.7547914190039
1,EDM Competitive Langmuir - two high-salt washes,7153f3f39ab39e3944db30e3ecafc691b277362a1f5bcba2e70b2181c5adf90d,0.7528571428571429,0.7528571428571429,0.7528571428571429,0.0,Load,1.0,100.0,100.0,100.0,100.0,100.0,0.0,1.0,6.0,2.0,100.0,2.0,2.0,2.0,2.0,0.0,0.0,0.0,162.7547914190039
1,EDM Competitive Langmuir - two high-salt washes,7153f3f39ab39e3944db30e3ecafc691b277362a1f5bcba2e70b2181c5adf90d,0.765,0.765,0.765,0.0,Load,1.0,100.0,100.0,100.0,100.0,100.0,0.0,1.0,6.0,2.0,100.0,2.0,2.0,2.0,2.0,0.0,0.0,0.0,162.7547914190039
1,EDM Competitive Langmuir - two high-salt washes,7153f3f39ab39e3944db30e3ecafc691b277362a1f5bcba2e70b2181c5adf90d,0.7771428571428571,0.7771428571428571,0.7771428571428571,0.0,Load,1.0,100.0,100.0,100.0,100.0,100.0,0.0,1.0,6.0,2.0,100.0,2.0,2.0,2.0,2.0,0.0,0.0,0.0,162.7547914190039
1,EDM Competitive Langmuir - two high-salt washes,7153f3f39ab39e3944db30e3ecafc691b277362a1f5bcba2e70b2181c5adf90d,0.7892857142857143,0.7892857142857143,0.7892857142857143,0.0,Load,1.0,100.0,100.0,100.0,100.0,100.0,0.0,1.0,6.0,2.0,100.0,2.0,2.0,2.0,2.0,0.0,0.0,0.0,162.7547914190039
1,EDM Competitive Langmuir - two high-salt washes,7153f3f39ab39e3944db30e3ecafc691b277362a1f5bcba2e70b2181c5adf90d,0.8014285714285714,0.8014285714285714,0.8014285714285714,0.0,Load,1.0,100.0,100.0,100.0,100.0,100.0,0.0,1.0,6.0,2.0,100.0,2.0,2.0,2.0,2.0,0.0,0.0,0.0,162.7547914190039
1,EDM Competitive Langmuir - two high-salt washes,7153f3f39ab39e3944db30e3ecafc691b277362a1f5bcba2e70b2181c5adf90d,0.8135714285714285,0.8135714285714285,0.8135714285714285,0.0,Load,1.0,100.0,100.0,100.0,100.0,100.0,0.0,1.0,6.0,2.0,100.0,2.0,2.0,2.0,2.0,0.0,0.0,0.0,162.7547914190039
1,EDM Competitive Langmuir - two high-salt washes,7153f3f39ab39e3944db30e3ecafc691b277362a1f5bcba2e70b2181c5adf90d,0.8257142857142856,0.8257142857142856,0.8257142857142856,0.0,Load,1.0,100.0,100.0,100.0,100.0,100.0,0.0,1.0,6.0,2.0,100.0,2.0,2.0,2.0,2.0,0.0,0.0,0.0,162.7547914190039
1,EDM Competitive Langmuir - two high-salt washes,7153f3f39ab39e3944db30e3ecafc691b277362a1f5bcba2e70b2181c5adf90d,0.8378571428571429,0.8378571428571429,0.8378571428571429,0.0,Load,1.0,100.0,100.0,100.0,100.0,100.0,0.0,1.0,6.0,2.0,100.0,2.0,2.0,2.0,2.0,0.0,0.0,0.0,162.7547914190039
1,EDM Competitive Langmuir - two high-salt washes,7153f3f39ab39e3944db30e3ecafc691b277362a1f5bcba2e70b2181c5adf90d,0.85,0.85,0.85,0.0,Load,1.0,100.0,100.0,100.0,100.0,100.0,0.0,1.0,6.0,2.0,100.0,2.0,2.0,2.0,2.0,0.0,0.0,0.0,162.7547914190039
1,EDM Competitive Langmuir - two high-salt washes,7153f3f39ab39e3944db30e3ecafc691b277362a1f5bcba2e70b2181c5adf90d,0.8621428571428571,0.8621428571428571,0.8621428571428571,0.0,Load,1.0,100.0,100.0,100.0,100.0,100.0,0.0,1.0,6.0,2.0,100.0,2.0,2.0,2.0,2.0,0.0,0.0,0.0,162.7547914190039
1,EDM Competitive Langmuir - two high-salt washes,7153f3f39ab39e3944db30e3ecafc691b277362a1f5bcba2e70b2181c5adf90d,0.8742857142857142,0.8742857142857142,0.8742857142857142,0.0,Load,1.0,100.0,100.0,100.0,100.0,100.0,0.0,1.0,6.0,2.0,100.0,2.0,2.0,2.0,2.0,0.0,0.0,0.0,162.7547914190039
1,EDM Competitive Langmuir - two high-salt washes,7153f3f39ab39e3944db30e3ecafc691b277362a1f5bcba2e70b2181c5adf90d,0.8864285714285713,0.8864285714285713,0.8864285714285713,0.0,Load,1.0,100.0,100.0,100.0,100.0,100.0,0.0,1.0,6.0,2.0,100.0,2.0,2.0,2.0,2.0,0.0,0.0,0.0,162.7547914190039
1,EDM Competitive Langmuir - two high-salt washes,7153f3f39ab39e3944db30e3ecafc691b277362a1f5bcba2e70b2181c5adf90d,0.8985714285714285,0.8985714285714285,0.8985714285714285,0.0,Load,1.0,100.0,100.0,100.0,100.0,100.0,0.0,1.0,6.0,2.0,100.0,2.0,2.0,2.0,2.0,0.0,0.0,0.0,162.7547914190039
1,EDM Competitive Langmuir - two high-salt washes,7153f3f39ab39e3944db30e3ecafc691b277362a1f5bcba2e70b2181c5adf90d,0.9107142857142857,0.9107142857142857,0.9107142857142857,0.0,Load,1.0,100.0,100.0,100.0,100.0,100.0,0.0,1.0,6.0,2.0,100.0,2.0,2.0,2.0,2.0,0.0,0.0,0.0,162.7547914190039
1,EDM Competitive Langmuir - two high-salt washes,7153f3f39ab39e3944db30e3ecafc691b277362a1f5bcba2e70b2181c5adf90d,0.9228571428571428,0.9228571428571428,0.9228571428571428,0.0,Load,1.0,100.0,100.0,100.0,100.0,100.0,0.0,1.0,6.0,2.0,100.0,2.0,2.0,2.0,2.0,0.0,0.0,0.0,162.7547914190039
1,EDM Competitive Langmuir - two high-salt washes,7153f3f39ab39e3944db30e3ecafc691b277362a1f5bcba2e70b2181c5adf90d,0.9349999999999999,0.9349999999999999,0.9349999999999999,0.0,Load,1.0,100.0,100.0,100.0,100.0,100.0,0.0,1.0,6.0,2.0,100.0,2.0,2.0,2.0,2.0,0.0,0.0,0.0,162.7547914190039
1,EDM Competitive Langmuir - two high-salt washes,7153f3f39ab39e3944db30e3ecafc691b277362a1f5bcba2e70b2181c5adf90d,0.9471428571428572,0.9471428571428572,0.9471428571428572,0.0,Load,1.0,100.0,100.0,100.0,100.0,100.0,0.0,1.0,6.0,2.0,100.0,2.0,2.0,2.0,2.0,0.0,0.0,0.0,162.7547914190039
1,EDM Competitive Langmuir - two high-salt washes,7153f3f39ab39e3944db30e3ecafc691b277362a1f5bcba2e70b2181c5adf90d,0.9592857142857143,0.9592857142857143,0.9592857142857143,0.0,Load,1.0,100.0,100.0,100.0,100.0,100.0,0.0,1.0,6.0,2.0,100.0,2.0,2.0,2.0,2.0,0.0,0.0,0.0,162.7547914190039
1,EDM Competitive Langmuir - two high-salt washes,7153f3f39ab39e3944db30e3ecafc691b277362a1f5bcba2e70b2181c5adf90d,0.9714285714285714,0.9714285714285714,0.9714285714285714,0.0,Load,1.0,100.0,100.0,100.0,100.0,100.0,0.0,1.0,6.0,2.0,100.0,2.0,2.0,2.0,2.0,0.0,0.0,0.0,162.7547914190039
1,EDM Competitive Langmuir - two high-salt washes,7153f3f39ab39e3944db30e3ecafc691b277362a1f5bcba2e70b2181c5adf90d,0.9835714285714285,0.9835714285714285,0.9835714285714285,0.0,Load,1.0,100.0,100.0,100.0,100.0,100.0,0.0,1.0,6.0,2.0,100.0,2.0,2.0,2.0,2.0,0.0,0.0,0.0,162.7547914190039
1,EDM Competitive Langmuir - two high-salt washes,7153f3f39ab39e3944db30e3ecafc691b277362a1f5bcba2e70b2181c5adf90d,0.9957142857142857,0.9957142857142857,0.9957142857142857,0.0,Load,1.0,100.0,100.0,100.0,100.0,100.0,5e-324,1.0,6.0,2.0,100.0,2.0,2.0,2.0,2.0,0.0,0.0,0.0,162.7547914190039
1,EDM Competitive Langmuir - two high-salt washes,7153f3f39ab39e3944db30e3ecafc691b277362a1f5bcba2e70b2181c5adf90d,1.0078571428571428,1.0078571428571428,1.0078571428571428,0.0,PLW 1,1.0,100.0,100.0,100.0,100.0,100.0,5e-324,2.0,6.0,2.0,100.0,2.0,2.0,2.0,2.0,0.0,0.0,0.0,162.7547914190039
1,EDM Competitive Langmuir - two high-salt washes,7153f3f39ab39e3944db30e3ecafc691b277362a1f5bcba2e70b2181c5adf90d,1.02,1.02,1.02,0.0,PLW 1,1.0,100.0,100.0,100.0,100.0,100.0,1.5e-323,2.0,6.0,2.0,100.0,2.0,2.0,2.0,2.0,0.0,0.0,0.0,162.7547914190039
1,EDM Competitive Langmuir - two high-salt washes,7153f3f39ab39e3944db30e3ecafc691b277362a1f5bcba2e70b2181c5adf90d,1.032142857142857,1.032142857142857,1.032142857142857,0.0,PLW 1,1.0,100.0,100.0,100.0,100.0,100.0,3.5e-323,2.0,6.0,2.0,100.0,2.0,2.0,2.0,2.0,0.0,0.0,0.0,162.7547914190039
1,EDM Competitive Langmuir - two high-salt washes,7153f3f39ab39e3944db30e3ecafc691b277362a1f5bcba2e70b2181c5adf90d,1.0442857142857143,1.0442857142857143,1.0442857142857143,0.0,PLW 1,1.0,100.0,100.0,100.0,100.0,100.0,7.4e-323,2.0,6.0,2.0,100.0,2.0,2.0,2.0,2.0,0.0,0.0,0.0,162.7547914190039
1,EDM Competitive Langmuir - two high-salt washes,7153f3f39ab39e3944db30e3ecafc691b277362a1f5bcba2e70b2181c5adf90d,1.0564285714285715,1.0564285714285715,1.0564285714285715,0.0,PLW 1,1.0,100.0,100.0,100.0,100.0,100.0,1.53e-322,2.0,6.0,2.0,100.0,2.0,2.0,2.0,2.0,0.0,0.0,0.0,162.7547914190039
1,EDM Competitive Langmuir - two high-salt washes,7153f3f39ab39e3944db30e3ecafc691b277362a1f5bcba2e70b2181c5adf90d,1.0685714285714285,1.0685714285714285,1.0685714285714285,0.0,PLW 1,1.0,100.0,100.0,100.0,100.0,100.0,3.1e-322,2.0,6.0,2.0,100.0,2.0,2.0,2.0,2.0,0.0,0.0,0.0,162.7547914190039
1,EDM Competitive Langmuir - two high-salt washes,7153f3f39ab39e3944db30e3ecafc691b277362a1f5bcba2e70b2181c5adf90d,1.0807142857142857,1.0807142857142857,1.0807142857142857,0.0,PLW 1,1.0,100.0,100.0,100.0,100.0,100.0,6.27e-322,2.0,6.0,2.0,100.0,2.0,2.0,2.0,2.0,0.0,0.0,0.0,162.7547914190039
1,EDM Competitive Langmuir - two high-salt washes,7153f3f39ab39e3944db30e3ecafc691b277362a1f5bcba2e70b2181c5adf90d,1.0928571428571427,1.0928571428571427,1.0928571428571427,0.0,PLW 1,1.0,100.0,100.0,100.0,100.0,100.0,1.245e-321,2.0,6.0,2.0,100.0,2.0,2.0,2.0,2.0,0.0,0.0,0.0,162.7547914190039
1,EDM Competitive Langmuir - two high-salt washes,7153f3f39ab39e3944db30e3ecafc691b277362a1f5bcba2e70b2181c5adf90d,1.105,1.105,1.105,0.0,PLW 1,1.0,100.0,100.0,100.0,100.0,100.0,2.46e-321,2.0,6.0,2.0,100.0,2.0,2.0,2.0,2.0,0.0,0.0,0.0,162.7547914190039
1,EDM Competitive Langmuir - two high-salt washes,7153f3f39ab39e3944db30e3ecafc691b277362a1f5bcba2e70b2181c5adf90d,1.117142857142857,1.117142857142857,1.117142857142857,0.0,PLW 1,1.0,100.0,100.0,100.0,100.0,100.0,4.82e-321,2.0,6.0,2.0,100.0,2.0,2.0,2.0,2.0,0.0,0.0,0.0,162.7547914190039
1,EDM Competitive Langmuir - two high-salt washes,7153f3f39ab39e3944db30e3ecafc691b277362a1f5bcba2e70b2181c5adf90d,1.1292857142857142,1.1292857142857142,1.1292857142857142,0.0,PLW 1,1.0,100.0,100.0,100.0,100.0,100.0,9.36e-321,2.0,6.0,2.0,100.0,2.0,2.0,2.0,2.0,0.0,0.0,0.0,162.7547914190039
1,EDM Competitive Langmuir - two high-salt washes,7153f3f39ab39e3944db30e3ecafc691b277362a1f5bcba2e70b2181c5adf90d,1.1414285714285712,1.1414285714285715,1.1414285714285715,4.94e-321,PLW 1,1.0,100.0,100.0,100.0,100.0,100.0,1.857e-320,2.0,6.0,2.0,100.0,2.0,2.0,2.0,2.0,5e-324,5e-324,4.94e-321,162.7547914190039
1,EDM Competitive Langmuir - two high-salt washes,7153f3f39ab39e3944db30e3ecafc691b277362a1f5bcba2e70b2181c5adf90d,1.1535714285714285,1.1535714285714285,1.1535714285714285,4.94e-321,PLW 1,1.0,100.0,100.0,100.0,100.0,100.0,3.7727e-320,2.0,6.0,2.0,100.0,2.0,2.0,2.0,2.0,5e-324,5e-324,4.94e-321,162.7547914190039
1,EDM Competitive Langmuir - two high-salt washes,7153f3f39ab39e3944db30e3ecafc691b277362a1f5bcba2e70b2181c5adf90d,1.1657142857142857,1.1657142857142855,1.1657142857142855,9.88e-321,PLW 1,1.0,100.0,100.0,100.0,100.0,100.0,7.233e-320,2.0,6.0,2.0,100.0,2.0,2.0,2.0,2.0,1e-323,1e-323,9.88e-321,162.7547914190039
1,EDM Competitive Langmuir - two high-salt washes,7153f3f39ab39e3944db30e3ecafc691b277362a1f5bcba2e70b2181c5adf90d,1.1778571428571427,1.1778571428571427,1.1778571428571427,2.9644e-320,PLW 1,1.0,100.0,100.0,100.0,100.0,100.0,1.36836e-319,2.0,6.0,2.0,100.0,2.0,2.0,2.0,2.0,3e-323,3e-323,2.9644e-320,162.7547914190039
1,EDM Competitive Langmuir - two high-salt washes,7153f3f39ab39e3944db30e3ecafc691b277362a1f5bcba2e70b2181c5adf90d,1.19,1.19,1.19,5.929e-320,PLW 1,1.0,100.0,100.0,100.0,100.0,100.0,2.57863e-319,2.0,6.0,2.0,100.0,2.0,2.0,2.0,2.0,6e-323,6e-323,5.929e-320,162.7547914190039
1,EDM Competitive Langmuir - two high-salt washes,7153f3f39ab39e3944db30e3ecafc691b277362a1f5bcba2e70b2181c5adf90d,1.202142857142857,1.202142857142857,1.202142857142857,1.23516e-319,PLW 1,1.0,100.0,100.0,100.0,100.0,100.0,4.8157e-319,2.0,6.0,2.0,100.0,2.0,2.0,2.0,2.0,1.24e-322,1.24e-322,1.23516e-319,162.7547914190039
1,EDM Competitive Langmuir - two high-salt washes,7153f3f39ab39e3944db30e3ecafc691b277362a1f5bcba2e70b2181c5adf90d,1.2142857142857142,1.2142857142857142,1.2142857142857142,2.56914e-319,PLW 1,1.0,100.0,100.0,100.0,100.0,100.0,8.89817e-319,2.0,6.0,2.0,100.0,2.0,2.0,2.0,2.0,2.57e-322,2.57e-322,2.56914e-319,162.7547914190039
1,EDM Competitive Langmuir - two high-salt washes,7153f3f39ab39e3944db30e3ecafc691b277362a1f5bcba2e70b2181c5adf90d,1.2264285714285714,1.2264285714285714,1.2264285714285714,5.1383e-319,PLW 1,1.0,100.0,100.0,100.0,100.0,100.0,1.630594e-318,2.0,6.0,2.0,100.0,2.0,2.0,2.0,2.0,5.14e-322,5.14e-322,5.1383e-319,162.7547914190039
1,EDM Competitive Langmuir - two high-salt washes,7153f3f39ab39e3944db30e3ecafc691b277362a1f5bcba2e70b2181c5adf90d,1.2385714285714287,1.2385714285714287,1.2385714285714287,1.027657e-318,PLW 1,1.0,100.0,100.0,100.0,100.0,100.0,2.970777e-318,2.0,6.0,2.0,100.0,2.0,2.0,2.0,2.0,1.03e-321,1.03e-321,1.027657e-318,162.7547914190039
1,EDM Competitive Langmuir - two high-salt washes,7153f3f39ab39e3944db30e3ecafc691b277362a1f5bcba2e70b2181c5adf90d,1.2507142857142857,1.2507142857142857,1.2507142857142857,2.03061e-318,PLW 1,1.0,100.0,100.0,100.0,100.0,100.0,5.38103e-318,2.0,6.0,2.0,100.0,2.0,2.0,2.0,2.0,2.03e-321,2.03e-321,2.03061e-318,162.7547914190039
1,EDM Competitive Langmuir - two high-salt washes,7153f3f39ab39e3944db30e3ecafc691b277362a1f5bcba2e70b2181c5adf90d,1.262857142857143,1.262857142857143,1.262857142857143,3.98711e-318,PLW 1,1.0,100.0,100.0,100.0,100.0,100.0,9.68416e-318,2.0,6.0,2.0,100.0,2.0,2.0,2.0,2.0,3.987e-321,3.987e-321,3.98711e-318,162.7547914190039
1,EDM Competitive Langmuir - two high-salt washes,7153f3f39ab39e3944db30e3ecafc691b277362a1f5bcba2e70b2181c5adf90d,1.275,1.275,1.275,7.75683e-318,PLW 1,1.0,100.0,100.0,100.0,100.0,100.0,1.7317856e-317,2.0,6.0,2.0,100.0,2.0,2.0,2.0,2.0,7.757e-321,7.757e-321,7.75683e-318,162.7547914190039
1,EDM Competitive Langmuir - two high-salt washes,7153f3f39ab39e3944db30e3ecafc691b277362a1f5bcba2e70b2181c5adf90d,1.2871428571428571,1.2871428571428571,1.2871428571428571,1.5320976e-317,PLW 1,1.0,100.0,100.0,100.0,100.0,100.0,3.0777375e-317,2.0,6.0,2.0,100.0,2.0,2.0,2.0,2.0,1.532e-320,1.532e-320,1.5320976e-317,162.7547914190039
1,EDM Competitive Langmuir - two high-salt washes,7153f3f39ab39e3944db30e3ecafc691b277362a1f5bcba2e70b2181c5adf90d,1.2992857142857142,1.2992857142857144,1.2992857142857144,3.0968035e-317,PLW 1,1.0,100.0,100.0,100.0,100.0,100.0,5.4369913e-317,2.0,6.0,2.0,100.0,2.0,2.0,2.0,2.0,3.097e-320,3.097e-320,3.0968035e-317,162.7547914190039
1,EDM Competitive Langmuir - two high-salt washes,7153f3f39ab39e3944db30e3ecafc691b277362a1f5bcba2e70b2181c5adf90d,1.3114285714285714,1.3114285714285714,1.3114285714285714,6.011791e-317,PLW 1,1.0,100.0,100.0,100.0,100.0,100.0,9.5487153e-317,2.0,6.0,2.0,100.0,2.0,2.0,2.0,2.0,6.012e-320,6.012e-320,6.011791e-317,162.7547914190039
1,EDM Competitive Langmuir - two high-salt washes,7153f3f39ab39e3944db30e3ecafc691b277362a1f5bcba2e70b2181c5adf90d,1.3235714285714286,1.3235714285714284,1.3235714285714284,1.14069876e-316,PLW 1,1.0,100.0,100.0,100.0,100.0,100.0,1.66738465e-316,2.0,6.0,2.0,100.0,2.0,2.0,2.0,2.0,1.1407e-319,1.1407e-319,1.14069876e-316,162.7547914190039
1,EDM Competitive Langmuir - two high-salt washes,7153f3f39ab39e3944db30e3ecafc691b277362a1f5bcba2e70b2181c5adf90d,1.3357142857142856,1.3357142857142856,1.3357142857142856,2.15145826e-316,PLW 1,1.0,100.0,100.0,100.0,100.0,100.0,2.89522627e-316,2.0,6.0,2.0,100.0,2.0,2.0,2.0,2.0,2.15146e-319,2.15146e-319,2.15145826e-316,162.7547914190039
1,EDM Competitive Langmuir - two high-salt washes,7153f3f39ab39e3944db30e3ecafc691b277362a1f5bcba2e70b2181c5adf90d,1.3478571428571429,1.3478571428571429,1.3478571428571429,4.02614095e-316,PLW 1,1.0,100.0,100.0,100.0,100.0,100.0,4.9995795e-316,2.0,6.0,2.0,100.0,2.0,2.0,2.0,2.0,4.02614e-319,4.02614e-319,4.02614095e-316,162.7547914190039
1,EDM Competitive Langmuir - two high-salt washes,7153f3f39ab39e3944db30e3ecafc691b277362a1f5bcba2e70b2181c5adf90d,1.3599999999999999,1.3599999999999999,1.3599999999999999,7.45727864e-316,PLW 1,1.0,100.0,100.0,100.0,100.0,100.0,8.5868877e-316,2.0,6.0,2.0,100.0,2.0,2.0,2.0,2.0,7.4573e-319,7.4573e-319,7.45727864e-316,162.7547914190039
1,EDM Competitive Langmuir - two high-salt washes,7153f3f39ab39e3944db30e3ecafc691b277362a1f5bcba2e70b2181c5adf90d,1.372142857142857,1.372142857142857,1.372142857142857,1.369144836e-315,PLW 1,1.0,100.0,100.0,100.0,100.0,100.0,1.46702007e-315,2.0,6.0,2.0,100.0,2.0,2.0,2.0,2.0,1.369145e-318,1.369145e-318,1.369144836e-315,162.7547914190039
1,EDM Competitive Langmuir - two high-salt washes,7153f3f39ab39e3944db30e3ecafc691b277362a1f5bcba2e70b2181c5adf90d,1.3842857142857141,1.3842857142857141,1.3842857142857141,2.497773576e-315,PLW 1,1.0,100.0,100.0,100.0,100.0,100.0,2.493330246e-315,2.0,6.0,2.0,100.0,2.0,2.0,2.0,2.0,2.497774e-318,2.497774e-318,2.497773576e-315,162.7547914190039
1,EDM Competitive Langmuir - two high-salt washes,7153f3f39ab39e3944db30e3ecafc691b277362a1f5bcba2e70b2181c5adf90d,1.3964285714285714,1.3964285714285714,1.3964285714285714,4.5303547e-315,PLW 1,1.0,100.0,100.0,100.0,100.0,100.0,4.2160988e-315,2.0,6.0,2.0,100.0,2.0,2.0,2.0,2.0,4.530355e-318,4.530355e-318,4.5303547e-315,162.7547914190039
1,EDM Competitive Langmuir - two high-salt washes,7153f3f39ab39e3944db30e3ecafc691b277362a1f5bcba2e70b2181c5adf90d,1.4085714285714284,1.4085714285714284,1.4085714285714284,8.165408107e-315,PLW 1,1.0,100.0,100.0,100.0,100.0,100.0,7.093671955e-315,2.0,6.0,2.0,100.0,2.0,2.0,2.0,2.0,8.16541e-318,8.16541e-318,8.165408107e-315,162.7547914190039
1,EDM Competitive Langmuir - two high-salt washes,7153f3f39ab39e3944db30e3ecafc691b277362a1f5bcba2e70b2181c5adf90d,1.4207142857142856,1.4207142857142856,1.4207142857142856,1.46236119e-314,PLW 1,1.0,100.0,100.0,100.0,100.0,100.0,1.187686712e-314,2.0,6.0,2.0,100.0,2.0,2.0,2.0,2.0,1.462361e-317,1.462361e-317,1.46236119e-314,162.7547914190039
1,EDM Competitive Langmuir - two high-salt washes,7153f3f39ab39e3944db30e3ecafc691b277362a1f5bcba2e70b2181c5adf90d,1.4328571428571426,1.4328571428571426,1.4328571428571426,2.6026958267e-314,PLW 1,1.0,100.0,100.0,100.0,100.0,100.0,1.9793460253e-314,2.0,6.0,2.0,100.0,2.0,2.0,2.0,2.0,2.602696e-317,2.602696e-317,2.6026958267e-314,162.7547914190039
1,EDM Competitive Langmuir - two high-salt washes,7153f3f39ab39e3944db30e3ecafc691b277362a1f5bcba2e70b2181c5adf90d,1.445,1.445,1.445,4.604313365e-314,PLW 1,1.0,100.0,100.0,100.0,100.0,100.0,3.282783152e-314,2.0,6.0,2.0,100.0,2.0,2.0,2.0,2.0,4.6043134e-317,4.6043134e-317,4.604313365e-314,162.7547914190039
1,EDM Competitive Langmuir - two high-salt washes,7153f3f39ab39e3944db30e3ecafc691b277362a1f5bcba2e70b2181c5adf90d,1.457142857142857,1.4571428571428573,1.4571428571428573,8.0975185465e-314,PLW 1,1.0,100.0,100.0,100.0,100.0,100.0,5.4227196554e-314,2.0,6.0,2.0,100.0,2.0,2.0,2.0,2.0,8.0975185e-317,8.0975185e-317,8.0975185465e-314,162.7547914190039
1,EDM Competitive Langmuir - two high-salt washes,7153f3f39ab39e3944db30e3ecafc691b277362a1f5bcba2e70b2181c5adf90d,1.4692857142857143,1.4692857142857143,1.4692857142857143,1.4159094344e-313,PLW 1,1.0,100.0,100.0,100.0,100.0,100.0,8.918791548e-314,2.0,6.0,2.0,100.0,2.0,2.0,2.0,2.0,1.41590943e-316,1.41590943e-316,1.4159094344e-313,162.7547914190039
1,EDM Competitive Langmuir - two high-salt washes,7153f3f39ab39e3944db30e3ecafc691b277362a1f5bcba2e70b2181c5adf90d,1.4814285714285715,1.4814285714285713,1.4814285714285713,2.46187041823e-313,PLW 1,1.0,100.0,100.0,100.0,100.0,100.0,1.4602944686e-313,2.0,6.0,2.0,100.0,2.0,2.0,2.0,2.0,2.4618704e-316,2.4618704e-316,2.46187041823e-313,162.7547914190039
1,EDM Competitive Langmuir - two high-salt washes,7153f3f39ab39e3944db30e3ecafc691b277362a1f5bcba2e70b2181c5adf90d,1.4935714285714285,1.4935714285714285,1.4935714285714285,4.25686659077e-313,PLW 1,1.0,100.0,100.0,100.0,100.0,100.0,2.38032137907e-313,2.0,6.0,2.0,100.0,2.0,2.0,2.0,2.0,4.2568666e-316,4.2568666e-316,4.25686659077e-313,162.7547914190039
1,EDM Competitive Langmuir - two high-salt washes,7153f3f39ab39e3944db30e3ecafc691b277362a1f5bcba2e70b2181c5adf90d,1.5057142857142858,1.5057142857142858,1.5057142857142858,7.3207789231e-313,PLW 1,1.0,100.0,100.0,100.0,100.0,100.0,3.8630531982e-313,2.0,6.0,2.0,100.0,2.0,2.0,2.0,2.0,7.3207789e-316,7.3207789e-316,7.3207789231e-313,162.7547914190039
1,EDM Competitive Langmuir - two high-salt washes,7153f3f39ab39e3944db30e3ecafc691b277362a1f5bcba2e70b2181c5adf90d,1.5178571428571428,1.5178571428571428,1.5178571428571428,1.252314906866e-312,PLW 1,1.0,100.0,100.0,100.0,100.0,100.0,6.24256357656e-313,2.0,6.0,2.0,100.0,2.0,2.0,2.0,2.0,1.252314907e-315,1.252314907e-315,1.252314906866e-312,162.7547914190039
1,EDM Competitive Langmuir - two high-salt washes,7153f3f39ab39e3944db30e3ecafc691b277362a1f5bcba2e70b2181c5adf90d,1.53,1.5299999999999998,1.5299999999999998,2.13110312732e-312,PLW 1,1.0,100.0,100.0,100.0,100.0,100.0,1.00453721322e-312,2.0,6.0,2.0,100.0,2.0,2.0,2.0,2.0,2.131103127e-315,2.131103127e-315,2.13110312732e-312,162.7547914190039
1,EDM Competitive Langmuir - two high-salt washes,7153f3f39ab39e3944db30e3ecafc691b277362a1f5bcba2e70b2181c5adf90d,1.542142857142857,1.542142857142857,1.542142857142857,3.60806284054e-312,PLW 1,1.0,100.0,100.0,100.0,100.0,100.0,1.6098002945e-312,2.0,6.0,2.0,100.0,2.0,2.0,2.0,2.0,3.60806284e-315,3.60806284e-315,3.60806284054e-312,162.7547914190039
1,EDM Competitive Langmuir - two high-salt washes,7153f3f39ab39e3944db30e3ecafc691b277362a1f5bcba2e70b2181c5adf90d,1.5542857142857143,1.5542857142857143,1.5542857142857143,6.07805790152e-312,PLW 1,1.0,100.0,100.0,100.0,100.0,100.0,2.568966643946e-312,2.0,6.0,2.0,100.0,2.0,2.0,2.0,2.0,6.0780579e-315,6.0780579e-315,6.07805790152e-312,162.7547914190039
1,EDM Competitive Langmuir - two high-salt washes,7153f3f39ab39e3944db30e3ecafc691b277362a1f5bcba2e70b2181c5adf90d,1.5664285714285713,1.5664285714285713,1.5664285714285713,1.0188680591757e-311,PLW 1,1.0,100.0,100.0,100.0,100.0,100.0,4.08364618867e-312,2.0,6.0,2.0,100.0,2.0,2.0,2.0,2.0,1.018868059e-314,1.018868059e-314,1.0188680591757e-311,162.7547914190039
1,EDM Competitive Langmuir - two high-salt washes,7153f3f39ab39e3944db30e3ecafc691b277362a1f5bcba2e70b2181c5adf90d,1.5785714285714285,1.5785714285714285,1.5785714285714285,1.6999368558293e-311,PLW 1,1.0,100.0,100.0,100.0,100.0,100.0,6.463184378707e-312,2.0,6.0,2.0,100.0,2.0,2.0,2.0,2.0,1.699936856e-314,1.699936856e-314,1.6999368558293e-311,162.7547914190039
1,EDM Competitive Langmuir - two high-salt washes,7153f3f39ab39e3944db30e3ecafc691b277362a1f5bcba2e70b2181c5adf90d,1.5907142857142855,1.5907142857142857,1.5907142857142857,2.822746519193e-311,PLW 1,1.0,100.0,100.0,100.0,100.0,100.0,1.0188138546556e-311,2.0,6.0,2.0,100.0,2.0,2.0,2.0,2.0,2.822746519e-314,2.822746519e-314,2.822746519193e-311,162.7547914190039
1,EDM Competitive Langmuir - two high-salt washes,7153f3f39ab39e3944db30e3ecafc691b277362a1f5bcba2e70b2181c5adf90d,1.6028571428571428,1.6028571428571428,1.6028571428571428,4.6674479481493e-311,PLW 1,1.0,100.0,100.0,100.0,100.0,100.0,1.5999300226704e-311,2.0,6.0,2.0,100.0,2.0,2.0,2.0,2.0,4.667447948e-314,4.667447948e-314,4.6674479481493e-311,162.7547914190039
1,EDM Competitive Langmuir - two high-salt washes,7153f3f39ab39e3944db30e3ecafc691b277362a1f5bcba2e70b2181c5adf90d,1.6149999999999998,1.6149999999999998,1.6149999999999998,7.684883821122e-311,PLW 1,1.0,100.0,100.0,100.0,100.0,100.0,2.5033000945336e-311,2.0,6.0,2.0,100.0,2.0,2.0,2.0,2.0,7.684883821e-314,7.684883821e-314,7.684883821122e-311,162.7547914190039
1,EDM Competitive Langmuir - two high-salt washes,7153f3f39ab39e3944db30e3ecafc691b277362a1f5bcba2e70b2181c5adf90d,1.627142857142857,1.627142857142857,1.627142857142857,1.25967729901153e-310,PLW 1,1.0,100.0,100.0,100.0,100.0,100.0,3.902579778472e-311,2.0,6.0,2.0,100.0,2.0,2.0,2.0,2.0,1.259677299e-313,1.259677299e-313,1.25967729901153e-310,162.7547914190039
1,EDM Competitive Langmuir - two high-salt washes,7153f3f39ab39e3944db30e3ecafc691b277362a1f5bcba2e70b2181c5adf90d,1.639285714285714,1.6392857142857142,1.6392857142857142,2.05560599890304e-310,PLW 1,1.0,100.0,100.0,100.0,100.0,100.0,6.062316379208e-311,2.0,6.0,2.0,100.0,2.0,2.0,2.0,2.0,2.0556059989e-313,2.0556059989e-313,2.05560599890304e-310,162.7547914190039
1,EDM Competitive Langmuir - two high-salt washes,7153f3f39ab39e3944db30e3ecafc691b277362a1f5bcba2e70b2181c5adf90d,1.6514285714285712,1.6514285714285712,1.6514285714285712,3.33973608556454e-310,PLW 1,1.0,100.0,100.0,100.0,100.0,100.0,9.384212068631e-311,2.0,6.0,2.0,100.0,2.0,2.0,2.0,2.0,3.33973608556e-313,3.33973608556e-313,3.33973608556454e-310,162.7547914190039
1,EDM Competitive Langmuir - two high-salt washes,7153f3f39ab39e3944db30e3ecafc691b277362a1f5bcba2e70b2181c5adf90d,1.6635714285714285,1.6635714285714283,1.6635714285714283,5.4027363842125e-310,PLW 1,1.0,100.0,100.0,100.0,100.0,100.0,1.4476188779067e-310,2.0,6.0,2.0,100.0,2.0,2.0,2.0,2.0,5.4027363842e-313,5.4027363842e-313,5.4027363842125e-310,162.7547914190039
1,EDM Competitive Langmuir - two high-salt washes,7153f3f39ab39e3944db30e3ecafc691b277362a1f5bcba2e70b2181c5adf90d,1.6757142857142857,1.6757142857142857,1.6757142857142857,8.70320440669903e-310,PLW 1,1.0,100.0,100.0,100.0,100.0,100.0,2.22552046901767e-310,2.0,6.0,2.0,100.0,2.0,2.0,2.0,2.0,8.7032044067e-313,8.7032044067e-313,8.70320440669903e-310,162.7547914190039
1,EDM Competitive Langmuir - two high-salt washes,7153f3f39ab39e3944db30e3ecafc691b277362a1f5bcba2e70b2181c5adf90d,1.687857142857143,1.6878571428571427,1.6878571428571427,1.39617803052291e-309,PLW 1,1.0,100.0,100.0,100.0,100.0,100.0,3.40998717356464e-310,2.0,6.0,2.0,100.0,2.0,2.0,2.0,2.0,1.396178030523e-312,1.396178030523e-312,1.39617803052291e-309,162.7547914190039
1,EDM Competitive Langmuir - two high-salt washes,7153f3f39ab39e3944db30e3ecafc691b277362a1f5bcba2e70b2181c5adf90d,1.7,1.7,1.7,2.230437344141436e-309,PLW 1,1.0,100.0,100.0,100.0,100.0,100.0,5.20762907815977e-310,2.0,6.0,2.0,100.0,2.0,2.0,2.0,2.0,2.23043734414e-312,2.23043734414e-312,2.230437344141436e-309,162.7547914190039
1,EDM Competitive Langmuir - two high-salt washes,7153f3f39ab39e3944db30e3ecafc691b277362a1f5bcba2e70b2181c5adf90d,1.7121428571428572,1.7121428571428572,1.7121428571428572,3.549053408181865e-309,PLW 1,1.0,100.0,100.0,100.0,100.0,100.0,7.92711913522713e-310,2.0,6.0,2.0,100.0,2.0,2.0,2.0,2.0,3.54905340818e-312,3.54905340818e-312,3.549053408181865e-309,162.7547914190039
1,EDM Competitive Langmuir - two high-salt washes,7153f3f39ab39e3944db30e3ecafc691b277362a1f5bcba2e70b2181c5adf90d,1.7242857142857142,1.7242857142857142,1.7242857142857142,5.62334737046077e-309,PLW 1,1.0,100.0,100.0,100.0,100.0,100.0,1.20281875274465e-309,2.0,6.0,2.0,100.0,2.0,2.0,2.0,2.0,5.62334737046e-312,5.62334737046e-312,5.62334737046077e-309,162.7547914190039
1,EDM Competitive Langmuir - two high-salt washes,7153f3f39ab39e3944db30e3ecafc691b277362a1f5bcba2e70b2181c5adf90d,1.7364285714285714,1.7364285714285714,1.7364285714285714,8.873448840256215e-309,PLW 1,1.0,100.0,100.0,100.0,100.0,100.0,1.819346384110223e-309,2.0,6.0,2.0,100.0,2.0,2.0,2.0,2.0,8.873448840256e-312,8.873448840256e-312,8.873448840256215e-309,162.7547914190039
1,EDM Competitive Langmuir - two high-salt washes,7153f3f39ab39e3944db30e3ecafc691b277362a1f5bcba2e70b2181c5adf90d,1.7485714285714284,1.7485714285714287,1.7485714285714287,1.3948301986651e-308,PLW 1,1.0,100.0,100.0,100.0,100.0,100.0,2.743351475716295e-309,2.0,6.0,2.0,100.0,2.0,2.0,2.0,2.0,1.394830198665e-311,1.394830198665e-311,1.3948301986651e-308,162.7547914190039
1,EDM Competitive Langmuir - two high-salt washes,7153f3f39ab39e3944db30e3ecafc691b277362a1f5bcba2e70b2181c5adf90d,1.7607142857142857,1.7607142857142857,1.7607142857142857,2.1844635985820333e-308,PLW 1,1.0,100.0,100.0,100.0,100.0,100.0,4.123997408767623e-309,2.0,6.0,2.0,100.0,2.0,2.0,2.0,2.0,2.184463598582e-311,2.184463598582e-311,2.1844635985820333e-308,162.7547914190039
1,EDM Competitive Langmuir - two high-salt washes,7153f3f39ab39e3944db30e3ecafc691b277362a1f5bcba2e70b2181c5adf90d,1.7728571428571427,1.7728571428571427,1.7728571428571427,3.408716360611684e-308,PLW 1,1.0,100.0,100.0,100.0,100.0,100.0,6.18081521511584e-309,2.0,6.0,2.0,100.0,2.0,2.0,2.0,2.0,3.4087163606117e-311,3.4087163606117e-311,3.408716360611684e-308,162.7547914190039
1,EDM Competitive Langmuir - two high-salt washes,7153f3f39ab39e3944db30e3ecafc691b277362a1f5bcba2e70b2181c5adf90d,1.785,1.785,1.785,5.300056402477577e-308,PLW 1,1.0,100.0,100.0,100.0,100.0,100.0,9.2359746200428e-309,2.0,6.0,2.0,100.0,2.0,2.0,2.0,2.0,5.3000564024776e-311,5.3000564024776e-311,5.300056402477577e-308,162.7547914190039
1,EDM Competitive Langmuir - two high-salt washes,7153f3f39ab39e3944db30e3ecafc691b277362a1f5bcba2e70b2181c5adf90d,1.797142857142857,1.7971428571428572,1.7971428571428572,8.211778295893442e-308,PLW 1,1.0,100.0,100.0,100.0,100.0,100.0,1.3760937855341673e-308,2.0,6.0,2.0,100.0,2.0,2.0,2.0,2.0,8.2117782958934e-311,8.2117782958934e-311,8.211778295893442e-308,162.7547914190039
1,EDM Competitive Langmuir - two high-salt washes,7153f3f39ab39e3944db30e3ecafc691b277362a1f5bcba2e70b2181c5adf90d,1.8092857142857142,1.8092857142857142,1.8092857142857142,1.2679020528325356e-307,PLW 1,1.0,100.0,100.0,100.0,100.0,100.0,2.044372377411226e-308,2.0,6.0,2.0,100.0,2.0,2.0,2.0,2.0,1.26790205283254e-310,1.26790205283254e-310,1.2679020528325356e-307,162.7547914190039
1,EDM Competitive Langmuir - two high-salt washes,7153f3f39ab39e3944db30e3ecafc691b277362a1f5bcba2e70b2181c5adf90d,1.8214285714285714,1.8214285714285712,1.8214285714285712,1.950966966272639e-307,PLW 1,1.0,100.0,100.0,100.0,100.0,100.0,3.028562845325667e-308,2.0,6.0,2.0,100.0,2.0,2.0,2.0,2.0,1.95096696627264e-310,1.95096696627264e-310,1.950966966272639e-307,162.7547914190039
1,EDM Competitive Langmuir - two high-salt washes,7153f3f39ab39e3944db30e3ecafc691b277362a1f5bcba2e70b2181c5adf90d,1.8335714285714284,1.8335714285714284,1.8335714285714284,2.9919401013715743e-307,PLW 1,1.0,100.0,100.0,100.0,100.0,100.0,4.473993610651213e-308,2.0,6.0,2.0,100.0,2.0,2.0,2.0,2.0,2.99194010137157e-310,2.99194010137157e-310,2.9919401013715743e-307,162.7547914190039
1,EDM Competitive Langmuir - two high-salt washes,7153f3f39ab39e3944db30e3ecafc691b277362a1f5bcba2e70b2181c5adf90d,1.8457142857142856,1.8457142857142856,1.8457142857142856,4.5731672294791455e-307,PLW 1,1.0,100.0,100.0,100.0,100.0,100.0,6.591033422157286e-308,2.0,6.0,2.0,100.0,2.0,2.0,2.0,2.0,4.57316722947915e-310,4.57316722947915e-310,4.5731672294791455e-307,162.7547914190039
1,EDM Competitive Langmuir - two high-salt washes,7153f3f39ab39e3944db30e3ecafc691b277362a1f5bcba2e70b2181c5adf90d,1.8578571428571427,1.8578571428571427,1.8578571428571427,6.967299115085665e-307,PLW 1,1.0,100.0,100.0,100.0,100.0,100.0,9.683400557358354e-308,2.0,6.0,2.0,100.0,2.0,2.0,2.0,2.0,6.96729911508567e-310,6.96729911508567e-310,6.967299115085665e-307,162.7547914190039
1,EDM Competitive Langmuir - two high-salt washes,7153f3f39ab39e3944db30e3ecafc691b277362a1f5bcba2e70b2181c5adf90d,1.8699999999999999,1.8699999999999997,1.8699999999999997,1.0580751624310193e-306,PLW 1,1.0,100.0,100.0,100.0,100.0,100.0,1.4188451670432814e-307,2.0,6.0,2.0,100.0,2.0,2.0,2.0,2.0,1.05807516243102e-309,1.05807516243102e-309,1.0580751624310193e-306,162.7547914190039
1,EDM Competitive Langmuir - two high-salt washes,7153f3f39ab39e3944db30e3ecafc691b277362a1f5bcba2e70b2181c5adf90d,1.882142857142857,1.882142857142857,1.882142857142857,1.601748396569428e-306,PLW 1,1.0,100.0,100.0,100.0,100.0,100.0,2.0734377302401882e-307,2.0,6.0,2.0,100.0,2.0,2.0,2.0,2.0,1.60174839656943e-309,1.60174839656943e-309,1.601748396569428e-306,162.7547914190039
1,EDM Competitive Langmuir - two high-salt washes,7153f3f39ab39e3944db30e3ecafc691b277362a1f5bcba2e70b2181c5adf90d,1.8942857142857144,1.8942857142857144,1.8942857142857144,2.417232031620043e-306,PLW 1,1.0,100.0,100.0,100.0,100.0,100.0,3.022119982809434e-307,2.0,6.0,2.0,100.0,2.0,2.0,2.0,2.0,2.417232031620043e-309,2.417232031620043e-309,2.417232031620043e-306,162.7547914190039
1,EDM Competitive Langmuir - two high-salt washes,7153f3f39ab39e3944db30e3ecafc691b277362a1f5bcba2e70b2181c5adf90d,1.9064285714285714,1.9064285714285716,1.9064285714285716,3.636710608867181e-306,PLW 1,1.0,100.0,100.0,100.0,100.0,100.0,4.393520239829592e-307,2.0,6.0,2.0,100.0,2.0,2.0,2.0,2.0,3.63671060886718e-309,3.63671060886718e-309,3.636710608867181e-306,162.7547914190039
1,EDM Competitive Langmuir - two high-salt washes,7153f3f39ab39e3944db30e3ecafc691b277362a1f5bcba2e70b2181c5adf90d,1.9185714285714286,1.9185714285714286,1.9185714285714286,5.454879518757687e-306,PLW 1,1.0,100.0,100.0,100.0,100.0,100.0,6.3710202089802726e-307,2.0,6.0,2.0,100.0,2.0,2.0,2.0,2.0,5.454879518757687e-309,5.454879518757687e-309,5.454879518757687e-306,162.7547914190039
1,EDM Competitive Langmuir - two high-salt washes,7153f3f39ab39e3944db30e3ecafc691b277362a1f5bcba2e70b2181c5adf90d,1.9307142857142856,1.9307142857142856,1.9307142857142856,8.157683065362722e-306,PLW 1,1.0,100.0,100.0,100.0,100.0,100.0,9.215431008363656e-307,2.0,6.0,2.0,100.0,2.0,2.0,2.0,2.0,8.157683065362723e-309,8.157683065362723e-309,8.157683065362722e-306,162.7547914190039
1,EDM Competitive Langmuir - two high-salt washes,7153f3f39ab39e3944db30e3ecafc691b277362a1f5bcba2e70b2181c5adf90d,1.9428571428571428,1.9428571428571428,1.9428571428571428,1.2163892007589163e-305,PLW 1,1.0,100.0,100.0,100.0,100.0,100.0,1.3296803189370272e-306,2.0,6.0,2.0,100.0,2.0,2.0,2.0,2.0,1.2163892007589164e-308,1.2163892007589164e-308,1.2163892007589163e-305,162.7547914190039
1,EDM Competitive Langmuir - two high-salt washes,7153f3f39ab39e3944db30e3ecafc691b277362a1f5bcba2e70b2181c5adf90d,1.9549999999999998,1.955,1.955,1.8085093449840417e-305,PLW 1,1.0,100.0,100.0,100.0,100.0,100.0,1.9138947981802453e-306,2.0,6.0,2.0,100.0,2.0,2.0,2.0,2.0,1.8085093449840416e-308,1.8085093449840416e-308,1.8085093449840417e-305,162.7547914190039
1,EDM Competitive Langmuir - two high-salt washes,7153f3f39ab39e3944db30e3ecafc691b277362a1f5bcba2e70b2181c5adf90d,1.967142857142857,1.967142857142857,1.967142857142857,2.681201503708824e-305,PLW 1,1.0,100.0,100.0,100.0,100.0,100.0,2.7481608621032168e-306,2.0,6.0,2.0,100.0,2.0,2.0,2.0,2.0,2.6812015037088244e-308,2.6812015037088244e-308,2.681201503708824e-305,162.7547914190039
1,EDM Competitive Langmuir - two high-salt washes,7153f3f39ab39e3944db30e3ecafc691b277362a1f5bcba2e70b2181c5adf90d,1.9792857142857143,1.979285714285714,1.979285714285714,3.9638415758304425e-305,PLW 1,1.0,100.0,100.0,100.0,100.0,100.0,3.936708582012298e-306,2.0,6.0,2.0,100.0,2.0,2.0,2.0,2.0,3.9638415758304424e-308,3.9638415758304424e-308,3.9638415758304425e-305,162.7547914190039
1,EDM Competitive Langmuir - two high-salt washes,7153f3f39ab39e3944db30e3ecafc691b277362a1f5bcba2e70b2181c5adf90d,1.9914285714285713,1.9914285714285713,1.9914285714285713,5.843842900449276e-305,PLW 1,1.0,100.0,100.0,100.0,100.0,100.0,5.626067107288442e-306,2.0,6.0,2.0,100.0,2.0,2.0,2.0,2.0,5.843842900449276e-308,5.843842900449276e-308,5.843842900449276e-305,162.7547914190039
1,EDM Competitive Langmuir - two high-salt washes,7153f3f39ab39e3944db30e3ecafc691b277362a1f5bcba2e70b2181c5adf90d,2.0035714285714286,2.0035714285714286,2.0035714285714286,8.591976862581566e-305,PLW 1,1.0,100.0,100.0,100.0,100.0,100.0,8.021771943582324e-306,2.0,6.0,2.0,100.0,2.0,2.0,2.0,2.0,8.591976862581566e-308,8.591976862581566e-308,8.591976862581566e-305,162.7547914190039
1,EDM Competitive Langmuir - two high-salt washes,7153f3f39ab39e3944db30e3ecafc691b277362a1f5bcba2e70b2181c5adf90d,2.0157142857142856,2.0157142857142856,2.0157142857142856,1.2598433630524267e-304,PLW 1,1.0,100.0,100.0,100.0,100.0,100.0,1.1411492805210768e-305,2.0,6.0,2.0,100.0,2.0,2.0,2.0,2.0,1.2598433630524267e-307,1.2598433630524267e-307,1.2598433630524267e-304,162.7547914190039
1,EDM Competitive Langmuir - two high-salt washes,7153f3f39ab39e3944db30e3ecafc691b277362a1f5bcba2e70b2181c5adf90d,2.0278571428571426,2.027857142857143,2.027857142857143,1.842405060876603e-304,PLW 1,1.0,100.0,100.0,100.0,100.0,100.0,1.6196981899522453e-305,2.0,6.0,2.0,100.0,2.0,2.0,2.0,2.0,1.8424050608766028e-307,1.8424050608766028e-307,1.842405060876603e-304,162.7547914190039
1,EDM Competitive Langmuir - two high-salt washes,7153f3f39ab39e3944db30e3ecafc691b277362a1f5bcba2e70b2181c5adf90d,2.04,2.04,2.04,2.6872909524908897e-304,PLW 1,1.0,100.0,100.0,100.0,100.0,100.0,2.2938114636796465e-305,2.0,6.0,2.0,100.0,2.0,2.0,2.0,2.0,2.68729095249089e-307,2.68729095249089e-307,2.6872909524908897e-304,162.7547914190039
1,EDM Competitive Langmuir - two high-salt washes,7153f3f39ab39e3944db30e3ecafc691b277362a1f5bcba2e70b2181c5adf90d,2.052142857142857,2.052142857142857,2.052142857142857,3.909496619704815e-304,PLW 1,1.0,100.0,100.0,100.0,100.0,100.0,3.241347493447071e-305,2.0,6.0,2.0,100.0,2.0,2.0,2.0,2.0,3.909496619704815e-307,3.909496619704815e-307,3.909496619704815e-304,162.7547914190039
1,EDM Competitive Langmuir - two high-salt washes,7153f3f39ab39e3944db30e3ecafc691b277362a1f5bcba2e70b2181c5adf90d,2.064285714285714,2.064285714285714,2.064285714285714,5.673079043397645e-304,PLW 1,1.0,100.0,100.0,100.0,100.0,100.0,4.570353120075508e-305,2.0,6.0,2.0,100.0,2.0,2.0,2.0,2.0,5.673079043397645e-307,5.673079043397645e-307,5.673079043397645e-304,162.7547914190039
1,EDM Competitive Langmuir - two high-salt washes,7153f3f39ab39e3944db30e3ecafc691b277362a1f5bcba2e70b2181c5adf90d,2.076428571428571,2.076428571428571,2.076428571428571,8.21152131446359e-304,PLW 1,1.0,100.0,100.0,100.0,100.0,100.0,6.430459766499305e-305,2.0,6.0,2.0,100.0,2.0,2.0,2.0,2.0,8.21152131446359e-307,8.21152131446359e-307,8.21152131446359e-304,162.7547914190039
1,EDM Competitive Langmuir - two high-salt washes,7153f3f39ab39e3944db30e3ecafc691b277362a1f5bcba2e70b2181c5adf90d,2.0885714285714285,2.088571428571428,2.088571428571428,1.1856318890191348e-303,PLW 1,1.0,100.0,100.0,100.0,100.0,100.0,9.028466651278614e-305,2.0,6.0,2.0,100.0,2.0,2.0,2.0,2.0,1.1856318890191347e-306,1.1856318890191347e-306,1.1856318890191348e-303,162.7547914190039
1,EDM Competitive Langmuir - two high-salt washes,7153f3f39ab39e3944db30e3ecafc691b277362a1f5bcba2e70b2181c5adf90d,2.1007142857142855,2.1007142857142855,2.1007142857142855,1.7077014525649857e-303,PLW 1,1.0,100.0,100.0,100.0,100.0,100.0,1.2649607841241397e-304,2.0,6.0,2.0,100.0,2.0,2.0,2.0,2.0,1.7077014525649856e-306,1.7077014525649856e-306,1.7077014525649857e-303,162.7547914190039
1,EDM Competitive Langmuir - two high-salt washes,7153f3f39ab39e3944db30e3ecafc691b277362a1f5bcba2e70b2181c5adf90d,2.112857142857143,2.112857142857143,2.112857142857143,2.4537140160127723e-303,PLW 1,1.0,100.0,100.0,100.0,100.0,100.0,1.76865202836569e-304,2.0,6.0,2.0,100.0,2.0,2.0,2.0,2.0,2.4537140160127724e-306,2.4537140160127724e-306,2.4537140160127723e-303,162.7547914190039
1,EDM Competitive Langmuir - two high-salt washes,7153f3f39ab39e3944db30e3ecafc691b277362a1f5bcba2e70b2181c5adf90d,2.125,2.125,2.125,3.517221151456175e-303,PLW 1,1.0,100.0,100.0,100.0,100.0,100.0,2.4678626237143547e-304,2.0,6.0,2.0,100.0,2.0,2.0,2.0,2.0,3.5172211514561745e-306,3.5172211514561745e-306,3.517221151456175e-303,162.7547914190039
1,EDM Competitive Langmuir - two high-salt washes,7153f3f39ab39e3944db30e3ecafc691b277362a1f5bcba2e70b2181c5adf90d,2.137142857142857,2.137142857142857,2.137142857142857,5.029822921896874e-303,PLW 1,1.0,100.0,100.0,100.0,100.0,100.0,3.4365573478112977e-304,2.0,6.0,2.0,100.0,2.0,2.0,2.0,2.0,5.029822921896874e-306,5.029822921896874e-306,5.029822921896874e-303,162.7547914190039
1,EDM Competitive Langmuir - two high-salt washes,7153f3f39ab39e3944db30e3ecafc691b277362a1f5bcba2e70b2181c5adf90d,2.1492857142857145,2.149285714285714,2.149285714285714,7.176229060184458e-303,PLW 1,1.0,100.0,100.0,100.0,100.0,100.0,4.775961651681494e-304,2.0,6.0,2.0,100.0,2.0,2.0,2.0,2.0,7.176229060184457e-306,7.176229060184457e-306,7.176229060184458e-303,162.7547914190039
1,EDM Competitive Langmuir - two high-salt washes,7153f3f39ab39e3944db30e3ecafc691b277362a1f5bcba2e70b2181c5adf90d,2.1614285714285715,2.1614285714285715,2.1614285714285715,1.0215120736400794e-302,PLW 1,1.0,100.0,100.0,100.0,100.0,100.0,6.624347218775213e-304,2.0,6.0,2.0,100.0,2.0,2.0,2.0,2.0,1.0215120736400794e-305,1.0215120736400794e-305,1.0215120736400794e-302,162.7547914190039
1,EDM Competitive Langmuir - two high-salt washes,7153f3f39ab39e3944db30e3ecafc691b277362a1f5bcba2e70b2181c5adf90d,2.1735714285714285,2.1735714285714285,2.1735714285714285,1.4507985748588896e-302,PLW 1,1.0,100.0,100.0,100.0,100.0,100.0,9.170237534226197e-304,2.0,6.0,2.0,100.0,2.0,2.0,2.0,2.0,1.4507985748588897e-305,1.4507985748588897e-305,1.4507985748588896e-302,162.7547914190039
1,EDM Competitive Langmuir - two high-salt washes,7153f3f39ab39e3944db30e3ecafc691b277362a1f5bcba2e70b2181c5adf90d,2.1857142857142855,2.185714285714286,2.185714285714286,2.0558891317758708e-302,PLW 1,1.0,100.0,100.0,100.0,100.0,100.0,1.2670196816256466e-303,2.0,6.0,2.0,100.0,2.0,2.0,2.0,2.0,2.0558891317758708e-305,2.0558891317758708e-305,2.0558891317758708e-302,162.7547914190039
1,EDM Competitive Langmuir - two high-salt washes,7153f3f39ab39e3944db30e3ecafc691b277362a1f5bcba2e70b2181c5adf90d,2.197857142857143,2.197857142857143,2.197857142857143,2.9069230123527044e-302,PLW 1,1.0,100.0,100.0,100.0,100.0,100.0,1.7472750678526436e-303,2.0,6.0,2.0,100.0,2.0,2.0,2.0,2.0,2.906923012352704e-305,2.906923012352704e-305,2.9069230123527044e-302,162.7547914190039
1,EDM Competitive Langmuir - two high-salt washes,7153f3f39ab39e3944db30e3ecafc691b277362a1f5bcba2e70b2181c5adf90d,2.21,2.21,2.21,4.101292310677262e-302,PLW 1,1.0,100.0,100.0,100.0,100.0,100.0,2.405049583720045e-303,2.0,6.0,2.0,100.0,2.0,2.0,2.0,2.0,4.1012923106772623e-305,4.1012923106772623e-305,4.101292310677262e-302,162.7547914190039
1,EDM Competitive Langmuir - two high-salt washes,7153f3f39ab39e3944db30e3ecafc691b277362a1f5bcba2e70b2181c5adf90d,2.222142857142857,2.222142857142857,2.222142857142857,5.773951538349766e-302,PLW 1,1.0,100.0,100.0,100.0,100.0,100.0,3.3043127829848346e-303,2.0,6.0,2.0,100.0,2.0,2.0,2.0,2.0,5.773951538349766e-305,5.773951538349766e-305,5.773951538349766e-302,162.7547914190039
1,EDM Competitive Langmuir - two high-salt washes,7153f3f39ab39e3944db30e3ecafc691b277362a1f5bcba2e70b2181c5adf90d,2.234285714285714,2.234285714285714,2.234285714285714,8.111523044885967e-302,PLW 1,1.0,100.0,100.0,100.0,100.0,100.0,4.531500064838256e-303,2.0,6.0,2.0,100.0,2.0,2.0,2.0,2.0,8.111523044885967e-305,8.111523044885967e-305,8.111523044885967e-302,162.7547914190039
1,EDM Competitive Langmuir - two high-salt washes,7153f3f39ab39e3944db30e3ecafc691b277362a1f5bcba2e70b2181c5adf90d,2.2464285714285714,2.246428571428571,2.246428571428571,1.1371558009489812e-301,PLW 1,1.0,100.0,100.0,100.0,100.0,100.0,6.20319962550258e-303,2.0,6.0,2.0,100.0,2.0,2.0,2.0,2.0,1.1371558009489812e-304,1.1371558009489812e-304,1.1371558009489812e-301,162.7547914190039
1,EDM Competitive Langmuir - two high-salt washes,7153f3f39ab39e3944db30e3ecafc691b277362a1f5bcba2e70b2181c5adf90d,2.2585714285714285,2.2585714285714285,2.2585714285714285,1.5908786480451408e-301,PLW 1,1.0,100.0,100.0,100.0,100.0,100.0,8.476401075833991e-303,2.0,6.0,2.0,100.0,2.0,2.0,2.0,2.0,1.5908786480451408e-304,1.5908786480451408e-304,1.5908786480451408e-301,162.7547914190039
1,EDM Competitive Langmuir - two high-salt washes,7153f3f39ab39e3944db30e3ecafc691b277362a1f5bcba2e70b2181c5adf90d,2.2707142857142855,2.2707142857142855,2.2707142857142855,2.2210824135912846e-301,PLW 1,1.0,100.0,100.0,100.0,100.0,100.0,1.1562136870468036e-302,2.0,6.0,2.0,100.0,2.0,2.0,2.0,2.0,2.2210824135912847e-304,2.2210824135912847e-304,2.2210824135912846e-301,162.7547914190039
1,EDM Competitive Langmuir - two high-salt washes,7153f3f39ab39e3944db30e3ecafc691b277362a1f5bcba2e70b2181c5adf90d,2.2828571428571425,2.282857142857143,2.282857142857143,3.0946650922476896e-301,PLW 1,1.0,100.0,100.0,100.0,100.0,100.0,1.5743610152840985e-302,2.0,6.0,2.0,100.0,2.0,2.0,2.0,2.0,3.0946650922476895e-304,3.0946650922476895e-304,3.0946650922476896e-301,162.7547914190039
1,EDM Competitive Langmuir - two high-salt washes,7153f3f39ab39e3944db30e3ecafc691b277362a1f5bcba2e70b2181c5adf90d,2.295,2.295,2.295,4.303230720903804e-301,PLW 1,1.0,100.0,100.0,100.0,100.0,100.0,2.1400245712061583e-302,2.0,6.0,2.0,100.0,2.0,2.0,2.0,2.0,4.303230720903804e-304,4.303230720903804e-304,4.303230720903804e-301,162.7547914190039
1,EDM Competitive Langmuir - two high-salt washes,7153f3f39ab39e3944db30e3ecafc691b277362a1f5bcba2e70b2181c5adf90d,2.307142857142857,2.307142857142857,2.307142857142857,5.971975842153892e-301,PLW 1,1.0,100.0,100.0,100.0,100.0,100.0,2.903954856345863e-302,2.0,6.0,2.0,100.0,2.0,2.0,2.0,2.0,5.971975842153892e-304,5.971975842153892e-304,5.971975842153892e-301,162.7547914190039
1,EDM Competitive Langmuir - two high-salt washes,7153f3f39ab39e3944db30e3ecafc691b277362a1f5bcba2e70b2181c5adf90d,2.319285714285714,2.319285714285714,2.319285714285714,8.271688011125807e-301,PLW 1,1.0,100.0,100.0,100.0,100.0,100.0,3.9339238293450676e-302,2.0,6.0,2.0,100.0,2.0,2.0,2.0,2.0,8.271688011125806e-304,8.271688011125806e-304,8.271688011125807e-301,162.7547914190039
1,EDM Competitive Langmuir - two high-salt washes,7153f3f39ab39e3944db30e3ecafc691b277362a1f5bcba2e70b2181c5adf90d,2.3314285714285714,2.331428571428571,2.331428571428571,1.1434917069657405e-300,PLW 1,1.0,100.0,100.0,100.0,100.0,100.0,5.320288681233994e-302,2.0,6.0,2.0,100.0,2.0,2.0,2.0,2.0,1.1434917069657404e-303,1.1434917069657404e-303,1.1434917069657405e-300,162.7547914190039
1,EDM Competitive Langmuir - two high-salt washes,7153f3f39ab39e3944db30e3ecafc691b277362a1f5bcba2e70b2181c5adf90d,2.3435714285714284,2.3435714285714284,2.3435714285714284,1.5777731668313424e-300,PLW 1,1.0,100.0,100.0,100.0,100.0,100.0,7.183327408574614e-302,2.0,6.0,2.0,100.0,2.0,2.0,2.0,2.0,1.5777731668313423e-303,1.5777731668313423e-303,1.5777731668313424e-300,162.7547914190039
1,EDM Competitive Langmuir - two high-salt washes,7153f3f39ab39e3944db30e3ecafc691b277362a1f5bcba2e70b2181c5adf90d,2.3557142857142854,2.3557142857142854,2.3557142857142854,2.1728938722374213e-300,PLW 1,1.0,100.0,100.0,100.0,100.0,100.0,9.682895700768552e-302,2.0,6.0,2.0,100.0,2.0,2.0,2.0,2.0,2.1728938722374213e-303,2.1728938722374213e-303,2.1728938722374213e-300,162.7547914190039
1,EDM Competitive Langmuir - two high-salt washes,7153f3f39ab39e3944db30e3ecafc691b277362a1f5bcba2e70b2181c5adf90d,2.3678571428571424,2.367857142857143,2.367857142857143,2.9869257714796317e-300,PLW 1,1.0,100.0,100.0,100.0,100.0,100.0,1.3031120583694284e-301,2.0,6.0,2.0,100.0,2.0,2.0,2.0,2.0,2.986925771479632e-303,2.986925771479632e-303,2.9869257714796317e-300,162.7547914190039
1,EDM Competitive Langmuir - two high-salt washes,7153f3f39ab39e3944db30e3ecafc691b277362a1f5bcba2e70b2181c5adf90d,2.38,2.38,2.38,4.09837514183119e-300,PLW 1,1.0,100.0,100.0,100.0,100.0,100.0,1.7509060946913036e-301,2.0,6.0,2.0,100.0,2.0,2.0,2.0,2.0,4.09837514183119e-303,4.09837514183119e-303,4.09837514183119e-300,162.7547914190039
1,EDM Competitive Langmuir - two high-salt washes,7153f3f39ab39e3944db30e3ecafc691b277362a1f5bcba2e70b2181c5adf90d,2.392142857142857,2.392142857142857,2.392142857142857,5.6131880158563805e-300,PLW 1,1.0,100.0,100.0,100.0,100.0,100.0,2.3488542465560517e-301,2.0,6.0,2.0,100.0,2.0,2.0,2.0,2.0,5.61318801585638e-303,5.61318801585638e-303,5.6131880158563805e-300,162.7547914190039
1,EDM Competitive Langmuir - two high-salt washes,7153f3f39ab39e3944db30e3ecafc691b277362a1f5bcba2e70b2181c5adf90d,2.404285714285714,2.404285714285714,2.404285714285714,7.674094681599366e-300,PLW 1,1.0,100.0,100.0,100.0,100.0,100.0,3.1460732325995587e-301,2.0,6.0,2.0,100.0,2.0,2.0,2.0,2.0,7.674094681599365e-303,7.674094681599365e-303,7.674094681599366e-300,162.7547914190039
1,EDM Competitive Langmuir - two high-salt washes,7153f3f39ab39e3944db30e3ecafc691b277362a1f5bcba2e70b2181c5adf90d,2.416428571428571,2.416428571428571,2.416428571428571,1.0473053648832438e-299,PLW 1,1.0,100.0,100.0,100.0,100.0,100.0,4.207348031489213e-301,2.0,6.0,2.0,100.0,2.0,2.0,2.0,2.0,1.0473053648832438e-302,1.0473053648832438e-302,1.0473053648832438e-299,162.7547914190039
1,EDM Competitive Langmuir - two high-salt washes,7153f3f39ab39e3944db30e3ecafc691b277362a1f5bcba2e70b2181c5adf90d,2.4285714285714284,2.428571428571428,2.428571428571428,1.4267796053179773e-299,PLW 1,1.0,100.0,100.0,100.0,100.0,100.0,5.618004621964458e-301,2.0,6.0,2.0,100.0,2.0,2.0,2.0,2.0,1.4267796053179773e-302,1.4267796053179773e-302,1.4267796053179773e-299,162.7547914190039
1,EDM Competitive Langmuir - two high-salt washes,7153f3f39ab39e3944db30e3ecafc691b277362a1f5bcba2e70b2181c5adf90d,2.4407142857142854,2.4407142857142854,2.4407142857142854,1.9403786102924804e-299,PLW 1,1.0,100.0,100.0,100.0,100.0,100.0,7.490259601356372e-301,2.0,6.0,2.0,100.0,2.0,2.0,2.0,2.0,1.9403786102924804e-302,1.9403786102924804e-302,1.9403786102924804e-299,162.7547914190039
1,EDM Competitive Langmuir - two high-salt washes,7153f3f39ab39e3944db30e3ecafc691b277362a1f5bcba2e70b2181c5adf90d,2.452857142857143,2.452857142857143,2.452857142857143,2.6343324027671584e-299,PLW 1,1.0,100.0,100.0,100.0,100.0,100.0,9.97148278793964e-301,2.0,6.0,2.0,100.0,2.0,2.0,2.0,2.0,2.6343324027671585e-302,2.6343324027671585e-302,2.6343324027671584e-299,162.7547914190039
1,EDM Competitive Langmuir - two high-salt washes,7153f3f39ab39e3944db30e3ecafc691b277362a1f5bcba2e70b2181c5adf90d,2.4650000000000003,2.465,2.465,3.570405368286545e-299,PLW 1,1.0,100.0,100.0,100.0,100.0,100.0,1.3254934333861952e-300,2.0,6.0,2.0,100.0,2.0,2.0,2.0,2.0,3.570405368286545e-302,3.570405368286545e-302,3.570405368286545e-299,162.7547914190039
1,EDM Competitive Langmuir - two high-salt washes,7153f3f39ab39e3944db30e3ecafc691b277362a1f5bcba2e70b2181c5adf90d,2.4771428571428573,2.4771428571428573,2.4771428571428573,4.830983439390921e-299,PLW 1,1.0,100.0,100.0,100.0,100.0,100.0,1.7593698416881964e-300,2.0,6.0,2.0,100.0,2.0,2.0,2.0,2.0,4.830983439390921e-302,4.830983439390921e-302,4.830983439390921e-299,162.7547914190039
1,EDM Competitive Langmuir - two high-salt washes,7153f3f39ab39e3944db30e3ecafc691b277362a1f5bcba2e70b2181c5adf90d,2.4892857142857143,2.4892857142857143,2.4892857142857143,6.525784328336807e-299,PLW 1,1.0,100.0,100.0,100.0,100.0,100.0,2.331874081367347e-300,2.0,6.0,2.0,100.0,2.0,2.0,2.0,2.0,6.525784328336808e-302,6.525784328336808e-302,6.525784328336807e-299,162.7547914190039
1,EDM Competitive Langmuir - two high-salt washes,7153f3f39ab39e3944db30e3ecafc691b277362a1f5bcba2e70b2181c5adf90d,2.5014285714285713,2.501428571428572,2.501428571428572,8.800695127053184e-299,PLW 1,1.0,100.0,100.0,100.0,100.0,100.0,3.0862279697929094e-300,2.0,6.0,2.0,100.0,2.0,2.0,2.0,2.0,8.800695127053185e-302,8.800695127053185e-302,8.800695127053184e-299,162.7547914190039
1,EDM Competitive Langmuir - two high-salt washes,7153f3f39ab39e3944db30e3ecafc691b277362a1f5bcba2e70b2181c5adf90d,2.513571428571429,2.513571428571429,2.513571428571429,1.1849394154426486e-298,PLW 1,1.0,100.0,100.0,100.0,100.0,100.0,4.078799316193349e-300,2.0,6.0,2.0,100.0,2.0,2.0,2.0,2.0,1.1849394154426487e-301,1.1849394154426487e-301,1.1849394154426486e-298,162.7547914190039
1,EDM Competitive Langmuir - two high-salt washes,7153f3f39ab39e3944db30e3ecafc691b277362a1f5bcba2e70b2181c5adf90d,2.525714285714286,2.525714285714286,2.525714285714286,1.5928611406953563e-298,PLW 1,1.0,100.0,100.0,100.0,100.0,100.0,5.3830012557325803e-300,2.0,6.0,2.0,100.0,2.0,2.0,2.0,2.0,1.5928611406953562e-301,1.5928611406953562e-301,1.5928611406953563e-298,162.7547914190039
1,EDM Competitive Langmuir - two high-salt washes,7153f3f39ab39e3944db30e3ecafc691b277362a1f5bcba2e70b2181c5adf90d,2.537857142857143,2.537857142857143,2.537857142857143,2.137813722368505e-298,PLW 1,1.0,100.0,100.0,100.0,100.0,100.0,7.094319216108062e-300,2.0,6.0,2.0,100.0,2.0,2.0,2.0,2.0,2.137813722368505e-301,2.137813722368505e-301,2.137813722368505e-298,162.7547914190039
1,EDM Competitive Langmuir - two high-salt washes,7153f3f39ab39e3944db30e3ecafc691b277362a1f5bcba2e70b2181c5adf90d,2.55,2.55,2.55,2.8647018257606893e-298,PLW 1,1.0,100.0,100.0,100.0,100.0,100.0,9.336699170290982e-300,2.0,6.0,2.0,100.0,2.0,2.0,2.0,2.0,2.8647018257606892e-301,2.8647018257606892e-301,2.8647018257606893e-298,162.7547914190039
1,EDM Competitive Langmuir - two high-salt washes,7153f3f39ab39e3944db30e3ecafc691b277362a1f5bcba2e70b2181c5adf90d,2.5621428571428573,2.562142857142857,2.562142857142857,3.8327804554105325e-298,PLW 1,1.0,100.0,100.0,100.0,100.0,100.0,1.2270800420529114e-299,2.0,6.0,2.0,100.0,2.0,2.0,2.0,2.0,3.8327804554105324e-301,3.8327804554105324e-301,3.8327804554105325e-298,162.7547914190039
1,EDM Competitive Langmuir - two high-salt washes,7153f3f39ab39e3944db30e3ecafc691b277362a1f5bcba2e70b2181c5adf90d,2.5742857142857143,2.5742857142857143,2.5742857142857143,5.120125825326215e-298,PLW 1,1.0,100.0,100.0,100.0,100.0,100.0,1.6105190713447043e-299,2.0,6.0,2.0,100.0,2.0,2.0,2.0,2.0,5.120125825326215e-301,5.120125825326215e-301,5.120125825326215e-298,162.7547914190039
1,EDM Competitive Langmuir - two high-salt washes,7153f3f39ab39e3944db30e3ecafc691b277362a1f5bcba2e70b2181c5adf90d,2.5864285714285713,2.5864285714285713,2.5864285714285713,6.829463726276933e-298,PLW 1,1.0,100.0,100.0,100.0,100.0,100.0,2.1109979256816818e-299,2.0,6.0,2.0,100.0,2.0,2.0,2.0,2.0,6.829463726276933e-301,6.829463726276933e-301,6.829463726276933e-298,162.7547914190039
1,EDM Competitive Langmuir - two high-salt washes,7153f3f39ab39e3944db30e3ecafc691b277362a1f5bcba2e70b2181c5adf90d,2.5985714285714283,2.5985714285714288,2.5985714285714288,9.09575695738092e-298,PLW 1,1.0,100.0,100.0,100.0,100.0,100.0,2.764152535623e-299,2.0,6.0,2.0,100.0,2.0,2.0,2.0,2.0,9.09575695738092e-301,9.09575695738092e-301,9.09575695738092e-298,162.7547914190039
1,EDM Competitive Langmuir - two high-salt washes,7153f3f39ab39e3944db30e3ecafc691b277362a1f5bcba2e70b2181c5adf90d,2.6107142857142858,2.6107142857142858,2.6107142857142858,1.2096069082360024e-297,PLW 1,1.0,100.0,100.0,100.0,100.0,100.0,3.6150459525401363e-299,2.0,6.0,2.0,100.0,2.0,2.0,2.0,2.0,1.2096069082360023e-300,1.2096069082360023e-300,1.2096069082360024e-297,162.7547914190039
1,EDM Competitive Langmuir - two high-salt washes,7153f3f39ab39e3944db30e3ecafc691b277362a1f5bcba2e70b2181c5adf90d,2.6228571428571428,2.6228571428571428,2.6228571428571428,1.6062369916992528e-297,PLW 1,1.0,100.0,100.0,100.0,100.0,100.0,4.7215506875394704e-299,2.0,6.0,2.0,100.0,2.0,2.0,2.0,2.0,1.606236991699253e-300,1.606236991699253e-300,1.6062369916992528e-297,162.7547914190039
1,EDM Competitive Langmuir - two high-salt washes,7153f3f39ab39e3944db30e3ecafc691b277362a1f5bcba2e70b2181c5adf90d,2.635,2.635,2.635,2.129813761480578e-297,PLW 1,1.0,100.0,100.0,100.0,100.0,100.0,6.158816357009982e-299,2.0,6.0,2.0,100.0,2.0,2.0,2.0,2.0,2.129813761480578e-300,2.129813761480578e-300,2.129813761480578e-297,162.7547914190039
1,EDM Competitive Langmuir - two high-salt washes,7153f3f39ab39e3944db30e3ecafc691b277362a1f5bcba2e70b2181c5adf90d,2.6471428571428572,2.647142857142857,2.647142857142857,2.819985420936798e-297,PLW 1,1.0,100.0,100.0,100.0,100.0,100.0,8.023487028635046e-299,2.0,6.0,2.0,100.0,2.0,2.0,2.0,2.0,2.819985420936798e-300,2.819985420936798e-300,2.819985420936798e-297,162.7547914190039
1,EDM Competitive Langmuir - two high-salt washes,7153f3f39ab39e3944db30e3ecafc691b277362a1f5bcba2e70b2181c5adf90d,2.6592857142857143,2.6592857142857143,2.6592857142857143,3.7284800174637654e-297,PLW 1,1.0,100.0,100.0,100.0,100.0,100.0,1.043937069091071e-298,2.0,6.0,2.0,100.0,2.0,2.0,2.0,2.0,3.7284800174637653e-300,3.7284800174637653e-300,3.7284800174637654e-297,162.7547914190039
1,EDM Competitive Langmuir - two high-salt washes,7153f3f39ab39e3944db30e3ecafc691b277362a1f5bcba2e70b2181c5adf90d,2.6714285714285713,2.6714285714285713,2.6714285714285713,4.922694688836358e-297,PLW 1,1.0,100.0,100.0,100.0,100.0,100.0,1.356550423786997e-298,2.0,6.0,2.0,100.0,2.0,2.0,2.0,2.0,4.922694688836358e-300,4.922694688836358e-300,4.922694688836358e-297,162.7547914190039
1,EDM Competitive Langmuir - two high-salt washes,7153f3f39ab39e3944db30e3ecafc691b277362a1f5bcba2e70b2181c5adf90d,2.6835714285714283,2.6835714285714287,2.6835714285714287,6.490324641857925e-297,PLW 1,1.0,100.0,100.0,100.0,100.0,100.0,1.760580231795627e-298,2.0,6.0,2.0,100.0,2.0,2.0,2.0,2.0,6.490324641857925e-300,6.490324641857925e-300,6.490324641857925e-297,162.7547914190039
1,EDM Competitive Langmuir - two high-salt washes,7153f3f39ab39e3944db30e3ecafc691b277362a1f5bcba2e70b2181c5adf90d,2.6957142857142857,2.6957142857142857,2.6957142857142857,8.545270951167643e-297,PLW 1,1.0,100.0,100.0,100.0,100.0,100.0,2.2821317673466408e-298,2.0,6.0,2.0,100.0,2.0,2.0,2.0,2.0,8.545270951167642e-300,8.545270951167642e-300,8.545270951167643e-297,162.7547914190039
1,EDM Competitive Langmuir - two high-salt washes,7153f3f39ab39e3944db30e3ecafc691b277362a1f5bcba2e70b2181c5adf90d,2.7078571428571427,2.7078571428571427,2.7078571428571427,1.12352352733863e-296,PLW 1,1.0,100.0,100.0,100.0,100.0,100.0,2.954585737570413e-298,2.0,6.0,2.0,100.0,2.0,2.0,2.0,2.0,1.1235235273386301e-299,1.1235235273386301e-299,1.12352352733863e-296,162.7547914190039
1,EDM Competitive Langmuir - two high-salt washes,7153f3f39ab39e3944db30e3ecafc691b277362a1f5bcba2e70b2181c5adf90d,2.7199999999999998,2.7199999999999998,2.7199999999999998,1.4751876492417167e-296,PLW 1,1.0,100.0,100.0,100.0,100.0,100.0,3.820579821911865e-298,2.0,6.0,2.0,100.0,2.0,2.0,2.0,2.0,1.4751876492417168e-299,1.4751876492417168e-299,1.4751876492417167e-296,162.7547914190039
1,EDM Competitive Langmuir - two high-salt washes,7153f3f39ab39e3944db30e3ecafc691b277362a1f5bcba2e70b2181c5adf90d,2.7321428571428568,2.7321428571428568,2.7321428571428568,1.9343583300333281e-296,PLW 1,1.0,100.0,100.0,100.0,100.0,100.0,4.934516975957859e-298,2.0,6.0,2.0,100.0,2.0,2.0,2.0,2.0,1.9343583300333281e-299,1.9343583300333281e-299,1.9343583300333281e-296,162.7547914190039
1,EDM Competitive Langmuir - two high-salt washes,7153f3f39ab39e3944db30e3ecafc691b277362a1f5bcba2e70b2181c5adf90d,2.744285714285714,2.7442857142857138,2.7442857142857138,2.533627379173096e-296,PLW 1,1.0,100.0,100.0,100.0,100.0,100.0,6.365737014418946e-298,2.0,6.0,2.0,100.0,2.0,2.0,2.0,2.0,2.533627379173096e-299,2.533627379173096e-299,2.533627379173096e-296,162.7547914190039
1,EDM Competitive Langmuir - two high-salt washes,7153f3f39ab39e3944db30e3ecafc691b277362a1f5bcba2e70b2181c5adf90d,2.7564285714285712,2.7564285714285712,2.7564285714285712,3.3147306289223083e-296,PLW 1,1.0,100.0,100.0,100.0,100.0,100.0,8.202523704980431e-298,2.0,6.0,2.0,100.0,2.0,2.0,2.0,2.0,3.3147306289223085e-299,3.3147306289223085e-299,3.3147306289223083e-296,162.7547914190039
1,EDM Competitive Langmuir - two high-salt washes,7153f3f39ab39e3944db30e3ecafc691b277362a1f5bcba2e70b2181c5adf90d,2.7685714285714282,2.7685714285714282,2.7685714285714282,4.33101960459851e-296,PLW 1,1.0,100.0,100.0,100.0,100.0,100.0,1.055716332237189e-297,2.0,6.0,2.0,100.0,2.0,2.0,2.0,2.0,4.33101960459851e-299,4.33101960459851e-299,4.33101960459851e-296,162.7547914190039
1,EDM Competitive Langmuir - two high-salt washes,7153f3f39ab39e3944db30e3ecafc691b277362a1f5bcba2e70b2181c5adf90d,2.7807142857142852,2.7807142857142857,2.7807142857142857,5.6515461207263e-296,PLW 1,1.0,100.0,100.0,100.0,100.0,100.0,1.3572325150402912e-297,2.0,6.0,2.0,100.0,2.0,2.0,2.0,2.0,5.651546120726299e-299,5.651546120726299e-299,5.6515461207263e-296,162.7547914190039
1,EDM Competitive Langmuir - two high-salt washes,7153f3f39ab39e3944db30e3ecafc691b277362a1f5bcba2e70b2181c5adf90d,2.7928571428571427,2.7928571428571427,2.7928571428571427,7.36536796806153e-296,PLW 1,1.0,100.0,100.0,100.0,100.0,100.0,1.7429102781393903e-297,2.0,6.0,2.0,100.0,2.0,2.0,2.0,2.0,7.36536796806153e-299,7.36536796806153e-299,7.36536796806153e-296,162.7547914190039
1,EDM Competitive Langmuir - two high-salt washes,7153f3f39ab39e3944db30e3ecafc691b277362a1f5bcba2e70b2181c5adf90d,2.8049999999999997,2.8049999999999997,2.8049999999999997,9.586705868931052e-296,PLW 1,1.0,100.0,100.0,100.0,100.0,100.0,2.2357140675703557e-297,2.0,6.0,2.0,100.0,2.0,2.0,2.0,2.0,9.586705868931052e-299,9.586705868931052e-299,9.586705868931052e-296,162.7547914190039
1,EDM Competitive Langmuir - two high-salt washes,7153f3f39ab39e3944db30e3ecafc691b277362a1f5bcba2e70b2181c5adf90d,2.8171428571428567,2.8171428571428567,2.8171428571428567,1.2462162986001941e-295,PLW 1,1.0,100.0,100.0,100.0,100.0,100.0,2.864737756562211e-297,2.0,6.0,2.0,100.0,2.0,2.0,2.0,2.0,1.2462162986001942e-298,1.2462162986001942e-298,1.2462162986001941e-295,162.7547914190039
1,EDM Competitive Langmuir - two high-salt washes,7153f3f39ab39e3944db30e3ecafc691b277362a1f5bcba2e70b2181c5adf90d,2.829285714285714,2.8292857142857137,2.8292857142857137,1.6179814760278588e-295,PLW 1,1.0,100.0,100.0,100.0,100.0,100.0,3.66680723185067e-297,2.0,6.0,2.0,100.0,2.0,2.0,2.0,2.0,1.6179814760278588e-298,1.6179814760278588e-298,1.6179814760278588e-295,162.7547914190039
1,EDM Competitive Langmuir - two high-salt washes,7153f3f39ab39e3944db30e3ecafc691b277362a1f5bcba2e70b2181c5adf90d,2.841428571428571,2.841428571428571,2.841428571428571,2.0980547547992154e-295,PLW 1,1.0,100.0,100.0,100.0,100.0,100.0,4.688494564673569e-297,2.0,6.0,2.0,100.0,2.0,2.0,2.0,2.0,2.098054754799215e-298,2.098054754799215e-298,2.0980547547992154e-295,162.7547914190039
1,EDM Competitive Langmuir - two high-salt washes,7153f3f39ab39e3944db30e3ecafc691b277362a1f5bcba2e70b2181c5adf90d,2.853571428571428,2.853571428571428,2.853571428571428,2.7172490421973054e-295,PLW 1,1.0,100.0,100.0,100.0,100.0,100.0,5.9886481189689973e-297,2.0,6.0,2.0,100.0,2.0,2.0,2.0,2.0,2.7172490421973054e-298,2.7172490421973054e-298,2.7172490421973054e-295,162.7547914190039
1,EDM Competitive Langmuir - two high-salt washes,7153f3f39ab39e3944db30e3ecafc691b277362a1f5bcba2e70b2181c5adf90d,2.865714285714285,2.8657142857142857,2.8657142857142857,3.51493485096784e-295,PLW 1,1.0,100.0,100.0,100.0,100.0,100.0,7.641049135755938e-297,2.0,6.0,2.0,100.0,2.0,2.0,2.0,2.0,3.51493485096784e-298,3.51493485096784e-298,3.51493485096784e-295,162.7547914190039
1,EDM Competitive Langmuir - two high-salt washes,7153f3f39ab39e3944db30e3ecafc691b277362a1f5bcba2e70b2181c5adf90d,2.8778571428571427,2.8778571428571427,2.8778571428571427,4.541362686294589e-295,PLW 1,1.0,100.0,100.0,100.0,100.0,100.0,9.740148305040243e-297,2.0,6.0,2.0,100.0,2.0,2.0,2.0,2.0,4.541362686294589e-298,4.541362686294589e-298,4.541362686294589e-295,162.7547914190039
1,EDM Competitive Langmuir - two high-salt washes,7153f3f39ab39e3944db30e3ecafc691b277362a1f5bcba2e70b2181c5adf90d,2.89,2.89,2.89,5.860600530256289e-295,PLW 1,1.0,100.0,100.0,100.0,100.0,100.0,1.2402033867581184e-296,2.0,6.0,2.0,100.0,2.0,2.0,2.0,2.0,5.860600530256289e-298,5.860600530256289e-298,5.860600530256289e-295,162.7547914190039
1,EDM Competitive Langmuir - two high-salt washes,7153f3f39ab39e3944db30e3ecafc691b277362a1f5bcba2e70b2181c5adf90d,2.902142857142857,2.902142857142857,2.902142857142857,7.554246049488202e-295,PLW 1,1.0,100.0,100.0,100.0,100.0,100.0,1.5775334993480406e-296,2.0,6.0,2.0,100.0,2.0,2.0,2.0,2.0,7.554246049488202e-298,7.554246049488202e-298,7.554246049488202e-295,162.7547914190039
1,EDM Competitive Langmuir - two high-salt washes,7153f3f39ab39e3944db30e3ecafc691b277362a1f5bcba2e70b2181c5adf90d,2.914285714285714,2.9142857142857146,2.9142857142857146,9.726114045645624e-295,PLW 1,1.0,100.0,100.0,100.0,100.0,100.0,2.0047516107773653e-296,2.0,6.0,2.0,100.0,2.0,2.0,2.0,2.0,9.726114045645624e-298,9.726114045645624e-298,9.726114045645624e-295,162.7547914190039
1,EDM Competitive Langmuir - two high-salt washes,7153f3f39ab39e3944db30e3ecafc691b277362a1f5bcba2e70b2181c5adf90d,2.9264285714285716,2.9264285714285716,2.9264285714285716,1.250815038756853e-294,PLW 1,1.0,100.0,100.0,100.0,100.0,100.0,2.545405894477897e-296,2.0,6.0,2.0,100.0,2.0,2.0,2.0,2.0,1.250815038756853e-297,1.250815038756853e-297,1.250815038756853e-294,162.7547914190039
1,EDM Competitive Langmuir - two high-salt washes,7153f3f39ab39e3944db30e3ecafc691b277362a1f5bcba2e70b2181c5adf90d,2.9385714285714286,2.9385714285714286,2.9385714285714286,1.606788714692657e-294,PLW 1,1.0,100.0,100.0,100.0,100.0,100.0,3.2290737245533574e-296,2.0,6.0,2.0,100.0,2.0,2.0,2.0,2.0,1.606788714692657e-297,1.606788714692657e-297,1.606788714692657e-294,162.7547914190039
1,EDM Competitive Langmuir - two high-salt washes,7153f3f39ab39e3944db30e3ecafc691b277362a1f5bcba2e70b2181c5adf90d,2.9507142857142856,2.9507142857142856,2.9507142857142856,2.0617833183594362e-294,PLW 1,1.0,100.0,100.0,100.0,100.0,100.0,4.092931882518739e-296,2.0,6.0,2.0,100.0,2.0,2.0,2.0,2.0,2.0617833183594363e-297,2.0617833183594363e-297,2.0617833183594362e-294,162.7547914190039
1,EDM Competitive Langmuir - two high-salt washes,7153f3f39ab39e3944db30e3ecafc691b277362a1f5bcba2e70b2181c5adf90d,2.962857142857143,2.9628571428571426,2.9628571428571426,2.6427293957415683e-294,PLW 1,1.0,100.0,100.0,100.0,100.0,100.0,5.183710357053934e-296,2.0,6.0,2.0,100.0,2.0,2.0,2.0,2.0,2.6427293957415684e-297,2.6427293957415684e-297,2.6427293957415683e-294,162.7547914190039
1,EDM Competitive Langmuir - two high-salt washes,7153f3f39ab39e3944db30e3ecafc691b277362a1f5bcba2e70b2181c5adf90d,2.975,2.975,2.975,3.383723887631259e-294,PLW 1,1.0,100.0,100.0,100.0,100.0,100.0,6.560126434240163e-296,2.0,6.0,2.0,100.0,2.0,2.0,2.0,2.0,3.383723887631259e-297,3.383723887631259e-297,3.383723887631259e-294,162.7547914190039
1,EDM Competitive Langmuir - two high-salt washes,7153f3f39ab39e3944db30e3ecafc691b277362a1f5bcba2e70b2181c5adf90d,2.987142857142857,2.987142857142857,2.987142857142857,4.327899035441991e-294,PLW 1,1.0,100.0,100.0,100.0,100.0,100.0,8.295871225225466e-296,2.0,6.0,2.0,100.0,2.0,2.0,2.0,2.0,4.327899035441991e-297,4.327899035441991e-297,4.327899035441991e-294,162.7547914190039
1,EDM Competitive Langmuir - two high-salt washes,7153f3f39ab39e3944db30e3ecafc691b277362a1f5bcba2e70b2181c5adf90d,2.999285714285714,2.9992857142857146,2.9992857142857146,5.529770393923624e-294,PLW 1,1.0,100.0,100.0,100.0,100.0,100.0,1.0483681325074237e-295,2.0,6.0,2.0,100.0,2.0,2.0,2.0,2.0,5.5297703939236246e-297,5.5297703939236246e-297,5.529770393923624e-294,162.7547914190039
1,EDM Competitive Langmuir - two high-salt washes,7153f3f39ab39e3944db30e3ecafc691b277362a1f5bcba2e70b2181c5adf90d,3.0114285714285716,3.0114285714285716,3.0114285714285716,7.057848776890012e-294,PLW 2,1.0,100.0,100.0,100.0,100.0,100.0,1.3239549874308494e-295,3.0,6.0,2.0,100.0,2.0,2.0,2.0,2.0,7.057848776890012e-297,7.057848776890012e-297,7.057848776890012e-294,162.7547914190039
1,EDM Competitive Langmuir - two high-salt washes,7153f3f39ab39e3944db30e3ecafc691b277362a1f5bcba2e70b2181c5adf90d,3.0235714285714286,3.0235714285714286,3.0235714285714286,8.999289774704646e-294,PLW 2,1.0,100.0,100.0,100.0,100.0,100.0,1.6709624422862145e-295,3.0,6.0,2.0,100.0,2.0,2.0,2.0,2.0,8.999289774704647e-297,8.999289774704647e-297,8.999289774704646e-294,162.7547914190039
1,EDM Competitive Langmuir - two high-salt washes,7153f3f39ab39e3944db30e3ecafc691b277362a1f5bcba2e70b2181c5adf90d,3.0357142857142856,3.0357142857142856,3.0357142857142856,1.14625448455079e-293,PLW 2,1.0,100.0,100.0,100.0,100.0,100.0,2.1077631343086825e-295,3.0,6.0,2.0,100.0,2.0,2.0,2.0,2.0,1.14625448455079e-296,1.14625448455079e-296,1.14625448455079e-293,162.7547914190039
1,EDM Competitive Langmuir - two high-salt washes,7153f3f39ab39e3944db30e3ecafc691b277362a1f5bcba2e70b2181c5adf90d,3.0478571428571426,3.0478571428571426,3.0478571428571426,1.4584758125515918e-293,PLW 2,1.0,100.0,100.0,100.0,100.0,100.0,2.6574460007915748e-295,3.0,6.0,2.0,100.0,2.0,2.0,2.0,2.0,1.4584758125515917e-296,1.4584758125515917e-296,1.4584758125515918e-293,162.7547914190039
1,EDM Competitive Langmuir - two high-salt washes,7153f3f39ab39e3944db30e3ecafc691b277362a1f5bcba2e70b2181c5adf90d,3.06,3.06,3.06,1.853968747919955e-293,PLW 2,1.0,100.0,100.0,100.0,100.0,100.0,3.349038101626959e-295,3.0,6.0,2.0,100.0,2.0,2.0,2.0,2.0,1.8539687479199548e-296,1.8539687479199548e-296,1.853968747919955e-293,162.7547914190039
1,EDM Competitive Langmuir - two high-salt washes,7153f3f39ab39e3944db30e3ecafc691b277362a1f5bcba2e70b2181c5adf90d,3.072142857142857,3.072142857142857,3.072142857142857,2.354586735524759e-293,PLW 2,1.0,100.0,100.0,100.0,100.0,100.0,4.219064209981712e-295,3.0,6.0,2.0,100.0,2.0,2.0,2.0,2.0,2.3545867355247588e-296,2.3545867355247588e-296,2.354586735524759e-293,162.7547914190039
1,EDM Competitive Langmuir - two high-salt washes,7153f3f39ab39e3944db30e3ecafc691b277362a1f5bcba2e70b2181c5adf90d,3.084285714285714,3.084285714285714,3.084285714285714,2.9877791962914186e-293,PLW 2,1.0,100.0,100.0,100.0,100.0,100.0,5.313523340122878e-295,3.0,6.0,2.0,100.0,2.0,2.0,2.0,2.0,2.987779196291419e-296,2.987779196291419e-296,2.9877791962914186e-293,162.7547914190039
1,EDM Competitive Langmuir - two high-salt washes,7153f3f39ab39e3944db30e3ecafc691b277362a1f5bcba2e70b2181c5adf90d,3.096428571428571,3.096428571428571,3.096428571428571,3.7880407679427073e-293,PLW 2,1.0,100.0,100.0,100.0,100.0,100.0,6.690393891582999e-295,3.0,6.0,2.0,100.0,2.0,2.0,2.0,2.0,3.788040767942707e-296,3.788040767942707e-296,3.7880407679427073e-293,162.7547914190039
1,EDM Competitive Langmuir - two high-salt washes,7153f3f39ab39e3944db30e3ecafc691b277362a1f5bcba2e70b2181c5adf90d,3.1085714285714285,3.1085714285714285,3.1085714285714285,4.7987297189827093e-293,PLW 2,1.0,100.0,100.0,100.0,100.0,100.0,8.422821234019962e-295,3.0,6.0,2.0,100.0,2.0,2.0,2.0,2.0,4.7987297189827095e-296,4.7987297189827095e-296,4.7987297189827093e-293,162.7547914190039
1,EDM Competitive Langmuir - two high-salt washes,7153f3f39ab39e3944db30e3ecafc691b277362a1f5bcba2e70b2181c5adf90d,3.1207142857142856,3.1207142857142856,3.1207142857142856,6.074332524645017e-293,PLW 2,1.0,100.0,100.0,100.0,100.0,100.0,1.0603186292427501e-294,3.0,6.0,2.0,100.0,2.0,2.0,2.0,2.0,6.074332524645017e-296,6.074332524645017e-296,6.074332524645017e-293,162.7547914190039
1,EDM Competitive Langmuir - two high-salt washes,7153f3f39ab39e3944db30e3ecafc691b277362a1f5bcba2e70b2181c5adf90d,3.1328571428571426,3.1328571428571426,3.1328571428571426,7.683255416642388e-293,PLW 2,1.0,100.0,100.0,100.0,100.0,100.0,1.334830777107808e-294,3.0,6.0,2.0,100.0,2.0,2.0,2.0,2.0,7.683255416642389e-296,7.683255416642389e-296,7.683255416642388e-293,162.7547914190039
1,EDM Competitive Langmuir - two high-salt washes,7153f3f39ab39e3944db30e3ecafc691b277362a1f5bcba2e70b2181c5adf90d,3.145,3.145,3.145,9.711513054539367e-293,PLW 2,1.0,100.0,100.0,100.0,100.0,100.0,1.680610425839271e-294,3.0,6.0,2.0,100.0,2.0,2.0,2.0,2.0,9.711513054539367e-296,9.711513054539367e-296,9.711513054539367e-293,162.7547914190039
1,EDM Competitive Langmuir - two high-salt washes,7153f3f39ab39e3944db30e3ecafc691b277362a1f5bcba2e70b2181c5adf90d,3.157142857142857,3.157142857142857,3.157142857142857,1.2266890386343413e-292,PLW 2,1.0,100.0,100.0,100.0,100.0,100.0,2.116414197561394e-294,3.0,6.0,2.0,100.0,2.0,2.0,2.0,2.0,1.2266890386343414e-295,1.2266890386343414e-295,1.2266890386343413e-292,162.7547914190039
1,EDM Competitive Langmuir - two high-salt washes,7153f3f39ab39e3944db30e3ecafc691b277362a1f5bcba2e70b2181c5adf90d,3.169285714285714,3.169285714285714,3.169285714285714,1.5484892229254915e-292,PLW 2,1.0,100.0,100.0,100.0,100.0,100.0,2.6660624163817255e-294,3.0,6.0,2.0,100.0,2.0,2.0,2.0,2.0,1.5484892229254915e-295,1.5484892229254915e-295,1.5484892229254915e-292,162.7547914190039
1,EDM Competitive Langmuir - two high-salt washes,7153f3f39ab39e3944db30e3ecafc691b277362a1f5bcba2e70b2181c5adf90d,3.181428571428571,3.181428571428571,3.181428571428571,1.953598184183098e-292,PLW 2,1.0,100.0,100.0,100.0,100.0,100.0,3.359854708159591e-294,3.0,6.0,2.0,100.0,2.0,2.0,2.0,2.0,1.953598184183098e-295,1.953598184183098e-295,1.953598184183098e-292,162.7547914190039
1,EDM Competitive Langmuir - two high-salt washes,7153f3f39ab39e3944db30e3ecafc691b277362a1f5bcba2e70b2181c5adf90d,3.1935714285714285,3.1935714285714285,3.1935714285714285,2.463440283209388e-292,PLW 2,1.0,100.0,100.0,100.0,100.0,100.0,4.236396828633735e-294,3.0,6.0,2.0,100.0,2.0,2.0,2.0,2.0,2.463440283209388e-295,2.463440283209388e-295,2.463440283209388e-292,162.7547914190039
1,EDM Competitive Langmuir - two high-salt washes,7153f3f39ab39e3944db30e3ecafc691b277362a1f5bcba2e70b2181c5adf90d,3.2057142857142855,3.2057142857142855,3.2057142857142855,3.1049467719203497e-292,PLW 2,1.0,100.0,100.0,100.0,100.0,100.0,5.344962253197717e-294,3.0,6.0,2.0,100.0,2.0,2.0,2.0,2.0,3.10494677192035e-295,3.10494677192035e-295,3.1049467719203497e-292,162.7547914190039
1,EDM Competitive Langmuir - two high-salt washes,7153f3f39ab39e3944db30e3ecafc691b277362a1f5bcba2e70b2181c5adf90d,3.2178571428571425,3.2178571428571425,3.2178571428571425,3.911996171738843e-292,PLW 2,1.0,100.0,100.0,100.0,100.0,100.0,6.748550077028905e-294,3.0,6.0,2.0,100.0,2.0,2.0,2.0,2.0,3.9119961717388427e-295,3.9119961717388427e-295,3.911996171738843e-292,162.7547914190039
1,EDM Competitive Langmuir - two high-salt washes,7153f3f39ab39e3944db30e3ecafc691b277362a1f5bcba2e70b2181c5adf90d,3.2299999999999995,3.2299999999999995,3.2299999999999995,4.927243647131859e-292,PLW 2,1.0,100.0,100.0,100.0,100.0,100.0,8.527850602900544e-294,3.0,6.0,2.0,100.0,2.0,2.0,2.0,2.0,4.9272436471318595e-295,4.9272436471318595e-295,4.927243647131859e-292,162.7547914190039
1,EDM Competitive Langmuir - two high-salt washes,7153f3f39ab39e3944db30e3ecafc691b277362a1f5bcba2e70b2181c5adf90d,3.242142857142857,3.242142857142857,3.242142857142857,6.204439579302983e-292,PLW 2,1.0,100.0,100.0,100.0,100.0,100.0,1.0786395276063968e-293,3.0,6.0,2.0,100.0,2.0,2.0,2.0,2.0,6.204439579302983e-295,6.204439579302983e-295,6.204439579302983e-292,162.7547914190039
1,EDM Competitive Langmuir - two high-salt washes,7153f3f39ab39e3944db30e3ecafc691b277362a1f5bcba2e70b2181c5adf90d,3.254285714285714,3.254285714285714,3.254285714285714,7.811376289630438e-292,PLW 2,1.0,100.0,100.0,100.0,100.0,100.0,1.36572531543356e-293,3.0,6.0,2.0,100.0,2.0,2.0,2.0,2.0,7.811376289630438e-295,7.811376289630438e-295,7.811376289630438e-292,162.7547914190039
1,EDM Competitive Langmuir - two high-salt washes,7153f3f39ab39e3944db30e3ecafc691b277362a1f5bcba2e70b2181c5adf90d,3.266428571428571,3.266428571428571,3.266428571428571,9.833645683577744e-292,PLW 2,1.0,100.0,100.0,100.0,100.0,100.0,1.7311748137506145e-293,3.0,6.0,2.0,100.0,2.0,2.0,2.0,2.0,9.833645683577744e-295,9.833645683577744e-295,9.833645683577744e-292,162.7547914190039
1,EDM Competitive Langmuir - two high-salt washes,7153f3f39ab39e3944db30e3ecafc691b277362a1f5bcba2e70b2181c5adf90d,3.278571428571428,3.2785714285714285,3.2785714285714285,1.2379441366848517e-291,PLW 2,1.0,100.0,100.0,100.0,100.0,100.0,2.1970817871258515e-293,3.0,6.0,2.0,100.0,2.0,2.0,2.0,2.0,1.2379441366848517e-294,1.2379441366848517e-294,1.2379441366848517e-291,162.7547914190039
1,EDM Competitive Langmuir - two high-salt washes,7153f3f39ab39e3944db30e3ecafc691b277362a1f5bcba2e70b2181c5adf90d,3.2907142857142855,3.2907142857142855,3.2907142857142855,1.5585705498164001e-291,PLW 2,1.0,100.0,100.0,100.0,100.0,100.0,2.791982719141959e-293,3.0,6.0,2.0,100.0,2.0,2.0,2.0,2.0,1.5585705498164002e-294,1.5585705498164002e-294,1.5585705498164001e-291,162.7547914190039
1,EDM Competitive Langmuir - two high-salt washes,7153f3f39ab39e3944db30e3ecafc691b277362a1f5bcba2e70b2181c5adf90d,3.3028571428571425,3.3028571428571425,3.3028571428571425,1.9626011016594607e-291,PLW 2,1.0,100.0,100.0,100.0,100.0,100.0,3.5527899985577175e-293,3.0,6.0,2.0,100.0,2.0,2.0,2.0,2.0,1.9626011016594607e-294,1.9626011016594607e-294,1.9626011016594607e-291,162.7547914190039
1,EDM Competitive Langmuir - two high-salt washes,7153f3f39ab39e3944db30e3ecafc691b277362a1f5bcba2e70b2181c5adf90d,3.3149999999999995,3.3149999999999995,3.3149999999999995,2.472068927386305e-291,PLW 2,1.0,100.0,100.0,100.0,100.0,100.0,4.527316136194426e-293,3.0,6.0,2.0,100.0,2.0,2.0,2.0,2.0,2.472068927386305e-294,2.472068927386305e-294,2.472068927386305e-291,162.7547914190039
1,EDM Competitive Langmuir - two high-salt washes,7153f3f39ab39e3944db30e3ecafc691b277362a1f5bcba2e70b2181c5adf90d,3.327142857142857,3.3271428571428565,3.3271428571428565,3.1149868404732734e-291,PLW 2,1.0,100.0,100.0,100.0,100.0,100.0,5.777571031885545e-293,3.0,6.0,2.0,100.0,2.0,2.0,2.0,2.0,3.1149868404732733e-294,3.1149868404732733e-294,3.1149868404732734e-291,162.7547914190039
1,EDM Competitive Langmuir - two high-salt washes,7153f3f39ab39e3944db30e3ecafc691b277362a1f5bcba2e70b2181c5adf90d,3.3392857142857144,3.3392857142857144,3.3392857142857144,3.927029021407595e-291,PLW 2,1.0,100.0,100.0,100.0,100.0,100.0,7.38407018943053e-293,3.0,6.0,2.0,100.0,2.0,2.0,2.0,2.0,3.9270290214075945e-294,3.9270290214075945e-294,3.927029021407595e-291,162.7547914190039
1,EDM Competitive Langmuir - two high-salt washes,7153f3f39ab39e3944db30e3ecafc691b277362a1f5bcba2e70b2181c5adf90d,3.3514285714285714,3.3514285714285714,3.3514285714285714,4.95370386805751e-291,PLW 2,1.0,100.0,100.0,100.0,100.0,100.0,9.451594233484986e-293,3.0,6.0,2.0,100.0,2.0,2.0,2.0,2.0,4.95370386805751e-294,4.95370386805751e-294,4.95370386805751e-291,162.7547914190039
1,EDM Competitive Langmuir - two high-salt washes,7153f3f39ab39e3944db30e3ecafc691b277362a1f5bcba2e70b2181c5adf90d,3.3635714285714284,3.3635714285714284,3.3635714285714284,6.2531661392061595e-291,PLW 2,1.0,100.0,100.0,100.0,100.0,100.0,1.211614329436228e-292,3.0,6.0,2.0,100.0,2.0,2.0,2.0,2.0,6.25316613920616e-294,6.25316613920616e-294,6.2531661392061595e-291,162.7547914190039
1,EDM Competitive Langmuir - two high-salt washes,7153f3f39ab39e3944db30e3ecafc691b277362a1f5bcba2e70b2181c5adf90d,3.375714285714286,3.375714285714286,3.375714285714286,7.899862182004772e-291,PLW 2,1.0,100.0,100.0,100.0,100.0,100.0,1.5555721947150914e-292,3.0,6.0,2.0,100.0,2.0,2.0,2.0,2.0,7.899862182004771e-294,7.899862182004771e-294,7.899862182004772e-291,162.7547914190039
1,EDM Competitive Langmuir - two high-salt washes,7153f3f39ab39e3944db30e3ecafc691b277362a1f5bcba2e70b2181c5adf90d,3.387857142857143,3.387857142857143,3.387857142857143,9.989261862006362e-291,PLW 2,1.0,100.0,100.0,100.0,100.0,100.0,2.0001423786966441e-292,3.0,6.0,2.0,100.0,2.0,2.0,2.0,2.0,9.989261862006362e-294,9.989261862006362e-294,9.989261862006362e-291,162.7547914190039
1,EDM Competitive Langmuir - two high-salt washes,7153f3f39ab39e3944db30e3ecafc691b277362a1f5bcba2e70b2181c5adf90d,3.4,3.4,3.4,1.2644009197298609e-290,PLW 2,1.0,100.0,100.0,100.0,100.0,100.0,2.575435391679994e-292,3.0,6.0,2.0,100.0,2.0,2.0,2.0,2.0,1.2644009197298608e-293,1.2644009197298608e-293,1.2644009197298609e-290,162.7547914190039
1,EDM Competitive Langmuir - two high-salt washes,7153f3f39ab39e3944db30e3ecafc691b277362a1f5bcba2e70b2181c5adf90d,3.412142857142857,3.4121428571428574,3.4121428571428574,1.6021926378740273e-290,PLW 2,1.0,100.0,100.0,100.0,100.0,100.0,3.320730547409064e-292,3.0,6.0,2.0,100.0,2.0,2.0,2.0,2.0,1.6021926378740273e-293,1.6021926378740273e-293,1.6021926378740273e-290,162.7547914190039
1,EDM Competitive Langmuir - two high-salt washes,7153f3f39ab39e3944db30e3ecafc691b277362a1f5bcba2e70b2181c5adf90d,3.4242857142857144,3.4242857142857144,3.4242857142857144,2.0326440318169592e-290,PLW 2,1.0,100.0,100.0,100.0,100.0,100.0,4.2872768785477925e-292,3.0,6.0,2.0,100.0,2.0,2.0,2.0,2.0,2.0326440318169593e-293,2.0326440318169593e-293,2.0326440318169592e-290,162.7547914190039
1,EDM Competitive Langmuir - two high-salt washes,7153f3f39ab39e3944db30e3ecafc691b277362a1f5bcba2e70b2181c5adf90d,3.4364285714285714,3.4364285714285714,3.4364285714285714,2.582017684312756e-290,PLW 2,1.0,100.0,100.0,100.0,100.0,100.0,5.54193490272209e-292,3.0,6.0,2.0,100.0,2.0,2.0,2.0,2.0,2.582017684312756e-293,2.582017684312756e-293,2.582017684312756e-290,162.7547914190039
1,EDM Competitive Langmuir - two high-salt washes,7153f3f39ab39e3944db30e3ecafc691b277362a1f5bcba2e70b2181c5adf90d,3.4485714285714284,3.4485714285714284,3.4485714285714284,3.284269782293347e-290,PLW 2,1.0,100.0,100.0,100.0,100.0,100.0,7.17192920354947e-292,3.0,6.0,2.0,100.0,2.0,2.0,2.0,2.0,3.2842697822933466e-293,3.2842697822933466e-293,3.284269782293347e-290,162.7547914190039
1,EDM Competitive Langmuir - two high-salt washes,7153f3f39ab39e3944db30e3ecafc691b277362a1f5bcba2e70b2181c5adf90d,3.460714285714286,3.4607142857142854,3.4607142857142854,4.1833657346756066e-290,PLW 2,1.0,100.0,100.0,100.0,100.0,100.0,9.291045460270193e-292,3.0,6.0,2.0,100.0,2.0,2.0,2.0,2.0,4.1833657346756063e-293,4.1833657346756063e-293,4.1833657346756066e-290,162.7547914190039
1,EDM Competitive Langmuir - two high-salt washes,7153f3f39ab39e3944db30e3ecafc691b277362a1f5bcba2e70b2181c5adf90d,3.472857142857143,3.472857142857143,3.472857142857143,5.336304598112278e-290,PLW 2,1.0,100.0,100.0,100.0,100.0,100.0,1.2047697072174023e-291,3.0,6.0,2.0,100.0,2.0,2.0,2.0,2.0,5.336304598112278e-293,5.336304598112278e-293,5.336304598112278e-290,162.7547914190039
1,EDM Competitive Langmuir - two high-salt washes,7153f3f39ab39e3944db30e3ecafc691b277362a1f5bcba2e70b2181c5adf90d,3.485,3.485,3.485,6.817070486767608e-290,PLW 2,1.0,100.0,100.0,100.0,100.0,100.0,1.5635413901297442e-291,3.0,6.0,2.0,100.0,2.0,2.0,2.0,2.0,6.817070486767607e-293,6.817070486767607e-293,6.817070486767608e-290,162.7547914190039
1,EDM Competitive Langmuir - two high-salt washes,7153f3f39ab39e3944db30e3ecafc691b277362a1f5bcba2e70b2181c5adf90d,3.497142857142857,3.497142857142857,3.497142857142857,8.721879864995143e-290,PLW 2,1.0,100.0,100.0,100.0,100.0,100.0,2.0306470217356784e-291,3.0,6.0,2.0,100.0,2.0,2.0,2.0,2.0,8.721879864995142e-293,8.721879864995142e-293,8.721879864995143e-290,162.7547914190039
1,EDM Competitive Langmuir - two high-salt washes,7153f3f39ab39e3944db30e3ecafc691b277362a1f5bcba2e70b2181c5adf90d,3.5092857142857143,3.5092857142857143,3.5092857142857143,1.1175714214052698e-289,PLW 2,1.0,100.0,100.0,100.0,100.0,100.0,2.6389577415708885e-291,3.0,6.0,2.0,100.0,2.0,2.0,2.0,2.0,1.11757142140527e-292,1.11757142140527e-292,1.1175714214052698e-289,162.7547914190039
1,EDM Competitive Langmuir - two high-salt washes,7153f3f39ab39e3944db30e3ecafc691b277362a1f5bcba2e70b2181c5adf90d,3.5214285714285714,3.5214285714285714,3.5214285714285714,1.434175301087256e-289,PLW 2,1.0,100.0,100.0,100.0,100.0,100.0,3.4312833183081094e-291,3.0,6.0,2.0,100.0,2.0,2.0,2.0,2.0,1.4341753010872559e-292,1.4341753010872559e-292,1.434175301087256e-289,162.7547914190039
1,EDM Competitive Langmuir - two high-salt washes,7153f3f39ab39e3944db30e3ecafc691b277362a1f5bcba2e70b2181c5adf90d,3.5335714285714284,3.5335714285714284,3.5335714285714284,1.8432352549384413e-289,PLW 2,1.0,100.0,100.0,100.0,100.0,100.0,4.4633460319477756e-291,3.0,6.0,2.0,100.0,2.0,2.0,2.0,2.0,1.8432352549384414e-292,1.8432352549384414e-292,1.8432352549384413e-289,162.7547914190039
1,EDM Competitive Langmuir - two high-salt washes,7153f3f39ab39e3944db30e3ecafc691b277362a1f5bcba2e70b2181c5adf90d,3.5457142857142854,3.5457142857142854,3.5457142857142854,2.3723907988623313e-289,PLW 2,1.0,100.0,100.0,100.0,100.0,100.0,5.8076306441822255e-291,3.0,6.0,2.0,100.0,2.0,2.0,2.0,2.0,2.3723907988623313e-292,2.3723907988623313e-292,2.3723907988623313e-289,162.7547914190039
1,EDM Competitive Langmuir - two high-salt washes,7153f3f39ab39e3944db30e3ecafc691b277362a1f5bcba2e70b2181c5adf90d,3.557857142857143,3.557857142857143,3.557857142857143,3.0576851983282125e-289,PLW 2,1.0,100.0,100.0,100.0,100.0,100.0,7.558363620313292e-291,3.0,6.0,2.0,100.0,2.0,2.0,2.0,2.0,3.0576851983282125e-292,3.0576851983282125e-292,3.0576851983282125e-289,162.7547914190039
1,EDM Competitive Langmuir - two high-salt washes,7153f3f39ab39e3944db30e3ecafc691b277362a1f5bcba2e70b2181c5adf90d,3.57,3.57,3.57,3.946142879322342e-289,PLW 2,1.0,100.0,100.0,100.0,100.0,100.0,9.837946347744498e-291,3.0,6.0,2.0,100.0,2.0,2.0,2.0,2.0,3.9461428793223424e-292,3.9461428793223424e-292,3.946142879322342e-289,162.7547914190039
1,EDM Competitive Langmuir - two high-salt washes,7153f3f39ab39e3944db30e3ecafc691b277362a1f5bcba2e70b2181c5adf90d,3.582142857142857,3.582142857142857,3.582142857142857,5.099114423601728e-289,PLW 2,1.0,100.0,100.0,100.0,100.0,100.0,1.2805258431707877e-290,3.0,6.0,2.0,100.0,2.0,2.0,2.0,2.0,5.099114423601728e-292,5.099114423601728e-292,5.099114423601728e-289,162.7547914190039
1,EDM Competitive Langmuir - two high-salt washes,7153f3f39ab39e3944db30e3ecafc691b277362a1f5bcba2e70b2181c5adf90d,3.594285714285714,3.5942857142857143,3.5942857142857143,6.596637097375132e-289,PLW 2,1.0,100.0,100.0,100.0,100.0,100.0,1.6666363572120766e-290,3.0,6.0,2.0,100.0,2.0,2.0,2.0,2.0,6.596637097375133e-292,6.596637097375133e-292,6.596637097375132e-289,162.7547914190039
1,EDM Competitive Langmuir - two high-salt washes,7153f3f39ab39e3944db30e3ecafc691b277362a1f5bcba2e70b2181c5adf90d,3.6064285714285713,3.6064285714285713,3.6064285714285713,8.543122075545272e-289,PLW 2,1.0,100.0,100.0,100.0,100.0,100.0,2.168829876204607e-290,3.0,6.0,2.0,100.0,2.0,2.0,2.0,2.0,8.543122075545272e-292,8.543122075545272e-292,8.543122075545272e-289,162.7547914190039
1,EDM Competitive Langmuir - two high-salt washes,7153f3f39ab39e3944db30e3ecafc691b277362a1f5bcba2e70b2181c5adf90d,3.6185714285714283,3.6185714285714283,3.6185714285714283,1.1074761209149129e-288,PLW 2,1.0,100.0,100.0,100.0,100.0,100.0,2.8216816074412443e-290,3.0,6.0,2.0,100.0,2.0,2.0,2.0,2.0,1.107476120914913e-291,1.107476120914913e-291,1.1074761209149129e-288,162.7547914190039
1,EDM Competitive Langmuir - two high-salt washes,7153f3f39ab39e3944db30e3ecafc691b277362a1f5bcba2e70b2181c5adf90d,3.6307142857142853,3.6307142857142853,3.6307142857142853,1.4369160902783232e-288,PLW 2,1.0,100.0,100.0,100.0,100.0,100.0,3.6699185798244805e-290,3.0,6.0,2.0,100.0,2.0,2.0,2.0,2.0,1.4369160902783232e-291,1.4369160902783232e-291,1.4369160902783232e-288,162.7547914190039
1,EDM Competitive Langmuir - two high-salt washes,7153f3f39ab39e3944db30e3ecafc691b277362a1f5bcba2e70b2181c5adf90d,3.642857142857143,3.6428571428571423,3.6428571428571423,1.865786210580635e-288,PLW 2,1.0,100.0,100.0,100.0,100.0,100.0,4.771347358965982e-290,3.0,6.0,2.0,100.0,2.0,2.0,2.0,2.0,1.865786210580635e-291,1.865786210580635e-291,1.865786210580635e-288,162.7547914190039
1,EDM Competitive Langmuir - two high-salt washes,7153f3f39ab39e3944db30e3ecafc691b277362a1f5bcba2e70b2181c5adf90d,3.655,3.655,3.655,2.4242598404525766e-288,PLW 2,1.0,100.0,100.0,100.0,100.0,100.0,6.200608951384377e-290,3.0,6.0,2.0,100.0,2.0,2.0,2.0,2.0,2.4242598404525766e-291,2.4242598404525766e-291,2.4242598404525766e-288,162.7547914190039
1,EDM Competitive Langmuir - two high-salt washes,7153f3f39ab39e3944db30e3ecafc691b277362a1f5bcba2e70b2181c5adf90d,3.667142857142857,3.667142857142857,3.667142857142857,3.1516389971067238e-288,PLW 2,1.0,100.0,100.0,100.0,100.0,100.0,8.05398945911339e-290,3.0,6.0,2.0,100.0,2.0,2.0,2.0,2.0,3.1516389971067238e-291,3.1516389971067238e-291,3.1516389971067238e-288,162.7547914190039
1,EDM Competitive Langmuir - two high-salt washes,7153f3f39ab39e3944db30e3ecafc691b277362a1f5bcba2e70b2181c5adf90d,3.679285714285714,3.679285714285714,3.679285714285714,4.099088603604346e-288,PLW 2,1.0,100.0,100.0,100.0,100.0,100.0,1.045557673407926e-289,3.0,6.0,2.0,100.0,2.0,2.0,2.0,2.0,4.099088603604346e-291,4.099088603604346e-291,4.099088603604346e-288,162.7547914190039
1,EDM Competitive Langmuir - two high-salt washes,7153f3f39ab39e3944db30e3ecafc691b277362a1f5bcba2e70b2181c5adf90d,3.6914285714285713,3.6914285714285713,3.6914285714285713,5.333177251628917e-288,PLW 2,1.0,100.0,100.0,100.0,100.0,100.0,1.3565131219571887e-289,3.0,6.0,2.0,100.0,2.0,2.0,2.0,2.0,5.333177251628917e-291,5.333177251628917e-291,5.333177251628917e-288,162.7547914190039
1,EDM Competitive Langmuir - two high-salt washes,7153f3f39ab39e3944db30e3ecafc691b277362a1f5bcba2e70b2181c5adf90d,3.7035714285714283,3.7035714285714283,3.7035714285714283,6.94045786403173e-288,PLW 2,1.0,100.0,100.0,100.0,100.0,100.0,1.7588137529667584e-289,3.0,6.0,2.0,100.0,2.0,2.0,2.0,2.0,6.940457864031731e-291,6.940457864031731e-291,6.94045786403173e-288,162.7547914190039
1,EDM Competitive Langmuir - two high-salt washes,7153f3f39ab39e3944db30e3ecafc691b277362a1f5bcba2e70b2181c5adf90d,3.7157142857142853,3.7157142857142853,3.7157142857142853,9.033387738062857e-288,PLW 2,1.0,100.0,100.0,100.0,100.0,100.0,2.27883369702905e-289,3.0,6.0,2.0,100.0,2.0,2.0,2.0,2.0,9.033387738062856e-291,9.033387738062856e-291,9.033387738062857e-288,162.7547914190039
1,EDM Competitive Langmuir - two high-salt washes,7153f3f39ab39e3944db30e3ecafc691b277362a1f5bcba2e70b2181c5adf90d,3.7278571428571423,3.7278571428571423,3.7278571428571423,1.1757971813838399e-287,PLW 2,1.0,100.0,100.0,100.0,100.0,100.0,2.950501664507742e-289,3.0,6.0,2.0,100.0,2.0,2.0,2.0,2.0,1.1757971813838399e-290,1.1757971813838399e-290,1.1757971813838399e-287,162.7547914190039
1,EDM Competitive Langmuir - two high-salt washes,7153f3f39ab39e3944db30e3ecafc691b277362a1f5bcba2e70b2181c5adf90d,3.7399999999999998,3.7399999999999998,3.7399999999999998,1.530362058138679e-287,PLW 2,1.0,100.0,100.0,100.0,100.0,100.0,3.817112614674542e-289,3.0,6.0,2.0,100.0,2.0,2.0,2.0,2.0,1.530362058138679e-290,1.530362058138679e-290,1.530362058138679e-287,162.7547914190039
1,EDM Competitive Langmuir - two high-salt washes,7153f3f39ab39e3944db30e3ecafc691b277362a1f5bcba2e70b2181c5adf90d,3.752142857142857,3.752142857142857,3.752142857142857,1.99158510479547e-287,PLW 2,1.0,100.0,100.0,100.0,100.0,100.0,4.93431095610488e-289,3.0,6.0,2.0,100.0,2.0,2.0,2.0,2.0,1.99158510479547e-290,1.99158510479547e-290,1.99158510479547e-287,162.7547914190039
1,EDM Competitive Langmuir - two high-salt washes,7153f3f39ab39e3944db30e3ecafc691b277362a1f5bcba2e70b2181c5adf90d,3.764285714285714,3.764285714285714,3.764285714285714,2.5912633493577138e-287,PLW 2,1.0,100.0,100.0,100.0,100.0,100.0,6.373339541420495e-289,3.0,6.0,2.0,100.0,2.0,2.0,2.0,2.0,2.591263349357714e-290,2.591263349357714e-290,2.5912633493577138e-287,162.7547914190039
1,EDM Competitive Langmuir - two high-salt washes,7153f3f39ab39e3944db30e3ecafc691b277362a1f5bcba2e70b2181c5adf90d,3.7764285714285717,3.7764285714285712,3.7764285714285712,3.3705408248657076e-287,PLW 2,1.0,100.0,100.0,100.0,100.0,100.0,8.225212430563933e-289,3.0,6.0,2.0,100.0,2.0,2.0,2.0,2.0,3.3705408248657075e-290,3.3705408248657075e-290,3.3705408248657076e-287,162.7547914190039
1,EDM Competitive Langmuir - two high-salt washes,7153f3f39ab39e3944db30e3ecafc691b277362a1f5bcba2e70b2181c5adf90d,3.7885714285714287,3.7885714285714287,3.7885714285714287,4.382607789857279e-287,PLW 2,1.0,100.0,100.0,100.0,100.0,100.0,1.0606073861391457e-288,3.0,6.0,2.0,100.0,2.0,2.0,2.0,2.0,4.3826077898572785e-290,4.3826077898572785e-290,4.382607789857279e-287,162.7547914190039
1,EDM Competitive Langmuir - two high-salt washes,7153f3f39ab39e3944db30e3ecafc691b277362a1f5bcba2e70b2181c5adf90d,3.8007142857142857,3.8007142857142857,3.8007142857142857,5.696163683472048e-287,PLW 2,1.0,100.0,100.0,100.0,100.0,100.0,1.366424113979753e-288,3.0,6.0,2.0,100.0,2.0,2.0,2.0,2.0,5.696163683472048e-290,5.696163683472048e-290,5.696163683472048e-287,162.7547914190039
1,EDM Competitive Langmuir - two high-salt washes,7153f3f39ab39e3944db30e3ecafc691b277362a1f5bcba2e70b2181c5adf90d,3.8128571428571427,3.8128571428571427,3.8128571428571427,7.399855162267892e-287,PLW 2,1.0,100.0,100.0,100.0,100.0,100.0,1.7588756030830986e-288,3.0,6.0,2.0,100.0,2.0,2.0,2.0,2.0,7.399855162267891e-290,7.399855162267891e-290,7.399855162267892e-287,162.7547914190039
1,EDM Competitive Langmuir - two high-salt washes,7153f3f39ab39e3944db30e3ecafc691b277362a1f5bcba2e70b2181c5adf90d,3.825,3.825,3.825,9.607957695856146e-287,PLW 2,1.0,100.0,100.0,100.0,100.0,100.0,2.262034463457885e-288,3.0,6.0,2.0,100.0,2.0,2.0,2.0,2.0,9.607957695856146e-290,9.607957695856146e-290,9.607957695856146e-287,162.7547914190039
1,EDM Competitive Langmuir - two high-salt washes,7153f3f39ab39e3944db30e3ecafc691b277362a1f5bcba2e70b2181c5adf90d,3.837142857142857,3.837142857142857,3.837142857142857,1.2467641401162824e-286,PLW 2,1.0,100.0,100.0,100.0,100.0,100.0,2.906588721036541e-288,3.0,6.0,2.0,100.0,2.0,2.0,2.0,2.0,1.2467641401162824e-289,1.2467641401162824e-289,1.2467641401162824e-286,162.7547914190039
1,EDM Competitive Langmuir - two high-salt washes,7153f3f39ab39e3944db30e3ecafc691b277362a1f5bcba2e70b2181c5adf90d,3.849285714285714,3.849285714285714,3.849285714285714,1.6168252949633885e-286,PLW 2,1.0,100.0,100.0,100.0,100.0,100.0,3.731516988811346e-288,3.0,6.0,2.0,100.0,2.0,2.0,2.0,2.0,1.6168252949633886e-289,1.6168252949633886e-289,1.6168252949633885e-286,162.7547914190039
1,EDM Competitive Langmuir - two high-salt washes,7153f3f39ab39e3944db30e3ecafc691b277362a1f5bcba2e70b2181c5adf90d,3.861428571428571,3.861428571428571,3.861428571428571,2.0952972461835452e-286,PLW 2,1.0,100.0,100.0,100.0,100.0,100.0,4.7861732361695785e-288,3.0,6.0,2.0,100.0,2.0,2.0,2.0,2.0,2.0952972461835453e-289,2.0952972461835453e-289,2.0952972461835452e-286,162.7547914190039
1,EDM Competitive Langmuir - two high-salt washes,7153f3f39ab39e3944db30e3ecafc691b277362a1f5bcba2e70b2181c5adf90d,3.8735714285714287,3.8735714285714287,3.8735714285714287,2.713442381868241e-286,PLW 2,1.0,100.0,100.0,100.0,100.0,100.0,6.133184819265019e-288,3.0,6.0,2.0,100.0,2.0,2.0,2.0,2.0,2.713442381868241e-289,2.713442381868241e-289,2.713442381868241e-286,162.7547914190039
1,EDM Competitive Langmuir - two high-salt washes,7153f3f39ab39e3944db30e3ecafc691b277362a1f5bcba2e70b2181c5adf90d,3.8857142857142857,3.8857142857142857,3.8857142857142857,3.5112499263804055e-286,PLW 2,1.0,100.0,100.0,100.0,100.0,100.0,7.852710349807341e-288,3.0,6.0,2.0,100.0,2.0,2.0,2.0,2.0,3.5112499263804055e-289,3.5112499263804055e-289,3.5112499263804055e-286,162.7547914190039
1,EDM Competitive Langmuir - two high-salt washes,7153f3f39ab39e3944db30e3ecafc691b277362a1f5bcba2e70b2181c5adf90d,3.8978571428571427,3.8978571428571427,3.8978571428571427,4.540005659129488e-286,PLW 2,1.0,100.0,100.0,100.0,100.0,100.0,1.0044613619835335e-287,3.0,6.0,2.0,100.0,2.0,2.0,2.0,2.0,4.540005659129488e-289,4.540005659129488e-289,4.540005659129488e-286,162.7547914190039
1,EDM Competitive Langmuir - two high-salt washes,7153f3f39ab39e3944db30e3ecafc691b277362a1f5bcba2e70b2181c5adf90d,3.9099999999999997,3.91,3.91,5.865447099544476e-286,PLW 2,1.0,100.0,100.0,100.0,100.0,100.0,1.2838034168080639e-287,3.0,6.0,2.0,100.0,2.0,2.0,2.0,2.0,5.865447099544476e-289,5.865447099544476e-289,5.865447099544476e-286,162.7547914190039
1,EDM Competitive Langmuir - two high-salt washes,7153f3f39ab39e3944db30e3ecafc691b277362a1f5bcba2e70b2181c5adf90d,3.922142857142857,3.922142857142857,3.922142857142857,7.571610234395721e-286,PLW 2,1.0,100.0,100.0,100.0,100.0,100.0,1.639348567271046e-287,3.0,6.0,2.0,100.0,2.0,2.0,2.0,2.0,7.5716102343957205e-289,7.5716102343957205e-289,7.571610234395721e-286,162.7547914190039
1,EDM Competitive Langmuir - two high-salt washes,7153f3f39ab39e3944db30e3ecafc691b277362a1f5bcba2e70b2181c5adf90d,3.934285714285714,3.934285714285714,3.934285714285714,9.765769826981733e-286,PLW 2,1.0,100.0,100.0,100.0,100.0,100.0,2.0911905886107253e-287,3.0,6.0,2.0,100.0,2.0,2.0,2.0,2.0,9.765769826981733e-289,9.765769826981733e-289,9.765769826981733e-286,162.7547914190039
1,EDM Competitive Langmuir - two high-salt washes,7153f3f39ab39e3944db30e3ecafc691b277362a1f5bcba2e70b2181c5adf90d,3.946428571428571,3.946428571428571,3.946428571428571,1.2584887982712981e-285,PLW 2,1.0,100.0,100.0,100.0,100.0,100.0,2.665145084667668e-287,3.0,6.0,2.0,100.0,2.0,2.0,2.0,2.0,1.2584887982712982e-288,1.2584887982712982e-288,1.2584887982712981e-285,162.7547914190039
1,EDM Competitive Langmuir - two high-salt washes,7153f3f39ab39e3944db30e3ecafc691b277362a1f5bcba2e70b2181c5adf90d,3.9585714285714286,3.958571428571428,3.958571428571428,1.620363312811323e-285,PLW 2,1.0,100.0,100.0,100.0,100.0,100.0,3.392943201405438e-287,3.0,6.0,2.0,100.0,2.0,2.0,2.0,2.0,1.6203633128113228e-288,1.6203633128113228e-288,1.620363312811323e-285,162.7547914190039
1,EDM Competitive Langmuir - two high-salt washes,7153f3f39ab39e3944db30e3ecafc691b277362a1f5bcba2e70b2181c5adf90d,3.9707142857142856,3.9707142857142856,3.9707142857142856,2.084448983325605e-285,PLW 2,1.0,100.0,100.0,100.0,100.0,100.0,4.3152455939834603e-287,3.0,6.0,2.0,100.0,2.0,2.0,2.0,2.0,2.084448983325605e-288,2.084448983325605e-288,2.084448983325605e-285,162.7547914190039
1,EDM Competitive Langmuir - two high-salt washes,7153f3f39ab39e3944db30e3ecafc691b277362a1f5bcba2e70b2181c5adf90d,3.9828571428571427,3.9828571428571427,3.9828571428571427,2.6790989830675925e-285,PLW 2,1.0,100.0,100.0,100.0,100.0,100.0,5.483156838538159e-287,3.0,6.0,2.0,100.0,2.0,2.0,2.0,2.0,2.6790989830675925e-288,2.6790989830675925e-288,2.6790989830675925e-285,162.7547914190039
1,EDM Competitive Langmuir - two high-salt washes,7153f3f39ab39e3944db30e3ecafc691b277362a1f5bcba2e70b2181c5adf90d,3.9949999999999997,3.9949999999999997,3.9949999999999997,3.440365835479048e-285,PLW 2,1.0,100.0,100.0,100.0,100.0,100.0,6.96074009559669e-287,3.0,6.0,2.0,100.0,2.0,2.0,2.0,2.0,3.440365835479048e-288,3.440365835479048e-288,3.440365835479048e-285,162.7547914190039
1,EDM Competitive Langmuir - two high-salt washes,7153f3f39ab39e3944db30e3ecafc691b277362a1f5bcba2e70b2181c5adf90d,4.007142857142857,4.007142857142857,4.007142857142857,4.413941619454929e-285,PLW 2,1.0,100.0,100.0,100.0,100.0,100.0,8.828326227960539e-287,3.0,6.0,2.0,100.0,2.0,2.0,2.0,2.0,4.4139416194549285e-288,4.4139416194549285e-288,4.413941619454929e-285,162.7547914190039
1,EDM Competitive Langmuir - two high-salt washes,7153f3f39ab39e3944db30e3ecafc691b277362a1f5bcba2e70b2181c5adf90d,4.019285714285714,4.019285714285714,4.019285714285714,5.657768966407799e-285,PLW 2,1.0,100.0,100.0,100.0,100.0,100.0,1.1186650997585745e-286,3.0,6.0,2.0,100.0,2.0,2.0,2.0,2.0,5.657768966407799e-288,5.657768966407799e-288,5.657768966407799e-285,162.7547914190039
1,EDM Competitive Langmuir - two high-salt washes,7153f3f39ab39e3944db30e3ecafc691b277362a1f5bcba2e70b2181c5adf90d,4.031428571428571,4.031428571428571,4.031428571428571,7.245818986086492e-285,PLW 2,1.0,100.0,100.0,100.0,100.0,100.0,1.4161939631213838e-286,3.0,6.0,2.0,100.0,2.0,2.0,2.0,2.0,7.245818986086492e-288,7.245818986086492e-288,7.245818986086492e-285,162.7547914190039
1,EDM Competitive Langmuir - two high-salt washes,7153f3f39ab39e3944db30e3ecafc691b277362a1f5bcba2e70b2181c5adf90d,4.043571428571428,4.043571428571428,4.043571428571428,9.271000701001887e-285,PLW 2,1.0,100.0,100.0,100.0,100.0,100.0,1.791219070028491e-286,3.0,6.0,2.0,100.0,2.0,2.0,2.0,2.0,9.271000701001888e-288,9.271000701001888e-288,9.271000701001887e-285,162.7547914190039
1,EDM Competitive Langmuir - two high-salt washes,7153f3f39ab39e3944db30e3ecafc691b277362a1f5bcba2e70b2181c5adf90d,4.055714285714285,4.055714285714285,4.055714285714285,1.1852121033405712e-284,PLW 2,1.0,100.0,100.0,100.0,100.0,100.0,2.2634984276155844e-286,3.0,6.0,2.0,100.0,2.0,2.0,2.0,2.0,1.1852121033405711e-287,1.1852121033405711e-287,1.1852121033405712e-284,162.7547914190039
1,EDM Competitive Langmuir - two high-salt washes,7153f3f39ab39e3944db30e3ecafc691b277362a1f5bcba2e70b2181c5adf90d,4.067857142857142,4.067857142857143,4.067857142857143,1.5138620435782357e-284,PLW 2,1.0,100.0,100.0,100.0,100.0,100.0,2.8577183430803136e-286,3.0,6.0,2.0,100.0,2.0,2.0,2.0,2.0,1.5138620435782356e-287,1.5138620435782356e-287,1.5138620435782357e-284,162.7547914190039
1,EDM Competitive Langmuir - two high-salt washes,7153f3f39ab39e3944db30e3ecafc691b277362a1f5bcba2e70b2181c5adf90d,4.08,4.08,4.08,1.931716934020259e-284,PLW 2,1.0,100.0,100.0,100.0,100.0,100.0,3.6046964824678476e-286,3.0,6.0,2.0,100.0,2.0,2.0,2.0,2.0,1.931716934020259e-287,1.931716934020259e-287,1.931716934020259e-284,162.7547914190039
1,EDM Competitive Langmuir - two high-salt washes,7153f3f39ab39e3944db30e3ecafc691b277362a1f5bcba2e70b2181c5adf90d,4.092142857142857,4.092142857142857,4.092142857142857,2.4625729095887583e-284,PLW 2,1.0,100.0,100.0,100.0,100.0,100.0,4.542871706782015e-286,3.0,6.0,2.0,100.0,2.0,2.0,2.0,2.0,2.4625729095887582e-287,2.4625729095887582e-287,2.4625729095887583e-284,162.7547914190039
1,EDM Competitive Langmuir - two high-salt washes,7153f3f39ab39e3944db30e3ecafc691b277362a1f5bcba2e70b2181c5adf90d,4.104285714285714,4.104285714285714,4.104285714285714,3.136073277850945e-284,PLW 2,1.0,100.0,100.0,100.0,100.0,100.0,5.720147636209932e-286,3.0,6.0,2.0,100.0,2.0,2.0,2.0,2.0,3.136073277850945e-287,3.136073277850945e-287,3.136073277850945e-284,162.7547914190039
1,EDM Competitive Langmuir - two high-salt washes,7153f3f39ab39e3944db30e3ecafc691b277362a1f5bcba2e70b2181c5adf90d,4.116428571428571,4.116428571428571,4.116428571428571,3.989727102485331e-284,PLW 2,1.0,100.0,100.0,100.0,100.0,100.0,7.196172380063036e-286,3.0,6.0,2.0,100.0,2.0,2.0,2.0,2.0,3.989727102485331e-287,3.989727102485331e-287,3.989727102485331e-284,162.7547914190039
1,EDM Competitive Langmuir - two high-salt washes,7153f3f39ab39e3944db30e3ecafc691b277362a1f5bcba2e70b2181c5adf90d,4.128571428571428,4.128571428571428,4.128571428571428,5.070952869871775e-284,PLW 2,1.0,100.0,100.0,100.0,100.0,100.0,9.045155427727734e-286,3.0,6.0,2.0,100.0,2.0,2.0,2.0,2.0,5.070952869871775e-287,5.070952869871775e-287,5.070952869871775e-284,162.7547914190039
1,EDM Competitive Langmuir - two high-salt washes,7153f3f39ab39e3944db30e3ecafc691b277362a1f5bcba2e70b2181c5adf90d,4.140714285714285,4.140714285714285,4.140714285714285,6.439240122517183e-284,PLW 2,1.0,100.0,100.0,100.0,100.0,100.0,1.1359345391768073e-285,3.0,6.0,2.0,100.0,2.0,2.0,2.0,2.0,6.439240122517183e-287,6.439240122517183e-287,6.439240122517183e-284,162.7547914190039
1,EDM Competitive Langmuir - two high-salt washes,7153f3f39ab39e3944db30e3ecafc691b277362a1f5bcba2e70b2181c5adf90d,4.152857142857142,4.152857142857142,4.152857142857142,8.169178181243742e-284,PLW 2,1.0,100.0,100.0,100.0,100.0,100.0,1.4253320144514182e-285,3.0,6.0,2.0,100.0,2.0,2.0,2.0,2.0,8.169178181243742e-287,8.169178181243742e-287,8.169178181243742e-284,162.7547914190039
1,EDM Competitive Langmuir - two high-salt washes,7153f3f39ab39e3944db30e3ecafc691b277362a1f5bcba2e70b2181c5adf90d,4.165,4.164999999999999,4.164999999999999,1.0354301078894282e-283,PLW 2,1.0,100.0,100.0,100.0,100.0,100.0,1.7869274920262775e-285,3.0,6.0,2.0,100.0,2.0,2.0,2.0,2.0,1.0354301078894282e-286,1.0354301078894282e-286,1.0354301078894282e-283,162.7547914190039
1,EDM Competitive Langmuir - two high-salt washes,7153f3f39ab39e3944db30e3ecafc691b277362a1f5bcba2e70b2181c5adf90d,4.177142857142857,4.177142857142857,4.177142857142857,1.311183776052152e-283,PLW 2,1.0,100.0,100.0,100.0,100.0,100.0,2.238353541836801e-285,3.0,6.0,2.0,100.0,2.0,2.0,2.0,2.0,1.311183776052152e-286,1.311183776052152e-286,1.311183776052152e-283,162.7547914190039
1,EDM Competitive Langmuir - two high-salt washes,7153f3f39ab39e3944db30e3ecafc691b277362a1f5bcba2e70b2181c5adf90d,4.189285714285714,4.189285714285714,4.189285714285714,1.6588572675906822e-283,PLW 2,1.0,100.0,100.0,100.0,100.0,100.0,2.801457342659748e-285,3.0,6.0,2.0,100.0,2.0,2.0,2.0,2.0,1.6588572675906822e-286,1.6588572675906822e-286,1.6588572675906822e-283,162.7547914190039
1,EDM Competitive Langmuir - two high-salt washes,7153f3f39ab39e3944db30e3ecafc691b277362a1f5bcba2e70b2181c5adf90d,4.201428571428571,4.201428571428571,4.201428571428571,2.096811595526014e-283,PLW 2,1.0,100.0,100.0,100.0,100.0,100.0,3.50328639378193e-285,3.0,6.0,2.0,100.0,2.0,2.0,2.0,2.0,2.0968115955260138e-286,2.0968115955260138e-286,2.096811595526014e-283,162.7547914190039
1,EDM Competitive Langmuir - two high-salt washes,7153f3f39ab39e3944db30e3ecafc691b277362a1f5bcba2e70b2181c5adf90d,4.213571428571428,4.213571428571428,4.213571428571428,2.6479936670339e-283,PLW 2,1.0,100.0,100.0,100.0,100.0,100.0,4.377299749712363e-285,3.0,6.0,2.0,100.0,2.0,2.0,2.0,2.0,2.6479936670339003e-286,2.6479936670339003e-286,2.6479936670339e-283,162.7547914190039
1,EDM Competitive Langmuir - two high-salt washes,7153f3f39ab39e3944db30e3ecafc691b277362a1f5bcba2e70b2181c5adf90d,4.225714285714286,4.225714285714286,4.225714285714286,3.3410571391545877e-283,PLW 2,1.0,100.0,100.0,100.0,100.0,100.0,5.464855240167191e-285,3.0,6.0,2.0,100.0,2.0,2.0,2.0,2.0,3.3410571391545875e-286,3.3410571391545875e-286,3.3410571391545877e-283,162.7547914190039
1,EDM Competitive Langmuir - two high-salt washes,7153f3f39ab39e3944db30e3ecafc691b277362a1f5bcba2e70b2181c5adf90d,4.237857142857143,4.237857142857143,4.237857142857143,4.211751039376999e-283,PLW 2,1.0,100.0,100.0,100.0,100.0,100.0,6.817034177132651e-285,3.0,6.0,2.0,100.0,2.0,2.0,2.0,2.0,4.211751039376999e-286,4.211751039376999e-286,4.211751039376999e-283,162.7547914190039
1,EDM Competitive Langmuir - two high-salt washes,7153f3f39ab39e3944db30e3ecafc691b277362a1f5bcba2e70b2181c5adf90d,4.25,4.25,4.25,5.304638484647118e-283,PLW 2,1.0,100.0,100.0,100.0,100.0,100.0,8.496878450532713e-285,3.0,6.0,2.0,100.0,2.0,2.0,2.0,2.0,5.304638484647118e-286,5.304638484647118e-286,5.304638484647118e-283,162.7547914190039
1,EDM Competitive Langmuir - two high-salt washes,7153f3f39ab39e3944db30e3ecafc691b277362a1f5bcba2e70b2181c5adf90d,4.262142857142857,4.262142857142857,4.262142857142857,6.6752224704677975e-283,PLW 2,1.0,100.0,100.0,100.0,100.0,100.0,1.0582131166998639e-284,3.0,6.0,2.0,100.0,2.0,2.0,2.0,2.0,6.675222470467797e-286,6.675222470467797e-286,6.6752224704677975e-283,162.7547914190039
1,EDM Competitive Langmuir - two high-salt washes,7153f3f39ab39e3944db30e3ecafc691b277362a1f5bcba2e70b2181c5adf90d,4.274285714285714,4.274285714285714,4.274285714285714,8.392573175610749e-283,PLW 2,1.0,100.0,100.0,100.0,100.0,100.0,1.3168591686083555e-284,3.0,6.0,2.0,100.0,2.0,2.0,2.0,2.0,8.39257317561075e-286,8.39257317561075e-286,8.392573175610749e-283,162.7547914190039
1,EDM Competitive Langmuir - two high-salt washes,7153f3f39ab39e3944db30e3ecafc691b277362a1f5bcba2e70b2181c5adf90d,4.286428571428571,4.286428571428571,4.286428571428571,1.0542572463283209e-282,PLW 2,1.0,100.0,100.0,100.0,100.0,100.0,1.6374219769060893e-284,3.0,6.0,2.0,100.0,2.0,2.0,2.0,2.0,1.0542572463283208e-285,1.0542572463283208e-285,1.0542572463283209e-282,162.7547914190039
1,EDM Competitive Langmuir - two high-salt washes,7153f3f39ab39e3944db30e3ecafc691b277362a1f5bcba2e70b2181c5adf90d,4.298571428571429,4.298571428571428,4.298571428571428,1.323191729060374e-282,PLW 2,1.0,100.0,100.0,100.0,100.0,100.0,2.0344152435682196e-284,3.0,6.0,2.0,100.0,2.0,2.0,2.0,2.0,1.323191729060374e-285,1.323191729060374e-285,1.323191729060374e-282,162.7547914190039
1,EDM Competitive Langmuir - two high-salt washes,7153f3f39ab39e3944db30e3ecafc691b277362a1f5bcba2e70b2181c5adf90d,4.310714285714285,4.310714285714285,4.310714285714285,1.6593055587645563e-282,PLW 2,1.0,100.0,100.0,100.0,100.0,100.0,2.525683205538848e-284,3.0,6.0,2.0,100.0,2.0,2.0,2.0,2.0,1.6593055587645563e-285,1.6593055587645563e-285,1.6593055587645563e-282,162.7547914190039
1,EDM Competitive Langmuir - two high-salt washes,7153f3f39ab39e3944db30e3ecafc691b277362a1f5bcba2e70b2181c5adf90d,4.322857142857143,4.322857142857143,4.322857142857143,2.0790267007272082e-282,PLW 2,1.0,100.0,100.0,100.0,100.0,100.0,3.133148641988274e-284,3.0,6.0,2.0,100.0,2.0,2.0,2.0,2.0,2.0790267007272083e-285,2.0790267007272083e-285,2.0790267007272082e-282,162.7547914190039
1,EDM Competitive Langmuir - two high-salt washes,7153f3f39ab39e3944db30e3ecafc691b277362a1f5bcba2e70b2181c5adf90d,4.334999999999999,4.334999999999999,4.334999999999999,2.6027148247221866e-282,PLW 2,1.0,100.0,100.0,100.0,100.0,100.0,3.883725253947072e-284,3.0,6.0,2.0,100.0,2.0,2.0,2.0,2.0,2.6027148247221866e-285,2.6027148247221866e-285,2.6027148247221866e-282,162.7547914190039
1,EDM Competitive Langmuir - two high-salt washes,7153f3f39ab39e3944db30e3ecafc691b277362a1f5bcba2e70b2181c5adf90d,4.347142857142857,4.347142857142857,4.347142857142857,3.2555820227976183e-282,PLW 2,1.0,100.0,100.0,100.0,100.0,100.0,4.810429745771562e-284,3.0,6.0,2.0,100.0,2.0,2.0,2.0,2.0,3.2555820227976183e-285,3.2555820227976183e-285,3.2555820227976183e-282,162.7547914190039
1,EDM Competitive Langmuir - two high-salt washes,7153f3f39ab39e3944db30e3ecafc691b277362a1f5bcba2e70b2181c5adf90d,4.359285714285714,4.359285714285714,4.359285714285714,4.068824447619254e-282,PLW 2,1.0,100.0,100.0,100.0,100.0,100.0,5.953736362218843e-284,3.0,6.0,2.0,100.0,2.0,2.0,2.0,2.0,4.068824447619254e-285,4.068824447619254e-285,4.068824447619254e-282,162.7547914190039
1,EDM Competitive Langmuir - two high-salt washes,7153f3f39ab39e3944db30e3ecafc691b277362a1f5bcba2e70b2181c5adf90d,4.371428571428571,4.371428571428571,4.371428571428571,5.081012125888946e-282,PLW 2,1.0,100.0,100.0,100.0,100.0,100.0,7.36322558394087e-284,3.0,6.0,2.0,100.0,2.0,2.0,2.0,2.0,5.081012125888946e-285,5.081012125888946e-285,5.081012125888946e-282,162.7547914190039
1,EDM Competitive Langmuir - two high-salt washes,7153f3f39ab39e3944db30e3ecafc691b277362a1f5bcba2e70b2181c5adf90d,4.383571428571428,4.383571428571428,4.383571428571428,6.33979455232119e-282,PLW 2,1.0,100.0,100.0,100.0,100.0,100.0,9.09958946376255e-284,3.0,6.0,2.0,100.0,2.0,2.0,2.0,2.0,6.33979455232119e-285,6.33979455232119e-285,6.33979455232119e-282,162.7547914190039
1,EDM Competitive Langmuir - two high-salt washes,7153f3f39ab39e3944db30e3ecafc691b277362a1f5bcba2e70b2181c5adf90d,4.395714285714286,4.395714285714286,4.395714285714286,7.903992236391486e-282,PLW 2,1.0,100.0,100.0,100.0,100.0,100.0,1.1237069061914689e-283,3.0,6.0,2.0,100.0,2.0,2.0,2.0,2.0,7.903992236391487e-285,7.903992236391487e-285,7.903992236391486e-282,162.7547914190039
1,EDM Competitive Langmuir - two high-salt washes,7153f3f39ab39e3944db30e3ecafc691b277362a1f5bcba2e70b2181c5adf90d,4.407857142857142,4.407857142857142,4.407857142857142,9.846159620010476e-282,PLW 2,1.0,100.0,100.0,100.0,100.0,100.0,1.3866415047449112e-283,3.0,6.0,2.0,100.0,2.0,2.0,2.0,2.0,9.846159620010477e-285,9.846159620010477e-285,9.846159620010476e-282,162.7547914190039
1,EDM Competitive Langmuir - two high-salt washes,7153f3f39ab39e3944db30e3ecafc691b277362a1f5bcba2e70b2181c5adf90d,4.42,4.42,4.42,1.2255723267582952e-281,PLW 2,1.0,100.0,100.0,100.0,100.0,100.0,1.7098481297294956e-283,3.0,6.0,2.0,100.0,2.0,2.0,2.0,2.0,1.2255723267582952e-284,1.2255723267582952e-284,1.2255723267582952e-281,162.7547914190039
1,EDM Competitive Langmuir - two high-salt washes,7153f3f39ab39e3944db30e3ecafc691b277362a1f5bcba2e70b2181c5adf90d,4.432142857142856,4.432142857142857,4.432142857142857,1.524282162212766e-281,PLW 2,1.0,100.0,100.0,100.0,100.0,100.0,2.1068583866640518e-283,3.0,6.0,2.0,100.0,2.0,2.0,2.0,2.0,1.524282162212766e-284,1.524282162212766e-284,1.524282162212766e-281,162.7547914190039
1,EDM Competitive Langmuir - two high-salt washes,7153f3f39ab39e3944db30e3ecafc691b277362a1f5bcba2e70b2181c5adf90d,4.444285714285714,4.444285714285714,4.444285714285714,1.8942999729815788e-281,PLW 2,1.0,100.0,100.0,100.0,100.0,100.0,2.594178476743384e-283,3.0,6.0,2.0,100.0,2.0,2.0,2.0,2.0,1.8942999729815787e-284,1.8942999729815787e-284,1.8942999729815788e-281,162.7547914190039
1,EDM Competitive Langmuir - two high-salt washes,7153f3f39ab39e3944db30e3ecafc691b277362a1f5bcba2e70b2181c5adf90d,4.456428571428572,4.456428571428572,4.456428571428572,2.3522945130786535e-281,PLW 2,1.0,100.0,100.0,100.0,100.0,100.0,3.1919292461130824e-283,3.0,6.0,2.0,100.0,2.0,2.0,2.0,2.0,2.3522945130786536e-284,2.3522945130786536e-284,2.3522945130786535e-281,162.7547914190039
1,EDM Competitive Langmuir - two high-salt washes,7153f3f39ab39e3944db30e3ecafc691b277362a1f5bcba2e70b2181c5adf90d,4.468571428571428,4.468571428571428,4.468571428571428,2.918749076182555e-281,PLW 2,1.0,100.0,100.0,100.0,100.0,100.0,3.924620990204789e-283,3.0,6.0,2.0,100.0,2.0,2.0,2.0,2.0,2.918749076182555e-284,2.918749076182555e-284,2.918749076182555e-281,162.7547914190039
1,EDM Competitive Langmuir - two high-salt washes,7153f3f39ab39e3944db30e3ecafc691b277362a1f5bcba2e70b2181c5adf90d,4.480714285714286,4.480714285714286,4.480714285714286,3.618815861491048e-281,PLW 2,1.0,100.0,100.0,100.0,100.0,100.0,4.8220907614108e-283,3.0,6.0,2.0,100.0,2.0,2.0,2.0,2.0,3.618815861491048e-284,3.618815861491048e-284,3.618815861491048e-281,162.7547914190039
1,EDM Competitive Langmuir - two high-salt washes,7153f3f39ab39e3944db30e3ecafc691b277362a1f5bcba2e70b2181c5adf90d,4.492857142857143,4.492857142857143,4.492857142857143,4.483357572186456e-281,PLW 2,1.0,100.0,100.0,100.0,100.0,100.0,5.920635513980428e-283,3.0,6.0,2.0,100.0,2.0,2.0,2.0,2.0,4.483357572186456e-284,4.483357572186456e-284,4.483357572186456e-281,162.7547914190039
1,EDM Competitive Langmuir - two high-salt washes,7153f3f39ab39e3944db30e3ecafc691b277362a1f5bcba2e70b2181c5adf90d,4.505,4.505,4.505,5.550216379943312e-281,PLW 2,1.0,100.0,100.0,100.0,100.0,100.0,7.264381104126956e-283,3.0,6.0,2.0,100.0,2.0,2.0,2.0,2.0,5.550216379943312e-284,5.550216379943312e-284,5.550216379943312e-281,162.7547914190039
1,EDM Competitive Langmuir - two high-salt washes,7153f3f39ab39e3944db30e3ecafc691b277362a1f5bcba2e70b2181c5adf90d,4.517142857142857,4.517142857142857,4.517142857142857,6.865758799803659e-281,PLW 2,1.0,100.0,100.0,100.0,100.0,100.0,8.906935156867049e-283,3.0,6.0,2.0,100.0,2.0,2.0,2.0,2.0,6.865758799803659e-284,6.865758799803659e-284,6.865758799803659e-281,162.7547914190039
1,EDM Competitive Langmuir - two high-salt washes,7153f3f39ab39e3944db30e3ecafc691b277362a1f5bcba2e70b2181c5adf90d,4.529285714285715,4.529285714285715,4.529285714285715,8.486755153237348e-281,PLW 2,1.0,100.0,100.0,100.0,100.0,100.0,1.0913381364541035e-282,3.0,6.0,2.0,100.0,2.0,2.0,2.0,2.0,8.486755153237348e-284,8.486755153237348e-284,8.486755153237348e-281,162.7547914190039
1,EDM Competitive Langmuir - two high-salt washes,7153f3f39ab39e3944db30e3ecafc691b277362a1f5bcba2e70b2181c5adf90d,4.541428571428571,4.541428571428571,4.541428571428571,1.0482664497860855e-280,PLW 2,1.0,100.0,100.0,100.0,100.0,100.0,1.336268419244892e-282,3.0,6.0,2.0,100.0,2.0,2.0,2.0,2.0,1.0482664497860855e-283,1.0482664497860855e-283,1.0482664497860855e-280,162.7547914190039
1,EDM Competitive Langmuir - two high-salt washes,7153f3f39ab39e3944db30e3ecafc691b277362a1f5bcba2e70b2181c5adf90d,4.553571428571429,4.553571428571429,4.553571428571429,1.2938410581966455e-280,PLW 2,1.0,100.0,100.0,100.0,100.0,100.0,1.635058658703321e-282,3.0,6.0,2.0,100.0,2.0,2.0,2.0,2.0,1.2938410581966454e-283,1.2938410581966454e-283,1.2938410581966455e-280,162.7547914190039
1,EDM Competitive Langmuir - two high-salt washes,7153f3f39ab39e3944db30e3ecafc691b277362a1f5bcba2e70b2181c5adf90d,4.565714285714285,4.565714285714286,4.565714285714286,1.595775203264351e-280,PLW 2,1.0,100.0,100.0,100.0,100.0,100.0,1.9993099529184516e-282,3.0,6.0,2.0,100.0,2.0,2.0,2.0,2.0,1.595775203264351e-283,1.595775203264351e-283,1.595775203264351e-280,162.7547914190039
1,EDM Competitive Langmuir - two high-salt washes,7153f3f39ab39e3944db30e3ecafc691b277362a1f5bcba2e70b2181c5adf90d,4.577857142857143,4.577857142857143,4.577857142857143,1.966737119510672e-280,PLW 2,1.0,100.0,100.0,100.0,100.0,100.0,2.4430701644267455e-282,3.0,6.0,2.0,100.0,2.0,2.0,2.0,2.0,1.966737119510672e-283,1.966737119510672e-283,1.966737119510672e-280,162.7547914190039
1,EDM Competitive Langmuir - two high-salt washes,7153f3f39ab39e3944db30e3ecafc691b277362a1f5bcba2e70b2181c5adf90d,4.59,4.59,4.59,2.422183150833023e-280,PLW 2,1.0,100.0,100.0,100.0,100.0,100.0,2.9833390156869817e-282,3.0,6.0,2.0,100.0,2.0,2.0,2.0,2.0,2.422183150833023e-283,2.422183150833023e-283,2.422183150833023e-280,162.7547914190039
1,EDM Competitive Langmuir - two high-salt washes,7153f3f39ab39e3944db30e3ecafc691b277362a1f5bcba2e70b2181c5adf90d,4.602142857142857,4.602142857142857,4.602142857142857,2.9809583863355033e-280,PLW 2,1.0,100.0,100.0,100.0,100.0,100.0,3.640675195480787e-282,3.0,6.0,2.0,100.0,2.0,2.0,2.0,2.0,2.9809583863355034e-283,2.9809583863355034e-283,2.9809583863355033e-280,162.7547914190039
1,EDM Competitive Langmuir - two high-salt washes,7153f3f39ab39e3944db30e3ecafc691b277362a1f5bcba2e70b2181c5adf90d,4.614285714285714,4.614285714285714,4.614285714285714,3.6660239040547433e-280,PLW 2,1.0,100.0,100.0,100.0,100.0,100.0,4.4399256222424015e-282,3.0,6.0,2.0,100.0,2.0,2.0,2.0,2.0,3.6660239040547432e-283,3.6660239040547432e-283,3.6660239040547433e-280,162.7547914190039
1,EDM Competitive Langmuir - two high-salt washes,7153f3f39ab39e3944db30e3ecafc691b277362a1f5bcba2e70b2181c5adf90d,4.626428571428572,4.626428571428572,4.626428571428572,4.505336724514568e-280,PLW 2,1.0,100.0,100.0,100.0,100.0,100.0,5.41110089853442e-282,3.0,6.0,2.0,100.0,2.0,2.0,2.0,2.0,4.505336724514569e-283,4.505336724514569e-283,4.505336724514568e-280,162.7547914190039
1,EDM Competitive Langmuir - two high-salt washes,7153f3f39ab39e3944db30e3ecafc691b277362a1f5bcba2e70b2181c5adf90d,4.638571428571428,4.638571428571428,4.638571428571428,5.532913836602813e-280,PLW 2,1.0,100.0,100.0,100.0,100.0,100.0,6.590425612004142e-282,3.0,6.0,2.0,100.0,2.0,2.0,2.0,2.0,5.532913836602813e-283,5.532913836602813e-283,5.532913836602813e-280,162.7547914190039
1,EDM Competitive Langmuir - two high-salt washes,7153f3f39ab39e3944db30e3ecafc691b277362a1f5bcba2e70b2181c5adf90d,4.650714285714286,4.650714285714286,4.650714285714286,6.790117954663453e-280,PLW 2,1.0,100.0,100.0,100.0,100.0,100.0,8.021597627020055e-282,3.0,6.0,2.0,100.0,2.0,2.0,2.0,2.0,6.7901179546634525e-283,6.7901179546634525e-283,6.790117954663453e-280,162.7547914190039
1,EDM Competitive Langmuir - two high-salt washes,7153f3f39ab39e3944db30e3ecafc691b277362a1f5bcba2e70b2181c5adf90d,4.662857142857143,4.662857142857142,4.662857142857142,8.327210197076279e-280,PLW 2,1.0,100.0,100.0,100.0,100.0,100.0,9.757297026804037e-282,3.0,6.0,2.0,100.0,2.0,2.0,2.0,2.0,8.327210197076279e-283,8.327210197076279e-283,8.327210197076279e-280,162.7547914190039
1,EDM Competitive Langmuir - two high-salt washes,7153f3f39ab39e3944db30e3ecafc691b277362a1f5bcba2e70b2181c5adf90d,4.675,4.675,4.675,1.0205223879479499e-279,PLW 2,1.0,100.0,100.0,100.0,100.0,100.0,1.1860993095697393e-281,3.0,6.0,2.0,100.0,2.0,2.0,2.0,2.0,1.02052238794795e-282,1.02052238794795e-282,1.0205223879479499e-279,162.7547914190039
1,EDM Competitive Langmuir - two high-salt washes,7153f3f39ab39e3944db30e3ecafc691b277362a1f5bcba2e70b2181c5adf90d,4.687142857142857,4.687142857142857,4.687142857142857,1.2498224370834267e-279,PLW 2,1.0,100.0,100.0,100.0,100.0,100.0,1.440910689600919e-281,3.0,6.0,2.0,100.0,2.0,2.0,2.0,2.0,1.2498224370834267e-282,1.2498224370834267e-282,1.2498224370834267e-279,162.7547914190039
1,EDM Competitive Langmuir - two high-salt washes,7153f3f39ab39e3944db30e3ecafc691b277362a1f5bcba2e70b2181c5adf90d,4.699285714285714,4.699285714285715,4.699285714285715,1.5296032800709368e-279,PLW 2,1.0,100.0,100.0,100.0,100.0,100.0,1.749359785367718e-281,3.0,6.0,2.0,100.0,2.0,2.0,2.0,2.0,1.5296032800709369e-282,1.5296032800709369e-282,1.5296032800709368e-279,162.7547914190039
1,EDM Competitive Langmuir - two high-salt washes,7153f3f39ab39e3944db30e3ecafc691b277362a1f5bcba2e70b2181c5adf90d,4.711428571428571,4.711428571428571,4.711428571428571,1.870750672607196e-279,PLW 2,1.0,100.0,100.0,100.0,100.0,100.0,2.1225055627567078e-281,3.0,6.0,2.0,100.0,2.0,2.0,2.0,2.0,1.870750672607196e-282,1.870750672607196e-282,1.870750672607196e-279,162.7547914190039
1,EDM Competitive Langmuir - two high-salt washes,7153f3f39ab39e3944db30e3ecafc691b277362a1f5bcba2e70b2181c5adf90d,4.723571428571429,4.723571428571429,4.723571428571429,2.2864489133061634e-279,PLW 2,1.0,100.0,100.0,100.0,100.0,100.0,2.5736393758378932e-281,3.0,6.0,2.0,100.0,2.0,2.0,2.0,2.0,2.2864489133061634e-282,2.2864489133061634e-282,2.2864489133061634e-279,162.7547914190039
1,EDM Competitive Langmuir - two high-salt washes,7153f3f39ab39e3944db30e3ecafc691b277362a1f5bcba2e70b2181c5adf90d,4.735714285714285,4.735714285714285,4.735714285714285,2.792655891712732e-279,PLW 2,1.0,100.0,100.0,100.0,100.0,100.0,3.118725959751146e-281,3.0,6.0,2.0,100.0,2.0,2.0,2.0,2.0,2.792655891712732e-282,2.792655891712732e-282,2.792655891712732e-279,162.7547914190039
1,EDM Competitive Langmuir - two high-salt washes,7153f3f39ab39e3944db30e3ecafc691b277362a1f5bcba2e70b2181c5adf90d,4.747857142857143,4.747857142857143,4.747857142857143,3.408674190847668e-279,PLW 2,1.0,100.0,100.0,100.0,100.0,100.0,3.776929630046437e-281,3.0,6.0,2.0,100.0,2.0,2.0,2.0,2.0,3.408674190847668e-282,3.408674190847668e-282,3.408674190847668e-279,162.7547914190039
1,EDM Competitive Langmuir - two high-salt washes,7153f3f39ab39e3944db30e3ecafc691b277362a1f5bcba2e70b2181c5adf90d,4.76,4.76,4.76,4.157837236326524e-279,PLW 2,1.0,100.0,100.0,100.0,100.0,100.0,4.571241781627741e-281,3.0,6.0,2.0,100.0,2.0,2.0,2.0,2.0,4.157837236326524e-282,4.157837236326524e-282,4.157837236326524e-279,162.7547914190039
1,EDM Competitive Langmuir - two high-salt washes,7153f3f39ab39e3944db30e3ecafc691b277362a1f5bcba2e70b2181c5adf90d,4.772142857142857,4.772142857142857,4.772142857142857,5.068333153960704e-279,PLW 2,1.0,100.0,100.0,100.0,100.0,100.0,5.529228749810869e-281,3.0,6.0,2.0,100.0,2.0,2.0,2.0,2.0,5.068333153960704e-282,5.068333153960704e-282,5.068333153960704e-279,162.7547914190039
1,EDM Competitive Langmuir - two high-salt washes,7153f3f39ab39e3944db30e3ecafc691b277362a1f5bcba2e70b2181c5adf90d,4.784285714285714,4.784285714285714,4.784285714285714,6.174193360191248e-279,PLW 2,1.0,100.0,100.0,100.0,100.0,100.0,6.683922600218904e-281,3.0,6.0,2.0,100.0,2.0,2.0,2.0,2.0,6.174193360191248e-282,6.174193360191248e-282,6.174193360191248e-279,162.7547914190039
1,EDM Competitive Langmuir - two high-salt washes,7153f3f39ab39e3944db30e3ecafc691b277362a1f5bcba2e70b2181c5adf90d,4.796428571428572,4.796428571428571,4.796428571428571,7.516478092308464e-279,PLW 2,1.0,100.0,100.0,100.0,100.0,100.0,8.074881547301387e-281,3.0,6.0,2.0,100.0,2.0,2.0,2.0,2.0,7.516478092308464e-282,7.516478092308464e-282,7.516478092308464e-279,162.7547914190039
1,EDM Competitive Langmuir - two high-salt washes,7153f3f39ab39e3944db30e3ecafc691b277362a1f5bcba2e70b2181c5adf90d,4.808571428571428,4.808571428571428,4.808571428571428,9.144697238644909e-279,PLW 2,1.0,100.0,100.0,100.0,100.0,100.0,9.749451573240708e-281,3.0,6.0,2.0,100.0,2.0,2.0,2.0,2.0,9.14469723864491e-282,9.14469723864491e-282,9.144697238644909e-279,162.7547914190039
1,EDM Competitive Langmuir - two high-salt washes,7153f3f39ab39e3944db30e3ecafc691b277362a1f5bcba2e70b2181c5adf90d,4.820714285714286,4.820714285714286,4.820714285714286,1.1118512130205639e-278,PLW 2,1.0,100.0,100.0,100.0,100.0,100.0,1.176426655878345e-280,3.0,6.0,2.0,100.0,2.0,2.0,2.0,2.0,1.1118512130205638e-281,1.1118512130205638e-281,1.1118512130205639e-278,162.7547914190039
1,EDM Competitive Langmuir - two high-salt washes,7153f3f39ab39e3944db30e3ecafc691b277362a1f5bcba2e70b2181c5adf90d,4.832857142857142,4.832857142857142,4.832857142857142,1.3509772613545973e-278,PLW 2,1.0,100.0,100.0,100.0,100.0,100.0,1.4187030995851568e-280,3.0,6.0,2.0,100.0,2.0,2.0,2.0,2.0,1.3509772613545973e-281,1.3509772613545973e-281,1.3509772613545973e-278,162.7547914190039
1,EDM Competitive Langmuir - two high-salt washes,7153f3f39ab39e3944db30e3ecafc691b277362a1f5bcba2e70b2181c5adf90d,4.845,4.845,4.845,1.640495398626475e-278,PLW 2,1.0,100.0,100.0,100.0,100.0,100.0,1.7098637304973146e-280,3.0,6.0,2.0,100.0,2.0,2.0,2.0,2.0,1.640495398626475e-281,1.640495398626475e-281,1.640495398626475e-278,162.7547914190039
1,EDM Competitive Langmuir - two high-salt washes,7153f3f39ab39e3944db30e3ecafc691b277362a1f5bcba2e70b2181c5adf90d,4.857142857142857,4.857142857142857,4.857142857142857,1.9908070530899896e-278,PLW 2,1.0,100.0,100.0,100.0,100.0,100.0,2.059567913463143e-280,3.0,6.0,2.0,100.0,2.0,2.0,2.0,2.0,1.9908070530899895e-281,1.9908070530899895e-281,1.9908070530899896e-278,162.7547914190039
1,EDM Competitive Langmuir - two high-salt washes,7153f3f39ab39e3944db30e3ecafc691b277362a1f5bcba2e70b2181c5adf90d,4.869285714285714,4.869285714285714,4.869285714285714,2.414415677103328e-278,PLW 2,1.0,100.0,100.0,100.0,100.0,100.0,2.479343301526644e-280,3.0,6.0,2.0,100.0,2.0,2.0,2.0,2.0,2.414415677103328e-281,2.414415677103328e-281,2.414415677103328e-278,162.7547914190039
1,EDM Competitive Langmuir - two high-salt washes,7153f3f39ab39e3944db30e3ecafc691b277362a1f5bcba2e70b2181c5adf90d,4.881428571428571,4.881428571428571,4.881428571428571,2.926342459546445e-278,PLW 2,1.0,100.0,100.0,100.0,100.0,100.0,2.982939365878676e-280,3.0,6.0,2.0,100.0,2.0,2.0,2.0,2.0,2.926342459546445e-281,2.926342459546445e-281,2.926342459546445e-278,162.7547914190039
1,EDM Competitive Langmuir - two high-salt washes,7153f3f39ab39e3944db30e3ecafc691b277362a1f5bcba2e70b2181c5adf90d,4.893571428571429,4.893571428571429,4.893571428571429,3.544622452295164e-278,PLW 2,1.0,100.0,100.0,100.0,100.0,100.0,3.5867463362931955e-280,3.0,6.0,2.0,100.0,2.0,2.0,2.0,2.0,3.544622452295164e-281,3.544622452295164e-281,3.544622452295164e-278,162.7547914190039
1,EDM Competitive Langmuir - two high-salt washes,7153f3f39ab39e3944db30e3ecafc691b277362a1f5bcba2e70b2181c5adf90d,4.905714285714286,4.905714285714286,4.905714285714286,4.290896316363737e-278,PLW 2,1.0,100.0,100.0,100.0,100.0,100.0,4.3102913780893497e-280,3.0,6.0,2.0,100.0,2.0,2.0,2.0,2.0,4.2908963163637373e-281,4.2908963163637373e-281,4.290896316363737e-278,162.7547914190039
1,EDM Competitive Langmuir - two high-salt washes,7153f3f39ab39e3944db30e3ecafc691b277362a1f5bcba2e70b2181c5adf90d,4.917857142857143,4.917857142857143,4.917857142857143,5.1911157022168075e-278,PLW 2,1.0,100.0,100.0,100.0,100.0,100.0,5.176825919590041e-280,3.0,6.0,2.0,100.0,2.0,2.0,2.0,2.0,5.191115702216807e-281,5.191115702216807e-281,5.1911157022168075e-278,162.7547914190039
1,EDM Competitive Langmuir - two high-salt washes,7153f3f39ab39e3944db30e3ecafc691b277362a1f5bcba2e70b2181c5adf90d,4.930000000000001,4.93,4.93,6.276383594192518e-278,PLW 2,1.0,100.0,100.0,100.0,100.0,100.0,6.214020491699799e-280,3.0,6.0,2.0,100.0,2.0,2.0,2.0,2.0,6.276383594192519e-281,6.276383594192519e-281,6.276383594192518e-278,162.7547914190039
1,EDM Competitive Langmuir - two high-salt washes,7153f3f39ab39e3944db30e3ecafc691b277362a1f5bcba2e70b2181c5adf90d,4.942142857142857,4.942142857142857,4.942142857142857,7.58395486009578e-278,PLW 2,1.0,100.0,100.0,100.0,100.0,100.0,7.454786309036976e-280,3.0,6.0,2.0,100.0,2.0,2.0,2.0,2.0,7.583954860095781e-281,7.583954860095781e-281,7.58395486009578e-278,162.7547914190039
1,EDM Competitive Langmuir - two high-salt washes,7153f3f39ab39e3944db30e3ecafc691b277362a1f5bcba2e70b2181c5adf90d,4.954285714285715,4.954285714285715,4.954285714285715,9.158426858203395e-278,PLW 2,1.0,100.0,100.0,100.0,100.0,100.0,8.93824618035791e-280,3.0,6.0,2.0,100.0,2.0,2.0,2.0,2.0,9.158426858203394e-281,9.158426858203394e-281,9.158426858203395e-278,162.7547914190039
1,EDM Competitive Langmuir - two high-salt washes,7153f3f39ab39e3944db30e3ecafc691b277362a1f5bcba2e70b2181c5adf90d,4.966428571428571,4.966428571428571,4.966428571428571,1.1053155387415295e-277,PLW 2,1.0,100.0,100.0,100.0,100.0,100.0,1.0710881266589481e-279,3.0,6.0,2.0,100.0,2.0,2.0,2.0,2.0,1.1053155387415294e-280,1.1053155387415294e-280,1.1053155387415295e-277,162.7547914190039
1,EDM Competitive Langmuir - two high-salt washes,7153f3f39ab39e3944db30e3ecafc691b277362a1f5bcba2e70b2181c5adf90d,4.978571428571429,4.978571428571429,4.978571428571429,1.3331937665121716e-277,PLW 2,1.0,100.0,100.0,100.0,100.0,100.0,1.2827884802745951e-279,3.0,6.0,2.0,100.0,2.0,2.0,2.0,2.0,1.3331937665121716e-280,1.3331937665121716e-280,1.3331937665121716e-277,162.7547914190039
1,EDM Competitive Langmuir - two high-salt washes,7153f3f39ab39e3944db30e3ecafc691b277362a1f5bcba2e70b2181c5adf90d,4.990714285714286,4.990714285714286,4.990714285714286,1.6071011548812614e-277,PLW 2,1.0,100.0,100.0,100.0,100.0,100.0,1.5354759275803023e-279,3.0,6.0,2.0,100.0,2.0,2.0,2.0,2.0,1.6071011548812613e-280,1.6071011548812613e-280,1.6071011548812614e-277,162.7547914190039
1,EDM Competitive Langmuir - two high-salt washes,7153f3f39ab39e3944db30e3ecafc691b277362a1f5bcba2e70b2181c5adf90d,5.002857142857143,5.002857142857143,5.002857142857143,1.9361429077104916e-277,Elution 1,1.0,99.96428571428572,99.96428571428572,100.0,99.96607142857142,100.0,1.836919983256259e-279,4.0,6.0,2.0,100.0,2.0,1.9993214285714287,2.0,2.0,1.9361429077104915e-280,1.9361429077104915e-280,1.9361429077104916e-277,162.7547914190039
1,EDM Competitive Langmuir - two high-salt washes,7153f3f39ab39e3944db30e3ecafc691b277362a1f5bcba2e70b2181c5adf90d,5.015,5.015,5.015,2.331187282210107e-277,Elution 1,1.0,99.8125,99.8125,100.0,99.821875,100.0,2.1963314028546237e-279,4.0,6.0,2.0,100.0,2.0,1.9964375,2.0,2.0,2.331187282210107e-280,2.331187282210107e-280,2.331187282210107e-277,162.7547914190039
1,EDM Competitive Langmuir - two high-salt washes,7153f3f39ab39e3944db30e3ecafc691b277362a1f5bcba2e70b2181c5adf90d,5.027142857142858,5.027142857142858,5.027142857142858,2.8051995784603397e-277,Elution 1,1.0,99.66071428571428,99.66071428571428,100.0,99.67767857142857,100.0,2.624623659379965e-279,4.0,6.0,2.0,100.0,2.0,1.9935535714285713,2.0,2.0,2.80519957846034e-280,2.80519957846034e-280,2.8051995784603397e-277,162.7547914190039
1,EDM Competitive Langmuir - two high-salt washes,7153f3f39ab39e3944db30e3ecafc691b277362a1f5bcba2e70b2181c5adf90d,5.039285714285714,5.039285714285714,5.039285714285714,3.3736379937939143e-277,Elution 1,1.0,99.50892857142858,99.50892857142858,100.0,99.53348214285715,100.0,3.1347207884436065e-279,4.0,6.0,2.0,100.0,2.0,1.990669642857143,2.0,2.0,3.3736379937939144e-280,3.3736379937939144e-280,3.3736379937939143e-277,162.7547914190039
1,EDM Competitive Langmuir - two high-salt washes,7153f3f39ab39e3944db30e3ecafc691b277362a1f5bcba2e70b2181c5adf90d,5.051428571428572,5.051428571428572,5.051428571428572,4.0549225398083417e-277,Elution 1,1.0,99.35714285714286,99.35714285714286,100.0,99.3892857142857,100.0,3.741919634199883e-279,4.0,6.0,2.0,100.0,2.0,1.9877857142857143,2.0,2.0,4.0549225398083415e-280,4.0549225398083415e-280,4.0549225398083417e-277,162.7547914190039
1,EDM Competitive Langmuir - two high-salt washes,7153f3f39ab39e3944db30e3ecafc691b277362a1f5bcba2e70b2181c5adf90d,5.063571428571428,5.063571428571428,5.063571428571428,4.870990199060307e-277,Elution 1,1.0,99.20535714285715,99.20535714285715,100.0,99.2450892857143,100.0,4.46431588651178e-279,4.0,6.0,2.0,100.0,2.0,1.9849017857142859,2.0,2.0,4.870990199060307e-280,4.870990199060307e-280,4.870990199060307e-277,162.7547914190039
1,EDM Competitive Langmuir - two high-salt washes,7153f3f39ab39e3944db30e3ecafc691b277362a1f5bcba2e70b2181c5adf90d,5.075714285714286,5.075714285714286,5.075714285714286,5.847951819190455e-277,Elution 1,1.0,99.05357142857143,99.05357142857143,100.0,99.10089285714285,100.0,5.323304882088351e-279,4.0,6.0,2.0,100.0,2.0,1.982017857142857,2.0,2.0,5.847951819190455e-280,5.847951819190455e-280,5.847951819190455e-277,162.7547914190039
1,EDM Competitive Langmuir - two high-salt washes,7153f3f39ab39e3944db30e3ecafc691b277362a1f5bcba2e70b2181c5adf90d,5.087857142857143,5.087857142857143,5.087857142857143,7.01686896174148e-277,Elution 1,1.0,98.90178571428572,98.90178571428572,100.0,98.95669642857143,100.0,6.344169984704238e-279,4.0,6.0,2.0,100.0,2.0,1.9791339285714287,2.0,2.0,7.01686896174148e-280,7.01686896174148e-280,7.01686896174148e-277,162.7547914190039
1,EDM Competitive Langmuir - two high-salt washes,7153f3f39ab39e3944db30e3ecafc691b277362a1f5bcba2e70b2181c5adf90d,5.1,5.1,5.1,8.414672108126896e-277,Elution 1,1.0,98.75,98.75,100.0,98.8125,100.0,7.556773503733833e-279,4.0,6.0,2.0,100.0,2.0,1.97625,2.0,2.0,8.414672108126896e-280,8.414672108126896e-280,8.414672108126896e-277,162.7547914190039
1,EDM Competitive Langmuir - two high-salt washes,7153f3f39ab39e3944db30e3ecafc691b277362a1f5bcba2e70b2181c5adf90d,5.112142857142857,5.112142857142857,5.112142857142857,1.0085245353801792e-276,Elution 1,1.0,98.59821428571429,98.59821428571429,100.0,98.66830357142858,100.0,8.996367604268611e-279,4.0,6.0,2.0,100.0,2.0,1.9733660714285715,2.0,2.0,1.0085245353801792e-279,1.0085245353801792e-279,1.0085245353801792e-276,162.7547914190039
1,EDM Competitive Langmuir - two high-salt washes,7153f3f39ab39e3944db30e3ecafc691b277362a1f5bcba2e70b2181c5adf90d,5.1242857142857146,5.1242857142857146,5.1242857142857146,1.2080707084102508e-276,Elution 1,1.0,98.44642857142857,98.44642857142857,100.0,98.52410714285713,100.0,1.0704545561715915e-278,4.0,6.0,2.0,100.0,2.0,1.9704821428571428,2.0,2.0,1.2080707084102509e-279,1.2080707084102509e-279,1.2080707084102508e-276,162.7547914190039
1,EDM Competitive Langmuir - two high-salt washes,7153f3f39ab39e3944db30e3ecafc691b277362a1f5bcba2e70b2181c5adf90d,5.136428571428571,5.136428571428571,5.136428571428571,1.4462921226488533e-276,Elution 1,1.0,98.29464285714286,98.29464285714286,100.0,98.37991071428573,100.0,1.2730357083270016e-278,4.0,6.0,2.0,100.0,2.0,1.9675982142857145,2.0,2.0,1.4462921226488534e-279,1.4462921226488534e-279,1.4462921226488533e-276,162.7547914190039
1,EDM Competitive Langmuir - two high-salt washes,7153f3f39ab39e3944db30e3ecafc691b277362a1f5bcba2e70b2181c5adf90d,5.148571428571429,5.148571428571429,5.148571428571429,1.7305279636059163e-276,Elution 1,1.0,98.14285714285714,98.14285714285714,100.0,98.23571428571428,100.0,1.513161533223787e-278,4.0,6.0,2.0,100.0,2.0,1.9647142857142856,2.0,2.0,1.7305279636059163e-279,1.7305279636059163e-279,1.7305279636059163e-276,162.7547914190039
1,EDM Competitive Langmuir - two high-salt washes,7153f3f39ab39e3944db30e3ecafc691b277362a1f5bcba2e70b2181c5adf90d,5.160714285714286,5.160714285714286,5.160714285714286,2.0694803135846067e-276,Elution 1,1.0,97.99107142857143,97.99107142857143,100.0,98.09151785714286,100.0,1.7976427834495167e-278,4.0,6.0,2.0,100.0,2.0,1.9618303571428573,2.0,2.0,2.0694803135846065e-279,2.0694803135846065e-279,2.0694803135846067e-276,162.7547914190039
1,EDM Competitive Langmuir - two high-salt washes,7153f3f39ab39e3944db30e3ecafc691b277362a1f5bcba2e70b2181c5adf90d,5.172857142857143,5.172857142857143,5.172857142857143,2.4734616864886405e-276,Elution 1,1.0,97.83928571428572,97.83928571428572,100.0,97.94732142857143,100.0,2.1344988718129997e-278,4.0,6.0,2.0,100.0,2.0,1.9589464285714286,2.0,2.0,2.4734616864886406e-279,2.4734616864886406e-279,2.4734616864886405e-276,162.7547914190039
1,EDM Competitive Langmuir - two high-salt washes,7153f3f39ab39e3944db30e3ecafc691b277362a1f5bcba2e70b2181c5adf90d,5.185,5.185,5.185,2.9546865075975937e-276,Elution 1,1.0,97.6875,97.6875,100.0,97.80312500000001,100.0,2.5331675851402258e-278,4.0,6.0,2.0,100.0,2.0,1.9560625,2.0,2.0,2.9546865075975936e-279,2.9546865075975936e-279,2.9546865075975937e-276,162.7547914190039
1,EDM Competitive Langmuir - two high-salt washes,7153f3f39ab39e3944db30e3ecafc691b277362a1f5bcba2e70b2181c5adf90d,5.197142857142857,5.197142857142857,5.197142857142857,3.52761415922704e-276,Elution 1,1.0,97.53571428571429,97.53571428571429,100.0,97.65892857142858,100.0,3.0047503531715575e-278,4.0,6.0,2.0,100.0,2.0,1.9531785714285717,2.0,2.0,3.52761415922704e-279,3.52761415922704e-279,3.52761415922704e-276,162.7547914190039
1,EDM Competitive Langmuir - two high-salt washes,7153f3f39ab39e3944db30e3ecafc691b277362a1f5bcba2e70b2181c5adf90d,5.209285714285714,5.209285714285714,5.209285714285714,4.209352503342844e-276,Elution 1,1.0,97.38392857142858,97.38392857142858,100.0,97.51473214285716,100.0,3.562298959036653e-278,4.0,6.0,2.0,100.0,2.0,1.950294642857143,2.0,2.0,4.209352503342844e-279,4.209352503342844e-279,4.209352503342844e-276,162.7547914190039
1,EDM Competitive Langmuir - two high-salt washes,7153f3f39ab39e3944db30e3ecafc691b277362a1f5bcba2e70b2181c5adf90d,5.2214285714285715,5.2214285714285715,5.2214285714285715,5.020132295414274e-276,Elution 1,1.0,97.23214285714286,97.23214285714286,100.0,97.37053571428571,100.0,4.2211505288349367e-278,4.0,6.0,2.0,100.0,2.0,1.9474107142857142,2.0,2.0,5.020132295414274e-279,5.020132295414274e-279,5.020132295414274e-276,162.7547914190039
1,EDM Competitive Langmuir - two high-salt washes,7153f3f39ab39e3944db30e3ecafc691b277362a1f5bcba2e70b2181c5adf90d,5.233571428571428,5.233571428571428,5.233571428571428,5.983864654369127e-276,Elution 1,1.0,97.08035714285715,97.08035714285715,100.0,97.2263392857143,100.0,4.999318738744376e-278,4.0,6.0,2.0,100.0,2.0,1.9445267857142858,2.0,2.0,5.983864654369127e-279,5.983864654369127e-279,5.983864654369127e-276,162.7547914190039
1,EDM Competitive Langmuir - two high-salt washes,7153f3f39ab39e3944db30e3ecafc691b277362a1f5bcba2e70b2181c5adf90d,5.2457142857142856,5.2457142857142856,5.2457142857142856,7.128795791135132e-276,Elution 1,1.0,96.92857142857143,96.92857142857143,100.0,97.08214285714286,100.0,5.917950451837553e-278,4.0,6.0,2.0,100.0,2.0,1.9416428571428572,2.0,2.0,7.128795791135132e-279,7.128795791135132e-279,7.128795791135132e-276,162.7547914190039
1,EDM Competitive Langmuir - two high-salt washes,7153f3f39ab39e3944db30e3ecafc691b277362a1f5bcba2e70b2181c5adf90d,5.257857142857143,5.257857142857143,5.257857142857143,8.488275568785724e-276,Elution 1,1.0,96.77678571428572,96.77678571428572,100.0,96.93794642857144,100.0,7.001858469840159e-278,4.0,6.0,2.0,100.0,2.0,1.9387589285714286,2.0,2.0,8.488275568785724e-279,8.488275568785724e-279,8.488275568785724e-276,162.7547914190039
1,EDM Competitive Langmuir - two high-salt washes,7153f3f39ab39e3944db30e3ecafc691b277362a1f5bcba2e70b2181c5adf90d,5.27,5.27,5.27,1.0101659223793227e-275,Elution 1,1.0,96.625,96.625,100.0,96.79375,100.0,8.280142787825904e-278,4.0,6.0,2.0,100.0,2.0,1.935875,2.0,2.0,1.0101659223793227e-278,1.0101659223793227e-278,1.0101659223793227e-275,162.7547914190039
1,EDM Competitive Langmuir - two high-salt washes,7153f3f39ab39e3944db30e3ecafc691b277362a1f5bcba2e70b2181c5adf90d,5.282142857142857,5.282142857142857,5.282142857142857,1.2015364781544952e-275,Elution 1,1.0,96.47321428571429,96.47321428571429,100.0,96.64955357142858,100.0,9.786914707191571e-278,4.0,6.0,2.0,100.0,2.0,1.9329910714285716,2.0,2.0,1.2015364781544951e-278,1.2015364781544951e-278,1.2015364781544952e-275,162.7547914190039
1,EDM Competitive Langmuir - two high-salt washes,7153f3f39ab39e3944db30e3ecafc691b277362a1f5bcba2e70b2181c5adf90d,5.2942857142857145,5.2942857142857145,5.2942857142857145,1.4284112420837472e-275,Elution 1,1.0,96.32142857142857,96.32142857142857,100.0,96.50535714285714,100.0,1.1562140434281418e-277,4.0,6.0,2.0,100.0,2.0,1.9301071428571428,2.0,2.0,1.428411242083747e-278,1.428411242083747e-278,1.4284112420837472e-275,162.7547914190039
1,EDM Competitive Langmuir - two high-salt washes,7153f3f39ab39e3944db30e3ecafc691b277362a1f5bcba2e70b2181c5adf90d,5.306428571428571,5.306428571428571,5.306428571428571,1.6972376363109983e-275,Elution 1,1.0,96.16964285714286,96.16964285714286,100.0,96.36116071428572,100.0,1.365262341468649e-277,4.0,6.0,2.0,100.0,2.0,1.9272232142857144,2.0,2.0,1.697237636310998e-278,1.697237636310998e-278,1.6972376363109983e-275,162.7547914190039
1,EDM Competitive Langmuir - two high-salt washes,7153f3f39ab39e3944db30e3ecafc691b277362a1f5bcba2e70b2181c5adf90d,5.3185714285714285,5.3185714285714285,5.3185714285714285,2.015608487684706e-275,Elution 1,1.0,96.01785714285714,96.01785714285714,100.0,96.21696428571428,100.0,1.6113147679287742e-277,4.0,6.0,2.0,100.0,2.0,1.9243392857142858,2.0,2.0,2.015608487684706e-278,2.015608487684706e-278,2.015608487684706e-275,162.7547914190039
1,EDM Competitive Langmuir - two high-salt washes,7153f3f39ab39e3944db30e3ecafc691b277362a1f5bcba2e70b2181c5adf90d,5.3307142857142855,5.3307142857142855,5.3307142857142855,2.392460980436492e-275,Elution 1,1.0,95.86607142857143,95.86607142857143,100.0,96.07276785714286,100.0,1.9007807967967358e-277,4.0,6.0,2.0,100.0,2.0,1.9214553571428572,2.0,2.0,2.392460980436492e-278,2.392460980436492e-278,2.392460980436492e-275,162.7547914190039
1,EDM Competitive Langmuir - two high-salt washes,7153f3f39ab39e3944db30e3ecafc691b277362a1f5bcba2e70b2181c5adf90d,5.3428571428571425,5.3428571428571425,5.3428571428571425,2.838309376219315e-275,Elution 1,1.0,95.71428571428572,95.71428571428572,100.0,95.92857142857143,100.0,2.2411556419888126e-277,4.0,6.0,2.0,100.0,2.0,1.9185714285714286,2.0,2.0,2.838309376219315e-278,2.838309376219315e-278,2.838309376219315e-275,162.7547914190039
1,EDM Competitive Langmuir - two high-salt washes,7153f3f39ab39e3944db30e3ecafc691b277362a1f5bcba2e70b2181c5adf90d,5.355,5.355,5.355,3.365517098143121e-275,Elution 1,1.0,95.5625,95.5625,100.0,95.784375,100.0,2.641200025465888e-277,4.0,6.0,2.0,100.0,2.0,1.9156875,2.0,2.0,3.365517098143121e-278,3.365517098143121e-278,3.365517098143121e-275,162.7547914190039
1,EDM Competitive Langmuir - two high-salt washes,7153f3f39ab39e3944db30e3ecafc691b277362a1f5bcba2e70b2181c5adf90d,5.3671428571428565,5.3671428571428565,5.3671428571428565,3.988614680670794e-275,Elution 1,1.0,95.41071428571429,95.41071428571429,100.0,95.64017857142858,100.0,3.1111490207431696e-277,4.0,6.0,2.0,100.0,2.0,1.9128035714285716,2.0,2.0,3.988614680670794e-278,3.988614680670794e-278,3.988614680670794e-275,162.7547914190039
1,EDM Competitive Langmuir - two high-salt washes,7153f3f39ab39e3944db30e3ecafc691b277362a1f5bcba2e70b2181c5adf90d,5.3792857142857144,5.3792857142857144,5.3792857142857144,4.72467113524695e-275,Elution 1,1.0,95.25892857142857,95.25892857142857,100.0,95.49598214285714,100.0,3.662954562700147e-277,4.0,6.0,2.0,100.0,2.0,1.9099196428571428,2.0,2.0,4.72467113524695e-278,4.72467113524695e-278,4.72467113524695e-275,162.7547914190039
1,EDM Competitive Langmuir - two high-salt washes,7153f3f39ab39e3944db30e3ecafc691b277362a1f5bcba2e70b2181c5adf90d,5.3914285714285715,5.3914285714285715,5.3914285714285715,5.593727494275263e-275,Elution 1,1.0,95.10714285714286,95.10714285714286,100.0,95.35178571428571,100.0,4.3105669218201643e-277,4.0,6.0,2.0,100.0,2.0,1.9070357142857142,2.0,2.0,5.593727494275263e-278,5.593727494275263e-278,5.593727494275263e-275,162.7547914190039
1,EDM Competitive Langmuir - two high-salt washes,7153f3f39ab39e3944db30e3ecafc691b277362a1f5bcba2e70b2181c5adf90d,5.4035714285714285,5.4035714285714285,5.4035714285714285,6.619302698780398e-275,Elution 1,1.0,94.95535714285714,94.95535714285714,100.0,95.20758928571429,100.0,5.070261254438668e-277,4.0,6.0,2.0,100.0,2.0,1.9041517857142858,2.0,2.0,6.619302698780398e-278,6.619302698780398e-278,6.619302698780398e-275,162.7547914190039
1,EDM Competitive Langmuir - two high-salt washes,7153f3f39ab39e3944db30e3ecafc691b277362a1f5bcba2e70b2181c5adf90d,5.4157142857142855,5.4157142857142855,5.4157142857142855,7.82898361677209e-275,Elution 1,1.0,94.80357142857143,94.80357142857143,100.0,95.06339285714286,100.0,5.961016275792919e-277,4.0,6.0,2.0,100.0,2.0,1.9012678571428572,2.0,2.0,7.82898361677209e-278,7.82898361677209e-278,7.82898361677209e-275,162.7547914190039
1,EDM Competitive Langmuir - two high-salt washes,7153f3f39ab39e3944db30e3ecafc691b277362a1f5bcba2e70b2181c5adf90d,5.427857142857143,5.427857142857143,5.427857142857143,9.25511285329789e-275,Elution 1,1.0,94.65178571428571,94.65178571428571,100.0,94.91919642857142,100.0,7.004953177414639e-277,4.0,6.0,2.0,100.0,2.0,1.8983839285714286,2.0,2.0,9.25511285329789e-278,9.25511285329789e-278,9.25511285329789e-275,162.7547914190039
1,EDM Competitive Langmuir - two high-salt washes,7153f3f39ab39e3944db30e3ecafc691b277362a1f5bcba2e70b2181c5adf90d,5.4399999999999995,5.4399999999999995,5.4399999999999995,1.0935590177661357e-274,Elution 1,1.0,94.5,94.5,100.0,94.775,100.0,8.227844144961471e-277,4.0,6.0,2.0,100.0,2.0,1.8955000000000002,2.0,2.0,1.0935590177661357e-277,1.0935590177661357e-277,1.0935590177661357e-274,162.7547914190039
1,EDM Competitive Langmuir - two high-salt washes,7153f3f39ab39e3944db30e3ecafc691b277362a1f5bcba2e70b2181c5adf90d,5.452142857142857,5.452142857142857,5.452142857142857,1.2914805892190644e-274,Elution 1,1.0,94.34821428571428,94.34821428571428,100.0,94.63080357142857,100.0,9.659701250111277e-277,4.0,6.0,2.0,100.0,2.0,1.8926160714285714,2.0,2.0,1.2914805892190645e-277,1.2914805892190645e-277,1.2914805892190644e-274,162.7547914190039
1,EDM Competitive Langmuir - two high-salt washes,7153f3f39ab39e3944db30e3ecafc691b277362a1f5bcba2e70b2181c5adf90d,5.4642857142857135,5.4642857142857135,5.4642857142857135,1.5244727350604788e-274,Elution 1,1.0,94.19642857142858,94.19642857142858,100.0,94.48660714285715,100.0,1.133545811704855e-276,4.0,6.0,2.0,100.0,2.0,1.889732142857143,2.0,2.0,1.5244727350604788e-277,1.5244727350604788e-277,1.5244727350604788e-274,162.7547914190039
1,EDM Competitive Langmuir - two high-salt washes,7153f3f39ab39e3944db30e3ecafc691b277362a1f5bcba2e70b2181c5adf90d,5.476428571428571,5.476428571428571,5.476428571428571,1.7986163160198033e-274,Elution 1,1.0,94.04464285714286,94.04464285714286,100.0,94.34241071428572,100.0,1.3295758630508895e-276,4.0,6.0,2.0,100.0,2.0,1.8868482142857144,2.0,2.0,1.7986163160198032e-277,1.7986163160198032e-277,1.7986163160198033e-274,162.7547914190039
1,EDM Competitive Langmuir - two high-salt washes,7153f3f39ab39e3944db30e3ecafc691b277362a1f5bcba2e70b2181c5adf90d,5.488571428571428,5.488571428571428,5.488571428571428,2.1210233436857207e-274,Elution 1,1.0,93.89285714285714,93.89285714285714,100.0,94.19821428571429,100.0,1.5587869092650248e-276,4.0,6.0,2.0,100.0,2.0,1.8839642857142858,2.0,2.0,2.1210233436857208e-277,2.1210233436857208e-277,2.1210233436857207e-274,162.7547914190039
1,EDM Competitive Langmuir - two high-salt washes,7153f3f39ab39e3944db30e3ecafc691b277362a1f5bcba2e70b2181c5adf90d,5.5007142857142854,5.5007142857142854,5.5007142857142854,2.500007890121012e-274,Elution 1,1.0,93.74107142857143,93.74107142857143,100.0,94.05401785714287,100.0,1.826673268937147e-276,4.0,6.0,2.0,100.0,2.0,1.8810803571428572,2.0,2.0,2.5000078901210123e-277,2.5000078901210123e-277,2.500007890121012e-274,162.7547914190039
1,EDM Competitive Langmuir - two high-salt washes,7153f3f39ab39e3944db30e3ecafc691b277362a1f5bcba2e70b2181c5adf90d,5.5128571428571425,5.5128571428571425,5.5128571428571425,2.9452846694688147e-274,Elution 1,1.0,93.58928571428572,93.58928571428572,100.0,93.90982142857143,100.0,2.13961879376755e-276,4.0,6.0,2.0,100.0,2.0,1.8781964285714288,2.0,2.0,2.9452846694688147e-277,2.9452846694688147e-277,2.9452846694688147e-274,162.7547914190039
1,EDM Competitive Langmuir - two high-salt washes,7153f3f39ab39e3944db30e3ecafc691b277362a1f5bcba2e70b2181c5adf90d,5.525,5.525,5.525,3.468199665538866e-274,Elution 1,1.0,93.4375,93.4375,100.0,93.765625,100.0,2.5050376005108807e-276,4.0,6.0,2.0,100.0,2.0,1.8753125,2.0,2.0,3.468199665538866e-277,3.468199665538866e-277,3.468199665538866e-274,162.7547914190039
1,EDM Competitive Langmuir - two high-salt washes,7153f3f39ab39e3944db30e3ecafc691b277362a1f5bcba2e70b2181c5adf90d,5.5371428571428565,5.5371428571428565,5.5371428571428565,4.081997853895394e-274,Elution 1,1.0,93.28571428571429,93.28571428571429,100.0,93.62142857142858,100.0,2.931536547797896e-276,4.0,6.0,2.0,100.0,2.0,1.8724285714285716,2.0,2.0,4.081997853895394e-277,4.081997853895394e-277,4.081997853895394e-274,162.7547914190039
1,EDM Competitive Langmuir - two high-salt washes,7153f3f39ab39e3944db30e3ecafc691b277362a1f5bcba2e70b2181c5adf90d,5.549285714285714,5.549285714285714,5.549285714285714,4.802133842926242e-274,Elution 1,1.0,93.13392857142857,93.13392857142857,100.0,93.47723214285715,100.0,3.4291027372799584e-276,4.0,6.0,1.9999999999999998,100.0,1.9999999999999998,1.869544642857143,1.9999999999999998,1.9999999999999998,4.802133842926242e-277,4.802133842926242e-277,4.802133842926242e-274,162.75479141900362
1,EDM Competitive Langmuir - two high-salt washes,7153f3f39ab39e3944db30e3ecafc691b277362a1f5bcba2e70b2181c5adf90d,5.5614285714285705,5.561428571428571,5.561428571428571,5.646632150609051e-274,Elution 1,1.0,92.98214285714286,92.98214285714286,100.0,93.33303571428571,100.0,4.009319801000731e-276,4.0,6.0,1.9999999999999998,100.0,1.9999999999999998,1.8666607142857143,1.9999999999999998,1.9999999999999998,5.646632150609051e-277,5.646632150609051e-277,5.646632150609051e-274,162.75479141900362
1,EDM Competitive Langmuir - two high-salt washes,7153f3f39ab39e3944db30e3ecafc691b277362a1f5bcba2e70b2181c5adf90d,5.573571428571428,5.573571428571428,5.573571428571428,6.63650485919514e-274,Elution 1,1.0,92.83035714285714,92.83035714285714,99.99999999999991,93.1888392857143,99.99999999999991,4.68561728855878e-276,4.0,6.0,1.9999999999999984,100.0,1.9999999999999984,1.8637767857142857,1.9999999999999984,1.9999999999999984,6.636504859195141e-277,6.636504859195141e-277,6.63650485919514e-274,162.75479141900246
1,EDM Competitive Langmuir - two high-salt washes,7153f3f39ab39e3944db30e3ecafc691b277362a1f5bcba2e70b2181c5adf90d,5.585714285714285,5.585714285714285,5.585714285714285,7.796235568180184e-274,Elution 1,1.0,92.67857142857143,92.67857142857143,99.99999999999967,93.04464285714286,99.99999999999967,5.473558098144097e-276,4.0,6.0,1.999999999999994,100.0,1.999999999999994,1.8608928571428571,1.999999999999994,1.999999999999994,7.796235568180184e-277,7.796235568180184e-277,7.796235568180184e-274,162.75479141899814
1,EDM Competitive Langmuir - two high-salt washes,7153f3f39ab39e3944db30e3ecafc691b277362a1f5bcba2e70b2181c5adf90d,5.597857142857142,5.597857142857142,5.597857142857142,9.154339918881841e-274,Elution 1,1.0,92.52678571428572,92.52678571428572,99.9999999999995,92.90044642857143,99.99999999999969,6.3911696159056155e-276,4.0,6.0,1.9999999999999942,100.0,1.9999999999999942,1.8580089285714287,1.9999999999999942,1.9999999999999942,9.154339918881841e-277,9.154339918881841e-277,9.154339918881841e-274,162.75479141899814
1,EDM Competitive Langmuir - two high-salt washes,7153f3f39ab39e3944db30e3ecafc691b277362a1f5bcba2e70b2181c5adf90d,5.609999999999999,5.609999999999999,5.609999999999999,1.074401451695297e-273,Elution 1,1.0,92.375,92.375,100.00000000000371,92.75625000000001,100.00000000000225,7.45932505079745e-276,4.0,6.0,2.000000000000045,100.0,2.000000000000045,1.8551250000000001,2.000000000000045,2.000000000000045,1.074401451695297e-276,1.074401451695297e-276,1.074401451695297e-273,162.75479141904788
1,EDM Competitive Langmuir - two high-salt washes,7153f3f39ab39e3944db30e3ecafc691b277362a1f5bcba2e70b2181c5adf90d,5.622142857142857,5.622142857142857,5.622142857142857,1.260388786105232e-273,Elution 1,1.0,92.22321428571428,92.22321428571428,100.0000000000561,92.61205357142858,100.0000000000239,8.702182391216214e-276,4.0,6.0,2.000000000000477,100.0,2.000000000000477,1.8522410714285713,2.000000000000477,2.000000000000477,1.260388786105232e-276,1.260388786105232e-276,1.260388786105232e-273,162.75479141946965
1,EDM Competitive Langmuir - two high-salt washes,7153f3f39ab39e3944db30e3ecafc691b277362a1f5bcba2e70b2181c5adf90d,5.6342857142857135,5.6342857142857135,5.6342857142857135,1.4778888929541328e-273,Elution 1,1.0,92.07142857142858,92.07142857142858,100.00000000023238,92.46785714285716,100.00000000027126,1.0147689481279377e-275,4.0,6.0,2.0000000000054365,100.0,2.0000000000054365,1.8493571428571431,2.0000000000054365,2.0000000000054365,1.4778888929541328e-276,1.4778888929541328e-276,1.4778888929541328e-273,162.75479142431286
1,EDM Competitive Langmuir - two high-salt washes,7153f3f39ab39e3944db30e3ecafc691b277362a1f5bcba2e70b2181c5adf90d,5.646428571428571,5.646428571428571,5.646428571428571,1.7321251419940403e-273,Elution 1,1.0,91.91964285714286,91.91964285714286,100.00000000048966,92.32366071428572,100.00000000092615,1.1828164937933985e-275,4.0,6.0,2.0000000000185505,100.0,2.0000000000185505,1.8464732142857143,2.0000000000185505,2.0000000000185505,1.7321251419940404e-276,1.7321251419940404e-276,1.7321251419940403e-273,162.75479143711902
1,EDM Competitive Langmuir - two high-salt washes,7153f3f39ab39e3944db30e3ecafc691b277362a1f5bcba2e70b2181c5adf90d,5.658571428571428,5.6585714285714275,5.6585714285714275,2.0291674320626735e-273,Elution 1,1.0,91.76785714285715,91.76785714285715,100.00000000067432,92.1794642857143,100.00000000165328,1.3780966023845568e-275,4.0,6.0,2.000000000033092,100.0,2.000000000033092,1.843589285714286,2.000000000033092,2.000000000033092,2.0291674320626737e-276,2.0291674320626737e-276,2.0291674320626735e-273,162.75479145131956
1,EDM Competitive Langmuir - two high-salt washes,7153f3f39ab39e3944db30e3ecafc691b277362a1f5bcba2e70b2181c5adf90d,5.670714285714285,5.670714285714285,5.670714285714285,2.3760662569543876e-273,Elution 1,1.0,91.61607142857143,91.61607142857143,100.0000000006778,92.03526785714286,100.00000000176544,1.604925617975278e-275,4.0,6.0,2.000000000035345,100.0,2.000000000035345,1.8407053571428573,2.000000000035345,2.000000000035345,2.3760662569543876e-276,2.3760662569543876e-276,2.3760662569543876e-273,162.7547914535194
1,EDM Competitive Langmuir - two high-salt washes,7153f3f39ab39e3944db30e3ecafc691b277362a1f5bcba2e70b2181c5adf90d,5.682857142857142,5.682857142857142,5.682857142857142,2.7810075075789313e-273,Elution 1,1.0,91.46428571428572,91.46428571428572,99.9999999969509,91.89107142857144,99.9999999982413,1.868288684189546e-275,4.0,6.0,1.9999999999648699,100.0,1.9999999999648699,1.8378214285714287,1.9999999999648699,1.9999999999648699,2.781007507578931e-276,2.781007507578931e-276,2.7810075075789313e-273,162.75479138469836
1,EDM Competitive Langmuir - two high-salt washes,7153f3f39ab39e3944db30e3ecafc691b277362a1f5bcba2e70b2181c5adf90d,5.694999999999999,5.695,5.695,3.2534911409921757e-273,Elution 1,1.0,91.3125,91.3125,99.999999828852,91.74687499999999,99.99999983869546,2.173941635034109e-275,4.0,6.0,1.999999996773992,100.0,1.999999996773992,1.8349374999999999,1.999999996773992,1.999999996773992,3.2534911409921758e-276,3.2534911409921758e-276,3.2534911409921757e-273,162.75478826871446
1,EDM Competitive Langmuir - two high-salt washes,7153f3f39ab39e3944db30e3ecafc691b277362a1f5bcba2e70b2181c5adf90d,5.707142857142856,5.707142857142856,5.707142857142856,3.804537307922759e-273,Elution 1,1.0,91.16071428571429,91.16071428571429,99.99995492489435,91.60267857142858,99.99995718008427,2.528558088042863e-275,4.0,6.0,1.9999991436029527,100.0,1.9999991436029527,1.8320535714285717,1.9999991436029527,1.9999991436029527,3.804537307922759e-276,3.804537307922759e-276,3.804537307922759e-273,162.75395512481577
1,EDM Competitive Langmuir - two high-salt washes,7153f3f39ab39e3944db30e3ecafc691b277362a1f5bcba2e70b2181c5adf90d,5.719285714285714,5.719285714285714,5.719285714285714,4.4469240576559275e-273,Elution 1,1.0,91.00892857142857,91.00892857142857,99.99868096312643,91.45848214285715,99.99874691439511,2.940327183141598e-275,4.0,6.0,1.9999749382922833,100.0,1.9999749382922833,1.829169642857143,1.9999749382922833,1.9999749382922833,4.4469240576559274e-276,4.4469240576559274e-276,4.4469240576559275e-273,162.73031978088113
1,EDM Competitive Langmuir - two high-salt washes,7153f3f39ab39e3944db30e3ecafc691b277362a1f5bcba2e70b2181c5adf90d,5.73142857142857,5.73142857142857,5.73142857142857,5.195461341819797e-273,Elution 1,1.0,90.85714285714288,90.85714285714288,99.99343266688169,91.31428571428573,99.99376103193495,3.4197146279609654e-275,4.0,6.0,1.999875220638157,100.0,1.999875220638157,1.8262857142857145,1.999875220638157,1.999875220638157,5.195461341819796e-276,5.195461341819796e-276,5.195461341819797e-273,162.6329863868949
1,EDM Competitive Langmuir - two high-salt washes,7153f3f39ab39e3944db30e3ecafc691b277362a1f5bcba2e70b2181c5adf90d,5.743571428571428,5.743571428571428,5.743571428571428,6.067306727283888e-273,Elution 1,1.0,90.70535714285714,90.70535714285714,99.98284419459311,91.17008928571428,99.98370198341307,3.978991712644978e-275,4.0,6.0,1.99967403966347,100.0,1.99967403966347,1.8234017857142857,1.99967403966347,1.99967403966347,6.067306727283887e-276,6.067306727283887e-276,6.067306727283888e-273,162.43679284563538
1,EDM Competitive Langmuir - two high-salt washes,7153f3f39ab39e3944db30e3ecafc691b277362a1f5bcba2e70b2181c5adf90d,5.755714285714285,5.755714285714285,5.755714285714285,7.082329014953255e-273,Elution 1,1.0,90.55357142857143,90.55357142857143,99.96549154997153,91.02589285714286,99.96721697090955,4.6331578796789685e-275,4.0,6.0,1.9993443394167512,100.0,1.9993443394167512,1.8205178571428573,1.9993443394167512,1.9993443394167512,7.082329014953255e-276,7.082329014953255e-276,7.082329014953255e-273,162.1157777625121
1,EDM Competitive Langmuir - two high-salt washes,7153f3f39ab39e3944db30e3ecafc691b277362a1f5bcba2e70b2181c5adf90d,5.767857142857142,5.767857142857142,5.767857142857142,8.26352685930363e-273,Elution 1,1.0,90.40178571428572,90.40178571428572,99.93969570329547,90.88169642857143,99.9427109168746,5.400800387837542e-275,4.0,6.0,1.9988542183403168,100.0,1.9988542183403168,1.8176339285714287,1.9988542183403168,1.9988542183403168,8.26352685930363e-276,8.26352685930363e-276,8.26352685930363e-273,161.63973989712096
1,EDM Competitive Langmuir - two high-salt washes,7153f3f39ab39e3944db30e3ecafc691b277362a1f5bcba2e70b2181c5adf90d,5.78,5.78,5.78,9.63751050831595e-273,Elution 1,1.0,90.25,90.25,99.90431345759134,90.7375,99.90909778427337,6.304537918093137e-275,4.0,6.0,1.9981819556871638,100.0,1.9981819556871638,1.8147499999999999,1.9981819556871638,1.9981819556871638,9.63751050831595e-276,9.63751050831595e-276,9.63751050831595e-273,160.98906688641486
1,EDM Competitive Langmuir - two high-salt washes,7153f3f39ab39e3944db30e3ecafc691b277362a1f5bcba2e70b2181c5adf90d,5.792142857142857,5.792142857142856,5.792142857142856,1.123505595323225e-272,Elution 1,1.0,90.09821428571429,90.09821428571429,99.85885348156847,90.59330357142858,99.86591080753712,7.37174583694603e-275,4.0,6.0,1.9973182161483147,100.0,1.9973182161483147,1.8118660714285717,1.9973182161483147,1.9973182161483147,1.123505595323225e-275,1.123505595323225e-275,1.123505595323225e-272,160.15690931673052
1,EDM Competitive Langmuir - two high-salt washes,7153f3f39ab39e3944db30e3ecafc691b277362a1f5bcba2e70b2181c5adf90d,5.804285714285714,5.804285714285714,5.804285714285714,1.309174211117095e-272,Elution 1,1.0,89.94642857142857,89.94642857142857,99.80330128802773,90.44910714285714,99.81313622360084,8.635613872594451e-275,4.0,6.0,1.9962627244691227,100.0,1.9962627244691227,1.8089821428571429,1.9962627244691227,1.9962627244691227,1.3091742111170951e-275,1.3091742111170951e-275,1.309174211117095e-272,159.14584848387898
1,EDM Competitive Langmuir - two high-salt washes,7153f3f39ab39e3944db30e3ecafc691b277362a1f5bcba2e70b2181c5adf90d,5.816428571428571,5.816428571428571,5.816428571428571,1.5248683183550255e-272,Elution 1,1.0,89.79464285714286,89.79464285714286,99.73795717481822,90.30491071428571,99.75105931602457,1.0136480297108309e-274,4.0,6.0,1.9950211863207112,100.0,1.9950211863207112,1.8060982142857143,1.9950211863207112,1.9950211863207112,1.5248683183550255e-275,1.5248683183550255e-275,1.5248683183550255e-272,157.96473926973545
1,EDM Competitive Langmuir - two high-salt washes,7153f3f39ab39e3944db30e3ecafc691b277362a1f5bcba2e70b2181c5adf90d,5.828571428571428,5.828571428571429,5.828571428571429,1.7753370137609957e-272,Elution 1,1.0,89.64285714285714,89.64285714285714,99.66340313507133,90.16071428571428,99.68023297846507,1.192337156483388e-274,4.0,6.0,1.9936046595710235,100.0,1.9936046595710235,1.8032142857142857,1.9936046595710235,1.9936046595710235,1.7753370137609955e-275,1.7753370137609955e-275,1.7753370137609957e-272,156.62786081742652
1,EDM Competitive Langmuir - two high-salt washes,7153f3f39ab39e3944db30e3ecafc691b277362a1f5bcba2e70b2181c5adf90d,5.840714285714285,5.840714285714285,5.840714285714285,2.066064122971302e-272,Elution 1,1.0,89.49107142857143,89.49107142857143,99.58040523187147,90.01651785714286,99.60138497051251,1.4055989842816769e-274,4.0,6.0,1.9920276994114183,100.0,1.9920276994114183,1.8003303571428573,1.9920276994114183,1.9920276994114183,2.066064122971302e-275,2.066064122971302e-275,2.066064122971302e-272,155.152874427373
1,EDM Competitive Langmuir - two high-salt washes,7153f3f39ab39e3944db30e3ecafc691b277362a1f5bcba2e70b2181c5adf90d,5.852857142857143,5.852857142857143,5.852857142857143,2.4033993399221373e-272,Elution 1,1.0,89.33928571428571,89.33928571428571,99.48971714045962,89.87232142857142,99.51523128361048,1.6607422794105e-274,4.0,6.0,1.9903046256714816,100.0,1.9903046256714816,1.7974464285714284,1.9903046256714816,1.9903046256714816,2.4033993399221372e-275,2.4033993399221372e-275,2.4033993399221373e-272,153.5570984980298
1,EDM Competitive Langmuir - two high-salt washes,7153f3f39ab39e3944db30e3ecafc691b277362a1f5bcba2e70b2181c5adf90d,5.864999999999999,5.864999999999999,5.864999999999999,2.7949969142831943e-272,Elution 1,1.0,89.18750000000001,89.18750000000001,99.39211851699513,89.728125,99.42251259117346,1.9667235334363807e-274,4.0,6.0,1.9884502518217557,99.99999999999997,1.9884502518217557,1.7945625,1.9884502518217557,1.9884502518217557,2.7949969142831942e-275,2.7949969142831942e-275,2.7949969142831943e-272,151.85805440694352
1,EDM Competitive Langmuir - two high-salt washes,7153f3f39ab39e3944db30e3ecafc691b277362a1f5bcba2e70b2181c5adf90d,5.877142857142857,5.877142857142857,5.877142857142857,3.250519059201203e-272,Elution 1,1.0,89.03571428571428,89.03571428571428,99.28835571379352,89.58392857142857,99.32393792806347,2.334551582215356e-274,4.0,6.0,1.9864787585603176,99.99999999999984,1.9864787585603176,1.7916785714285715,1.9864787585603176,1.9864787585603176,3.250519059201203e-275,3.250519059201203e-275,3.250519059201203e-272,150.07231416805635
1,EDM Competitive Langmuir - two high-salt washes,7153f3f39ab39e3944db30e3ecafc691b277362a1f5bcba2e70b2181c5adf90d,5.889285714285714,5.889285714285714,5.889285714285714,3.781599800403567e-272,Elution 1,1.0,88.88392857142857,88.88392857142857,99.17911229718037,89.43973214285714,99.22015668228681,2.777795961877511e-274,4.0,6.0,1.9844031336455272,99.99999999999967,1.9844031336455272,1.7887946428571428,1.9844031336455272,1.9844031336455272,3.781599800403567e-275,3.781599800403567e-275,3.781599800403567e-272,148.2149407993823
1,EDM Competitive Langmuir - two high-salt washes,7153f3f39ab39e3944db30e3ecafc691b277362a1f5bcba2e70b2181c5adf90d,5.901428571428571,5.901428571428571,5.901428571428571,4.402275703078725e-272,Elution 1,1.0,88.73214285714286,88.73214285714286,99.0650095803024,89.29553571428572,99.1117591013002,3.3132242552069786e-274,4.0,6.0,1.9822351820268227,100.00000000000044,1.9822351820268227,1.7859107142857145,1.9822351820268227,1.9822351820268227,4.402275703078725e-275,4.402275703078725e-275,4.402275703078725e-272,146.29948870473632
1,EDM Competitive Langmuir - two high-salt washes,7153f3f39ab39e3944db30e3ecafc691b277362a1f5bcba2e70b2181c5adf90d,5.913571428571428,5.913571428571428,5.913571428571428,5.129867737899209e-272,Elution 1,1.0,88.58035714285714,88.58035714285714,98.94662370235699,89.15133928571429,98.99929251727396,3.9616011029900685e-274,4.0,6.0,1.9799858503461778,100.00000000000861,1.9799858503461778,1.7830267857142859,1.9799858503461778,1.9799858503461778,5.1298677378992085e-275,5.1298677378992085e-275,5.129867737899209e-272,144.33829614142556
1,EDM Competitive Langmuir - two high-salt washes,7153f3f39ab39e3944db30e3ecafc691b277362a1f5bcba2e70b2181c5adf90d,5.925714285714286,5.925714285714285,5.925714285714285,5.985571730944046e-272,Elution 1,1.0,88.42857142857143,88.42857142857143,98.82443202757264,89.00714285714287,98.8832104262468,4.748734047087831e-274,4.0,6.0,1.9776642085255203,100.00000000009665,1.9776642085255203,1.7801428571428572,1.9776642085255203,1.9776642085255203,5.985571730944045e-275,5.985571730944045e-275,5.985571730944046e-272,142.34162415134801
1,EDM Competitive Langmuir - two high-salt washes,7153f3f39ab39e3944db30e3ecafc691b277362a1f5bcba2e70b2181c5adf90d,5.937857142857142,5.937857142857142,5.937857142857142,6.995084218527316e-272,Elution 1,1.0,88.27678571428572,88.27678571428572,98.69887061689467,88.86294642857143,98.76392708608249,5.706757976833177e-274,4.0,6.0,1.9752785417220944,100.00000000046387,1.9752785417220944,1.7772589285714286,1.9752785417220944,1.9752785417220944,6.995084218527316e-275,6.995084218527316e-275,6.995084218527316e-272,140.31865892979897
1,EDM Competitive Langmuir - two high-salt washes,7153f3f39ab39e3944db30e3ecafc691b277362a1f5bcba2e70b2181c5adf90d,5.95,5.95,5.95,8.189542801189138e-272,Elution 1,1.0,88.125,88.125,98.57031237112803,88.71875,98.64179675260182,6.87580886408076e-274,4.0,6.0,1.9728359350530602,100.00000000114001,1.9728359350530602,1.774375,1.9728359350530602,1.9728359350530602,8.189542801189138e-275,8.189542801189138e-275,8.189542801189138e-272,138.27719519603153
1,EDM Competitive Langmuir - two high-salt washes,7153f3f39ab39e3944db30e3ecafc691b277362a1f5bcba2e70b2181c5adf90d,5.962142857142856,5.962142857142856,5.962142857142856,9.606762735515048e-272,Elution 1,1.0,87.97321428571429,87.97321428571429,98.43909039465426,88.57455357142858,98.51713587495941,8.30613759427433e-274,4.0,6.0,1.970342717501239,100.00000000168626,1.970342717501239,1.7714910714285717,1.970342717501239,1.970342717501239,9.606762735515047e-275,9.606762735515047e-275,9.606762735515048e-272,136.22405944538127
1,EDM Competitive Langmuir - two high-salt washes,7153f3f39ab39e3944db30e3ecafc691b277362a1f5bcba2e70b2181c5adf90d,5.974285714285714,5.974285714285714,5.974285714285714,1.1292704058577681e-271,Elution 1,1.0,87.82142857142857,87.82142857142857,98.30550612637343,88.43035714285715,98.3902308200913,1.0060821663660139e-273,4.0,6.0,1.9678046164040317,100.00000000072893,1.9678046164040317,1.7686071428571428,1.9678046164040317,1.9678046164040317,1.1292704058577681e-274,1.1292704058577681e-274,1.1292704058577681e-271,134.16527285015553
1,EDM Competitive Langmuir - two high-salt washes,7153f3f39ab39e3944db30e3ecafc691b277362a1f5bcba2e70b2181c5adf90d,5.986428571428571,5.986428571428571,5.986428571428571,1.3303301038822715e-271,Elution 1,1.0,87.66964285714286,87.66964285714286,98.16983439238821,88.28616071428571,98.2613426727859,1.2219250097824308e-273,4.0,6.0,1.965226853457101,99.99999995131604,1.965226853457101,1.7657232142857144,1.965226853457101,1.965226853457101,1.3303301038822716e-274,1.3303301038822716e-274,1.3303301038822715e-271,132.10615999729208
1,EDM Competitive Langmuir - two high-salt washes,7153f3f39ab39e3944db30e3ecafc691b277362a1f5bcba2e70b2181c5adf90d,5.998571428571428,5.998571428571428,5.998571428571428,1.5706917046591343e-271,Elution 1,1.0,87.51785714285715,87.51785714285715,98.03231498683407,88.1419642857143,98.13069923745573,1.4881629241947675e-273,4.0,6.0,1.962613984748234,99.9999872920451,1.962613984748234,1.7628392857142858,1.962613984748234,1.962613984748234,1.5706917046591342e-274,1.5706917046591342e-274,1.5706917046591343e-271,130.0512533775592
1,EDM Competitive Langmuir - two high-salt washes,7153f3f39ab39e3944db30e3ecafc691b277362a1f5bcba2e70b2181c5adf90d,6.010714285714285,6.010714285714285,6.010714285714285,1.8587301496625273e-271,Elution 1,1.0,87.36607142857143,87.36607142857143,97.89316999344581,87.99776785714286,97.99851149369948,1.8174768247578988e-273,4.0,6.0,1.9599702298714041,99.99960121958746,1.9599702298714041,1.7599553571428572,1.9599702298714041,1.9599702298714041,1.8587301496625273e-274,1.8587301496625273e-274,1.8587301496625273e-271,128.00458713200638
1,EDM Competitive Langmuir - two high-salt washes,7153f3f39ab39e3944db30e3ecafc691b277362a1f5bcba2e70b2181c5adf90d,6.022857142857143,6.022857142857143,6.022857142857143,2.2047299179404267e-271,Elution 1,1.0,87.21428571428571,87.21428571428571,97.75258115826357,87.85357142857143,97.86495210026199,2.2259647253816175e-273,4.0,6.0,1.9572990420021354,99.99728047837742,1.9572990420021354,1.7570714285714284,1.9572990420021354,1.9572990420021354,2.2047299179404266e-274,2.2047299179404266e-274,2.2047299179404267e-271,125.9693940437418
1,EDM Competitive Langmuir - two high-salt washes,7153f3f39ab39e3944db30e3ecafc691b277362a1f5bcba2e70b2181c5adf90d,6.034999999999999,6.034999999999999,6.034999999999999,2.6213567690555336e-271,Elution 1,1.0,87.06250000000001,87.06250000000001,97.61072057082252,87.70937500000001,97.73018454220403,2.7341146338535402e-273,4.0,6.0,1.9546036908414834,99.99080248825204,1.9546036908414834,1.7541875000000002,1.9546036908414834,1.9546036908414834,2.621356769055534e-274,2.621356769055534e-274,2.6213567690555336e-271,123.94858791827426
1,EDM Competitive Langmuir - two high-salt washes,7153f3f39ab39e3944db30e3ecafc691b277362a1f5bcba2e70b2181c5adf90d,6.047142857142857,6.047142857142857,6.047142857142857,3.1242495634436275e-271,Elution 1,1.0,86.91071428571428,86.91071428571428,97.46772531426171,87.56517857142858,97.59433904852521,3.3680857941702288e-273,4.0,6.0,1.951886780970237,99.9788534503238,1.951886780970237,1.7513035714285714,1.951886780970237,1.951886780970237,3.1242495634436277e-274,3.1242495634436277e-274,3.1242495634436275e-271,121.94442483897156
1,EDM Competitive Langmuir - two high-salt washes,7153f3f39ab39e3944db30e3ecafc691b277362a1f5bcba2e70b2181c5adf90d,6.059285714285713,6.059285714285714,6.059285714285714,3.7327622155372025e-271,Elution 1,1.0,86.75892857142857,86.75892857142857,97.32372716029407,87.42098214285714,97.45754080232196,4.161366113417203e-273,4.0,6.0,1.9491508160490068,99.96000930795809,1.9491508160490068,1.7484196428571428,1.9491508160490068,1.9491508160490068,3.732762215537202e-274,3.732762215537202e-274,3.7327622155372025e-271,119.95895196577234
1,EDM Competitive Langmuir - two high-salt washes,7153f3f39ab39e3944db30e3ecafc691b277362a1f5bcba2e70b2181c5adf90d,6.071428571428571,6.071428571428571,6.071428571428571,4.4709224197591956e-271,Elution 1,1.0,86.60714285714286,86.60714285714286,97.17883683447118,87.27678571428572,97.31989499282706,5.15696018910799e-273,4.0,6.0,1.9463978998606566,99.93282470140365,1.9463978998606566,1.7455357142857144,1.9463978998606566,1.9463978998606566,4.4709224197591954e-274,4.4709224197591954e-274,4.4709224197591956e-271,117.99380465714674
1,EDM Competitive Langmuir - two high-salt washes,7153f3f39ab39e3944db30e3ecafc691b277362a1f5bcba2e70b2181c5adf90d,6.083571428571428,6.083571428571428,6.083571428571428,5.368631883981862e-271,Elution 1,1.0,86.45535714285715,86.45535714285715,97.03315190239768,87.13258928571429,97.18149430735714,6.410257937497409e-273,4.0,6.0,1.9436298861511023,99.89639573229212,1.9436298861511023,1.7426517857142858,1.9436298861511023,1.9436298861511023,5.368631883981862e-274,5.368631883981862e-274,5.368631883981862e-271,116.05033714941753
1,EDM Competitive Langmuir - two high-salt washes,7153f3f39ab39e3944db30e3ecafc691b277362a1f5bcba2e70b2181c5adf90d,6.095714285714285,6.095714285714285,6.095714285714285,6.463202668581537e-271,Elution 1,1.0,86.30357142857143,86.30357142857143,96.88676898343012,86.98839285714286,97.04243053430564,7.992807832598343e-273,4.0,6.0,1.9408486106882867,99.85038887108527,1.9408486106882867,1.7397678571428572,1.9408486106882867,1.9408486106882867,6.463202668581537e-274,6.463202668581537e-274,6.463202668581537e-271,114.1297986271599
1,EDM Competitive Langmuir - two high-salt washes,7153f3f39ab39e3944db30e3ecafc691b277362a1f5bcba2e70b2181c5adf90d,6.107857142857142,6.107857142857142,6.107857142857142,7.801315689500067e-271,Elution 1,1.0,86.15178571428572,86.15178571428572,96.73976137839182,86.84419642857144,96.90277330944926,9.997336216938933e-273,4.0,6.0,1.9380554661875329,99.79487830960782,1.9380554661875329,1.7368839285714288,1.9380554661875329,1.9380554661875329,7.801315689500067e-274,7.801315689500067e-274,7.801315689500067e-271,112.23305057798352
1,EDM Competitive Langmuir - two high-salt washes,7153f3f39ab39e3944db30e3ecafc691b277362a1f5bcba2e70b2181c5adf90d,6.12,6.12,6.12,9.441521403876927e-271,Elution 1,1.0,86.0,86.0,96.59220928015715,86.7,96.76259881607596,1.2544356571493532e-272,4.0,6.0,1.9352519763174687,99.73022804027177,1.9352519763174687,1.734,1.9352519763174687,1.9352519763174687,9.441521403876926e-274,9.441521403876926e-274,9.441521403876927e-271,110.36097443604329
1,EDM Competitive Langmuir - two high-salt washes,7153f3f39ab39e3944db30e3ecafc691b277362a1f5bcba2e70b2181c5adf90d,6.132142857142856,6.132142857142856,6.132142857142856,1.1457451826942642e-270,Elution 1,1.0,85.84821428571429,85.84821428571429,96.44417174860105,86.55580357142858,96.6219631610844,1.5791026854103693e-272,4.0,6.0,1.932439263216906,99.6570423878908,1.932439263216906,1.7311160714285716,1.932439263216906,1.932439263216906,1.1457451826942641e-273,1.1457451826942641e-273,1.1457451826942642e-270,108.51411973491994
1,EDM Competitive Langmuir - two high-salt washes,7153f3f39ab39e3944db30e3ecafc691b277362a1f5bcba2e70b2181c5adf90d,6.144285714285714,6.144285714285714,6.144285714285714,1.394196601460997e-270,Elution 1,1.0,85.69642857142857,85.69642857142857,96.29571119593375,86.41160714285715,96.48092563604136,1.9942905011386498e-272,4.0,6.0,1.9296185127156011,99.57604565083544,1.9296185127156011,1.7282321428571428,1.9296185127156011,1.9296185127156011,1.394196601460997e-273,1.394196601460997e-273,1.394196601460997e-270,106.69302620961085
1,EDM Competitive Langmuir - two high-salt washes,7153f3f39ab39e3944db30e3ecafc691b277362a1f5bcba2e70b2181c5adf90d,6.156428571428571,6.15642857142857,6.15642857142857,1.7012483892649992e-270,Elution 1,1.0,85.54464285714288,85.54464285714288,96.1468716757795,86.26741071428573,96.33952809193529,2.5269770164363734e-272,4.0,6.0,1.92679056183555,99.48796107995254,1.92679056183555,1.7253482142857146,1.92679056183555,1.92679056183555,1.7012483892649992e-273,1.7012483892649992e-273,1.7012483892649992e-270,104.8979625081604
1,EDM Competitive Langmuir - two high-salt washes,7153f3f39ab39e3944db30e3ecafc691b277362a1f5bcba2e70b2181c5adf90d,6.168571428571428,6.168571428571428,6.168571428571428,2.081792525161455e-270,Elution 1,1.0,85.39285714285715,85.39285714285715,95.99769585246212,86.12321428571428,96.1978110598677,3.212680477608109e-272,4.0,6.0,1.9239562211984425,99.39352004319993,1.9239562211984425,1.7224642857142858,1.9239562211984425,1.9239562211984425,2.081792525161455e-273,2.081792525161455e-273,2.081792525161455e-270,103.12914607481545
1,EDM Competitive Langmuir - two high-salt washes,7153f3f39ab39e3944db30e3ecafc691b277362a1f5bcba2e70b2181c5adf90d,6.180714285714285,6.180714285714285,6.180714285714285,2.5547676073340164e-270,Elution 1,1.0,85.24107142857143,85.24107142857143,95.84822678552638,85.97901785714286,96.05581544633746,4.097982647308096e-272,4.0,6.0,1.921116308930738,99.29341403224682,1.921116308930738,1.7195803571428572,1.921116308930738,1.921116308930738,2.5547676073340163e-273,2.5547676073340163e-273,2.5547676073340164e-270,101.38676648495915
1,EDM Competitive Langmuir - two high-salt washes,7153f3f39ab39e3944db30e3ecafc691b277362a1f5bcba2e70b2181c5adf90d,6.192857142857142,6.192857142857143,6.192857142857143,3.1443312669996385e-270,Elution 1,1.0,85.08928571428571,85.08928571428571,95.69848966291173,85.83482142857143,95.91356517988739,5.2452763118363405e-272,4.0,6.0,1.9182713036032661,99.18827504082016,1.9182713036032661,1.7166964285714286,1.9182713036032661,1.9182713036032661,3.1443312669996384e-273,3.1443312669996384e-273,3.1443312669996385e-270,99.67077879034497
1,EDM Competitive Langmuir - two high-salt washes,7153f3f39ab39e3944db30e3ecafc691b277362a1f5bcba2e70b2181c5adf90d,6.204999999999999,6.204999999999999,6.204999999999999,3.88138482427114e-270,Elution 1,1.0,84.93750000000001,84.93750000000001,95.54851660997382,85.69062500000001,95.77109077959832,6.7374444359199e-272,4.0,6.0,1.9154218155976095,99.07868069423365,1.9154218155976095,1.7138125000000002,1.9154218155976095,1.9154218155976095,3.88138482427114e-273,3.88138482427114e-273,3.88138482427114e-270,97.98119912509279
1,EDM Competitive Langmuir - two high-salt washes,7153f3f39ab39e3944db30e3ecafc691b277362a1f5bcba2e70b2181c5adf90d,6.217142857142857,6.217142857142857,6.217142857142857,4.805574044746518e-270,Elution 1,1.0,84.78571428571429,84.78571428571429,95.39833820064491,85.54642857142858,95.62842129070515,8.68645418305057e-272,4.0,6.0,1.9125684258189393,98.96515072579538,1.9125684258189393,1.7109285714285716,1.9125684258189393,1.9125684258189393,4.805574044746518e-273,4.805574044746518e-273,4.805574044746518e-270,96.31800565446065
1,EDM Competitive Langmuir - two high-salt washes,7153f3f39ab39e3944db30e3ecafc691b277362a1f5bcba2e70b2181c5adf90d,6.229285714285714,6.229285714285714,6.229285714285714,5.967917555712887e-270,Elution 1,1.0,84.63392857142857,84.63392857142857,95.24796970421126,85.40223214285714,95.48557121900163,1.1239453926958921e-271,4.0,6.0,1.9097114243819289,98.84812709090436,1.9097114243819289,1.708044642857143,1.9097114243819289,1.9097114243819289,5.967917555712887e-273,5.967917555712887e-273,5.967917555712887e-270,94.68099250379677
1,EDM Competitive Langmuir - two high-salt washes,7153f3f39ab39e3944db30e3ecafc691b277362a1f5bcba2e70b2181c5adf90d,6.241428571428571,6.241428571428571,6.241428571428571,7.4342608107979865e-270,Elution 1,1.0,84.48214285714286,84.48214285714286,95.09743855668508,85.25803571428571,95.34256662875384,1.4594617977690395e-271,4.0,6.0,1.9068513325737997,98.72800639976464,1.9068513325737997,1.7051607142857144,1.9068513325737997,1.9068513325737997,7.434260810797987e-273,7.434260810797987e-273,7.4342608107979865e-270,93.07007615577255
1,EDM Competitive Langmuir - two high-salt washes,7153f3f39ab39e3944db30e3ecafc691b277362a1f5bcba2e70b2181c5adf90d,6.253571428571429,6.253571428571429,6.253571428571429,9.28985561070119e-270,Elution 1,1.0,84.33035714285714,84.33035714285714,94.94676411186248,85.11383928571428,95.19942590610255,1.902417126890038e-271,4.0,6.0,1.9039885181186367,98.60513178858933,1.9039885181186367,1.7022767857142855,1.9039885181186367,1.9039885181186367,9.28985561070119e-273,9.28985561070119e-273,9.28985561070119e-270,91.48507367410349
1,EDM Competitive Langmuir - two high-salt washes,7153f3f39ab39e3944db30e3ecafc691b277362a1f5bcba2e70b2181c5adf90d,6.265714285714285,6.265714285714285,6.265714285714285,1.1645408211062333e-269,Elution 1,1.0,84.17857142857143,84.17857142857143,94.79595935633708,84.96964285714286,95.05616138833582,2.4890685404629226e-271,4.0,6.0,1.9011232277631698,98.47981085882172,1.9011232277631698,1.6993928571428574,1.9011232277631698,1.9011232277631698,1.1645408211062333e-272,1.1645408211062333e-272,1.1645408211062333e-269,89.9257282169648
1,EDM Competitive Langmuir - two high-salt washes,7153f3f39ab39e3944db30e3ecafc691b277362a1f5bcba2e70b2181c5adf90d,6.277857142857143,6.277857142857143,6.277857142857143,1.4645143224947264e-269,Elution 1,1.0,84.02678571428571,84.02678571428571,94.64504416563605,84.82544642857142,94.91279195718673,3.2687614863250036e-271,4.0,6.0,1.8982558391400326,98.35232254147206,1.8982558391400326,1.6965089285714285,1.8982558391400326,1.8982558391400326,1.4645143224947264e-272,1.4645143224947264e-272,1.4645143224947264e-269,88.39184867719624
1,EDM Competitive Langmuir - two high-salt washes,7153f3f39ab39e3944db30e3ecafc691b277362a1f5bcba2e70b2181c5adf90d,6.29,6.289999999999999,6.289999999999999,1.8477536249992297e-269,Elution 1,1.0,83.87500000000001,83.87500000000001,94.49402982269113,84.68125,94.76932833147666,4.308902898988097e-271,4.0,6.0,1.8953865666266363,98.22291813298291,1.8953865666266363,1.6936250000000002,1.8953865666266363,1.8953865666266363,1.84775362499923e-272,1.84775362499923e-272,1.8477536249992297e-269,86.88315072488727
1,EDM Competitive Langmuir - two high-salt washes,7153f3f39ab39e3944db30e3ecafc691b277362a1f5bcba2e70b2181c5adf90d,6.302142857142857,6.302142857142857,6.302142857142857,2.3389700110371928e-269,Elution 1,1.0,83.72321428571429,83.72321428571429,94.34292753276534,84.53705357142857,94.6257811562122,5.701777131053928e-271,4.0,6.0,1.892515623123158,98.09182048929212,1.892515623123158,1.6907410714285716,1.892515623123158,1.892515623123158,2.3389700110371927e-272,2.3389700110371927e-272,2.3389700110371928e-269,85.3993474578723
1,EDM Competitive Langmuir - two high-salt washes,7153f3f39ab39e3944db30e3ecafc691b277362a1f5bcba2e70b2181c5adf90d,6.314285714285714,6.314285714285714,6.314285714285714,2.970667491312208e-269,Elution 1,1.0,83.57142857142857,83.57142857142857,94.1917506459331,84.39285714285714,94.48216311382826,7.574139062630976e-271,4.0,6.0,1.8896432622770754,97.95922931915904,1.8896432622770754,1.687857142857143,1.8896432622770754,1.8896432622770754,2.970667491312208e-272,2.970667491312208e-272,2.970667491312208e-269,83.94017096705676
1,EDM Competitive Langmuir - two high-salt washes,7153f3f39ab39e3944db30e3ecafc691b277362a1f5bcba2e70b2181c5adf90d,6.326428571428571,6.326428571428572,6.326428571428572,3.785523058002268e-269,Elution 1,1.0,83.41964285714285,83.41964285714285,94.0405052732103,84.2486607142857,94.33848000983195,1.0100759357166078e-270,4.0,6.0,1.8867696001986345,97.82531458318611,1.8867696001986345,1.6849732142857141,1.8867696001986345,1.8867696001986345,3.785523058002268e-272,3.785523058002268e-272,3.785523058002268e-269,82.50528255081134
1,EDM Competitive Langmuir - two high-salt washes,7153f3f39ab39e3944db30e3ecafc691b277362a1f5bcba2e70b2181c5adf90d,6.338571428571428,6.338571428571428,6.338571428571428,4.840349136120416e-269,Elution 1,1.0,83.26785714285715,83.26785714285715,93.88919744565088,84.10446428571429,94.19473757369678,1.3523542687191661e-270,4.0,6.0,1.8838947514767828,97.69022998523967,1.8838947514767828,1.682089285714286,1.8838947514767828,1.8838947514767828,4.840349136120416e-272,4.840349136120416e-272,4.840349136120416e-269,81.09434499337591
1,EDM Competitive Langmuir - two high-salt washes,7153f3f39ab39e3944db30e3ecafc691b277362a1f5bcba2e70b2181c5adf90d,6.350714285714286,6.350714285714286,6.350714285714286,6.210796862713982e-269,Elution 1,1.0,83.11607142857142,83.11607142857142,93.73783366994617,83.96026785714285,94.05094198676373,1.817860888525914e-270,4.0,6.0,1.8810188397382237,97.55410427023013,1.8810188397382237,1.6792053571428571,1.8810188397382237,1.8810188397382237,6.210796862713983e-272,6.210796862713983e-272,6.210796862713982e-269,79.70702774981416
1,EDM Competitive Langmuir - two high-salt washes,7153f3f39ab39e3944db30e3ecafc691b277362a1f5bcba2e70b2181c5adf90d,6.362857142857142,6.362857142857142,6.362857142857142,7.998568389945501e-269,Elution 1,1.0,82.96428571428572,82.96428571428572,93.5864262130863,83.81607142857143,93.90710490270838,2.4534782940791217e-270,4.0,6.0,1.878142098057917,97.41705674070582,1.878142098057917,1.6763214285714287,1.878142098057917,1.878142098057917,7.998568389945502e-272,7.998568389945502e-272,7.998568389945501e-269,78.3430538410632
1,EDM Competitive Langmuir - two high-salt washes,7153f3f39ab39e3944db30e3ecafc691b277362a1f5bcba2e70b2181c5adf90d,6.375,6.375,6.375,1.0338395193814752e-268,Elution 1,1.0,82.8125,82.8125,93.43497485009713,83.671875,93.76322610775726,3.3248605526289793e-270,4.0,6.0,1.8752645221594075,97.27918890886531,1.8752645221594075,1.6734375,1.8752645221594075,1.8752645221594075,1.0338395193814753e-271,1.0338395193814753e-271,1.0338395193814752e-268,77.00203530018658
1,EDM Competitive Langmuir - two high-salt washes,7153f3f39ab39e3944db30e3ecafc691b277362a1f5bcba2e70b2181c5adf90d,6.387142857142857,6.387142857142857,6.387142857142857,1.3410442430373348e-268,Elution 1,1.0,82.66071428571429,82.66071428571429,93.28348201581785,83.52767857142857,93.6193079149875,4.524310124821094e-270,4.0,6.0,1.872386158304137,97.14059319763611,1.872386158304137,1.6705535714285715,1.872386158304137,1.872386158304137,1.3410442430373347e-271,1.3410442430373347e-271,1.3410442430373348e-268,75.68361351104194
1,EDM Competitive Langmuir - two high-salt washes,7153f3f39ab39e3944db30e3ecafc691b277362a1f5bcba2e70b2181c5adf90d,6.399285714285714,6.399285714285714,6.399285714285714,1.7460799519061276e-268,Elution 1,1.0,82.50892857142858,82.50892857142858,93.13195299964,83.38348214285715,93.4753553493673,6.182112430390145e-270,4.0,6.0,1.8695071069914446,97.00135487993612,1.8695071069914446,1.667669642857143,1.8695071069914446,1.8695071069914446,1.7460799519061276e-271,1.7460799519061276e-271,1.7460799519061276e-268,74.38745878900616
1,EDM Competitive Langmuir - two high-salt washes,7153f3f39ab39e3944db30e3ecafc691b277362a1f5bcba2e70b2181c5adf90d,6.411428571428571,6.411428571428571,6.411428571428571,2.2820151003783499e-268,Elution 1,1.0,82.35714285714286,82.35714285714286,92.98039799725736,83.23928571428571,93.33137809695113,8.482905034147128e-270,4.0,6.0,1.8666275619425063,96.86154551728065,1.8666275619425063,1.6647857142857143,1.8666275619425063,1.8666275619425063,2.28201510037835e-271,2.28201510037835e-271,2.2820151003783499e-268,73.11328537165664
1,EDM Competitive Langmuir - two high-salt washes,7153f3f39ab39e3944db30e3ecafc691b277362a1f5bcba2e70b2181c5adf90d,6.423571428571429,6.423571428571428,6.423571428571428,2.993575740726572e-268,Elution 1,1.0,82.20535714285715,82.20535714285715,92.82881528098169,83.0950892857143,93.18737451641019,1.1689437732542892e-269,4.0,6.0,1.8637474903306401,96.72123538813727,1.8637474903306401,1.661901785714286,1.8637474903306401,1.8637474903306401,2.993575740726572e-271,2.993575740726572e-271,2.993575740726572e-268,71.86071007489977
1,EDM Competitive Langmuir - two high-salt washes,7153f3f39ab39e3944db30e3ecafc691b277362a1f5bcba2e70b2181c5adf90d,6.435714285714285,6.435714285714285,6.435714285714285,3.941794165106961e-268,Elution 1,1.0,82.05357142857144,82.05357142857144,92.67720670141989,82.95089285714286,93.04334636587394,1.6177146981149254e-269,4.0,6.0,1.8608669273184173,96.58048153607173,1.8608669273184173,1.6590178571428573,1.8608669273184173,1.8608669273184173,3.9417941651069605e-271,3.9417941651069605e-271,3.941794165106961e-268,70.62938562814931
1,EDM Competitive Langmuir - two high-salt washes,7153f3f39ab39e3944db30e3ecafc691b277362a1f5bcba2e70b2181c5adf90d,6.447857142857143,6.447857142857143,6.447857142857143,5.210174460913059e-268,Elution 1,1.0,81.90178571428571,81.90178571428571,92.52557653242732,82.80669642857143,92.89929770546883,2.2484716129160818e-269,4.0,6.0,1.85798595410848,96.43933812306898,1.85798595410848,1.6561339285714285,1.85798595410848,1.85798595410848,5.210174460913059e-271,5.210174460913059e-271,5.210174460913059e-268,69.41898892138384
1,EDM Competitive Langmuir - two high-salt washes,7153f3f39ab39e3944db30e3ecafc691b277362a1f5bcba2e70b2181c5adf90d,6.459999999999999,6.459999999999999,6.459999999999999,6.913305439721261e-268,Elution 1,1.0,81.75000000000001,81.75000000000001,92.37393003634868,82.66250000000001,92.75523353434139,3.138830743025742e-269,4.0,6.0,1.8551046706839482,96.29784661191542,1.8551046706839482,1.6532500000000003,1.8551046706839482,1.8551046706839482,6.913305439721261e-271,6.913305439721261e-271,6.913305439721261e-268,68.22920814728965
1,EDM Competitive Langmuir - two high-salt washes,7153f3f39ab39e3944db30e3ecafc691b277362a1f5bcba2e70b2181c5adf90d,6.472142857142857,6.472142857142857,6.472142857142857,9.209011017918232e-268,Elution 1,1.0,81.59821428571429,81.59821428571429,92.2222671771314,82.51830357142858,92.61115381830986,4.401103332479669e-269,4.0,6.0,1.8522230763612122,96.1560476441235,1.8522230763612122,1.6503660714285715,1.8522230763612122,1.8522230763612122,9.209011017918232e-271,9.209011017918232e-271,9.209011017918232e-268,67.05969408283923
1,EDM Competitive Langmuir - two high-salt washes,7153f3f39ab39e3944db30e3ecafc691b277362a1f5bcba2e70b2181c5adf90d,6.484285714285714,6.484285714285714,6.484285714285714,1.2315501511888367e-267,Elution 1,1.0,81.44642857142858,81.44642857142858,92.07058960081584,82.37410714285714,92.46706012111463,6.198499942834689e-269,4.0,6.0,1.8493412024152063,96.01397713267568,1.8493412024152063,1.647482142857143,1.8493412024152063,1.8493412024152063,1.2315501511888367e-270,1.2315501511888367e-270,1.2315501511888367e-267,65.91011603099729
1,EDM Competitive Langmuir - two high-salt washes,7153f3f39ab39e3944db30e3ecafc691b277362a1f5bcba2e70b2181c5adf90d,6.496428571428571,6.496428571428571,6.496428571428571,1.6535644344764435e-267,Elution 1,1.0,81.29464285714286,81.29464285714286,91.91889968113367,82.22991071428572,92.32295469769274,8.769226440309975e-269,4.0,6.0,1.8464590939453895,95.87166094450825,1.8464590939453895,1.6445982142857143,1.8464590939453895,1.8464590939453895,1.6535644344764435e-270,1.6535644344764435e-270,1.6535644344764435e-267,64.78015359012984
1,EDM Competitive Langmuir - two high-salt washes,7153f3f39ab39e3944db30e3ecafc691b277362a1f5bcba2e70b2181c5adf90d,6.508571428571428,6.508571428571428,6.508571428571428,2.2291427391779624e-267,Elution 1,1.0,81.14285714285715,81.14285714285715,91.76719935129532,82.08571428571429,92.17883938448871,1.2462468557490298e-268,4.0,6.0,1.8435767876813678,95.72912916521797,1.8435767876813678,1.641714285714286,1.8435767876813678,1.8435767876813678,2.2291427391779623e-270,2.2291427391779623e-270,2.2291427391779624e-267,63.66948765448264
1,EDM Competitive Langmuir - two high-salt washes,7153f3f39ab39e3944db30e3ecafc691b277362a1f5bcba2e70b2181c5adf90d,6.520714285714286,6.520714285714286,6.520714285714286,3.0173138731408017e-267,Elution 1,1.0,80.99107142857143,80.99107142857143,91.61548929007954,81.94151785714286,92.03471482631801,1.7792366495894822e-268,4.0,6.0,1.8406942965197506,95.58640656373352,1.8406942965197506,1.638830357142857,1.8406942965197506,1.8406942965197506,3.0173138731408017e-270,3.0173138731408017e-270,3.0173138731408017e-267,62.57779483828169
1,EDM Competitive Langmuir - two high-salt washes,7153f3f39ab39e3944db30e3ecafc691b277362a1f5bcba2e70b2181c5adf90d,6.532857142857142,6.532857142857142,6.532857142857142,4.100974981694357e-267,Elution 1,1.0,80.83928571428572,80.83928571428572,91.46377035522458,81.79732142857144,91.89058183795053,2.5519326943300146e-268,4.0,6.0,1.8378116367565485,95.44351104539935,1.8378116367565485,1.6359464285714287,1.8378116367565485,1.8378116367565485,4.100974981694357e-270,4.100974981694357e-270,4.100974981694357e-267,61.50475823886029
1,EDM Competitive Langmuir - two high-salt washes,7153f3f39ab39e3944db30e3ecafc691b277362a1f5bcba2e70b2181c5adf90d,6.545,6.545,6.545,5.5970057343069225e-267,Elution 1,1.0,80.6875,80.6875,91.31204517277699,81.653125,91.74644291449397,3.677306470605681e-268,4.0,6.0,1.8349288582905596,95.30046641620935,1.8349288582905596,1.6330625,1.8349288582905596,1.8349288582905596,5.597005734306922e-270,5.597005734306922e-270,5.5970057343069225e-267,60.45007820424086
1,EDM Competitive Langmuir - two high-salt washes,7153f3f39ab39e3944db30e3ecafc691b277362a1f5bcba2e70b2181c5adf90d,6.557142857142856,6.557142857142857,6.557142857142857,7.670860585762271e-267,Elution 1,1.0,80.53571428571429,80.53571428571429,91.16031432913051,81.50892857142857,91.60229861298721,5.323966476839214e-268,4.0,6.0,1.8320459722627032,95.15728928322999,1.8320459722627032,1.6301785714285715,1.8320459722627032,1.8320459722627032,7.67086058576227e-270,7.67086058576227e-270,7.670860585762271e-267,59.413445418075085
1,EDM Competitive Langmuir - two high-salt washes,7153f3f39ab39e3944db30e3ecafc691b277362a1f5bcba2e70b2181c5adf90d,6.569285714285714,6.569285714285714,6.569285714285714,1.0557720309579626e-266,Elution 1,1.0,80.38392857142858,80.38392857142858,91.0085776302943,81.36473214285715,91.45814874898402,7.744725494316159e-268,4.0,6.0,1.8291629749852258,95.01399390858609,1.8291629749852258,1.627294642857143,1.8291629749852258,1.8291629749852258,1.0557720309579626e-269,1.0557720309579626e-269,1.0557720309579626e-266,58.39455043022801
1,EDM Competitive Langmuir - two high-salt washes,7153f3f39ab39e3944db30e3ecafc691b277362a1f5bcba2e70b2181c5adf90d,6.581428571428571,6.581428571428571,6.581428571428571,1.459324959928811e-266,Elution 1,1.0,80.23214285714286,80.23214285714286,90.85683526047265,81.22053571428572,91.31399349746057,1.1320432676335013e-267,4.0,6.0,1.8262798699575802,94.87059677315436,1.8262798699575802,1.6244107142857145,1.8262798699575802,1.8262798699575802,1.4593249599288109e-269,1.4593249599288109e-269,1.459324959928811e-266,57.393091604695485
1,EDM Competitive Langmuir - two high-salt washes,7153f3f39ab39e3944db30e3ecafc691b277362a1f5bcba2e70b2181c5adf90d,6.593571428571428,6.593571428571428,6.593571428571428,2.0258515253391624e-266,Elution 1,1.0,80.08035714285715,80.08035714285715,90.70508715581713,81.0763392857143,91.16983279774112,1.662755348477943e-267,4.0,6.0,1.8233966559661645,94.72710857404593,1.8233966559661645,1.6215267857142859,1.8233966559661645,1.8233966559661645,2.0258515253391624e-269,2.0258515253391624e-269,2.0258515253391624e-266,56.40877078663475
1,EDM Competitive Langmuir - two high-salt washes,7153f3f39ab39e3944db30e3ecafc691b277362a1f5bcba2e70b2181c5adf90d,6.605714285714285,6.605714285714285,6.605714285714285,2.8245863441634708e-266,Elution 1,1.0,79.92857142857144,79.92857142857144,90.5533330044265,80.93214285714286,91.02566635349807,2.4542883427614872e-267,4.0,6.0,1.820513327084326,94.58354055551105,1.820513327084326,1.6186428571428573,1.820513327084326,1.820513327084326,2.824586344163471e-269,2.824586344163471e-269,2.8245863441634708e-266,55.441293355007986
1,EDM Competitive Langmuir - two high-salt washes,7153f3f39ab39e3944db30e3ecafc691b277362a1f5bcba2e70b2181c5adf90d,6.617857142857143,6.617857142857143,6.617857142857143,3.955595359731235e-266,Elution 1,1.0,79.77678571428572,79.77678571428572,90.40157738589768,80.78794642857143,90.88149851562298,3.640664143265601e-267,4.0,6.0,1.8176299703286019,94.43990337735876,1.8176299703286019,1.6157589285714287,1.8176299703286019,1.8176299703286019,3.9555953597312355e-269,3.9555953597312355e-269,3.955595359731235e-266,54.49040019752414
1,EDM Competitive Langmuir - two high-salt washes,7153f3f39ab39e3944db30e3ecafc691b277362a1f5bcba2e70b2181c5adf90d,6.629999999999999,6.629999999999999,6.629999999999999,5.5641246685915785e-266,Elution 1,1.0,79.62500000000001,79.62500000000001,90.24981972925927,80.64375000000001,90.73732874168181,5.427809924780544e-267,4.0,6.0,1.8147465748501257,94.29620282273339,1.8147465748501257,1.6128750000000003,1.8147465748501257,1.8147465748501257,5.564124668591578e-269,5.564124668591578e-269,5.5641246685915785e-266,53.55580370066837
1,EDM Competitive Langmuir - two high-salt washes,7153f3f39ab39e3944db30e3ecafc691b277362a1f5bcba2e70b2181c5adf90d,6.642142857142857,6.642142857142857,6.642142857142857,7.861911205906888e-266,Elution 1,1.0,79.47321428571429,79.47321428571429,90.09805877092207,80.49955357142858,90.59315583122596,8.133913182340767e-267,4.0,6.0,1.8118631166398285,94.15244475401059,1.8118631166398285,1.6099910714285715,1.8118631166398285,1.8118631166398285,7.861911205906888e-269,7.861911205906888e-269,7.861911205906888e-266,52.63721719888427
1,EDM Competitive Langmuir - two high-salt washes,7153f3f39ab39e3944db30e3ecafc691b277362a1f5bcba2e70b2181c5adf90d,6.654285714285714,6.654285714285713,6.654285714285713,1.1158971339661615e-265,Elution 1,1.0,79.32142857142858,79.32142857142858,89.94629436792628,80.35535714285716,90.44897964848239,1.2253798395205737e-266,4.0,6.0,1.8089795929818233,94.00863696204158,1.8089795929818233,1.607107142857143,1.8089795929818233,1.8089795929818233,1.1158971339661615e-268,1.1158971339661615e-268,1.1158971339661615e-265,51.73436593206308
1,EDM Competitive Langmuir - two high-salt washes,7153f3f39ab39e3944db30e3ecafc691b277362a1f5bcba2e70b2181c5adf90d,6.666428571428571,6.666428571428571,6.666428571428571,1.5911226047045822e-265,Elution 1,1.0,79.16964285714286,79.16964285714286,89.79452623304333,80.21116071428573,90.30479992062688,1.8563351996537017e-266,4.0,6.0,1.806095998419161,93.8647876100757,1.806095998419161,1.6042232142857145,1.806095998419161,1.806095998419161,1.5911226047045823e-268,1.5911226047045823e-268,1.5911226047045822e-265,50.846979042335406
1,EDM Competitive Langmuir - two high-salt washes,7153f3f39ab39e3944db30e3ecafc691b277362a1f5bcba2e70b2181c5adf90d,6.678571428571429,6.678571428571429,6.678571428571429,2.279216443245144e-265,Elution 1,1.0,79.01785714285714,79.01785714285714,89.64275393477577,80.06696428571428,90.16061623778407,2.8211864318341832e-266,4.0,6.0,1.803212324753831,93.72089722753086,1.803212324753831,1.6013392857142856,1.803212324753831,1.803212324753831,2.279216443245144e-268,2.279216443245144e-268,2.279216443245144e-265,49.974789563433426
1,EDM Competitive Langmuir - two high-salt washes,7153f3f39ab39e3944db30e3ecafc691b277362a1f5bcba2e70b2181c5adf90d,6.690714285714285,6.690714285714286,6.690714285714286,3.2801157260378085e-265,Elution 1,1.0,78.86607142857143,78.86607142857143,89.49098169846849,79.92276785714286,90.01643261365001,4.318426579475319e-266,4.0,6.0,1.8003286522650035,93.57696892509921,1.8003286522650035,1.598455357142857,1.8003286522650035,1.8003286522650035,3.2801157260378085e-268,3.2801157260378085e-268,3.2801157260378085e-265,49.11756129031368
1,EDM Competitive Langmuir - two high-salt washes,7153f3f39ab39e3944db30e3ecafc691b277362a1f5bcba2e70b2181c5adf90d,6.702857142857143,6.702857142857143,6.702857142857143,4.742792356992056e-265,Elution 1,1.0,78.71428571428572,78.71428571428572,89.33920856875486,79.77857142857142,89.87224814070328,6.668016820715332e-266,4.0,6.0,1.797444962801386,93.43300909865665,1.797444962801386,1.5955714285714286,1.797444962801386,1.797444962801386,4.7427923569920563e-268,4.7427923569920563e-268,4.742792356992056e-265,48.27503232068337
1,EDM Competitive Langmuir - two high-salt washes,7153f3f39ab39e3944db30e3ecafc691b277362a1f5bcba2e70b2181c5adf90d,6.715,6.715,6.715,6.890339958736019e-265,Elution 1,1.0,78.5625,78.5625,89.18743367688764,79.634375,89.72806199369435,1.0421175508985625e-265,4.0,6.0,1.794561239857364,93.28902410267438,1.794561239857364,1.5926875,1.794561239857364,1.794561239857364,6.890339958736019e-268,6.890339958736019e-268,6.890339958736019e-265,47.4469459840717
1,EDM Competitive Langmuir - two high-salt washes,7153f3f39ab39e3944db30e3ecafc691b277362a1f5bcba2e70b2181c5adf90d,6.727142857142857,6.727142857142857,6.727142857142857,1.0058418376798885e-264,Elution 1,1.0,78.41071428571429,78.41071428571429,89.03565703359993,79.49017857142857,89.58387418279193,1.6638282786447929e-265,4.0,6.0,1.7916774836368832,93.14501329566423,1.7916774836368832,1.5898035714285714,1.7916774836368832,1.7916774836368832,1.0058418376798886e-267,1.0058418376798886e-267,1.0058418376798885e-264,46.63305492550888
1,EDM Competitive Langmuir - two high-salt washes,7153f3f39ab39e3944db30e3ecafc691b277362a1f5bcba2e70b2181c5adf90d,6.739285714285714,6.739285714285714,6.739285714285714,1.4754452022975427e-264,Elution 1,1.0,78.25892857142858,78.25892857142858,88.88387859612276,79.34598214285714,89.43968466733375,2.757886725169053e-265,4.0,6.0,1.7887936933273416,93.00097911281361,1.7887936933273416,1.586919642857143,1.7887936933273416,1.7887936933273416,1.4754452022975427e-267,1.4754452022975427e-267,1.4754452022975427e-264,45.83311574208886
1,EDM Competitive Langmuir - two high-salt washes,7153f3f39ab39e3944db30e3ecafc691b277362a1f5bcba2e70b2181c5adf90d,6.751428571428572,6.751428571428572,6.751428571428572,2.17492375654381e-264,Elution 1,1.0,78.10714285714286,78.10714285714286,88.73209826818494,79.2017857142857,89.29549335582655,4.8426051782863404e-265,4.0,6.0,1.7859098670995879,92.85692589043134,1.7859098670995879,1.5840357142857142,1.7859098670995879,1.7859098670995879,2.17492375654381e-267,2.17492375654381e-267,2.17492375654381e-264,45.04688893465201
1,EDM Competitive Langmuir - two high-salt washes,7153f3f39ab39e3944db30e3ecafc691b277362a1f5bcba2e70b2181c5adf90d,6.763571428571428,6.763571428571428,6.763571428571428,3.2219432724993664e-264,Elution 1,1.0,77.95535714285715,77.95535714285715,88.58031787393465,79.0575892857143,89.15130198131769,9.378658546272965e-265,4.0,6.0,1.783026039611118,92.71285714727328,1.783026039611118,1.5811517857142858,1.783026039611118,1.783026039611118,3.2219432724993665e-267,3.2219432724993665e-267,3.2219432724993664e-264,44.27414882200095
1,EDM Competitive Langmuir - two high-salt washes,7153f3f39ab39e3944db30e3ecafc691b277362a1f5bcba2e70b2181c5adf90d,6.775714285714286,6.775714285714286,6.775714285714286,4.797052590128266e-264,Elution 1,1.0,77.80357142857143,77.80357142857143,88.42853694413226,78.91339285714285,89.0071100979663,2.0520982506451395e-264,4.0,6.0,1.7801422019465403,92.56877331913479,1.7801422019465403,1.5782678571428572,1.7801422019465403,1.7801422019465403,4.7970525901282655e-267,4.7970525901282655e-267,4.797052590128266e-264,43.51466173553141
1,EDM Competitive Langmuir - two high-salt washes,7153f3f39ab39e3944db30e3ecafc691b277362a1f5bcba2e70b2181c5adf90d,6.787857142857143,6.787857142857142,6.787857142857142,7.1788179149663955e-264,Elution 1,1.0,77.65178571428572,77.65178571428572,88.27675529050957,78.76919642857143,88.86291752687517,5.064308599578233e-264,4.0,6.0,1.7772583505286903,92.42467617304938,1.7772583505286903,1.5753839285714288,1.7772583505286903,1.7772583505286903,7.178817914966396e-267,7.178817914966396e-267,7.1788179149663955e-264,42.76819950435123
1,EDM Competitive Langmuir - two high-salt washes,7153f3f39ab39e3944db30e3ecafc691b277362a1f5bcba2e70b2181c5adf90d,6.8,6.8,6.8,1.0799721261253518e-263,Elution 1,1.0,77.5,77.5,88.12497299771434,78.625,88.71872434843746,1.376489181149197e-263,4.0,6.0,1.7743744869655826,92.28056784086802,1.7743744869655826,1.5725,1.7743744869655826,1.7743744869655826,1.0799721261253518e-266,1.0799721261253518e-266,1.0799721261253518e-263,42.03453922427547
1,EDM Competitive Langmuir - two high-salt washes,7153f3f39ab39e3944db30e3ecafc691b277362a1f5bcba2e70b2181c5adf90d,6.812142857142857,6.812142857142857,6.812142857142857,1.6336450725478973e-263,Elution 1,1.0,77.34821428571429,77.34821428571429,87.9731901319292,78.48080357142857,88.57453062550317,3.981445280424937e-263,4.0,6.0,1.7714906125143621,92.13644980855615,1.7714906125143621,1.5696160714285714,1.7714906125143621,1.7714906125143621,1.633645072547897e-266,1.633645072547897e-266,1.6336450725478973e-263,41.31346170389963
1,EDM Competitive Langmuir - two high-salt washes,7153f3f39ab39e3944db30e3ecafc691b277362a1f5bcba2e70b2181c5adf90d,6.824285714285714,6.824285714285715,6.824285714285715,2.4806507028293154e-263,Elution 1,1.0,77.19642857142857,77.19642857142857,87.82140674087152,78.33660714285713,88.43033640337893,1.1898049859434173e-262,4.0,6.0,1.768606728081303,91.9923227709158,1.768606728081303,1.5667321428571428,1.768606728081303,1.768606728081303,2.4806507028293156e-266,2.4806507028293156e-266,2.4806507028293154e-263,40.604751407664864
1,EDM Competitive Langmuir - two high-salt washes,7153f3f39ab39e3944db30e3ecafc691b277362a1f5bcba2e70b2181c5adf90d,6.836428571428571,6.836428571428571,6.836428571428571,3.789988880307724e-263,Elution 1,1.0,77.04464285714286,77.04464285714286,87.66962296300089,78.19241071428573,88.2861418140916,3.6031071169818843e-262,4.0,6.0,1.7657228363002706,91.84818803693389,1.7657228363002706,1.5638482142857144,1.7657228363002706,1.7657228363002706,3.789988880307724e-266,3.789988880307724e-266,3.789988880307724e-263,39.908196897308116
1,EDM Competitive Langmuir - two high-salt washes,7153f3f39ab39e3944db30e3ecafc691b277362a1f5bcba2e70b2181c5adf90d,6.848571428571429,6.848571428571429,6.848571428571429,5.8387496767482285e-263,Elution 1,1.0,76.89285714285714,76.89285714285714,87.51783892647903,78.04821428571428,88.14194697919604,1.0936785484347707e-261,4.0,6.0,1.762838939604939,91.70404753169785,1.762838939604939,1.5609642857142858,1.762838939604939,1.762838939604939,5.838749676748228e-266,5.838749676748228e-266,5.8387496767482285e-263,39.22359027994684
1,EDM Competitive Langmuir - two high-salt washes,7153f3f39ab39e3944db30e3ecafc691b277362a1f5bcba2e70b2181c5adf90d,6.860714285714285,6.860714285714285,6.860714285714285,9.09653126606636e-263,Elution 1,1.0,76.74107142857144,76.74107142857144,87.36605473047403,77.90401785714286,87.9977519928641,3.3083498902536646e-261,4.0,6.0,1.759955039879123,91.55990159416275,1.759955039879123,1.5580803571428574,1.759955039879123,1.759955039879123,9.09653126606636e-266,9.09653126606636e-266,9.09653126606636e-263,38.550727070776155
1,EDM Competitive Langmuir - two high-salt washes,7153f3f39ab39e3944db30e3ecafc691b277362a1f5bcba2e70b2181c5adf90d,6.872857142857143,6.872857142857143,6.872857142857143,1.444400962969642e-262,Elution 1,1.0,76.58928571428572,76.58928571428572,87.21427047974278,77.75982142857143,87.85355695463394,9.944490727817817e-261,4.0,6.0,1.7570711391132054,91.41575014559476,1.7570711391132054,1.5551964285714286,1.7570711391132054,1.7570711391132054,1.444400962969642e-265,1.444400962969642e-265,1.444400962969642e-262,37.889406293608474
1,EDM Competitive Langmuir - two high-salt washes,7153f3f39ab39e3944db30e3ecafc691b277362a1f5bcba2e70b2181c5adf90d,6.885,6.885,6.885,2.3717484499251777e-262,Elution 1,1.0,76.4375,76.4375,87.06248627904225,77.615625,87.70936196404382,2.9661734389651232e-260,4.0,6.0,1.7541872392975706,91.27159329166072,1.7541872392975706,1.5523125000000002,1.7541872392975706,1.7541872392975706,2.3717484499251778e-265,2.3717484499251778e-265,2.3717484499251777e-262,37.23943039600447
1,EDM Competitive Langmuir - two high-salt washes,7153f3f39ab39e3944db30e3ecafc691b277362a1f5bcba2e70b2181c5adf90d,6.897142857142857,6.897142857142857,6.897142857142857,4.106822194833046e-262,Elution 1,1.0,76.28571428571429,76.28571428571429,86.91070223312934,77.47142857142858,87.5651671206319,8.773738314052236e-260,4.0,6.0,1.751303342422601,91.12743090237551,1.751303342422601,1.5494285714285716,1.751303342422601,1.751303342422601,4.106822194833046e-265,4.106822194833046e-265,4.106822194833046e-262,36.600605191352514
1,EDM Competitive Langmuir - two high-salt washes,7153f3f39ab39e3944db30e3ecafc691b277362a1f5bcba2e70b2181c5adf90d,6.909285714285714,6.909285714285714,6.909285714285714,7.777698534042197e-262,Elution 1,1.0,76.13392857142858,76.13392857142858,86.75891622904518,77.32723214285716,87.42097041651954,2.5730735711318716e-259,4.0,6.0,1.7484194083437352,90.98326404824068,1.7484194083437352,1.546544642857143,1.7484194083437352,1.7484194083437352,7.777698534042197e-265,7.777698534042197e-265,7.777698534042197e-262,35.97273070766484
1,EDM Competitive Langmuir - two high-salt washes,7153f3f39ab39e3944db30e3ecafc691b277362a1f5bcba2e70b2181c5adf90d,6.921428571428572,6.921428571428571,6.921428571428571,1.6588397579328876e-261,Elution 1,1.0,75.98214285714286,75.98214285714286,86.60712987735411,77.18303571428572,87.27677338216041,7.481586491250835e-259,4.0,6.0,1.7455354676605734,90.8390956409344,1.7455354676605734,1.5436607142857144,1.7455354676605734,1.7455354676605734,1.6588397579328876e-264,1.6588397579328876e-264,1.6588397579328876e-261,35.355625857101295
1,EDM Competitive Langmuir - two high-salt washes,7153f3f39ab39e3944db30e3ecafc691b277362a1f5bcba2e70b2181c5adf90d,6.933571428571428,6.933571428571428,6.933571428571428,4.0011755352487763e-261,Elution 1,1.0,75.83035714285715,75.83035714285715,86.45534342184699,77.03883928571429,87.13257624921175,2.156998611777104e-258,4.0,6.0,1.7426515250050405,90.6949249444889,1.7426515250050405,1.5407767857142858,1.7426515250050405,1.7426515250050405,4.001175535248776e-264,4.001175535248776e-264,4.0011755352487763e-261,34.749106903023105
1,EDM Competitive Langmuir - two high-salt washes,7153f3f39ab39e3944db30e3ecafc691b277362a1f5bcba2e70b2181c5adf90d,6.945714285714286,6.945714285714286,6.945714285714286,1.0694097736698963e-260,Elution 1,1.0,75.67857142857143,75.67857142857143,86.30355692912197,76.89464285714286,86.98837908095084,6.167155728003878e-258,4.0,6.0,1.7397675816425313,90.55075107159549,1.7397675816425313,1.5378928571428572,1.7397675816425313,1.7397675816425313,1.0694097736698962e-263,1.0694097736698962e-263,1.0694097736698963e-260,34.15299251994866
1,EDM Competitive Langmuir - two high-salt washes,7153f3f39ab39e3944db30e3ecafc691b277362a1f5bcba2e70b2181c5adf90d,6.957857142857142,6.957857142857142,6.957857142857142,3.0620490100920876e-260,Elution 1,1.0,75.52678571428572,75.52678571428572,86.15177046577728,76.75044642857144,86.84418194065499,1.748939306470387e-257,4.0,6.0,1.7368836388384423,90.40657384617194,1.7368836388384423,1.5350089285714288,1.7368836388384423,1.7368836388384423,3.0620490100920877e-263,3.0620490100920877e-263,3.0620490100920876e-260,33.56710447929035
1,EDM Competitive Langmuir - two high-salt washes,7153f3f39ab39e3944db30e3ecafc691b277362a1f5bcba2e70b2181c5adf90d,6.97,6.97,6.97,9.103954125665695e-260,Elution 1,1.0,75.375,75.375,85.99998409841105,76.60625,86.69998489160146,4.920402141928024e-257,4.0,6.0,1.7339996978581689,90.26239295508488,1.7339996978581689,1.5321250000000002,1.7339996978581689,1.7339996978581689,9.103954125665695e-263,9.103954125665695e-263,9.103954125665695e-260,32.99126759669374
1,EDM Competitive Langmuir - two high-salt washes,7153f3f39ab39e3944db30e3ecafc691b277362a1f5bcba2e70b2181c5adf90d,6.982142857142857,6.982142857142857,6.982142857142857,2.751353423674086e-259,Elution 1,1.0,75.22321428571429,75.22321428571429,85.84819789362152,76.46205357142858,86.55578799706758,1.3735540018640045e-256,4.0,6.0,1.7311157599671072,90.11820928950935,1.7311157599671072,1.5292410714285716,1.7311157599671072,1.7311157599671072,2.751353423674086e-262,2.751353423674086e-262,2.751353423674086e-259,32.42530968026743
1,EDM Competitive Langmuir - two high-salt washes,7153f3f39ab39e3944db30e3ecafc691b277362a1f5bcba2e70b2181c5adf90d,6.994285714285714,6.994285714285714,6.994285714285714,8.348428413512239e-259,Elution 1,1.0,75.07142857142858,75.07142857142858,85.69641191800682,76.31785714285715,86.41159132033063,3.8053404941481415e-256,4.0,6.0,1.7282318264306524,89.97402541572451,1.7282318264306524,1.526357142857143,1.7282318264306524,1.7282318264306524,8.348428413512239e-262,8.348428413512239e-262,8.348428413512239e-259,31.86906147968781
1,EDM Competitive Langmuir - two high-salt washes,7153f3f39ab39e3944db30e3ecafc691b277362a1f5bcba2e70b2181c5adf90d,7.006428571428571,7.006428571428571,7.006428571428571,2.5267011813763127e-258,Elution 1,1.0,74.91964285714286,74.91964285714286,85.54462623816518,76.17366071428572,86.26739492466791,1.0464691018450681e-255,4.0,6.0,1.7253478985142012,89.82984045040654,1.7253478985142012,1.5234732142857146,1.7253478985142012,1.7253478985142012,2.5267011813763127e-261,2.5267011813763127e-261,2.5267011813763127e-258,31.32235663616497
1,EDM Competitive Langmuir - two high-salt washes,7153f3f39ab39e3944db30e3ecafc691b277362a1f5bcba2e70b2181c5adf90d,7.018571428571429,7.018571428571429,7.018571428571429,7.602323373383468e-258,Elution 1,1.0,74.76785714285714,74.76785714285714,85.39284092069477,76.02946428571428,86.12319887335671,2.8570995483043726e-255,4.0,6.0,1.7224639774831485,89.68565381401716,1.7224639774831485,1.5205892857142858,1.7224639774831485,1.7224639774831485,7.602323373383468e-261,7.602323373383468e-261,7.602323373383468e-258,30.785031633253258
1,EDM Competitive Langmuir - two high-salt washes,7153f3f39ab39e3944db30e3ecafc691b277362a1f5bcba2e70b2181c5adf90d,7.030714285714285,7.030714285714285,7.030714285714285,2.2702707214884714e-257,Elution 1,1.0,74.61607142857144,74.61607142857144,85.24105603219377,75.88526785714286,85.97900322967433,7.755337791518156e-255,4.0,6.0,1.7195800646028907,89.54146550177482,1.7195800646028907,1.5177053571428574,1.7195800646028907,1.7195800646028907,2.2702707214884715e-260,2.2702707214884715e-260,2.2702707214884714e-257,30.256925748495618
1,EDM Competitive Langmuir - two high-salt washes,7153f3f39ab39e3944db30e3ecafc691b277362a1f5bcba2e70b2181c5adf90d,7.042857142857143,7.042857142857143,7.042857142857143,6.724009534609625e-257,Elution 1,1.0,74.46428571428572,74.46428571428572,85.08927163926035,75.74107142857143,85.83480805689805,2.106196712594613e-254,4.0,6.0,1.7166961611388232,89.39727545806693,1.7166961611388232,1.5148214285714285,1.7166961611388232,1.7166961611388232,6.724009534609625e-260,6.724009534609625e-260,6.724009534609625e-257,29.73788100588435
1,EDM Competitive Langmuir - two high-salt washes,7153f3f39ab39e3944db30e3ecafc691b277362a1f5bcba2e70b2181c5adf90d,7.054999999999999,7.055,7.055,1.974591310051849e-256,Elution 1,1.0,74.3125,74.3125,84.93748780849273,75.59687500000001,85.69061341830519,5.687262008365762e-254,4.0,6.0,1.713812268356342,89.25308412802983,1.713812268356342,1.5119375000000002,1.713812268356342,1.713812268356342,1.974591310051849e-259,1.974591310051849e-259,1.974591310051849e-256,29.227742129126636
1,EDM Competitive Langmuir - two high-salt washes,7153f3f39ab39e3944db30e3ecafc691b277362a1f5bcba2e70b2181c5adf90d,7.067142857142857,7.067142857142857,7.067142857142857,5.74917016650288e-256,Elution 1,1.0,74.16071428571429,74.16071428571429,84.78570223359334,75.45267857142858,85.54641712235592,1.5086184989393258e-253,4.0,6.0,1.7109283424341386,89.10889260386139,1.7109283424341386,1.5090535714285715,1.7109283424341386,1.7109283424341386,5.749170166502881e-259,5.749170166502881e-259,5.74917016650288e-256,28.72634872464154
1,EDM Competitive Langmuir - two high-salt washes,7153f3f39ab39e3944db30e3ecafc691b277362a1f5bcba2e70b2181c5adf90d,7.079285714285714,7.079285714285714,7.079285714285714,1.6597609778998957e-255,Elution 1,1.0,74.00892857142858,74.00892857142858,84.63391625773356,75.30848214285714,85.40222044537667,3.918224617359567e-253,4.0,6.0,1.7080444088934061,88.96470051823361,1.7080444088934061,1.506169642857143,1.7080444088934061,1.7080444088934061,1.6597609778998958e-258,1.6597609778998958e-258,1.6597609778998957e-255,28.233555287404936
1,EDM Competitive Langmuir - two high-salt washes,7153f3f39ab39e3944db30e3ecafc691b277362a1f5bcba2e70b2181c5adf90d,7.091428571428571,7.091428571428571,7.091428571428571,4.75180615757064e-255,Elution 1,1.0,73.85714285714286,73.85714285714286,84.48213035745688,75.16428571428573,85.25802384019057,1.0143406001369586e-252,4.0,6.0,1.7051604767887925,88.82050776851113,1.7051604767887925,1.5032857142857146,1.7051604767887925,1.7051604767887925,4.751806157570641e-258,4.751806157570641e-258,4.75180615757064e-255,27.749215839318953
1,EDM Competitive Langmuir - two high-salt washes,7153f3f39ab39e3944db30e3ecafc691b277362a1f5bcba2e70b2181c5adf90d,7.103571428571428,7.103571428571428,7.103571428571428,1.3493309298809266e-254,Elution 1,1.0,73.70535714285715,73.70535714285715,84.3303445533515,75.02008928571429,85.11382732635447,2.6463217352506847e-252,4.0,6.0,1.7022765465114706,88.67631442992739,1.7022765465114706,1.500401785714286,1.7022765465114706,1.7022765465114706,1.3493309298809266e-257,1.3493309298809266e-257,1.3493309298809266e-254,27.273185410089496
1,EDM Competitive Langmuir - two high-salt washes,7153f3f39ab39e3944db30e3ecafc691b277362a1f5bcba2e70b2181c5adf90d,7.115714285714286,7.115714285714285,7.115714285714285,3.801062317648653e-254,Elution 1,1.0,73.55357142857144,73.55357142857144,84.17855886600555,74.87589285714287,84.9696309234251,6.845671319222005e-252,4.0,6.0,1.6993926184526131,88.53212056017252,1.6993926184526131,1.4975178571428573,1.6993926184526131,1.6993926184526131,3.801062317648653e-257,3.801062317648653e-257,3.801062317648653e-254,26.805321513268744
1,EDM Competitive Langmuir - two high-salt washes,7153f3f39ab39e3944db30e3ecafc691b277362a1f5bcba2e70b2181c5adf90d,7.127857142857143,7.127857142857144,7.127857142857144,1.0624314885683353e-253,Elution 1,1.0,73.40178571428571,73.40178571428571,84.0267733160072,74.73169642857142,84.82543465095928,1.768982260428808e-251,4.0,6.0,1.6965086930033921,88.38792623005912,1.6965086930033921,1.4946339285714285,1.6965086930033921,1.6965086930033921,1.0624314885683354e-256,1.0624314885683354e-256,1.0624314885683353e-253,26.345484103753968
1,EDM Competitive Langmuir - two high-salt washes,7153f3f39ab39e3944db30e3ecafc691b277362a1f5bcba2e70b2181c5adf90d,7.14,7.14,7.14,2.9470629086360514e-253,Elution 1,1.0,73.25,73.25,83.87498792394459,74.5875,84.68123852851383,4.559499678504656e-251,4.0,6.0,1.6936247705549812,88.24373156853407,1.6936247705549812,1.4917500000000001,1.6936247705549812,1.6936247705549812,2.947062908636051e-256,2.947062908636051e-256,2.9470629086360514e-253,25.893535536011875
1,EDM Competitive Langmuir - two high-salt washes,7153f3f39ab39e3944db30e3ecafc691b277362a1f5bcba2e70b2181c5adf90d,7.152142857142858,7.152142857142858,7.152142857142858,8.114332009873688e-253,Elution 1,1.0,73.09821428571428,73.09821428571428,83.7232027104059,74.44330357142857,84.53704257564549,1.1643668392447491e-250,4.0,6.0,1.6907408514985518,88.0995366890984,1.6907408514985518,1.4888660714285713,1.6907408514985518,1.6907408514985518,8.114332009873688e-256,8.114332009873688e-256,8.114332009873688e-253,25.449340523016296
1,EDM Competitive Langmuir - two high-salt washes,7153f3f39ab39e3944db30e3ecafc691b277362a1f5bcba2e70b2181c5adf90d,7.164285714285714,7.164285714285714,7.164285714285714,2.2180535083774427e-252,Elution 1,1.0,72.94642857142858,72.94642857142858,83.57141769597928,74.29910714285715,84.39284681191108,2.952441262486248e-250,4.0,6.0,1.6878569362252773,87.95534168750228,1.6878569362252773,1.485982142857143,1.6878569362252773,1.6878569362252773,2.218053508377443e-255,2.218053508377443e-255,2.2180535083774427e-252,25.01276609588807
1,EDM Competitive Langmuir - two high-salt washes,7153f3f39ab39e3944db30e3ecafc691b277362a1f5bcba2e70b2181c5adf90d,7.176428571428572,7.176428571428572,7.176428571428572,6.026547823325203e-252,Elution 1,1.0,72.79464285714286,72.79464285714286,83.41963290125288,74.1549107142857,84.24865125686739,7.446094248628261e-250,4.0,6.0,1.68497302512633,87.8111466632839,1.68497302512633,1.4830982142857143,1.68497302512633,1.68497302512633,6.026547823325204e-255,6.026547823325204e-255,6.026547823325203e-252,24.583681564223625
1,EDM Competitive Langmuir - two high-salt washes,7153f3f39ab39e3944db30e3ecafc691b277362a1f5bcba2e70b2181c5adf90d,7.188571428571428,7.188571428571429,7.188571428571429,1.6365509713795196e-251,Elution 1,1.0,72.64285714285714,72.64285714285714,83.26784834681487,74.01071428571429,84.10445593007121,1.8686060428275982e-249,4.0,6.0,1.6820891185928826,87.66695171598148,1.6820891185928826,1.4802142857142857,1.6820891185928826,1.6820891185928826,1.6365509713795196e-254,1.6365509713795196e-254,1.6365509713795196e-251,24.16195847710195
1,EDM Competitive Langmuir - two high-salt washes,7153f3f39ab39e3944db30e3ecafc691b277362a1f5bcba2e70b2181c5adf90d,7.200714285714286,7.200714285714286,7.200714285714286,4.4233566098582356e-251,Elution 1,1.0,72.49107142857143,72.49107142857143,83.11606405325341,73.86651785714287,83.96026085107931,4.666386055622419e-249,4.0,6.0,1.6792052170161076,87.52275632530473,1.6792052170161076,1.4773303571428573,1.6792052170161076,1.6792052170161076,4.423356609858236e-254,4.423356609858236e-254,4.4233566098582356e-251,23.747470584757192
1,EDM Competitive Langmuir - two high-salt washes,7153f3f39ab39e3944db30e3ecafc691b277362a1f5bcba2e70b2181c5adf90d,7.212857142857143,7.212857142857143,7.212857142857143,1.1768918054912803e-250,Elution 1,1.0,72.33928571428572,72.33928571428572,82.96428004115664,73.72232142857143,83.81606603944853,1.1597044093097745e-248,4.0,6.0,1.6763213207871777,87.37855952406096,1.6763213207871777,1.4744464285714285,1.6763213207871777,1.6763213207871777,1.1768918054912803e-253,1.1768918054912803e-253,1.1768918054912803e-250,23.34009380090647
1,EDM Competitive Langmuir - two high-salt washes,7153f3f39ab39e3944db30e3ecafc691b277362a1f5bcba2e70b2181c5adf90d,7.225,7.225,7.225,3.067775399093558e-250,Elution 1,1.0,72.1875,72.1875,82.81249527777088,73.578125,83.67187051416269,2.8730852565659705e-248,4.0,6.0,1.6734374102834124,87.23436246070492,1.6734374102834124,1.4715625,1.6734374102834124,1.6734374102834124,3.067775399093558e-253,3.067775399093558e-253,3.067775399093558e-250,22.93970341104987
1,EDM Competitive Langmuir - two high-salt washes,7153f3f39ab39e3944db30e3ecafc691b277362a1f5bcba2e70b2181c5adf90d,7.237142857142857,7.237142857142857,7.237142857142857,7.946283159954179e-250,Elution 1,1.0,72.03571428571429,72.03571428571429,82.66071016325567,73.43392857142858,83.52767465533475,7.135130981144823e-248,4.0,6.0,1.6705534931079702,87.0901653173703,1.6705534931079702,1.4686785714285717,1.6705534931079702,1.6705534931079702,7.946283159954179e-253,7.946283159954179e-253,7.946283159954179e-250,22.546180662799063
1,EDM Competitive Langmuir - two high-salt washes,7153f3f39ab39e3944db30e3ecafc691b277362a1f5bcba2e70b2181c5adf90d,7.2492857142857146,7.249285714285714,7.249285714285714,2.070328393445812e-249,Elution 1,1.0,71.88392857142858,71.88392857142858,82.50892504618228,73.28973214285715,83.38347879407371,1.765065749023347e-247,4.0,6.0,1.6676695758838134,86.9459681573344,1.6676695758838134,1.465794642857143,1.6676695758838134,1.6676695758838134,2.0703283934458121e-252,2.0703283934458121e-252,2.070328393445812e-249,22.15940865591739
1,EDM Competitive Langmuir - two high-salt washes,7153f3f39ab39e3944db30e3ecafc691b277362a1f5bcba2e70b2181c5adf90d,7.261428571428571,7.261428571428571,7.261428571428571,5.36354793664382e-249,Elution 1,1.0,71.73214285714286,71.73214285714286,82.3571399238112,73.14553571428573,83.23928292777735,4.34483642192167e-247,4.0,6.0,1.6647856585588814,86.80177104387454,1.6647856585588814,1.4629107142857145,1.6647856585588814,1.6647856585588814,5.36354793664382e-252,5.36354793664382e-252,5.36354793664382e-249,21.779271577169986
1,EDM Competitive Langmuir - two high-salt washes,7153f3f39ab39e3944db30e3ecafc691b277362a1f5bcba2e70b2181c5adf90d,7.273571428571429,7.273571428571429,7.273571428571429,1.3862475091911398e-248,Elution 1,1.0,71.58035714285714,71.58035714285714,82.2053547934029,73.00133928571428,83.09508705384341,1.0997338704362822e-246,4.0,6.0,1.6619017410811128,86.65757404026796,1.6619017410811128,1.4600267857142857,1.6619017410811128,1.6619017410811128,1.3862475091911398e-251,1.3862475091911398e-251,1.3862475091911398e-248,21.40565560040259
1,EDM Competitive Langmuir - two high-salt washes,7153f3f39ab39e3944db30e3ecafc691b277362a1f5bcba2e70b2181c5adf90d,7.285714285714286,7.285714285714285,7.285714285714285,3.574611178006974e-248,Elution 1,1.0,71.42857142857144,71.42857142857144,82.0535696522179,72.85714285714286,82.95089116966969,5.750114475269567e-246,4.0,6.0,1.6590178233984467,86.51337720979201,1.6590178233984467,1.4571428571428573,1.6590178233984467,1.6590178233984467,3.574611178006974e-251,3.574611178006974e-251,3.574611178006974e-248,21.038448852442293
1,EDM Competitive Langmuir - two high-salt washes,7153f3f39ab39e3944db30e3ecafc691b277362a1f5bcba2e70b2181c5adf90d,7.297857142857143,7.297857142857143,7.297857142857143,9.143373552231915e-248,Elution 1,1.0,71.27678571428572,71.27678571428572,81.90178449751666,72.71294642857143,82.80669527265388,2.073537561980578e-244,4.0,6.0,1.656133905458822,86.36918061572395,1.656133905458822,1.4542589285714287,1.656133905458822,1.656133905458822,9.143373552231915e-251,9.143373552231915e-251,9.143373552231915e-248,20.67754137958291
1,EDM Competitive Langmuir - two high-salt washes,7153f3f39ab39e3944db30e3ecafc691b277362a1f5bcba2e70b2181c5adf90d,7.31,7.31,7.31,2.321356171930348e-247,Elution 1,1.0,71.125,71.125,81.74999932655967,72.56875000000001,82.66249936019382,9.703960429220934e-243,4.0,6.0,1.653249987210178,86.22498432134108,1.653249987210178,1.451375,1.653249987210178,1.653249987210178,2.321356171930348e-250,2.321356171930348e-250,2.321356171930348e-247,20.322825114646342
1,EDM Competitive Langmuir - two high-salt washes,7153f3f39ab39e3944db30e3ecafc691b277362a1f5bcba2e70b2181c5adf90d,7.322142857142857,7.3221428571428575,7.3221428571428575,5.860099077048766e-247,Elution 1,1.0,70.97321428571428,70.97321428571428,81.59821413660742,72.42455357142856,82.51830342968721,3.679928489131321e-241,4.0,6.0,1.6503660686004529,86.08078838992071,1.6503660686004529,1.4484910714285713,1.6503660686004529,1.6503660686004529,5.860099077048765e-250,5.860099077048765e-250,5.860099077048766e-247,19.97419384460855
1,EDM Competitive Langmuir - two high-salt washes,7153f3f39ab39e3944db30e3ecafc691b277362a1f5bcba2e70b2181c5adf90d,7.334285714285714,7.334285714285714,7.334285714285714,1.4719013541340476e-246,Elution 1,1.0,70.82142857142858,70.82142857142858,81.44642892492041,72.28035714285716,82.37410747853184,1.1323331494284766e-239,4.0,6.0,1.6474821495775864,85.93659288474014,1.6474821495775864,1.445607142857143,1.6474821495775864,1.6474821495775864,1.4719013541340477e-249,1.4719013541340477e-249,1.4719013541340476e-246,19.631543178782096
1,EDM Competitive Langmuir - two high-salt washes,7153f3f39ab39e3944db30e3ecafc691b277362a1f5bcba2e70b2181c5adf90d,7.3464285714285715,7.3464285714285715,7.3464285714285715,3.6789342864006697e-246,Elution 1,1.0,70.66964285714286,70.66964285714286,81.29464368875911,72.13616071428571,82.22991150412545,2.8667507267250925e-238,4.0,6.0,1.6445982300895168,85.79239786907662,1.6445982300895168,1.4427232142857143,1.6445982300895168,1.6445982300895168,3.6789342864006695e-249,3.6789342864006695e-249,3.6789342864006697e-246,19.294770517543714
1,EDM Competitive Langmuir - two high-salt washes,7153f3f39ab39e3944db30e3ecafc691b277362a1f5bcba2e70b2181c5adf90d,7.358571428571428,7.3585714285714285,7.3585714285714285,9.150929491635746e-246,Elution 1,1.0,70.51785714285714,70.51785714285714,81.14285842538402,71.99196428571429,82.08571550386583,5.301822382261146e-237,4.0,6.0,1.6417143100841833,85.64820274302599,1.6417143100841833,1.4398392857142857,1.6417143100841833,1.6417143100841833,9.150929491635746e-249,9.150929491635746e-249,9.150929491635746e-246,18.96377502159985
1,EDM Competitive Langmuir - two high-salt washes,7153f3f39ab39e3944db30e3ecafc691b277362a1f5bcba2e70b2181c5adf90d,7.3707142857142856,7.3707142857142856,7.3707142857142856,2.2683626045931657e-245,Elution 1,1.0,70.36607142857143,70.36607142857143,80.99107313205562,71.84776785714286,81.9415194751507,1.682474889644194e-233,4.0,6.0,1.638830389509525,85.50400633500908,1.638830389509525,1.4369553571428573,1.638830389509525,1.638830389509525,2.2683626045931657e-248,2.2683626045931657e-248,2.2683626045931657e-245,18.638457581778802
1,EDM Competitive Langmuir - two high-salt washes,7153f3f39ab39e3944db30e3ecafc691b277362a1f5bcba2e70b2181c5adf90d,7.382857142857143,7.382857142857143,7.382857142857143,5.630879548940448e-245,Elution 1,1.0,70.21428571428572,70.21428571428572,80.83928779903256,71.70357142857144,81.7973234087427,6.876033306646758e-232,4.0,6.0,1.6359464681811748,85.35980967914546,1.6359464681811748,1.4340714285714287,1.6359464681811748,1.6359464681811748,5.630879548940448e-248,5.630879548940448e-248,5.630879548940448e-245,18.31872077479969
1,EDM Competitive Langmuir - two high-salt washes,7153f3f39ab39e3944db30e3ecafc691b277362a1f5bcba2e70b2181c5adf90d,7.395,7.395,7.395,1.3939295192907884e-244,Elution 1,1.0,70.0625,70.0625,80.68750242448297,71.559375,81.65312730289965,2.522042291193841e-231,4.0,6.0,1.633062546064222,85.21561310082701,1.633062546064222,1.4311875,1.633062546064222,1.633062546064222,1.3939295192907885e-247,1.3939295192907885e-247,1.3939295192907884e-244,18.004468865778122
1,EDM Competitive Langmuir - two high-salt washes,7153f3f39ab39e3944db30e3ecafc691b277362a1f5bcba2e70b2181c5adf90d,7.407142857142857,7.407142857142857,7.407142857142857,3.4343291256045705e-244,Elution 1,1.0,69.91071428571429,69.91071428571429,80.53571700910778,71.41517857142858,81.50893115827962,9.059065107443097e-231,4.0,6.0,1.6301786231716162,85.07141661961053,1.6301786231716162,1.4283035714285717,1.6301786231716162,1.6301786231716162,3.43432912560457e-247,3.43432912560457e-247,3.4343291256045705e-244,17.69560776733331
1,EDM Competitive Langmuir - two high-salt washes,7153f3f39ab39e3944db30e3ecafc691b277362a1f5bcba2e70b2181c5adf90d,7.4192857142857145,7.419285714285714,7.419285714285714,8.64939672232434e-244,Elution 1,1.0,69.75892857142858,69.75892857142858,80.38393154998728,71.27098214285715,81.3647349721096,2.919701025009084e-230,4.0,6.0,1.627294699447891,84.9272202550528,1.627294699447891,1.425419642857143,1.627294699447891,1.627294699447891,8.64939672232434e-247,8.64939672232434e-247,8.64939672232434e-244,17.392044998838188
1,EDM Competitive Langmuir - two high-salt washes,7153f3f39ab39e3944db30e3ecafc691b277362a1f5bcba2e70b2181c5adf90d,7.431428571428571,7.431428571428571,7.431428571428571,4.108803673563502e-243,Elution 1,1.0,69.60714285714286,69.60714285714286,80.2321460442018,71.12678571428572,81.22053874161661,8.393821410325603e-230,4.0,6.0,1.6244107748375811,84.78302402671063,1.6244107748375811,1.4225357142857145,1.6244107748375811,1.6244107748375811,4.108803673563502e-246,4.108803673563502e-246,4.108803673563502e-243,17.093689666367077
1,EDM Competitive Langmuir - two high-salt washes,7153f3f39ab39e3944db30e3ecafc691b277362a1f5bcba2e70b2181c5adf90d,7.4435714285714285,7.4435714285714285,7.4435714285714285,1.3619952970766367e-241,Elution 1,1.0,69.45535714285714,69.45535714285714,80.08036048883162,70.98258928571428,81.07634246402766,2.369068930638355e-229,4.0,6.0,1.6215268492852206,84.63882795414078,1.6215268492852206,1.4196517857142856,1.6215268492852206,1.6215268492852206,1.3619952970766368e-244,1.3619952970766368e-244,1.3619952970766367e-241,16.80045243546763
1,EDM Competitive Langmuir - two high-salt washes,7153f3f39ab39e3944db30e3ecafc691b277362a1f5bcba2e70b2181c5adf90d,7.455714285714285,7.455714285714285,7.455714285714285,6.352216897564945e-240,Elution 1,1.0,69.30357142857144,69.30357142857144,79.92857488095706,70.83839285714288,80.93214613656977,9.356647632523857e-229,4.0,6.0,1.6186429227353436,84.49463205690009,1.6186429227353436,1.4167678571428575,1.6186429227353436,1.6186429227353436,6.352216897564945e-243,6.352216897564945e-243,6.352216897564945e-240,16.512245504400404
1,EDM Competitive Langmuir - two high-salt washes,7153f3f39ab39e3944db30e3ecafc691b277362a1f5bcba2e70b2181c5adf90d,7.4678571428571425,7.4678571428571425,7.4678571428571425,2.4153794709525797e-238,Elution 1,1.0,69.15178571428572,69.15178571428572,79.7767892176584,70.69419642857143,80.78794975646994,6.437750777453194e-228,4.0,6.0,1.6157589951324844,84.3504363545453,1.6157589951324844,1.4138839285714286,1.6157589951324844,1.6157589951324844,2.4153794709525796e-241,2.4153794709525796e-241,2.4153794709525797e-238,16.228982577837442
1,EDM Competitive Langmuir - two high-salt washes,7153f3f39ab39e3944db30e3ecafc691b277362a1f5bcba2e70b2181c5adf90d,7.4799999999999995,7.479999999999999,7.479999999999999,7.456741384152329e-237,Elution 1,1.0,69.00000000000001,69.00000000000001,79.62500349601598,70.55000000000001,80.6437533209552,5.4001931242905365e-227,4.0,6.0,1.6128750664211773,84.20624086663324,1.6128750664211773,1.4110000000000005,1.6128750664211773,1.6128750664211773,7.456741384152329e-240,7.456741384152329e-240,7.456741384152329e-237,15.950578841012577
1,EDM Competitive Langmuir - two high-salt washes,7153f3f39ab39e3944db30e3ecafc691b277362a1f5bcba2e70b2181c5adf90d,7.4921428571428565,7.492142857142857,7.492142857142857,1.8949210519784414e-235,Elution 1,1.0,68.84821428571428,68.84821428571428,79.47321771311007,70.40580357142856,80.49955682725255,4.466113527418585e-226,4.0,6.0,1.6099911365459563,84.06204561272065,1.6099911365459563,1.4081160714285714,1.6099911365459563,1.6099911365459563,1.8949210519784415e-238,1.8949210519784415e-238,1.8949210519784414e-235,15.676950934315176
1,EDM Competitive Langmuir - two high-salt washes,7153f3f39ab39e3944db30e3ecafc691b277362a1f5bcba2e70b2181c5adf90d,7.504285714285714,7.504285714285714,7.504285714285714,3.531770390641174e-234,Elution 1,1.0,68.69642857142858,68.69642857142858,79.321431866021,70.26160714285714,80.35536027258901,3.4678375005344446e-225,4.0,6.0,1.6071072054513558,83.91785061236438,1.6071072054513558,1.405232142857143,1.6071072054513558,1.6071072054513558,3.531770390641174e-237,3.531770390641174e-237,3.531770390641174e-234,15.408016928320176
1,EDM Competitive Langmuir - two high-salt washes,7153f3f39ab39e3944db30e3ecafc691b277362a1f5bcba2e70b2181c5adf90d,7.5164285714285715,7.5164285714285715,7.5164285714285715,1.0888473458538236e-230,Elution 1,1.0,68.54464285714286,68.54464285714286,79.16964595182905,70.11741071428571,80.21116365419158,2.533914137449839e-224,4.0,6.0,1.60422327308191,83.77365559083505,1.60422327308191,1.4023482142857144,1.60422327308191,1.60422327308191,1.0888473458538236e-233,1.0888473458538236e-233,1.0888473458538236e-230,15.143696299246514
1,EDM Competitive Langmuir - two high-salt washes,7153f3f39ab39e3944db30e3ecafc691b277362a1f5bcba2e70b2181c5adf90d,7.528571428571428,7.528571428571428,7.528571428571428,4.50857948864062e-229,Elution 1,1.0,68.39285714285715,68.39285714285715,79.01785996761457,69.9732142857143,80.06696696928728,1.7542741554779825e-223,4.0,6.0,1.601339339382153,83.6294599674486,1.601339339382153,1.399464285714286,1.601339339382153,1.601339339382153,4.5085794886406206e-232,4.5085794886406206e-232,4.50857948864062e-229,14.883909904836884
1,EDM Competitive Langmuir - two high-salt washes,7153f3f39ab39e3944db30e3ecafc691b277362a1f5bcba2e70b2181c5adf90d,7.5407142857142855,7.5407142857142855,7.5407142857142855,1.874593246301163e-228,Elution 1,1.0,68.24107142857143,68.24107142857143,78.86607420589752,69.82901785714286,79.92277049569644,9.622874171359588e-223,4.0,6.0,1.5984554099094157,83.48526410790502,1.5984554099094157,1.3965803571428572,1.5984554099094157,1.5984554099094157,1.874593246301163e-231,1.874593246301163e-231,1.874593246301163e-228,14.628580453294848
1,EDM Competitive Langmuir - two high-salt washes,7153f3f39ab39e3944db30e3ecafc691b277362a1f5bcba2e70b2181c5adf90d,7.552857142857143,7.5528571428571425,7.5528571428571425,6.751880584060895e-228,Elution 1,1.0,68.08928571428572,68.08928571428572,78.71428866961733,69.68482142857144,79.7785742362107,5.073381055957241e-222,4.0,6.0,1.5955714847195441,83.34106824516302,1.5955714847195441,1.3936964285714288,1.5955714847195441,1.5955714847195441,6.751880584060894e-231,6.751880584060894e-231,6.751880584060895e-228,14.377631478947478
1,EDM Competitive Langmuir - two high-salt washes,7153f3f39ab39e3944db30e3ecafc691b277362a1f5bcba2e70b2181c5adf90d,7.5649999999999995,7.5649999999999995,7.5649999999999995,2.208950019974423e-227,Elution 1,1.0,67.9375,67.9375,78.56250311870959,69.540625,79.63437796282935,2.704131980175982e-221,4.0,6.0,1.5926875592517704,83.1968723766203,1.5926875592517704,1.3908125,1.5926875592517704,1.5926875592517704,2.208950019974423e-230,2.208950019974423e-230,2.208950019974423e-227,14.130987436527418
1,EDM Competitive Langmuir - two high-salt washes,7153f3f39ab39e3944db30e3ecafc691b277362a1f5bcba2e70b2181c5adf90d,7.577142857142857,7.577142857142857,7.577142857142857,6.461778921390667e-227,Elution 1,1.0,67.78571428571428,67.78571428571428,78.4107175525547,69.39642857142857,79.49018167496394,1.4452174691065927e-220,4.0,6.0,1.5898036334943269,83.05267649967466,1.5898036334943269,1.3879285714285714,1.5898036334943269,1.5898036334943269,6.461778921390667e-230,6.461778921390667e-230,6.461778921390667e-227,13.888574476027486
1,EDM Competitive Langmuir - two high-salt washes,7153f3f39ab39e3944db30e3ecafc691b277362a1f5bcba2e70b2181c5adf90d,7.5892857142857135,7.5892857142857135,7.5892857142857135,1.82917947548327e-226,Elution 1,1.0,67.63392857142858,67.63392857142858,78.25893197053315,69.25223214285715,79.34598537202606,7.786267510703305e-220,4.0,6.0,1.5869197074354469,82.90848061172386,1.5869197074354469,1.385044642857143,1.5869197074354469,1.5869197074354469,1.8291794754832697e-229,1.8291794754832697e-229,1.82917947548327e-226,13.650320014345391
1,EDM Competitive Langmuir - two high-salt washes,7153f3f39ab39e3944db30e3ecafc691b277362a1f5bcba2e70b2181c5adf90d,7.601428571428571,7.601428571428571,7.601428571428571,6.890443384799774e-226,Elution 1,1.0,67.48214285714286,67.48214285714286,78.10714637202541,69.10803571428572,79.2017890534273,4.0543069717295086e-219,4.0,6.0,1.5840357810633627,82.76428471016563,1.5840357810633627,1.3821607142857144,1.5840357810633627,1.5840357810633627,6.890443384799774e-229,6.890443384799774e-229,6.890443384799774e-226,13.416152713548762
1,EDM Competitive Langmuir - two high-salt washes,7153f3f39ab39e3944db30e3ecafc691b277362a1f5bcba2e70b2181c5adf90d,7.613571428571428,7.6135714285714275,7.6135714285714275,4.4958380665584357e-225,Elution 1,1.0,67.33035714285715,67.33035714285715,77.95536075641193,68.9638392857143,79.05759271857924,2.0070175639764536e-218,4.0,6.0,1.5811518543663077,82.62008879239777,1.5811518543663077,1.379276785714286,1.5811518543663077,1.5811518543663077,4.495838066558436e-228,4.495838066558436e-228,4.4958380665584357e-225,13.186002459513618
1,EDM Competitive Langmuir - two high-salt washes,7153f3f39ab39e3944db30e3ecafc691b277362a1f5bcba2e70b2181c5adf90d,7.6257142857142854,7.625714285714286,7.625714285714286,3.721457343157422e-224,Elution 1,1.0,67.17857142857142,67.17857142857142,77.80357512307316,68.81964285714285,78.91339636689345,9.455811804509443e-218,4.0,6.0,1.5782679273325142,82.47589285581797,1.5782679273325142,1.376392857142857,1.5782679273325142,1.5782679273325142,3.721457343157422e-227,3.721457343157422e-227,3.721457343157422e-224,12.959800340929071
1,EDM Competitive Langmuir - two high-salt washes,7153f3f39ab39e3944db30e3ecafc691b277362a1f5bcba2e70b2181c5adf90d,7.6378571428571425,7.6378571428571425,7.6378571428571425,3.080433216245657e-223,Elution 1,1.0,67.02678571428572,67.02678571428572,77.65178947138958,68.67544642857143,78.76919999778151,4.235443922212032e-217,4.0,6.0,1.5753839999502157,82.33169689782407,1.5753839999502157,1.3735089285714288,1.5753839999502157,1.5753839999502157,3.080433216245657e-226,3.080433216245657e-226,3.080433216245657e-223,12.73747862866231
1,EDM Competitive Langmuir - two high-salt washes,7153f3f39ab39e3944db30e3ecafc691b277362a1f5bcba2e70b2181c5adf90d,7.65,7.65,7.65,2.4015223895489168e-222,Elution 1,1.0,66.875,66.875,77.50000380074162,68.53125,78.62500361065501,1.7355887784946038e-216,4.0,6.0,1.5725000722076443,82.1875009158138,1.5725000722076443,1.370625,1.5725000722076443,1.5725000722076443,2.401522389548917e-225,2.401522389548917e-225,2.4015223895489168e-222,12.518970755477447
1,EDM Competitive Langmuir - two high-salt washes,7153f3f39ab39e3944db30e3ecafc691b277362a1f5bcba2e70b2181c5adf90d,7.6621428571428565,7.6621428571428565,7.6621428571428565,1.7619857654274412e-221,Elution 1,1.0,66.72321428571429,66.72321428571429,77.34821811050978,68.38705357142858,78.48080720492555,6.84892967295928e-216,4.0,6.0,1.5696161440930334,82.04330490718492,1.5696161440930334,1.3677410714285716,1.5696161440930334,1.5696161440930334,1.7619857654274412e-224,1.7619857654274412e-224,1.7619857654274412e-221,12.304211296102656
1,EDM Competitive Langmuir - two high-salt washes,7153f3f39ab39e3944db30e3ecafc691b277362a1f5bcba2e70b2181c5adf90d,7.674285714285714,7.674285714285714,7.674285714285714,1.2245508348663812e-220,Elution 1,1.0,66.57142857142857,66.57142857142857,77.19643240007447,68.24285714285713,78.33661078000466,2.59886466603427e-215,4.0,6.0,1.5667322155946155,81.89910886738363,1.5667322155946155,1.3648571428571428,1.5667322155946155,1.5667322155946155,1.2245508348663812e-223,1.2245508348663812e-223,1.2245508348663812e-220,12.09313594763891
1,EDM Competitive Langmuir - two high-salt washes,7153f3f39ab39e3944db30e3ecafc691b277362a1f5bcba2e70b2181c5adf90d,7.6864285714285705,7.686428571428571,7.686428571428571,6.845721224577912e-220,Elution 1,1.0,66.41964285714286,66.41964285714286,77.0446466688162,68.09866071428571,78.19241433530398,9.652398431946969e-215,4.0,6.0,1.5638482867006236,81.75491278937709,1.5638482867006236,1.3619732142857144,1.5638482867006236,1.5638482867006236,6.8457212245779125e-223,6.8457212245779125e-223,6.845721224577912e-220,11.88568151030514
1,EDM Competitive Langmuir - two high-salt washes,7153f3f39ab39e3944db30e3ecafc691b277362a1f5bcba2e70b2181c5adf90d,7.698571428571428,7.698571428571428,7.698571428571428,3.622406830490835e-219,Elution 1,1.0,66.26785714285714,66.26785714285714,76.8928609161154,67.9544642857143,78.04821787023504,3.4749923615561742e-214,4.0,6.0,1.5609643573992902,81.61071667212904,1.5609643573992902,1.3590892857142858,1.5609643573992902,1.5609643573992902,3.622406830490835e-222,3.622406830490835e-222,3.622406830490835e-219,11.68178586851342
1,EDM Competitive Langmuir - two high-salt washes,7153f3f39ab39e3944db30e3ecafc691b277362a1f5bcba2e70b2181c5adf90d,7.710714285714285,7.710714285714285,7.710714285714285,1.9287929656182062e-218,Elution 1,1.0,66.11607142857143,66.11607142857143,76.74107514135254,67.81026785714286,77.90402138420944,1.2046524635856832e-213,4.0,6.0,1.5580804276788487,81.46652051528844,1.5580804276788487,1.3562053571428572,1.5580804276788487,1.5580804276788487,1.9287929656182062e-221,1.9287929656182062e-221,1.9287929656182062e-218,11.481387972269244
1,EDM Competitive Langmuir - two high-salt washes,7153f3f39ab39e3944db30e3ecafc691b277362a1f5bcba2e70b2181c5adf90d,7.722857142857142,7.722857142857142,7.722857142857142,1.0305806675456951e-217,Elution 1,1.0,65.96428571428572,65.96428571428572,76.58928934390806,67.66607142857143,77.75982487663877,3.990047460571972e-213,4.0,6.0,1.5551964975275312,81.32232431608224,1.5551964975275312,1.3533214285714288,1.5551964975275312,1.5551964975275312,1.0305806675456952e-220,1.0305806675456952e-220,1.0305806675456951e-217,11.284427818890517
1,EDM Competitive Langmuir - two high-salt washes,7153f3f39ab39e3944db30e3ecafc691b277362a1f5bcba2e70b2181c5adf90d,7.734999999999999,7.734999999999999,7.734999999999999,5.548249848963017e-217,Elution 1,1.0,65.8125,65.8125,76.43750352316245,67.52187500000001,77.61562834693461,1.2667336686092566e-212,4.0,6.0,1.5523125669335711,81.1781280717375,1.5523125669335711,1.3504375000000002,1.5523125669335711,1.5523125669335711,5.548249848963017e-220,5.548249848963017e-220,5.548249848963017e-217,11.090846435040373
1,EDM Competitive Langmuir - two high-salt washes,7153f3f39ab39e3944db30e3ecafc691b277362a1f5bcba2e70b2181c5adf90d,7.747142857142857,7.747142857142856,7.747142857142856,2.898184540908411e-216,Elution 1,1.0,65.66071428571429,65.66071428571429,76.28571767849616,67.37767857142859,77.47143179450853,3.923244322275968e-212,4.0,6.0,1.549428635885201,81.03393177948122,1.549428635885201,1.3475535714285716,1.549428635885201,1.549428635885201,2.898184540908411e-219,2.898184540908411e-219,2.898184540908411e-216,10.900585859068245
1,EDM Competitive Langmuir - two high-salt washes,7153f3f39ab39e3944db30e3ecafc691b277362a1f5bcba2e70b2181c5adf90d,7.7592857142857135,7.7592857142857135,7.7592857142857135,1.441751610986913e-215,Elution 1,1.0,65.50892857142858,65.50892857142858,76.13393180928963,67.23348214285716,77.32723521877212,1.185388865642607e-211,4.0,6.0,1.5465447043706537,80.8897354365404,1.5465447043706537,1.3446696428571432,1.5465447043706537,1.5465447043706537,1.441751610986913e-218,1.441751610986913e-218,1.441751610986913e-215,10.7135891236539
1,EDM Competitive Langmuir - two high-salt washes,7153f3f39ab39e3944db30e3ecafc691b277362a1f5bcba2e70b2181c5adf90d,7.771428571428571,7.771428571428571,7.771428571428571,6.8268256019681e-215,Elution 1,1.0,65.35714285714286,65.35714285714286,75.98214591492334,67.08928571428572,77.18303861913695,3.487988151794327e-211,4.0,6.0,1.5436607723781621,80.74553904014206,1.5436607723781621,1.3417857142857144,1.5436607723781621,1.5436607723781621,6.8268256019681e-218,6.8268256019681e-218,6.8268256019681e-215,10.529800238749043
1,EDM Competitive Langmuir - two high-salt washes,7153f3f39ab39e3944db30e3ecafc691b277362a1f5bcba2e70b2181c5adf90d,7.783571428571428,7.7835714285714275,7.7835714285714275,3.0743158957077363e-214,Elution 1,1.0,65.20535714285715,65.20535714285715,75.83035999477775,66.94508928571429,77.03884199501461,1.0037995237935217e-210,4.0,6.0,1.5407768398959591,80.60134258751324,1.5407768398959591,1.338901785714286,1.5407768398959591,1.5407768398959591,3.0743158957077363e-217,3.0743158957077363e-217,3.0743158957077363e-214,10.349164174811971
1,EDM Competitive Langmuir - two high-salt washes,7153f3f39ab39e3944db30e3ecafc691b277362a1f5bcba2e70b2181c5adf90d,7.795714285714285,7.795714285714285,7.795714285714285,1.2725142892215543e-213,Elution 1,1.0,65.05357142857143,65.05357142857143,75.67857404823332,66.80089285714286,76.89464534581667,2.8713074902576375e-210,4.0,6.0,1.5378929069122773,80.45714607588091,1.5378929069122773,1.3360178571428571,1.5378929069122773,1.5378929069122773,1.2725142892215543e-216,1.2725142892215543e-216,1.2725142892215543e-213,10.171626846329412
1,EDM Competitive Langmuir - two high-salt washes,7153f3f39ab39e3944db30e3ecafc691b277362a1f5bcba2e70b2181c5adf90d,7.807857142857142,7.807857142857142,7.807857142857142,5.044221121971528e-213,Elution 1,1.0,64.90178571428572,64.90178571428572,75.52678807467049,66.65669642857144,76.75044867095474,8.004585733905921e-210,4.0,6.0,1.5350089734153498,80.31294950247212,1.5350089734153498,1.3331339285714288,1.5350089734153498,1.5350089734153498,5.044221121971528e-216,5.044221121971528e-216,5.044221121971528e-213,9.997135095621418
1,EDM Competitive Langmuir - two high-salt washes,7153f3f39ab39e3944db30e3ecafc691b277362a1f5bcba2e70b2181c5adf90d,7.819999999999999,7.82,7.82,1.9233452429501657e-212,Elution 1,1.0,64.75,64.75,75.37500207346974,66.51249999999999,76.60625196984037,2.196871302937124e-209,4.0,6.0,1.5321250393934092,80.16875286451383,1.5321250393934092,1.33025,1.5321250393934092,1.5321250393934092,1.9233452429501657e-215,1.9233452429501657e-215,1.9233452429501657e-212,9.825636676923896
1,EDM Competitive Langmuir - two high-salt washes,7153f3f39ab39e3944db30e3ecafc691b277362a1f5bcba2e70b2181c5adf90d,7.832142857142856,7.832142857142856,7.832142857142856,7.162915926330085e-212,Elution 1,1.0,64.59821428571429,64.59821428571429,75.22321604401154,66.36830357142858,76.46205524188515,5.8901793420091e-209,4.0,6.0,1.5292411048346886,80.02455624176056,1.5292411048346886,1.3273660714285715,1.5292411048346886,1.5292411048346886,7.162915926330085e-215,7.162915926330085e-215,7.162915926330085e-212,9.657080240744364
1,EDM Competitive Langmuir - two high-salt washes,7153f3f39ab39e3944db30e3ecafc691b277362a1f5bcba2e70b2181c5adf90d,7.844285714285714,7.844285714285714,7.844285714285714,2.5891973550756096e-211,Elution 1,1.0,64.44642857142857,64.44642857142857,75.0714299856763,66.22410714285715,76.31785848650065,1.5437166771825341e-208,4.0,6.0,1.5263571697274203,79.8803598311418,1.5263571697274203,1.3244821428571427,1.5263571697274203,1.5263571697274203,2.5891973550756097e-214,2.5891973550756097e-214,2.5891973550756096e-211,9.491415318485906
1,EDM Competitive Langmuir - two high-salt washes,7153f3f39ab39e3944db30e3ecafc691b277362a1f5bcba2e70b2181c5adf90d,7.85642857142857,7.856428571428571,7.856428571428571,9.021277950809393e-211,Elution 1,1.0,64.29464285714286,64.29464285714286,74.91964394579688,66.07991071428572,76.17366174864576,3.966782579602366e-208,4.0,6.0,1.5234732349707234,79.73616356756912,1.5234732349707234,1.3215982142857143,1.5234732349707234,1.5234732349707234,9.021277950809393e-214,9.021277950809393e-214,9.021277950809393e-211,9.328592358318927
1,EDM Competitive Langmuir - two high-salt washes,7153f3f39ab39e3944db30e3ecafc691b277362a1f5bcba2e70b2181c5adf90d,7.868571428571428,7.868571428571428,7.868571428571428,3.006966873400293e-210,Elution 1,1.0,64.14285714285714,64.14285714285714,74.7678581041994,65.93571428571428,76.02946519912739,1.004213230644187e-207,4.0,6.0,1.520589303980513,79.59196728992775,1.520589303980513,1.318714285714286,1.520589303980513,1.520589303980513,3.006966873400293e-213,3.006966873400293e-213,3.006966873400293e-210,9.168562794298378
1,EDM Competitive Langmuir - two high-salt washes,7153f3f39ab39e3944db30e3ecafc691b277362a1f5bcba2e70b2181c5adf90d,7.880714285714285,7.880714285714285,7.880714285714285,9.604764018261618e-210,Elution 1,1.0,63.99107142857143,63.99107142857143,74.616072262328,65.79151785714286,75.88526864934835,2.4910411308778062e-207,4.0,6.0,1.5177053729850931,79.44777099762926,1.5177053729850931,1.3158303571428571,1.5177053729850931,1.5177053729850931,9.604764018261618e-213,9.604764018261618e-213,9.604764018261618e-210,9.011278495345648
1,EDM Competitive Langmuir - two high-salt washes,7153f3f39ab39e3944db30e3ecafc691b277362a1f5bcba2e70b2181c5adf90d,7.892857142857142,7.892857142857142,7.892857142857142,2.985652326864141e-209,Elution 1,1.0,63.83928571428572,63.83928571428572,74.46428642066925,65.64732142857144,75.7410720997709,6.198165642521111e-207,4.0,6.0,1.5148214419937085,79.30357469008526,1.5148214419937085,1.3129464285714287,1.5148214419937085,1.5148214419937085,2.9856523268641415e-212,2.9856523268641415e-212,2.985652326864141e-209,8.856692367656835
1,EDM Competitive Langmuir - two high-salt washes,7153f3f39ab39e3944db30e3ecafc691b277362a1f5bcba2e70b2181c5adf90d,7.904999999999999,7.904999999999999,7.904999999999999,9.054837714961192e-209,Elution 1,1.0,63.68750000000001,63.68750000000001,74.3125005797098,65.50312500000001,75.59687555085732,1.575743682671743e-206,4.0,6.0,1.5119375110156044,79.15937836670729,1.5119375110156044,1.3100625000000001,1.5119375110156044,1.5119375110156044,9.054837714961192e-212,9.054837714961192e-212,9.054837714961192e-209,8.704758125284478
1,EDM Competitive Langmuir - two high-salt washes,7153f3f39ab39e3944db30e3ecafc691b277362a1f5bcba2e70b2181c5adf90d,7.917142857142857,7.917142857142856,7.917142857142856,2.6753060507994536e-208,Elution 1,1.0,63.53571428571429,63.53571428571429,74.16071473993627,65.35892857142858,75.45267900306985,4.186682485422885e-206,4.0,6.0,1.5090535800600258,79.01518202690696,1.5090535800600258,1.3071785714285715,1.5090535800600258,1.5090535800600258,2.6753060507994536e-211,2.6753060507994536e-211,2.6753060507994536e-208,8.555430276279756
1,EDM Competitive Langmuir - two high-salt washes,7153f3f39ab39e3944db30e3ecafc691b277362a1f5bcba2e70b2181c5adf90d,7.929285714285713,7.929285714285713,7.929285714285713,7.726228031061679e-208,Elution 1,1.0,63.383928571428584,63.383928571428584,74.00892890183526,65.21473214285714,75.30848245687075,1.1928932607806471e-205,4.0,6.0,1.5061696491362178,78.87098567009583,1.5061696491362178,1.3042946428571431,1.5061696491362178,1.5061696491362178,7.726228031061679e-211,7.726228031061679e-211,7.726228031061679e-208,8.408664109072525
1,EDM Competitive Langmuir - two high-salt washes,7153f3f39ab39e3944db30e3ecafc691b277362a1f5bcba2e70b2181c5adf90d,7.941428571428571,7.941428571428571,7.941428571428571,2.2121870315056127e-207,Elution 1,1.0,63.23214285714286,63.23214285714286,73.85714306589338,65.07053571428571,75.16428591272228,3.690728119313412e-205,4.0,6.0,1.503285718253425,78.72678929568548,1.503285718253425,1.3014107142857143,1.503285718253425,1.503285718253425,2.2121870315056128e-210,2.2121870315056128e-210,2.2121870315056127e-207,8.264415679084944
1,EDM Competitive Langmuir - two high-salt washes,7153f3f39ab39e3944db30e3ecafc691b277362a1f5bcba2e70b2181c5adf90d,7.953571428571427,7.953571428571427,7.953571428571427,6.1928404714413576e-207,Elution 1,1.0,63.08035714285716,63.08035714285716,73.7053572325973,64.9263392857143,75.02008937108673,1.233119008980244e-204,4.0,6.0,1.5004017874208933,78.58259290308754,1.5004017874208933,1.298526785714286,1.5004017874208933,1.5004017874208933,6.192840471441358e-210,6.192840471441358e-210,6.1928404714413576e-207,8.122641795574802
1,EDM Competitive Langmuir - two high-salt washes,7153f3f39ab39e3944db30e3ecafc691b277362a1f5bcba2e70b2181c5adf90d,7.965714285714285,7.965714285714285,7.965714285714285,1.7040197513323753e-206,Elution 1,1.0,62.92857142857143,62.92857142857143,73.55357140243356,64.78214285714287,74.8758928324263,4.2916977592533615e-204,4.0,6.0,1.4975178566478666,78.43839649171352,1.4975178566478666,1.2956428571428573,1.4975178566478666,1.4975178566478666,1.7040197513323754e-209,1.7040197513323754e-209,1.7040197513323753e-206,7.983300008704267
1,EDM Competitive Langmuir - two high-salt washes,7153f3f39ab39e3944db30e3ecafc691b277362a1f5bcba2e70b2181c5adf90d,7.977857142857142,7.977857142857141,7.977857142857141,4.586658857630326e-206,Elution 1,1.0,62.77678571428573,62.77678571428573,73.40178557588887,64.63794642857144,74.73169629720331,1.4738752877189306e-203,4.0,6.0,1.494633925943591,78.29420006097507,1.494633925943591,1.292758928571429,1.494633925943591,1.494633925943591,4.586658857630326e-209,4.586658857630326e-209,4.586658857630326e-206,7.846348596830845
1,EDM Competitive Langmuir - two high-salt washes,7153f3f39ab39e3944db30e3ecafc691b277362a1f5bcba2e70b2181c5adf90d,7.989999999999999,7.99,7.99,1.206764179659616e-205,Elution 1,1.0,62.625,62.625,73.24999975344977,64.49375,74.58749976588,5.0415713995044056e-203,4.0,6.0,1.4917499953173108,78.15000361028369,1.4917499953173108,1.2898749999999999,1.4917499953173108,1.4917499953173108,1.2067641796596161e-208,1.2067641796596161e-208,1.206764179659616e-205,7.711746554015878
1,EDM Competitive Langmuir - two high-salt washes,7153f3f39ab39e3944db30e3ecafc691b277362a1f5bcba2e70b2181c5adf90d,8.002142857142857,8.002142857142857,8.002142857142857,3.1115828493365015e-205,Elution 1,1.0,62.473214285714285,62.473214285714285,73.09821393560291,64.34955357142857,74.4433032389186,1.696045148297946e-202,4.0,6.0,1.4888660647782714,78.00580713905103,1.4888660647782714,1.2869910714285715,1.4888660647782714,1.4888660647782714,3.1115828493365017e-208,3.1115828493365017e-208,3.1115828493365015e-205,7.57945357774776
1,EDM Competitive Langmuir - two high-salt washes,7153f3f39ab39e3944db30e3ecafc691b277362a1f5bcba2e70b2181c5adf90d,8.014285714285714,8.014285714285714,8.014285714285714,7.897891226380763e-205,Elution 1,1.0,62.32142857142857,62.32142857142857,72.94642812283493,64.20535714285714,74.29910671678142,5.5980396025189525e-202,4.0,6.0,1.4859821343357178,77.86161064668865,1.4859821343357178,1.284107142857143,1.4859821343357178,1.4859821343357178,7.897891226380763e-208,7.897891226380763e-208,7.897891226380763e-205,7.44943005687536
1,EDM Competitive Langmuir - two high-salt washes,7153f3f39ab39e3944db30e3ecafc691b277362a1f5bcba2e70b2181c5adf90d,8.026428571428571,8.026428571428571,8.026428571428571,1.9662783425600325e-204,Elution 1,1.0,62.16964285714286,62.16964285714286,72.7946423156324,64.06116071428572,74.15491019993068,1.79288607626911e-201,4.0,6.0,1.483098203998895,77.71741413260813,1.483098203998895,1.2812232142857143,1.483098203998895,1.483098203998895,1.9662783425600327e-207,1.9662783425600327e-207,1.9662783425600325e-204,7.32163705974865
1,EDM Competitive Langmuir - two high-salt washes,7153f3f39ab39e3944db30e3ecafc691b277362a1f5bcba2e70b2181c5adf90d,8.038571428571428,8.038571428571428,8.038571428571428,4.8897687560587044e-204,Elution 1,1.0,62.017857142857146,62.017857142857146,72.64285651448199,63.916964285714286,74.01071368882867,5.5527755829811034e-201,4.0,6.0,1.4802142737770478,77.57321759622106,1.4802142737770478,1.278339285714286,1.4802142737770478,1.4802142737770478,4.889768756058704e-207,4.889768756058704e-207,4.8897687560587044e-204,7.196036322562725
1,EDM Competitive Langmuir - two high-salt washes,7153f3f39ab39e3944db30e3ecafc691b277362a1f5bcba2e70b2181c5adf90d,8.050714285714285,8.050714285714285,8.050714285714285,1.2383576408765625e-203,Elution 1,1.0,61.86607142857143,61.86607142857143,72.4910707198703,63.77276785714286,73.86651718393763,1.6703616557819687e-200,4.0,6.0,1.4773303436794214,77.42902103693899,1.4773303436794214,1.2754553571428573,1.4773303436794214,1.4773303436794214,1.2383576408765624e-206,1.2383576408765624e-206,1.2383576408765625e-203,7.072590237901622
1,EDM Competitive Langmuir - two high-salt washes,7153f3f39ab39e3944db30e3ecafc691b277362a1f5bcba2e70b2181c5adf90d,8.062857142857142,8.062857142857142,8.062857142857142,3.2651746726871436e-203,Elution 1,1.0,61.71428571428572,61.71428571428572,72.33928493228393,63.62857142857143,73.72232068571984,0.0,4.0,6.0,1.474446413715261,77.28482445417353,1.474446413715261,1.2725714285714287,1.474446413715261,1.474446413715261,3.2651746726871434e-206,3.2651746726871434e-206,3.2651746726871436e-203,6.95126184347888
1,EDM Competitive Langmuir - two high-salt washes,7153f3f39ab39e3944db30e3ecafc691b277362a1f5bcba2e70b2181c5adf90d,8.075,8.075,8.075,9.19637374108272e-203,Elution 1,1.0,61.56250000000001,61.56250000000001,72.18749915220953,63.48437500000001,73.57812419463752,0.0,4.0,6.0,1.4715624838938115,77.14062784733626,1.4715624838938115,1.2696875000000003,1.4715624838938115,1.4715624838938115,9.19637374108272e-206,9.19637374108272e-206,9.19637374108272e-203,6.832014811071025
1,EDM Competitive Langmuir - two high-salt washes,7153f3f39ab39e3944db30e3ecafc691b277362a1f5bcba2e70b2181c5adf90d,8.087142857142856,8.087142857142856,8.087142857142856,2.809139345713451e-202,Elution 1,1.0,61.4107142857143,61.4107142857143,72.03571338013369,63.34017857142858,73.43392771115298,0.0,4.0,6.0,1.468678554224318,76.99643121583874,1.468678554224318,1.2668035714285717,1.468678554224318,1.468678554224318,2.809139345713451e-205,2.809139345713451e-205,2.809139345713451e-202,6.714813435640975
1,EDM Competitive Langmuir - two high-salt washes,7153f3f39ab39e3944db30e3ecafc691b277362a1f5bcba2e70b2181c5adf90d,8.099285714285715,8.099285714285713,8.099285714285713,9.281615276688295e-202,Elution 1,1.0,61.258928571428584,61.258928571428584,71.88392761654303,63.195982142857154,73.28973123572842,0.0,4.0,6.0,1.4657946247160252,76.85223455909258,1.4657946247160252,1.263919642857143,1.4657946247160252,1.4657946247160252,9.281615276688295e-205,9.281615276688295e-205,9.281615276688295e-202,6.599622624647994
1,EDM Competitive Langmuir - two high-salt washes,7153f3f39ab39e3944db30e3ecafc691b277362a1f5bcba2e70b2181c5adf90d,8.11142857142857,8.11142857142857,8.11142857142857,3.212199376803828e-201,Elution 1,1.0,61.10714285714287,61.10714285714287,71.7321418619242,63.05178571428573,73.14553476882618,0.0,4.0,6.0,1.4629106953781785,76.70803787650935,1.4629106953781785,1.2610357142857147,1.4629106953781785,1.4629106953781785,3.212199376803828e-204,3.212199376803828e-204,3.212199376803828e-201,6.486407887541072
1,EDM Competitive Langmuir - two high-salt washes,7153f3f39ab39e3944db30e3ecafc691b277362a1f5bcba2e70b2181c5adf90d,8.123571428571429,8.123571428571429,8.123571428571429,1.1051556953212994e-200,Elution 1,1.0,60.95535714285714,60.95535714285714,71.5803561167638,62.90758928571428,73.00133831090845,4.3345428796962384e-195,4.0,6.0,1.4600267662200226,76.5638411675006,1.4600267662200226,1.2581517857142857,1.4600267662200226,1.4600267662200226,1.1051556953212993e-203,1.1051556953212993e-203,1.1051556953212994e-200,6.375135325432408
1,EDM Competitive Langmuir - two high-salt washes,7153f3f39ab39e3944db30e3ecafc691b277362a1f5bcba2e70b2181c5adf90d,8.135714285714284,8.135714285714286,8.135714285714286,3.7823845365214196e-200,Elution 1,1.0,60.80357142857142,60.80357142857142,71.42857038154844,62.763392857142854,72.85714186243753,8.877943097092542e-194,4.0,6.0,1.457142837250803,76.41964443147793,1.457142837250803,1.255267857142857,1.457142837250803,1.457142837250803,3.7823845365214194e-203,3.7823845365214194e-203,3.7823845365214196e-200,6.265771620948148
1,EDM Competitive Langmuir - two high-salt washes,7153f3f39ab39e3944db30e3ecafc691b277362a1f5bcba2e70b2181c5adf90d,8.147857142857143,8.147857142857143,8.147857142857143,1.2753787924105707e-199,Elution 1,1.0,60.65178571428571,60.65178571428571,71.27678465676475,62.61919642857143,72.71294542387565,7.475013418913375e-193,4.0,6.0,1.4542589084797644,76.2754476812492,1.4542589084797644,1.2523839285714287,1.4542589084797644,1.4542589084797644,1.2753787924105707e-202,1.2753787924105707e-202,1.2753787924105707e-199,6.158284028253095
1,EDM Competitive Langmuir - two high-salt washes,7153f3f39ab39e3944db30e3ecafc691b277362a1f5bcba2e70b2181c5adf90d,8.16,8.16,8.16,4.220865089264413e-199,Elution 1,1.0,60.5,60.5,71.12499894289934,62.475,72.5687489956851,4.4452450011143696e-192,4.0,6.0,1.4513749799161517,76.13125099878741,1.4513749799161517,1.2495,1.4513749799161517,1.4513749799161517,4.220865089264413e-202,4.220865089264413e-202,4.220865089264413e-199,6.052640363246686
1,EDM Competitive Langmuir - two high-salt washes,7153f3f39ab39e3944db30e3ecafc691b277362a1f5bcba2e70b2181c5adf90d,8.172142857142857,8.172142857142857,8.172142857142857,1.3576806235571305e-198,Elution 1,1.0,60.348214285714285,60.348214285714285,70.97321324043882,62.33080357142857,72.4245525783281,2.101530494698067e-191,4.0,6.0,1.4484910515692102,75.98705444919237,1.4484910515692102,1.2466160714285714,1.4484910515692102,1.4484910515692102,1.3576806235571305e-201,1.3576806235571305e-201,1.3576806235571305e-198,5.9488089939269475
1,EDM Competitive Langmuir - two high-salt washes,7153f3f39ab39e3944db30e3ecafc691b277362a1f5bcba2e70b2181c5adf90d,8.184285714285714,8.184285714285714,8.184285714285714,4.225755757082689e-198,Elution 1,1.0,60.19642857142857,60.19642857142857,70.82142748670323,62.18660714285714,72.28035611227064,8.354826881205328e-191,4.0,6.0,1.4456071222481754,75.84285789947262,1.4456071222481754,1.243732142857143,1.4456071222481754,1.4456071222481754,4.225755757082689e-201,4.225755757082689e-201,4.225755757082689e-198,5.846758788822931
1,EDM Competitive Langmuir - two high-salt washes,7153f3f39ab39e3944db30e3ecafc691b277362a1f5bcba2e70b2181c5adf90d,8.196428571428571,8.196428571428571,8.196428571428571,1.2768025625523523e-197,Elution 1,1.0,60.04464285714286,60.04464285714286,70.66964172481627,62.042410714285715,72.13615963847211,2.9004209040088396e-190,4.0,6.0,1.4427231927722917,75.69866135009043,1.4427231927722917,1.2408482142857142,1.4427231927722917,1.4427231927722917,1.2768025625523524e-200,1.2768025625523524e-200,1.2768025625523523e-197,5.746459221974685
1,EDM Competitive Langmuir - two high-salt washes,7153f3f39ab39e3944db30e3ecafc691b277362a1f5bcba2e70b2181c5adf90d,8.208571428571428,8.208571428571428,8.208571428571428,5.895394079230766e-198,Elution 1,1.0,59.892857142857146,59.892857142857146,70.51785596697648,61.89821428571429,71.9919631685189,8.972086576400464e-190,4.0,6.0,1.439839263373302,75.55446480150806,1.439839263373302,1.2379642857142859,1.439839263373302,1.439839263373302,5.895394079230766e-201,5.895394079230766e-201,5.895394079230766e-198,5.647880269693993
1,EDM Competitive Langmuir - two high-salt washes,7153f3f39ab39e3944db30e3ecafc691b277362a1f5bcba2e70b2181c5adf90d,8.220714285714285,8.220714285714285,8.220714285714285,0.0,Elution 1,1.0,59.74107142857144,59.74107142857144,70.36607021335765,61.75401785714286,71.84776670257611,2.5257924351562968e-189,4.0,6.0,1.4369553340545076,75.41026825418776,1.4369553340545076,1.2350803571428575,1.4369553340545076,1.4369553340545076,0.0,0.0,0.0,5.550992415323523
1,EDM Competitive Langmuir - two high-salt washes,7153f3f39ab39e3944db30e3ecafc691b277362a1f5bcba2e70b2181c5adf90d,8.232857142857142,8.232857142857142,8.232857142857142,0.0,Elution 1,1.0,59.58928571428572,59.58928571428572,70.21428446413353,61.609821428571436,71.70357024080889,6.637101214021436e-189,4.0,6.0,1.434071404819211,75.26607170859178,1.434071404819211,1.2321964285714286,1.434071404819211,1.434071404819211,0.0,0.0,0.0,5.455766648552906
1,EDM Competitive Langmuir - two high-salt washes,7153f3f39ab39e3944db30e3ecafc691b277362a1f5bcba2e70b2181c5adf90d,8.245,8.245,8.245,0.0,Elution 1,1.0,59.43750000000001,59.43750000000001,70.0624987194779,61.46562500000001,71.55937378338231,1.6741510308943572e-188,4.0,6.0,1.431187475670713,75.12187516518242,1.431187475670713,1.2293125000000003,1.431187475670713,1.431187475670713,0.0,0.0,0.0,5.362174456732519
1,EDM Competitive Langmuir - two high-salt washes,7153f3f39ab39e3944db30e3ecafc691b277362a1f5bcba2e70b2181c5adf90d,8.257142857142856,8.257142857142856,8.257142857142856,0.0,Elution 1,1.0,59.2857142857143,59.2857142857143,69.91071297956455,61.321428571428584,71.41517733046155,4.280758199982441e-188,4.0,6.0,1.4283035466123162,74.9776786244219,1.4283035466123162,1.2264285714285716,1.4283035466123162,1.4283035466123162,0.0,0.0,0.0,5.270187816336532
1,EDM Competitive Langmuir - two high-salt washes,7153f3f39ab39e3944db30e3ecafc691b277362a1f5bcba2e70b2181c5adf90d,8.269285714285713,8.269285714285715,8.269285714285715,2.8047042162741858e-192,Elution 1,1.0,59.13392857142856,59.13392857142856,69.75892724456723,61.177232142857136,71.27098088221166,4.0334271565115497e-188,4.0,6.0,1.425419617647322,74.83348208677246,1.425419617647322,1.2235446428571426,1.425419617647322,1.425419617647322,2.8047042162741857e-195,2.8047042162741857e-195,2.8047042162741858e-192,5.179779184572137
1,EDM Competitive Langmuir - two high-salt washes,7153f3f39ab39e3944db30e3ecafc691b277362a1f5bcba2e70b2181c5adf90d,8.28142857142857,8.28142857142857,8.28142857142857,5.897535282106601e-191,Elution 1,1.0,58.982142857142875,58.982142857142875,69.60714151465976,61.03303571428573,71.12678443879781,1.921368274255749e-188,4.0,6.0,1.4225356887790321,74.68928555269646,1.4225356887790321,1.2206607142857147,1.4225356887790321,1.4225356887790321,5.897535282106602e-194,5.897535282106602e-194,5.897535282106601e-191,5.090921491132878
1,EDM Competitive Langmuir - two high-salt washes,7153f3f39ab39e3944db30e3ecafc691b277362a1f5bcba2e70b2181c5adf90d,8.293571428571429,8.293571428571429,8.293571428571429,5.15011255684122e-190,Elution 1,1.0,58.83035714285714,58.83035714285714,69.45535579001586,60.88883928571428,70.98258800038509,4.22455625931047e-188,4.0,6.0,1.4196517600107486,74.54508902265606,1.4196517600107486,1.2177767857142856,1.4196517600107486,1.4196517600107486,5.15011255684122e-193,5.15011255684122e-193,5.15011255684122e-190,5.00358813009341
1,EDM Competitive Langmuir - two high-salt washes,7153f3f39ab39e3944db30e3ecafc691b277362a1f5bcba2e70b2181c5adf90d,8.305714285714284,8.305714285714284,8.305714285714284,3.14015900374093e-189,Elution 1,1.0,58.678571428571445,58.678571428571445,69.30357007080936,60.74464285714287,70.83839156713864,8.795053775536655e-188,4.0,6.0,1.416767831345773,74.40089249711357,1.416767831345773,1.2148928571428574,1.416767831345773,1.416767831345773,3.14015900374093e-192,3.14015900374093e-192,3.14015900374093e-189,4.91775295194327
1,EDM Competitive Langmuir - two high-salt washes,7153f3f39ab39e3944db30e3ecafc691b277362a1f5bcba2e70b2181c5adf90d,8.317857142857143,8.317857142857143,8.317857142857143,1.516704849549816e-188,Elution 1,1.0,58.52678571428571,58.52678571428571,69.15178435721398,60.60044642857142,70.69419513922355,1.586691480755911e-187,4.0,6.0,1.4138839027874073,74.2566959765312,1.4138839027874073,1.2120089285714286,1.4138839027874073,1.4138839027874073,1.516704849549816e-191,1.516704849549816e-191,1.516704849549816e-188,4.833390255757306
1,EDM Competitive Langmuir - two high-salt washes,7153f3f39ab39e3944db30e3ecafc691b277362a1f5bcba2e70b2181c5adf90d,8.33,8.329999999999998,8.329999999999998,6.147781097731155e-188,Elution 1,1.0,58.37500000000002,58.37500000000002,68.99999864940354,60.45625000000002,70.54999871680496,2.572547712850049e-187,4.0,6.0,1.410999974338953,74.1124994613713,1.410999974338953,1.2091250000000004,1.410999974338953,1.410999974338953,6.147781097731155e-191,6.147781097731155e-191,6.147781097731155e-188,4.750474781500471
1,EDM Competitive Langmuir - two high-salt washes,7153f3f39ab39e3944db30e3ecafc691b277362a1f5bcba2e70b2181c5adf90d,8.342142857142857,8.342142857142857,8.342142857142857,2.1716191807541074e-187,Elution 1,1.0,58.223214285714285,58.223214285714285,68.84821294755179,60.31205357142857,70.40580230004798,3.868424638972545e-187,4.0,6.0,1.4081160460037119,73.96830295209602,1.4081160460037119,1.2062410714285714,1.4081160460037119,1.4081160460037119,2.1716191807541075e-190,2.1716191807541075e-190,2.1716191807541074e-187,4.668981702464535
1,EDM Competitive Langmuir - two high-salt washes,7153f3f39ab39e3944db30e3ecafc691b277362a1f5bcba2e70b2181c5adf90d,8.354285714285714,8.354285714285714,8.354285714285714,6.829145750850373e-187,Elution 1,1.0,58.07142857142858,58.07142857142858,68.69642725183252,60.167857142857144,70.26160588911773,5.495678802018139e-187,4.0,6.0,1.4052321177849862,73.8241064491677,1.4052321177849862,1.203357142857143,1.4052321177849862,1.4052321177849862,6.829145750850374e-190,6.829145750850374e-190,6.829145750850373e-187,4.588886617834634
1,EDM Competitive Langmuir - two high-salt washes,7153f3f39ab39e3944db30e3ecafc691b277362a1f5bcba2e70b2181c5adf90d,8.366428571428571,8.366428571428571,8.366428571428571,1.9509981607387685e-186,Elution 1,1.0,57.91964285714286,57.91964285714286,68.54464156241949,60.02366071428572,70.11740948417932,7.473686372066002e-187,4.0,6.0,1.4023481896860772,73.67990995304858,1.4023481896860772,1.2004732142857144,1.4023481896860772,1.4023481896860772,1.9509981607387685e-189,1.9509981607387685e-189,1.9509981607387685e-186,4.510165545383226
1,EDM Competitive Langmuir - two high-salt washes,7153f3f39ab39e3944db30e3ecafc691b277362a1f5bcba2e70b2181c5adf90d,8.378571428571428,8.378571428571428,8.378571428571428,5.186051056774845e-186,Elution 1,1.0,57.767857142857146,57.767857142857146,68.39285587948649,59.87946428571429,69.97321308539787,9.820085419408492e-187,4.0,6.0,1.3994642617102868,73.5357134642009,1.3994642617102868,1.1975892857142858,1.3994642617102868,1.3994642617102868,5.1860510567748454e-189,5.1860510567748454e-189,5.186051056774845e-186,4.432794914289511
1,EDM Competitive Langmuir - two high-salt washes,7153f3f39ab39e3944db30e3ecafc691b277362a1f5bcba2e70b2181c5adf90d,8.390714285714285,8.390714285714285,8.390714285714285,1.3175248275441469e-185,Elution 1,1.0,57.61607142857144,57.61607142857144,68.24107020320729,59.735267857142865,69.82901669293851,1.256601664613727e-186,4.0,6.0,1.3965803338609168,73.39151698308693,1.3965803338609168,1.1947053571428574,1.3965803338609168,1.3965803338609168,1.3175248275441468e-188,1.3175248275441468e-188,1.3175248275441469e-185,4.356751558081906
1,EDM Competitive Langmuir - two high-salt washes,7153f3f39ab39e3944db30e3ecafc691b277362a1f5bcba2e70b2181c5adf90d,8.402857142857142,8.402857142857142,8.402857142857142,3.3607791991277786e-185,Elution 1,1.0,57.46428571428572,57.46428571428572,68.08928453375566,59.59107142857144,69.68482030696634,1.5964426366129708e-186,4.0,6.0,1.3936964061412693,73.24732051016895,1.3936964061412693,1.1918214285714288,1.3936964061412693,1.3936964061412693,3.360779199127779e-188,3.360779199127779e-188,3.3607791991277786e-185,4.28201270770164
1,EDM Competitive Langmuir - two high-salt washes,7153f3f39ab39e3944db30e3ecafc691b277362a1f5bcba2e70b2181c5adf90d,8.415,8.415,8.415,4.120720465971892e-185,Elution 1,1.0,57.312500000000014,57.312500000000014,67.93749887130538,59.44687500000001,69.5406239276465,2.006589594882704e-186,4.0,6.0,1.3908124785546454,73.10312404590921,1.3908124785546454,1.1889375000000002,1.3908124785546454,1.3908124785546454,4.120720465971892e-188,4.120720465971892e-188,4.120720465971892e-185,4.208555984685336
1,EDM Competitive Langmuir - two high-salt washes,7153f3f39ab39e3944db30e3ecafc691b277362a1f5bcba2e70b2181c5adf90d,8.427142857142856,8.427142857142856,8.427142857142856,2.6668008209344124e-185,Elution 1,1.0,57.1607142857143,57.1607142857143,67.78571321603023,59.30267857142859,69.39642755514409,1.8790584272986897e-186,4.0,6.0,1.3879285511043475,72.95892759076997,1.3879285511043475,1.1860535714285718,1.3879285511043475,1.3879285511043475,2.6668008209344123e-188,2.6668008209344123e-188,2.6668008209344124e-185,4.136359394464569
1,EDM Competitive Langmuir - two high-salt washes,7153f3f39ab39e3944db30e3ecafc691b277362a1f5bcba2e70b2181c5adf90d,8.439285714285713,8.439285714285713,8.439285714285713,3.411666382232076e-185,Elution 1,1.0,57.008928571428584,57.008928571428584,67.63392756810397,59.15848214285715,69.25223118962423,1.4676136945303409e-186,4.0,6.0,1.385044623793677,72.81473114521347,1.385044623793677,1.1831696428571432,1.385044623793677,1.385044623793677,3.411666382232076e-188,3.411666382232076e-188,3.411666382232076e-185,4.065401319780293
1,EDM Competitive Langmuir - two high-salt washes,7153f3f39ab39e3944db30e3ecafc691b277362a1f5bcba2e70b2181c5adf90d,8.451428571428572,8.451428571428572,8.451428571428572,7.181937005104237e-185,Elution 1,1.0,56.85714285714285,56.85714285714285,67.48214192770038,59.014285714285705,69.10803483125203,0.0,4.0,6.0,1.3821606966259359,72.67053470970197,1.3821606966259359,1.1802857142857142,1.3821606966259359,1.3821606966259359,7.181937005104237e-188,7.181937005104237e-188,7.181937005104237e-185,3.995660514210295
1,EDM Competitive Langmuir - two high-salt washes,7153f3f39ab39e3944db30e3ecafc691b277362a1f5bcba2e70b2181c5adf90d,8.463571428571429,8.463571428571427,8.463571428571427,1.3370963855079808e-184,Elution 1,1.0,56.70535714285716,56.70535714285716,67.33035629499327,58.8700892857143,68.96383848019263,0.0,4.0,6.0,1.379276769604426,72.52633828469777,1.379276769604426,1.1774017857142862,1.379276769604426,1.379276769604426,1.3370963855079807e-187,1.3370963855079807e-187,1.3370963855079808e-184,3.927116095807708
1,EDM Competitive Langmuir - two high-salt washes,7153f3f39ab39e3944db30e3ecafc691b277362a1f5bcba2e70b2181c5adf90d,8.475714285714286,8.475714285714286,8.475714285714286,2.224598454463959e-184,Elution 1,1.0,56.55357142857142,56.55357142857142,67.17857067015635,58.72589285714285,68.81964213661114,8.641640778707987e-175,4.0,6.0,1.3763928427324486,72.38214185301709,1.3763928427324486,1.1745178571428572,1.3763928427324486,1.3763928427324486,2.2245984544639592e-187,2.2245984544639592e-187,2.224598454463959e-184,3.8597475408485167
1,EDM Competitive Langmuir - two high-salt washes,7153f3f39ab39e3944db30e3ecafc691b277362a1f5bcba2e70b2181c5adf90d,8.487857142857143,8.487857142857143,8.487857142857143,3.4110563121058264e-184,Elution 1,1.0,56.401785714285715,56.401785714285715,67.02678505336345,58.581696428571426,68.67544580067268,3.554088797245445e-174,4.0,6.0,1.3735089160133063,72.23794538468285,1.3735089160133063,1.1716339285714286,1.3735089160133063,1.3735089160133063,3.411056312105826e-187,3.411056312105826e-187,3.4110563121058264e-184,3.793534677686529
1,EDM Competitive Langmuir - two high-salt washes,7153f3f39ab39e3944db30e3ecafc691b277362a1f5bcba2e70b2181c5adf90d,8.5,8.5,8.5,4.921353803296136e-184,Elution 1,1.0,56.25,56.25,66.87499940427342,58.4375,68.53124943404639,2.175067774248108e-173,4.0,6.0,1.3706249886805493,72.09374891201529,1.3706249886805493,1.1687500000000002,1.3706249886805493,1.3706249886805493,4.921353803296136e-187,4.921353803296136e-187,4.921353803296136e-184,3.728457663493649
1,EDM Competitive Langmuir - two high-salt washes,7153f3f39ab39e3944db30e3ecafc691b277362a1f5bcba2e70b2181c5adf90d,8.512142857142857,8.512142857142857,8.512142857142857,6.775566053225546e-184,Elution 1,1.0,56.098214285714285,56.098214285714285,66.72321371373029,58.293303571428574,68.38705302803254,1.0538122053424029e-172,4.0,6.0,1.3677410605602205,71.94955244324161,1.3677410605602205,1.1658660714285713,1.3677410605602205,1.3677410605602205,6.775566053225546e-187,6.775566053225546e-187,6.775566053225546e-184,3.66449700975243
1,EDM Competitive Langmuir - two high-salt washes,7153f3f39ab39e3944db30e3ecafc691b277362a1f5bcba2e70b2181c5adf90d,8.524285714285714,8.524285714285714,8.524285714285714,8.991944579169925e-184,Elution 1,1.0,55.94642857142858,55.94642857142858,66.57142802369772,58.14910714285715,68.24285662250367,3.6753067569878615e-172,4.0,6.0,1.3648571324495957,71.80535597852693,1.3648571324495957,1.162982142857143,1.3648571324495957,1.3648571324495957,8.991944579169926e-187,8.991944579169926e-187,8.991944579169925e-184,3.601633583438229
1,EDM Competitive Langmuir - two high-salt washes,7153f3f39ab39e3944db30e3ecafc691b277362a1f5bcba2e70b2181c5adf90d,8.536428571428571,8.536428571428573,8.536428571428573,1.1596864448468644e-183,Elution 1,1.0,55.79464285714284,55.79464285714284,66.41964233417573,58.0049107142857,68.09866021745978,9.94695837624961e-172,4.0,6.0,1.3619732043486752,71.66115951803634,1.3619732043486752,1.1600982142857141,1.3619732043486752,1.3619732043486752,1.1596864448468643e-186,1.1596864448468643e-186,1.1596864448468644e-183,3.5398485619126614
1,EDM Competitive Langmuir - two high-salt washes,7153f3f39ab39e3944db30e3ecafc691b277362a1f5bcba2e70b2181c5adf90d,8.548571428571428,8.548571428571428,8.548571428571428,1.4764987641426436e-183,Elution 1,1.0,55.64285714285715,55.64285714285715,66.26785664516434,57.860714285714295,67.95446381290091,2.259277771056772e-171,4.0,6.0,1.3590892762574596,71.51696306193503,1.3590892762574596,1.1572142857142858,1.3590892762574596,1.3590892762574596,1.4764987641426435e-186,1.4764987641426435e-186,1.4764987641426436e-183,3.4791234454346616
1,EDM Competitive Langmuir - two high-salt washes,7153f3f39ab39e3944db30e3ecafc691b277362a1f5bcba2e70b2181c5adf90d,8.560714285714285,8.560714285714285,8.560714285714285,1.8618318449051441e-183,Elution 1,1.0,55.49107142857144,55.49107142857144,66.11607095666352,57.71651785714287,67.81026740882704,4.531899554942513e-171,4.0,6.0,1.3562053481759482,71.37276661038806,1.3562053481759482,1.1543303571428574,1.3562053481759482,1.3562053481759482,1.861831844905144e-186,1.861831844905144e-186,1.8618318449051441e-183,3.419440051621219
1,EDM Competitive Langmuir - two high-salt washes,7153f3f39ab39e3944db30e3ecafc691b277362a1f5bcba2e70b2181c5adf90d,8.572857142857142,8.572857142857142,8.572857142857142,1.9240694276224614e-183,Elution 1,1.0,55.33928571428572,55.33928571428572,65.9642852686733,57.572321428571435,67.66607100523815,8.295167464679807e-171,4.0,6.0,1.353321420104141,71.22857016356055,1.353321420104141,1.1514464285714288,1.353321420104141,1.353321420104141,1.9240694276224615e-186,1.9240694276224615e-186,1.9240694276224614e-183,3.3607805100032335
1,EDM Competitive Langmuir - two high-salt washes,7153f3f39ab39e3944db30e3ecafc691b277362a1f5bcba2e70b2181c5adf90d,8.585,8.585,8.585,1.6128294825661756e-183,Elution 1,1.0,55.187499999999986,55.187499999999986,65.81249958119362,57.42812499999999,67.52187460213425,1.4165439595314149e-170,4.0,6.0,1.350437492042038,71.0843737216176,1.350437492042038,1.1485624999999997,1.350437492042038,1.350437492042038,1.6128294825661756e-186,1.6128294825661756e-186,1.6128294825661756e-183,3.3031272566747143
1,EDM Competitive Langmuir - two high-salt washes,7153f3f39ab39e3944db30e3ecafc691b277362a1f5bcba2e70b2181c5adf90d,8.597142857142858,8.597142857142856,8.597142857142856,5.179813039520492e-184,Elution 1,1.0,55.0357142857143,55.0357142857143,65.66071389422456,57.28392857142858,67.37767819951536,2.2945968356395865e-170,4.0,6.0,1.3475535639896397,70.9401772847244,1.3475535639896397,1.1456785714285718,1.3475535639896397,1.3475535639896397,5.179813039520492e-187,5.179813039520492e-187,5.179813039520492e-184,3.246463029033766
1,EDM Competitive Langmuir - two high-salt washes,7153f3f39ab39e3944db30e3ecafc691b277362a1f5bcba2e70b2181c5adf90d,8.609285714285713,8.609285714285713,8.609285714285713,0.0,Elution 1,1.0,54.883928571428584,54.883928571428584,65.50892820776608,57.139732142857156,67.23348179738146,3.577354259029713e-170,4.0,6.0,1.3446696359469457,70.79598085304598,1.3446696359469457,1.1427946428571432,1.3446696359469457,1.3446696359469457,0.0,0.0,0.0,3.1907708606137644
1,EDM Competitive Langmuir - two high-salt washes,7153f3f39ab39e3944db30e3ecafc691b277362a1f5bcba2e70b2181c5adf90d,8.62142857142857,8.62142857142857,8.62142857142857,5.591649915633613e-172,Elution 1,1.0,54.732142857142875,54.732142857142875,65.35714252181818,56.99553571428573,67.08928539573256,5.5846359424573025e-170,4.0,6.0,1.3417857079139561,70.65178442674751,1.3417857079139561,1.1399107142857146,1.3417857079139561,1.3417857079139561,5.591649915633613e-175,5.591649915633613e-175,5.591649915633613e-172,3.1360340760032748
1,EDM Competitive Langmuir - two high-salt washes,7153f3f39ab39e3944db30e3ecafc691b277362a1f5bcba2e70b2181c5adf90d,8.633571428571429,8.633571428571429,8.633571428571429,2.604703602171994e-171,Elution 1,1.0,54.58035714285714,54.58035714285714,65.20535683638083,56.85133928571428,66.94508899456862,8.575614872269406e-170,4.0,6.0,1.3389017798906704,70.50758800599408,1.3389017798906704,1.1370267857142857,1.3389017798906704,1.3389017798906704,2.604703602171994e-174,2.604703602171994e-174,2.604703602171994e-171,3.0822362858530603
1,EDM Competitive Langmuir - two high-salt washes,7153f3f39ab39e3944db30e3ecafc691b277362a1f5bcba2e70b2181c5adf90d,8.645714285714286,8.645714285714286,8.645714285714286,1.5328352232397602e-170,Elution 1,1.0,54.42857142857142,54.42857142857142,65.0535711514541,56.707142857142856,66.80089259388971,1.017046722933148e-169,4.0,6.0,1.3360178518770895,70.36339159095085,1.3360178518770895,1.1341428571428571,1.3360178518770895,1.3360178518770895,1.53283522323976e-173,1.53283522323976e-173,1.5328352232397602e-170,3.0293613819687706
1,EDM Competitive Langmuir - two high-salt washes,7153f3f39ab39e3944db30e3ecafc691b277362a1f5bcba2e70b2181c5adf90d,8.657857142857143,8.657857142857143,8.657857142857143,7.586455837244148e-170,Elution 1,1.0,54.276785714285715,54.276785714285715,64.90178546703793,56.56294642857143,66.6566961936958,1.3780760142712358e-169,4.0,6.0,1.333133923873213,70.21919518178291,1.333133923873213,1.1312589285714285,1.333133923873213,1.333133923873213,7.586455837244149e-173,7.586455837244149e-173,7.586455837244148e-170,2.9773935324877914
1,EDM Competitive Langmuir - two high-salt washes,7153f3f39ab39e3944db30e3ecafc691b277362a1f5bcba2e70b2181c5adf90d,8.669999999999998,8.669999999999998,8.669999999999998,2.750073385818447e-169,Elution 1,1.0,54.12500000000002,54.12500000000002,64.74999978313235,56.418750000000024,66.51249979398686,1.8353162696423075e-169,4.0,6.0,1.3302499958790408,70.07499877865538,1.3302499958790408,1.1283750000000006,1.3302499958790408,1.3302499958790408,2.750073385818447e-172,2.750073385818447e-172,2.750073385818447e-169,2.926317177138847
1,EDM Competitive Langmuir - two high-salt washes,7153f3f39ab39e3944db30e3ecafc691b277362a1f5bcba2e70b2181c5adf90d,8.682142857142857,8.682142857142857,8.682142857142857,7.733434275332998e-169,Elution 1,1.0,53.97321428571429,53.97321428571429,64.59821409973733,56.27455357142858,66.3683033947629,2.393251675529409e-169,4.0,6.0,1.3273660678945727,69.93080238173336,1.3273660678945727,1.1254910714285715,1.3273660678945727,1.3273660678945727,7.733434275332997e-172,7.733434275332997e-172,7.733434275332998e-169,2.8761170225829322
1,EDM Competitive Langmuir - two high-salt washes,7153f3f39ab39e3944db30e3ecafc691b277362a1f5bcba2e70b2181c5adf90d,8.694285714285714,8.694285714285714,8.694285714285714,1.8129547357278103e-168,Elution 1,1.0,53.82142857142858,53.82142857142858,64.44642841685292,56.13035714285715,66.22410699602398,3.055481261410447e-169,4.0,6.0,1.3244821399198092,69.786605991182,1.3244821399198092,1.122607142857143,1.3244821399198092,1.3244821399198092,1.8129547357278103e-171,1.8129547357278103e-171,1.8129547357278103e-168,2.8267780378341705
1,EDM Competitive Langmuir - two high-salt washes,7153f3f39ab39e3944db30e3ecafc691b277362a1f5bcba2e70b2181c5adf90d,8.706428571428571,8.706428571428571,8.706428571428571,3.729797748865154e-168,Elution 1,1.0,53.66964285714286,53.66964285714286,64.2946427344791,55.98616071428572,66.07991059777004,3.8253957980936844e-169,4.0,6.0,1.3215982119547502,69.6424096071664,1.3215982119547502,1.1197232142857145,1.3215982119547502,1.3215982119547502,3.7297977488651538e-171,3.7297977488651538e-171,3.729797748865154e-168,2.778285449759185
1,EDM Competitive Langmuir - two high-salt washes,7153f3f39ab39e3944db30e3ecafc691b277362a1f5bcba2e70b2181c5adf90d,8.718571428571428,8.718571428571428,8.718571428571428,6.96695526124305e-168,Elution 1,1.0,53.51785714285715,53.51785714285715,64.14285705261585,55.84196428571429,65.93571420000109,4.705910972995137e-169,4.0,6.0,1.3187142839993955,69.49821322985167,1.3187142839993955,1.116839285714286,1.3187142839993955,1.3187142839993955,6.9669552612430505e-171,6.9669552612430505e-171,6.96695526124305e-168,2.730624738653731
1,EDM Competitive Langmuir - two high-salt washes,7153f3f39ab39e3944db30e3ecafc691b277362a1f5bcba2e70b2181c5adf90d,8.730714285714287,8.730714285714285,8.730714285714285,1.2093578843324901e-167,Elution 1,1.0,53.36607142857144,53.36607142857144,63.99107137126315,55.697767857142864,65.79151780271711,5.700755273365422e-169,4.0,6.0,1.3158303560537448,69.35401685940296,1.3158303560537448,1.1139553571428573,1.3158303560537448,1.3158303560537448,1.2093578843324902e-170,1.2093578843324902e-170,1.2093578843324901e-167,2.683781633895172
1,EDM Competitive Langmuir - two high-salt washes,7153f3f39ab39e3944db30e3ecafc691b277362a1f5bcba2e70b2181c5adf90d,8.742857142857142,8.742857142857142,8.742857142857142,1.9846958205425244e-167,Elution 1,1.0,53.21428571428572,53.21428571428572,63.83928569042107,55.55357142857144,65.64732140591815,6.825684547103625e-169,4.0,6.0,1.312946428117799,69.20982049598535,1.312946428117799,1.111071428571429,1.312946428117799,1.312946428117799,1.9846958205425244e-170,1.9846958205425244e-170,1.9846958205425244e-167,2.637742109669583
1,EDM Competitive Langmuir - two high-salt washes,7153f3f39ab39e3944db30e3ecafc691b277362a1f5bcba2e70b2181c5adf90d,8.754999999999999,8.754999999999999,8.754999999999999,3.1246163448919997e-167,Elution 1,1.0,53.062500000000014,53.062500000000014,63.687500010089565,55.40937500000001,65.50312500960419,3.2277265322201713e-169,4.0,6.0,1.3100625001915573,69.065624139764,1.3100625001915573,1.1081875000000003,1.3100625001915573,1.3100625001915573,3.1246163448919997e-170,3.1246163448919997e-170,3.1246163448919997e-167,2.5924923807720743
1,EDM Competitive Langmuir - two high-salt washes,7153f3f39ab39e3944db30e3ecafc691b277362a1f5bcba2e70b2181c5adf90d,8.767142857142856,8.767142857142856,8.767142857142856,4.876183583600471e-167,Elution 1,1.0,52.9107142857143,52.9107142857143,63.53571433026865,55.265178571428585,65.35892861377522,4.4106538595512386e-161,4.0,6.0,1.30717857227502,68.92142779090398,1.30717857227502,1.1053035714285717,1.30717857227502,1.30717857227502,4.876183583600472e-170,4.876183583600472e-170,4.876183583600471e-167,2.5480188984792376
1,EDM Competitive Langmuir - two high-salt washes,7153f3f39ab39e3944db30e3ecafc691b277362a1f5bcba2e70b2181c5adf90d,8.779285714285715,8.779285714285715,8.779285714285715,7.519975249982885e-167,Elution 1,1.0,52.75892857142856,52.75892857142856,63.38392865095828,55.12098214285714,65.21473221843122,3.2372836312125715e-160,4.0,6.0,1.3042946443681867,68.77723144957042,1.3042946443681867,1.102419642857143,1.3042946443681867,1.3042946443681867,7.519975249982885e-170,7.519975249982885e-170,7.519975249982885e-167,2.5043083464923597
1,EDM Competitive Langmuir - two high-salt washes,7153f3f39ab39e3944db30e3ecafc691b277362a1f5bcba2e70b2181c5adf90d,8.791428571428572,8.791428571428572,8.791428571428572,9.607578162133073e-167,Elution 1,1.0,52.607142857142854,52.607142857142854,63.23214297215853,54.97678571428571,65.07053582357224,3.871182949368514e-160,4.0,6.0,1.3014107164710582,68.63303510460612,1.3014107164710582,1.0995357142857143,1.3014107164710582,1.3014107164710582,9.607578162133074e-170,9.607578162133074e-170,9.607578162133073e-167,2.4613476369502667
1,EDM Competitive Langmuir - two high-salt washes,7153f3f39ab39e3944db30e3ecafc691b277362a1f5bcba2e70b2181c5adf90d,8.803571428571427,8.803571428571427,8.803571428571427,1.2506539114459694e-166,Elution 1,1.0,52.45535714285716,52.45535714285716,63.08035729386935,54.832589285714306,64.92633942919826,4.648827095044124e-160,4.0,6.0,1.2985267885836342,68.48883872639529,1.2985267885836342,1.0966517857142861,1.2985267885836342,1.2985267885836342,1.2506539114459693e-169,1.2506539114459693e-169,1.2506539114459694e-166,2.4191239065104853
1,EDM Competitive Langmuir - two high-salt washes,7153f3f39ab39e3944db30e3ecafc691b277362a1f5bcba2e70b2181c5adf90d,8.815714285714284,8.815714285714284,8.815714285714284,1.6739373559818975e-166,Elution 1,1.0,52.30357142857145,52.30357142857145,62.92857161333289,54.68839285714288,64.78214303268925,5.6051038235100676e-160,4.0,6.0,1.2956428606535075,68.34464232052407,1.2956428606535075,1.0937678571428577,1.2956428606535075,1.2956428606535075,1.6739373559818976e-169,1.6739373559818976e-169,1.6739373559818975e-166,2.3776245117500965
1,EDM Competitive Langmuir - two high-salt washes,7153f3f39ab39e3944db30e3ecafc691b277362a1f5bcba2e70b2181c5adf90d,8.827857142857143,8.827857142857143,8.827857142857143,2.1963332969810395e-166,Elution 1,1.0,52.151785714285715,52.151785714285715,62.77678591333285,54.54419642857143,64.63794661768941,6.783901158683447e-160,4.0,6.0,1.2927589323535202,68.20044591513783,1.2927589323535202,1.0908839285714285,1.2927589323535202,1.2927589323535202,2.1963332969810394e-169,2.1963332969810394e-169,2.1963332969810395e-166,2.3368370223268813
1,EDM Competitive Langmuir - two high-salt washes,7153f3f39ab39e3944db30e3ecafc691b277362a1f5bcba2e70b2181c5adf90d,8.84,8.84,8.84,2.821753172275951e-166,Elution 1,1.0,52.0,52.0,62.625000212196525,54.4,64.49375020161,8.240625329477836e-160,4.0,6.0,1.289875004031942,68.0562495102366,1.289875004031942,1.088,1.289875004031942,1.289875004031942,2.8217531722759514e-169,2.8217531722759514e-169,2.821753172275951e-166,2.2967492306809225
1,EDM Competitive Langmuir - two high-salt washes,7153f3f39ab39e3944db30e3ecafc691b277362a1f5bcba2e70b2181c5adf90d,8.852142857142857,8.852142857142857,8.852142857142857,3.5536612557348814e-166,Elution 1,1.0,51.84821428571429,51.84821428571429,62.473214509923885,54.25580357142857,64.34955378445099,1.0045135966303298e-159,4.0,6.0,1.2869910756887728,67.91205310582036,1.2869910756887728,1.0851160714285717,1.2869910756887728,1.2869910756887728,3.553661255734881e-169,3.553661255734881e-169,3.5536612557348814e-166,2.257349133701018
1,EDM Competitive Langmuir - two high-salt washes,7153f3f39ab39e3944db30e3ecafc691b277362a1f5bcba2e70b2181c5adf90d,8.864285714285712,8.864285714285714,8.864285714285714,4.3951409112651977e-166,Elution 1,1.0,51.69642857142858,51.69642857142858,62.32142880651493,54.111607142857146,64.20535736621241,1.2286115610590284e-159,4.0,6.0,1.2841071473240122,67.76785670188914,1.2841071473240122,1.0822321428571429,1.2841071473240122,1.2841071473240122,4.3951409112651977e-169,4.3951409112651977e-169,4.3951409112651977e-166,2.2186249341857387
1,EDM Competitive Langmuir - two high-salt washes,7153f3f39ab39e3944db30e3ecafc691b277362a1f5bcba2e70b2181c5adf90d,8.876428571428571,8.876428571428571,8.876428571428571,5.349633755587657e-166,Elution 1,1.0,51.54464285714286,51.54464285714286,62.16964310196964,53.96741071428572,64.06116094689422,1.5079513846114544e-159,4.0,6.0,1.2812232189376602,67.6236602984429,1.2812232189376602,1.0793482142857145,1.2812232189376602,1.2812232189376602,5.349633755587657e-169,5.349633755587657e-169,5.349633755587657e-166,2.180565037311125
1,EDM Competitive Langmuir - two high-salt washes,7153f3f39ab39e3944db30e3ecafc691b277362a1f5bcba2e70b2181c5adf90d,8.888571428571428,8.888571428571428,8.888571428571428,6.42865068578424e-166,Elution 1,1.0,51.39285714285715,51.39285714285715,62.01785739628806,53.82321428571429,63.916964526496464,1.857137749877922e-159,4.0,6.0,1.2783392905297173,67.47946389548166,1.2783392905297173,1.0764642857142859,1.2783392905297173,1.2783392905297173,6.42865068578424e-169,6.42865068578424e-169,6.42865068578424e-166,2.143158047158964
1,EDM Competitive Langmuir - two high-salt washes,7153f3f39ab39e3944db30e3ecafc691b277362a1f5bcba2e70b2181c5adf90d,8.900714285714285,8.900714285714285,8.900714285714285,4.497594066884981e-166,Elution 1,1.0,51.24107142857144,51.24107142857144,61.86607168947017,53.67901785714287,63.772768105019125,2.293594180428422e-159,4.0,6.0,1.275455362100183,67.33526749300539,1.275455362100183,1.0735803571428573,1.275455362100183,1.275455362100183,4.497594066884981e-169,4.497594066884981e-169,4.497594066884981e-166,2.10639276330461
1,EDM Competitive Langmuir - two high-salt washes,7153f3f39ab39e3944db30e3ecafc691b277362a1f5bcba2e70b2181c5adf90d,8.912857142857144,8.912857142857144,8.912857142857144,2.853952508749229e-158,Elution 1,1.0,51.0892857142857,51.0892857142857,61.71428598151594,53.53482142857142,63.62857168246217,2.841427636769836e-159,4.0,6.0,1.2725714336490572,67.19107109101412,1.2725714336490572,1.0706964285714284,1.2725714336490572,1.2725714336490572,2.853952508749229e-161,2.853952508749229e-161,2.853952508749229e-158,2.070258177463351
1,EDM Competitive Langmuir - two high-salt washes,7153f3f39ab39e3944db30e3ecafc691b277362a1f5bcba2e70b2181c5adf90d,8.925,8.925,8.925,2.2503830740629804e-157,Elution 1,1.0,50.93749999999999,50.93749999999999,61.562500272425424,53.39062499999999,63.48437525882566,3.5309735156810653e-159,4.0,6.0,1.2696875051763405,67.04687468950786,1.2696875051763405,1.0678124999999998,1.2696875051763405,1.2696875051763405,2.2503830740629805e-160,2.2503830740629805e-160,2.2503830740629804e-157,2.0347434701943308
1,EDM Competitive Langmuir - two high-salt washes,7153f3f39ab39e3944db30e3ecafc691b277362a1f5bcba2e70b2181c5adf90d,8.937142857142856,8.937142857142856,8.937142857142856,3.6474537782545483e-157,Elution 1,1.0,50.7857142857143,50.7857142857143,61.41071456219859,53.24642857142859,63.34017883410956,4.401375612019404e-159,4.0,6.0,1.2668035766820327,66.90267828848661,1.2668035766820327,1.0649285714285717,1.2668035766820327,1.2668035766820327,3.647453778254548e-160,3.647453778254548e-160,3.6474537782545483e-157,1.9998380076609612
1,EDM Competitive Langmuir - two high-salt washes,7153f3f39ab39e3944db30e3ecafc691b277362a1f5bcba2e70b2181c5adf90d,8.949285714285713,8.949285714285713,8.949285714285713,4.374364455393855e-157,Elution 1,1.0,50.63392857142859,50.63392857142859,61.25892885083545,53.10223214285716,63.195982408313874,5.50332065263781e-159,4.0,6.0,1.2639196481661337,66.75848188795035,1.2639196481661337,1.0620446428571433,1.2639196481661337,1.2639196481661337,4.374364455393855e-160,4.374364455393855e-160,4.374364455393855e-157,1.965531338446952
1,EDM Competitive Langmuir - two high-salt washes,7153f3f39ab39e3944db30e3ecafc691b277362a1f5bcba2e70b2181c5adf90d,8.961428571428572,8.961428571428572,8.961428571428572,5.267594389933976e-157,Elution 1,1.0,50.482142857142854,50.482142857142854,61.10714313833597,52.958035714285714,63.051785981438584,6.902634637883451e-159,4.0,6.0,1.261035719628643,66.61428548789905,1.261035719628643,1.0591607142857142,1.261035719628643,1.261035719628643,5.267594389933976e-160,5.267594389933976e-160,5.267594389933976e-157,1.931813190426939
1,EDM Competitive Langmuir - two high-salt washes,7153f3f39ab39e3944db30e3ecafc691b277362a1f5bcba2e70b2181c5adf90d,8.973571428571429,8.973571428571429,8.973571428571429,6.367855040387e-157,Elution 1,1.0,50.33035714285714,50.33035714285714,60.95535742470021,52.81383928571428,62.907589553483724,8.667605015167909e-159,4.0,6.0,1.2581517910695617,66.47008908833274,1.2581517910695617,1.0562767857142856,1.2581517910695617,1.2581517910695617,6.367855040387e-160,6.367855040387e-160,6.367855040387e-157,1.8986734676908248
1,EDM Competitive Langmuir - two high-salt washes,7153f3f39ab39e3944db30e3ecafc691b277362a1f5bcba2e70b2181c5adf90d,8.985714285714286,8.985714285714286,8.985714285714286,7.726487386844497e-157,Elution 1,1.0,50.17857142857143,50.17857142857143,60.80357170992813,52.669642857142854,62.76339312444928,1.0688342993606972e-157,4.0,6.0,1.2552678624888889,66.32589268925146,1.2552678624888889,1.0533928571428572,1.2552678624888889,1.2552678624888889,7.726487386844497e-160,7.726487386844497e-160,7.726487386844497e-157,1.866102247520823
1,EDM Competitive Langmuir - two high-salt washes,7153f3f39ab39e3944db30e3ecafc691b277362a1f5bcba2e70b2181c5adf90d,8.997857142857141,8.997857142857143,8.997857142857143,9.408249859188398e-157,Elution 1,1.0,50.026785714285715,50.026785714285715,60.65178599401973,52.52544642857143,62.61919669433525,0.0,4.0,6.0,1.252383933886625,66.18169629065518,1.252383933886625,1.0505089285714286,1.252383933886625,1.252383933886625,9.408249859188398e-160,9.408249859188398e-160,9.408249859188398e-157,1.8340897774204317
1,EDM Competitive Langmuir - two high-salt washes,7153f3f39ab39e3944db30e3ecafc691b277362a1f5bcba2e70b2181c5adf90d,9.01,9.010000000000002,9.010000000000002,1.1495181618489285e-156,Elution 1,1.0,49.87499999999998,49.87499999999998,60.50000027697501,52.38124999999998,62.47500026314162,0.0,4.0,6.0,1.2495000052627694,66.03749989254386,1.2495000052627694,1.0476249999999996,1.2495000052627694,1.2495000052627694,1.1495181618489284e-159,1.1495181618489284e-159,1.1495181618489285e-156,1.8026264721943122
1,EDM Competitive Langmuir - two high-salt washes,7153f3f39ab39e3944db30e3ecafc691b277362a1f5bcba2e70b2181c5adf90d,9.022142857142857,9.022142857142857,9.022142857142857,1.4093608586517698e-156,Elution 1,1.0,49.72321428571429,49.72321428571429,60.34821455879399,52.237053571428575,62.33080383086841,0.0,4.0,6.0,1.2466160766173229,65.89330349491757,1.2466160766173229,1.0447410714285716,1.2466160766173229,1.2466160766173229,1.4093608586517698e-159,1.4093608586517698e-159,1.4093608586517698e-156,1.771702911078314
1,EDM Competitive Langmuir - two high-salt washes,7153f3f39ab39e3944db30e3ecafc691b277362a1f5bcba2e70b2181c5adf90d,9.034285714285714,9.034285714285714,9.034285714285714,1.73389550331328e-156,Elution 1,1.0,49.57142857142858,49.57142857142858,60.19642883947666,52.09285714285715,62.18660739751562,0.0,4.0,6.0,1.2437321479502854,65.74910709777625,1.2437321479502854,1.041857142857143,1.2437321479502854,1.2437321479502854,1.7338955033132802e-159,1.7338955033132802e-159,1.73389550331328e-156,1.7413098349186884
1,EDM Competitive Langmuir - two high-salt washes,7153f3f39ab39e3944db30e3ecafc691b277362a1f5bcba2e70b2181c5adf90d,9.04642857142857,9.04642857142857,9.04642857142857,2.1395507343517673e-156,Elution 1,1.0,49.41964285714286,49.41964285714286,60.044643119023014,51.94866071428572,62.042410963083256,0.0,4.0,6.0,1.2408482192616566,65.60491070111993,1.2408482192616566,1.0389732142857144,1.2408482192616566,1.2408482192616566,2.1395507343517674e-159,2.1395507343517674e-159,2.1395507343517673e-156,1.711438143399715
1,EDM Competitive Langmuir - two high-salt washes,7153f3f39ab39e3944db30e3ecafc691b277362a1f5bcba2e70b2181c5adf90d,9.05857142857143,9.05857142857143,9.05857142857143,2.6480746521787675e-156,Elution 1,1.0,49.26785714285713,49.26785714285713,59.89285739743304,51.804464285714275,61.89821452757127,0.0,4.0,6.0,1.237964290551436,65.4607143049486,1.237964290551436,1.0360892857142856,1.237964290551436,1.237964290551436,2.6480746521787676e-159,2.6480746521787676e-159,2.6480746521787675e-156,1.6820788923188863
1,EDM Competitive Langmuir - two high-salt washes,7153f3f39ab39e3944db30e3ecafc691b277362a1f5bcba2e70b2181c5adf90d,9.070714285714285,9.070714285714285,9.070714285714285,3.2876043819475776e-156,Elution 1,1.0,49.11607142857144,49.11607142857144,59.741071674706774,51.66026785714287,61.75401809097973,0.0,4.0,6.0,1.2350803618196249,65.31651790926229,1.2350803618196249,1.0332053571428574,1.2350803618196249,1.2350803618196249,3.2876043819475773e-159,3.2876043819475773e-159,3.2876043819475776e-156,1.6532232909088445
1,EDM Competitive Langmuir - two high-salt washes,7153f3f39ab39e3944db30e3ecafc691b277362a1f5bcba2e70b2181c5adf90d,9.082857142857142,9.082857142857142,9.082857142857142,4.0941748721352243e-156,Elution 1,1.0,48.96428571428573,48.96428571428573,59.58928595084419,51.51607142857144,61.60982165330859,0.0,4.0,6.0,1.2321964330662225,65.17232151406095,1.2321964330662225,1.0303214285714288,1.2321964330662225,1.2321964330662225,4.0941748721352245e-159,4.0941748721352245e-159,4.0941748721352243e-156,1.6248626992052237
1,EDM Competitive Langmuir - two high-salt washes,7153f3f39ab39e3944db30e3ecafc691b277362a1f5bcba2e70b2181c5adf90d,9.094999999999999,9.094999999999999,9.094999999999999,5.114398873596e-156,Elution 1,1.0,48.812500000000014,48.812500000000014,59.4375002258453,51.37187500000002,61.46562521455788,0.0,4.0,6.0,1.2293125042912287,65.02812511934462,1.2293125042912287,1.0274375000000004,1.2293125042912287,1.2293125042912287,5.114398873596001e-159,5.114398873596001e-159,5.114398873596e-156,1.596988625459687
1,EDM Competitive Langmuir - two high-salt washes,7153f3f39ab39e3944db30e3ecafc691b277362a1f5bcba2e70b2181c5adf90d,9.107142857142858,9.107142857142858,9.107142857142858,6.408759113679155e-156,Elution 1,1.0,48.66071428571428,48.66071428571428,59.28571449971007,51.22767857142856,61.32142877472755,0.0,4.0,6.0,1.2264285754946433,64.88392872434265,1.2264285754946433,1.0245535714285714,1.2264285754946433,1.2264285754946433,6.408759113679155e-159,6.408759113679155e-159,6.408759113679155e-156,1.5695927235973188
1,EDM Competitive Langmuir - two high-salt washes,7153f3f39ab39e3944db30e3ecafc691b277362a1f5bcba2e70b2181c5adf90d,9.119285714285715,9.119285714285713,9.119285714285713,8.044674293773106e-156,Elution 1,1.0,48.50892857142859,48.50892857142859,59.13392877243855,51.08348214285716,61.17723233381766,0.0,4.0,6.0,1.2235446466764672,64.73973232239518,1.2235446466764672,1.0216696428571432,1.2235446466764672,1.2235446466764672,8.044674293773106e-159,8.044674293773106e-159,8.044674293773106e-156,1.5426667907176592
1,EDM Competitive Langmuir - two high-salt washes,7153f3f39ab39e3944db30e3ecafc691b277362a1f5bcba2e70b2181c5adf90d,9.13142857142857,9.131428571428572,9.131428571428572,7.221902114045563e-155,Elution 1,1.0,48.357142857142854,48.357142857142854,58.98214304403072,50.93928571428571,61.03303589182819,0.0,4.0,6.0,1.2206607178367,64.59553590707782,1.2206607178367,1.0187857142857144,1.2206607178367,1.2206607178367,7.2219021140455636e-158,7.2219021140455636e-158,7.221902114045563e-155,1.5162027646385623
1,EDM Competitive Langmuir - two high-salt washes,7153f3f39ab39e3944db30e3ecafc691b277362a1f5bcba2e70b2181c5adf90d,9.143571428571427,9.143571428571427,9.143571428571427,3.772356350686562e-155,Elution 1,1.0,48.20535714285717,48.20535714285717,58.83035732416761,50.795089285714305,60.88883945795742,0.0,4.0,6.0,1.2177767891592932,64.45133949068091,1.2177767891592932,1.015901785714286,1.2177767891592932,1.2177767891592932,3.772356350686562e-158,3.772356350686562e-158,3.772356350686562e-155,1.4901927231269714
1,EDM Competitive Langmuir - two high-salt washes,7153f3f39ab39e3944db30e3ecafc691b277362a1f5bcba2e70b2181c5adf90d,9.155714285714286,9.155714285714286,9.155714285714286,0.0,Elution 1,1.0,48.05357142857143,48.05357142857143,58.67857160682058,50.65089285714286,60.74464302647734,0.0,4.0,6.0,1.214892860529696,64.30714307320436,1.214892860529696,1.0130178571428572,1.214892860529696,1.214892860529696,0.0,0.0,0.0,1.4646288771455747
1,EDM Competitive Langmuir - two high-salt washes,7153f3f39ab39e3944db30e3ecafc691b277362a1f5bcba2e70b2181c5adf90d,9.167857142857143,9.167857142857143,9.167857142857143,0.0,Elution 1,1.0,47.901785714285715,47.901785714285715,58.52678588926001,50.50669642857143,60.60044659479442,0.0,4.0,6.0,1.2120089318960408,64.16294665464824,1.2120089318960408,1.0101339285714288,1.2120089318960408,1.2120089318960408,0.0,0.0,0.0,1.4395035718703495
1,EDM Competitive Langmuir - two high-salt washes,7153f3f39ab39e3944db30e3ecafc691b277362a1f5bcba2e70b2181c5adf90d,9.18,9.18,9.18,0.0,Elution 1,1.0,47.75,47.75,58.37500017148585,50.362500000000004,60.45625016290863,2.3033410584414974e-145,4.0,6.0,1.2091250032583276,64.01875023501253,1.2091250032583276,1.00725,1.2091250032583276,1.2091250032583276,0.0,0.0,0.0,1.4148092842573947
1,EDM Competitive Langmuir - two high-salt washes,7153f3f39ab39e3944db30e3ecafc691b277362a1f5bcba2e70b2181c5adf90d,9.192142857142857,9.192142857142855,9.192142857142855,0.0,Elution 1,1.0,47.59821428571431,47.59821428571431,58.22321445349811,50.2183035714286,60.31205373081998,3.422350787571372e-145,4.0,6.0,1.2062410746165562,63.87455381429727,1.2062410746165562,1.004366071428572,1.2062410746165562,1.2062410746165562,0.0,0.0,0.0,1.3905386203185228
1,EDM Competitive Langmuir - two high-salt washes,7153f3f39ab39e3944db30e3ecafc691b277362a1f5bcba2e70b2181c5adf90d,9.204285714285714,9.204285714285714,9.204285714285714,0.0,Elution 1,1.0,47.44642857142858,47.44642857142858,58.07142873529676,50.07410714285715,60.16785729852844,4.396258092625456e-145,4.0,6.0,1.2033571459707262,63.730357392502384,1.2033571459707262,1.001482142857143,1.2033571459707262,1.2033571459707262,0.0,0.0,0.0,1.366684312907348
1,EDM Competitive Langmuir - two high-salt washes,7153f3f39ab39e3944db30e3ecafc691b277362a1f5bcba2e70b2181c5adf90d,9.21642857142857,9.21642857142857,9.21642857142857,0.0,Elution 1,1.0,47.29464285714287,47.29464285714287,57.91964301688185,49.929910714285725,60.02366086603405,5.677294962179061e-145,4.0,6.0,1.2004732173208383,63.58616096962793,1.2004732173208383,0.9985982142857146,1.2004732173208383,1.2004732173208383,0.0,0.0,0.0,1.3432392195433607
1,EDM Competitive Langmuir - two high-salt washes,7153f3f39ab39e3944db30e3ecafc691b277362a1f5bcba2e70b2181c5adf90d,9.228571428571428,9.228571428571428,9.228571428571428,0.0,Elution 1,1.0,47.14285714285715,47.14285714285715,57.76785729825336,49.78571428571429,59.87946443333679,7.370657799594731e-145,4.0,6.0,1.1975892886668924,63.44196454567388,1.1975892886668924,0.995714285714286,1.1975892886668924,1.1975892886668924,0.0,0.0,0.0,1.3201963202733005
1,EDM Competitive Langmuir - two high-salt washes,7153f3f39ab39e3944db30e3ecafc691b277362a1f5bcba2e70b2181c5adf90d,9.240714285714285,9.240714285714285,9.240714285714285,0.0,Elution 1,1.0,46.99107142857144,46.99107142857144,57.61607157941129,49.641517857142865,59.73526800043667,9.627105578948489e-145,4.0,6.0,1.1947053600088884,63.29776812064024,1.1947053600088884,0.9928303571428574,1.1947053600088884,1.1947053600088884,0.0,0.0,0.0,1.297548715569247
1,EDM Competitive Langmuir - two high-salt washes,7153f3f39ab39e3944db30e3ecafc691b277362a1f5bcba2e70b2181c5adf90d,9.252857142857144,9.252857142857142,9.252857142857142,0.0,Elution 1,1.0,46.83928571428573,46.83928571428573,57.464285860355616,49.49732142857144,59.59107156733366,1.2688282187051845e-144,4.0,6.0,1.1918214313468256,63.15357169452704,1.1918214313468256,0.9899464285714288,1.1918214313468256,1.1918214313468256,0.0,0.0,0.0,1.2752896242627492
1,EDM Competitive Langmuir - two high-salt washes,7153f3f39ab39e3944db30e3ecafc691b277362a1f5bcba2e70b2181c5adf90d,9.264999999999999,9.265,9.265,0.0,Elution 1,1.0,46.68749999999999,46.68749999999999,57.312500141086375,49.35312499999999,59.4468751340278,2.1324031353362233e-144,4.0,6.0,1.1889375026807052,63.00937526733422,1.1889375026807052,0.9870625,1.1889375026807052,1.1889375026807052,0.0,0.0,0.0,1.2534123815144227
1,EDM Competitive Langmuir - two high-salt washes,7153f3f39ab39e3944db30e3ecafc691b277362a1f5bcba2e70b2181c5adf90d,9.277142857142856,9.277142857142856,9.277142857142856,0.0,Elution 1,1.0,46.535714285714306,46.535714285714306,57.16071442160356,49.20892857142859,59.302678700519074,2.8207461263042946e-144,4.0,6.0,1.1860535740105267,62.865178839061855,1.1860535740105267,0.9841785714285718,1.1860535740105267,1.1860535740105267,0.0,0.0,0.0,1.2319104368183273
1,EDM Competitive Langmuir - two high-salt washes,7153f3f39ab39e3944db30e3ecafc691b277362a1f5bcba2e70b2181c5adf90d,9.289285714285713,9.289285714285713,9.289285714285713,0.0,Elution 1,1.0,46.38392857142859,46.38392857142859,57.00892870190715,49.06473214285716,59.15848226680748,3.8748024923258773e-144,4.0,6.0,1.1831696453362899,62.72098240970988,1.1831696453362899,0.9812946428571432,1.1831696453362899,1.1831696453362899,0.0,0.0,0.0,1.2107773520406266
1,EDM Competitive Langmuir - two high-salt washes,7153f3f39ab39e3944db30e3ecafc691b277362a1f5bcba2e70b2181c5adf90d,9.301428571428572,9.301428571428572,9.301428571428572,0.0,Elution 1,1.0,46.232142857142854,46.232142857142854,56.85714298199715,48.92053571428571,59.014285832892995,5.421141964148417e-144,4.0,6.0,1.1802857166579945,62.57678597927831,1.1802857166579945,0.9784107142857144,1.1802857166579945,1.1802857166579945,0.0,0.0,0.0,1.1900067994918717
1,EDM Competitive Langmuir - two high-salt washes,7153f3f39ab39e3944db30e3ecafc691b277362a1f5bcba2e70b2181c5adf90d,9.313571428571429,9.313571428571429,9.313571428571429,0.0,Elution 1,1.0,46.08035714285714,46.08035714285714,56.70535726187358,48.776339285714286,58.87008939877567,7.787293533323266e-144,4.0,6.0,1.1774017879756415,62.432589547767165,1.1774017879756415,0.9755267857142857,1.1774017879756415,1.1774017879756415,0.0,0.0,0.0,1.1695925600323718
1,EDM Competitive Langmuir - two high-salt washes,7153f3f39ab39e3944db30e3ecafc691b277362a1f5bcba2e70b2181c5adf90d,9.325714285714286,9.325714285714284,9.325714285714284,1.4903971554617687e-142,Elution 1,1.0,45.92857142857145,45.92857142857145,56.553571541536435,48.63214285714288,58.725892964455475,1.1610306218884933e-143,4.0,6.0,1.1745178592892302,62.28839311517644,1.1745178592892302,0.9726428571428576,1.1745178592892302,1.1745178592892302,1.4903971554617687e-145,1.4903971554617687e-145,1.4903971554617687e-142,1.149528521210027
1,EDM Competitive Langmuir - two high-salt washes,7153f3f39ab39e3944db30e3ecafc691b277362a1f5bcba2e70b2181c5adf90d,9.337857142857143,9.337857142857143,9.337857142857143,3.0274061772903262e-142,Elution 1,1.0,45.776785714285715,45.776785714285715,56.40178582098568,48.48794642857143,58.58169652993239,0.0,4.0,6.0,1.1716339305987604,62.14419668150611,1.1716339305987604,0.9697589285714288,1.1716339305987604,1.1716339305987604,3.0274061772903263e-145,3.0274061772903263e-145,3.0274061772903262e-142,1.1298086754301502
1,EDM Competitive Langmuir - two high-salt washes,7153f3f39ab39e3944db30e3ecafc691b277362a1f5bcba2e70b2181c5adf90d,9.35,9.35,9.35,4.052526102606401e-142,Elution 1,1.0,45.62500000000001,45.62500000000001,56.250000100221364,48.34375000000001,58.43750009520646,0.0,4.0,6.0,1.168750001904233,62.000000246756215,1.168750001904233,0.9668750000000002,1.168750001904233,1.168750001904233,4.052526102606401e-145,4.052526102606401e-145,4.052526102606401e-142,1.1104271181566752
1,EDM Competitive Langmuir - two high-salt washes,7153f3f39ab39e3944db30e3ecafc691b277362a1f5bcba2e70b2181c5adf90d,9.362142857142857,9.362142857142857,9.362142857142857,5.22516430233659e-142,Elution 1,1.0,45.47321428571429,45.47321428571429,56.098214379243466,48.19955357142858,58.293303660277665,0.0,4.0,6.0,1.1658660732056472,61.855803810926716,1.1658660732056472,0.9639910714285715,1.1658660732056472,1.1658660732056472,5.22516430233659e-145,5.22516430233659e-145,5.22516430233659e-142,1.0913780461441909
1,EDM Competitive Langmuir - two high-salt washes,7153f3f39ab39e3944db30e3ecafc691b277362a1f5bcba2e70b2181c5adf90d,9.374285714285714,9.374285714285714,9.374285714285714,6.773000327565642e-142,Elution 1,1.0,45.32142857142858,45.32142857142858,55.946428658051985,48.05535714285715,58.149107225146,0.0,4.0,6.0,1.1629821445030033,61.71160737401763,1.1629821445030033,0.9611071428571432,1.1629821445030033,1.1629821445030033,6.773000327565642e-145,6.773000327565642e-145,6.773000327565642e-142,1.0726557557003498
1,EDM Competitive Langmuir - two high-salt washes,7153f3f39ab39e3944db30e3ecafc691b277362a1f5bcba2e70b2181c5adf90d,9.386428571428572,9.38642857142857,9.38642857142857,8.830712245058888e-142,Elution 1,1.0,45.16964285714287,45.16964285714287,55.7946429366469,47.91116071428572,58.00491078981145,0.0,4.0,6.0,1.1600982157963007,61.56741093602898,1.1600982157963007,0.9582232142857146,1.1600982157963007,1.1600982157963007,8.830712245058889e-145,8.830712245058889e-145,8.830712245058888e-142,1.0542546409780496
1,EDM Competitive Langmuir - two high-salt washes,7153f3f39ab39e3944db30e3ecafc691b277362a1f5bcba2e70b2181c5adf90d,9.398571428571428,9.39857142857143,9.39857142857143,1.1607866913603997e-141,Elution 1,1.0,45.01785714285713,45.01785714285713,55.64285721502826,47.76696428571427,57.860714354274045,0.0,4.0,6.0,1.1572142870855406,61.42321449696072,1.1572142870855406,0.9553392857142855,1.1572142870855406,1.1572142870855406,1.1607866913603997e-144,1.1607866913603997e-144,1.1607866913603997e-141,1.0361691922969414
1,EDM Competitive Langmuir - two high-salt washes,7153f3f39ab39e3944db30e3ecafc691b277362a1f5bcba2e70b2181c5adf90d,9.410714285714285,9.410714285714285,9.410714285714285,1.8276119882898777e-141,Elution 1,1.0,44.866071428571445,44.866071428571445,55.49107149319603,47.62276785714287,57.71651791853378,0.0,4.0,6.0,1.154330358370722,61.279018056812895,1.154330358370722,0.9524553571428573,1.154330358370722,1.154330358370722,1.8276119882898777e-144,1.8276119882898777e-144,1.8276119882898777e-141,1.0183939944936953
1,EDM Competitive Langmuir - two high-salt washes,7153f3f39ab39e3944db30e3ecafc691b277362a1f5bcba2e70b2181c5adf90d,9.422857142857142,9.422857142857142,9.422857142857142,2.5778015412566928e-141,Elution 1,1.0,44.71428571428573,44.71428571428573,55.33928577115022,47.47857142857144,57.572321482590645,0.0,4.0,6.0,1.1514464296518456,61.13482161558548,1.1514464296518456,0.949571428571429,1.1514464296518456,1.1514464296518456,2.5778015412566927e-144,2.5778015412566927e-144,2.5778015412566928e-141,1.0009237253006056
1,EDM Competitive Langmuir - two high-salt washes,7153f3f39ab39e3944db30e3ecafc691b277362a1f5bcba2e70b2181c5adf90d,9.435,9.435,9.435,3.502782598436043e-141,Elution 1,1.0,44.56249999999999,44.56249999999999,55.18750004889081,47.334374999999994,57.42812504644463,0.0,4.0,6.0,1.1485625009289104,60.990625175983844,1.1485625009289104,0.9466874999999999,1.1485625009289104,1.1485625009289104,3.502782598436043e-144,3.502782598436043e-144,3.502782598436043e-141,0.9837531537519748
1,EDM Competitive Langmuir - two high-salt washes,7153f3f39ab39e3944db30e3ecafc691b277362a1f5bcba2e70b2181c5adf90d,9.447142857142858,9.447142857142858,9.447142857142858,4.8753750917405156e-141,Elution 1,1.0,44.41071428571428,44.41071428571428,55.03571432641784,47.19017857142857,57.28392861009576,0.0,4.0,6.0,1.1456785722019176,60.84642874281621,1.1456785722019176,0.9438035714285713,1.1456785722019176,1.1456785722019176,4.8753750917405155e-144,4.8753750917405155e-144,4.8753750917405156e-141,0.9668771386178769
1,EDM Competitive Langmuir - two high-salt washes,7153f3f39ab39e3944db30e3ecafc691b277362a1f5bcba2e70b2181c5adf90d,9.459285714285715,9.459285714285713,9.459285714285713,6.95218121479058e-141,Elution 1,1.0,44.25892857142859,44.25892857142859,54.88392860573447,47.04598214285716,57.13973217544685,0.0,4.0,6.0,1.142794643508929,60.70223231127651,1.142794643508929,0.9409196428571434,1.142794643508929,1.142794643508929,6.95218121479058e-144,6.95218121479058e-144,6.95218121479058e-141,0.9502906270817626
1,EDM Competitive Langmuir - two high-salt washes,7153f3f39ab39e3944db30e3ecafc691b277362a1f5bcba2e70b2181c5adf90d,9.47142857142857,9.471428571428572,9.471428571428572,1.026100762398111e-140,Elution 1,1.0,44.107142857142854,44.107142857142854,54.73214288784975,46.901785714285715,56.9955357434564,0.0,4.0,6.0,1.1399107148691172,60.5580358795339,1.1399107148691172,0.9380357142857143,1.1399107148691172,1.1399107148691172,1.026100762398111e-143,1.026100762398111e-143,1.026100762398111e-140,0.9339886528897221
1,EDM Competitive Langmuir - two high-salt washes,7153f3f39ab39e3944db30e3ecafc691b277362a1f5bcba2e70b2181c5adf90d,9.483571428571429,9.483571428571429,9.483571428571429,4.097755136076636e-141,Elution 1,1.0,43.955357142857146,43.955357142857146,54.5803571701072,46.75758928571429,56.851339311601016,0.0,4.0,6.0,1.1370267862320071,60.41383944758844,1.1370267862320071,0.9351517857142857,1.1370267862320071,1.1370267862320071,4.097755136076636e-144,4.097755136076636e-144,4.097755136076636e-141,0.9179663345935986
1,EDM Competitive Langmuir - two high-salt washes,7153f3f39ab39e3944db30e3ecafc691b277362a1f5bcba2e70b2181c5adf90d,9.495714285714286,9.495714285714286,9.495714285714286,0.0,Elution 1,1.0,43.80357142857143,43.80357142857143,54.428571452506866,46.613392857142856,56.707142879880735,0.0,4.0,6.0,1.1341428575975994,60.26964301544011,1.1341428575975994,0.9322678571428573,1.1341428575975994,1.1341428575975994,0.0,0.0,0.0,0.9022188747729506
1,EDM Competitive Langmuir - two high-salt washes,7153f3f39ab39e3944db30e3ecafc691b277362a1f5bcba2e70b2181c5adf90d,9.507857142857143,9.507857142857143,9.507857142857143,0.0,Elution 1,1.0,43.651785714285715,43.651785714285715,54.27678573504873,46.46919642857143,56.56294644829554,0.0,4.0,6.0,1.1312589289658934,60.125446583088916,1.1312589289658934,0.9293839285714287,1.1312589289658934,1.1312589289658934,0.0,0.0,0.0,0.8867415583057717
1,EDM Competitive Langmuir - two high-salt washes,7153f3f39ab39e3944db30e3ecafc691b277362a1f5bcba2e70b2181c5adf90d,9.52,9.52,9.52,0.0,Elution 1,1.0,43.50000000000001,43.50000000000001,54.12500001773279,46.325,56.418750016845436,0.0,4.0,6.0,1.1283750003368893,59.98125015053486,1.1283750003368893,0.9265000000000001,1.1283750003368893,1.1283750003368893,0.0,0.0,0.0,0.8715297509566906
1,EDM Competitive Langmuir - two high-salt washes,7153f3f39ab39e3944db30e3ecafc691b277362a1f5bcba2e70b2181c5adf90d,9.532142857142857,9.532142857142858,9.532142857142858,0.0,Elution 1,1.0,43.34821428571427,43.34821428571427,53.973214300559015,46.180803571428555,56.27455358553039,0.0,4.0,6.0,1.1254910717105868,59.83705371777792,1.1254910717105868,0.9236160714285713,1.1254910717105868,1.1254910717105868,0.0,0.0,0.0,0.8565788979893795
1,EDM Competitive Langmuir - two high-salt washes,7153f3f39ab39e3944db30e3ecafc691b277362a1f5bcba2e70b2181c5adf90d,9.544285714285714,9.544285714285714,9.544285714285714,0.0,Elution 1,1.0,43.196428571428584,43.196428571428584,53.821428583527464,46.03660714285715,56.130357154350456,4.5412700379670185e-135,4.0,6.0,1.1226071430869868,59.69285728481814,1.1226071430869868,0.9207321428571431,1.1226071430869868,1.1226071430869868,0.0,0.0,0.0,0.8418845228027781
1,EDM Competitive Langmuir - two high-salt washes,7153f3f39ab39e3944db30e3ecafc691b277362a1f5bcba2e70b2181c5adf90d,9.55642857142857,9.55642857142857,9.55642857142857,0.0,Elution 1,1.0,43.04464285714287,43.04464285714287,53.66964286663811,45.892410714285724,55.9861607233056,1.0327158005512741e-134,4.0,6.0,1.1197232144660887,59.54866085165548,1.1197232144660887,0.9178482142857145,1.1197232144660887,1.1197232144660887,0.0,0.0,0.0,0.8274422255906883
1,EDM Competitive Langmuir - two high-salt washes,7153f3f39ab39e3944db30e3ecafc691b277362a1f5bcba2e70b2181c5adf90d,9.568571428571428,9.568571428571428,9.568571428571428,0.0,Elution 1,1.0,42.89285714285715,42.89285714285715,53.51785714989094,45.7482142857143,55.84196429239584,1.658278971689679e-134,4.0,6.0,1.1168392858478924,59.40446441828996,1.1168392858478924,0.9149642857142859,1.1168392858478924,1.1168392858478924,0.0,0.0,0.0,0.8132476820243919
1,EDM Competitive Langmuir - two high-salt washes,7153f3f39ab39e3944db30e3ecafc691b277362a1f5bcba2e70b2181c5adf90d,9.580714285714286,9.580714285714286,9.580714285714286,0.0,Elution 1,1.0,42.741071428571416,42.741071428571416,53.36607143328595,45.60401785714285,55.69776786162114,2.694146694807437e-134,4.0,6.0,1.1139553572323975,59.26026798472153,1.1139553572323975,0.9120803571428571,1.1139553572323975,1.1139553572323975,0.0,0.0,0.0,0.7992966419578499
1,EDM Competitive Langmuir - two high-salt washes,7153f3f39ab39e3944db30e3ecafc691b277362a1f5bcba2e70b2181c5adf90d,9.592857142857143,9.592857142857142,9.592857142857142,0.0,Elution 1,1.0,42.58928571428573,42.58928571428573,53.21428571682318,45.459821428571445,55.55357143098155,4.42299672703618e-134,4.0,6.0,1.111071428619605,59.11607155095029,1.111071428619605,0.9091964285714289,1.111071428619605,1.111071428619605,0.0,0.0,0.0,0.7855849281551248
1,EDM Competitive Langmuir - two high-salt washes,7153f3f39ab39e3944db30e3ecafc691b277362a1f5bcba2e70b2181c5adf90d,9.604999999999999,9.605,9.605,0.0,Elution 1,1.0,42.43749999999999,42.43749999999999,53.0625000005026,45.315625,55.40937500047704,7.296597428246769e-134,4.0,6.0,1.1081875000095147,58.971875116976136,1.1081875000095147,0.9063124999999999,1.1081875000095147,1.1081875000095147,0.0,0.0,0.0,0.7721084350396191
1,EDM Competitive Langmuir - two high-salt washes,7153f3f39ab39e3944db30e3ecafc691b277362a1f5bcba2e70b2181c5adf90d,9.617142857142856,9.617142857142856,9.617142857142856,0.0,Elution 1,1.0,42.285714285714306,42.285714285714306,52.910714284324214,45.17142857142859,55.26517857010762,1.2096894594589183e-133,4.0,6.0,1.1053035714021262,58.82767868279916,1.1053035714021262,0.9034285714285719,1.1053035714021262,1.1053035714021262,0.0,0.0,0.0,0.7588631274647819
1,EDM Competitive Langmuir - two high-salt washes,7153f3f39ab39e3944db30e3ecafc691b277362a1f5bcba2e70b2181c5adf90d,9.629285714285714,9.629285714285714,9.629285714285714,0.0,Elution 1,1.0,42.13392857142857,42.13392857142857,52.758928568288,45.027232142857144,55.12098213987326,2.0154853806589296e-133,4.0,6.0,1.102419642797439,58.68348224841926,1.102419642797439,0.9005446428571429,1.102419642797439,1.102419642797439,0.0,0.0,0.0,0.7458450395059005
1,EDM Competitive Langmuir - two high-salt washes,7153f3f39ab39e3944db30e3ecafc691b277362a1f5bcba2e70b2181c5adf90d,9.641428571428571,9.641428571428571,9.641428571428571,0.0,Elution 1,1.0,41.982142857142854,41.982142857142854,52.607142852394006,44.88303571428571,54.97678570977402,3.368308555740439e-133,4.0,6.0,1.0995357141954545,58.53928581383653,1.0995357141954545,0.8976607142857143,1.0995357141954545,1.0995357141954545,0.0,0.0,0.0,0.7330502732726271
1,EDM Competitive Langmuir - two high-salt washes,7153f3f39ab39e3944db30e3ecafc691b277362a1f5bcba2e70b2181c5adf90d,9.653571428571428,9.653571428571428,9.653571428571428,0.0,Elution 1,1.0,41.830357142857146,41.830357142857146,52.455357136642206,44.738839285714285,54.83258927980985,5.652567649509915e-133,4.0,6.0,1.0966517855961717,58.39508937905094,1.0966517855961717,0.8947767857142859,1.0966517855961717,1.0966517855961717,0.0,0.0,0.0,0.7204749977418502
1,EDM Competitive Langmuir - two high-salt washes,7153f3f39ab39e3944db30e3ecafc691b277362a1f5bcba2e70b2181c5adf90d,9.665714285714284,9.665714285714284,9.665714285714284,0.0,Elution 1,1.0,41.67857142857145,41.67857142857145,52.3035714210326,44.59464285714288,54.68839284998078,9.522485703139912e-133,4.0,6.0,1.0937678569995908,58.25089294406249,1.0937678569995908,0.8918928571428577,1.0937678569995908,1.0937678569995908,0.0,0.0,0.0,0.7081154476106206
1,EDM Competitive Langmuir - two high-salt washes,7153f3f39ab39e3944db30e3ecafc691b277362a1f5bcba2e70b2181c5adf90d,9.677857142857142,9.677857142857142,9.677857142857142,0.0,Elution 1,1.0,41.52678571428572,41.52678571428572,52.15178570556517,44.45044642857143,54.54419642028677,1.610853957687787e-132,4.0,6.0,1.0908839284057115,58.10669650887113,1.0908839284057115,0.8890089285714287,1.0908839284057115,1.0908839284057115,0.0,0.0,0.0,0.695967922168733
1,EDM Competitive Langmuir - two high-salt washes,7153f3f39ab39e3944db30e3ecafc691b277362a1f5bcba2e70b2181c5adf90d,9.69,9.69,9.69,2.9384688480959934e-132,Elution 1,1.0,41.37500000000001,41.37500000000001,51.99999999023996,44.306250000000006,54.39999999072786,2.7370646297895307e-132,4.0,6.0,1.0879999998145344,57.96250007347693,1.0879999998145344,0.8861250000000003,1.0879999998145344,1.0879999998145344,2.9384688480959935e-135,2.9384688480959935e-135,2.9384688480959934e-132,0.6840287841906585
1,EDM Competitive Langmuir - two high-salt washes,7153f3f39ab39e3944db30e3ecafc691b277362a1f5bcba2e70b2181c5adf90d,9.702142857142857,9.702142857142857,9.702142857142857,8.285079899320034e-132,Elution 1,1.0,41.22321428571429,41.22321428571429,51.84821427505693,44.16205357142858,54.25580356130404,4.672530361643704e-132,4.0,6.0,1.0851160712260595,57.81830363787987,1.0851160712260595,0.8832410714285717,1.0851160712260595,1.0851160712260595,8.285079899320034e-135,8.285079899320034e-135,8.285079899320034e-132,0.6722944588464778
1,EDM Competitive Langmuir - two high-salt washes,7153f3f39ab39e3944db30e3ecafc691b277362a1f5bcba2e70b2181c5adf90d,9.714285714285714,9.714285714285712,9.714285714285712,1.4374919701113163e-131,Elution 1,1.0,41.071428571428605,41.071428571428605,51.69642856001611,44.017857142857174,54.11160713201531,6.920800943130086e-127,4.0,6.0,1.0822321426402863,57.674107202079945,1.0822321426402863,0.8803571428571435,1.0822321426402863,1.0822321426402863,1.4374919701113162e-134,1.4374919701113162e-134,1.4374919701113163e-131,0.6607614326315039
1,EDM Competitive Langmuir - two high-salt washes,7153f3f39ab39e3944db30e3ecafc691b277362a1f5bcba2e70b2181c5adf90d,9.726428571428572,9.72642857142857,9.72642857142857,2.32854632194223e-131,Elution 1,1.0,40.91964285714287,40.91964285714287,51.54464284511745,43.87366071428573,53.96741070286164,1.3555273953426143e-126,4.0,6.0,1.0793482140572148,57.52991076607712,1.0793482140572148,0.8774732142857145,1.0793482140572148,1.0793482140572148,2.32854632194223e-134,2.32854632194223e-134,2.32854632194223e-131,0.6494262523142652
1,EDM Competitive Langmuir - two high-salt washes,7153f3f39ab39e3944db30e3ecafc691b277362a1f5bcba2e70b2181c5adf90d,9.738571428571428,9.73857142857143,9.73857142857143,3.8128143627202866e-131,Elution 1,1.0,40.76785714285713,40.76785714285713,51.392857130361016,43.72946428571428,53.82321427384308,2.7414800294238272e-126,4.0,6.0,1.0764642854768454,57.38571432987143,1.0764642854768454,0.8745892857142856,1.0764642854768454,1.0764642854768454,3.8128143627202864e-134,3.8128143627202864e-134,3.8128143627202866e-131,0.6382855239025356
1,EDM Competitive Langmuir - two high-salt washes,7153f3f39ab39e3944db30e3ecafc691b277362a1f5bcba2e70b2181c5adf90d,9.750714285714285,9.750714285714285,9.750714285714285,6.282385416054475e-131,Elution 1,1.0,40.616071428571445,40.616071428571445,51.241071415746774,43.585267857142874,53.6790178449596,5.579513575068161e-126,4.0,6.0,1.0735803568991782,57.24151789402257,1.0735803568991782,0.8717053571428575,1.0735803568991782,1.0735803568991782,6.282385416054475e-134,6.282385416054475e-134,6.282385416054475e-131,0.6273359116270983
1,EDM Competitive Langmuir - two high-salt washes,7153f3f39ab39e3944db30e3ecafc691b277362a1f5bcba2e70b2181c5adf90d,9.762857142857142,9.762857142857142,9.762857142857142,1.040267206529153e-130,Elution 1,1.0,40.46428571428573,40.46428571428573,51.08928570127473,43.44107142857144,53.534821416211216,0.0,4.0,6.0,1.0706964283242126,57.097321460155555,1.0706964283242126,0.8688214285714289,1.0706964283242126,1.0706964283242126,1.0402672065291529e-133,1.0402672065291529e-133,1.040267206529153e-130,0.6165741369429467
1,EDM Competitive Langmuir - two high-salt washes,7153f3f39ab39e3944db30e3ecafc691b277362a1f5bcba2e70b2181c5adf90d,9.775,9.775,9.775,1.7310868202354238e-130,Elution 1,1.0,40.31249999999999,40.31249999999999,50.93749998688751,43.29687499999999,53.39062498754341,0.0,4.0,6.0,1.0678124997508591,56.95312502820482,1.0678124997508591,0.8659375,1.0678124997508591,1.0678124997508591,1.731086820235424e-133,1.731086820235424e-133,1.7310868202354238e-130,0.6059969775436563
1,EDM Competitive Langmuir - two high-salt washes,7153f3f39ab39e3944db30e3ecafc691b277362a1f5bcba2e70b2181c5adf90d,9.787142857142857,9.787142857142857,9.787142857142857,2.8908415527704715e-130,Elution 1,1.0,40.160714285714285,40.160714285714285,50.785714271818044,43.15267857142857,53.246428558227436,0.0,4.0,6.0,1.0649285711645398,56.80892859638917,1.0649285711645398,0.8630535714285714,1.0649285711645398,1.0649285711645398,2.8908415527704713e-133,2.8908415527704713e-133,2.8908415527704715e-130,0.5956012663525966
1,EDM Competitive Langmuir - two high-salt washes,7153f3f39ab39e3944db30e3ecafc691b277362a1f5bcba2e70b2181c5adf90d,9.799285714285713,9.799285714285713,9.799285714285713,4.846358557590902e-130,Elution 1,1.0,40.00892857142859,40.00892857142859,50.63392855682662,43.00848214285716,53.102232128985584,0.0,4.0,6.0,1.062044642579703,56.664732164708646,1.062044642579703,0.8601696428571433,1.062044642579703,1.062044642579703,4.8463585575909026e-133,4.8463585575909026e-133,4.846358557590902e-130,0.5853838907280959
1,EDM Competitive Langmuir - two high-salt washes,7153f3f39ab39e3944db30e3ecafc691b277362a1f5bcba2e70b2181c5adf90d,9.811428571428571,9.811428571428571,9.811428571428571,8.156632272447272e-130,Elution 1,1.0,39.85714285714286,39.85714285714286,50.4821428419132,42.864285714285714,52.958035699817856,0.0,4.0,6.0,1.0591607139963486,56.520535733163165,1.0591607139963486,0.8572857142857144,1.0591607139963486,1.0591607139963486,8.156632272447272e-133,8.156632272447272e-133,8.156632272447272e-130,0.5753417913724644
1,EDM Competitive Langmuir - two high-salt washes,7153f3f39ab39e3944db30e3ecafc691b277362a1f5bcba2e70b2181c5adf90d,9.823571428571428,9.823571428571428,9.823571428571428,1.3784049974382348e-129,Elution 1,1.0,39.705357142857146,39.705357142857146,50.33035712707784,42.72008928571429,52.81383927072427,0.0,4.0,6.0,1.0562767854144772,56.376339301752786,1.0562767854144772,0.8544017857142858,1.0562767854144772,1.0562767854144772,1.3784049974382348e-132,1.3784049974382348e-132,1.3784049974382348e-129,0.5654719614694284
1,EDM Competitive Langmuir - two high-salt washes,7153f3f39ab39e3944db30e3ecafc691b277362a1f5bcba2e70b2181c5adf90d,9.835714285714285,9.835714285714285,9.835714285714285,2.33957851022419e-129,Elution 1,1.0,39.55357142857143,39.55357142857143,50.178571412320515,42.57589285714286,52.66964284170482,0.0,4.0,6.0,1.0533928568340885,56.23214287047749,1.0533928568340885,0.8515178571428572,1.0533928568340885,1.0533928568340885,2.3395785102241902e-132,2.3395785102241902e-132,2.33957851022419e-129,0.5557714457838187
1,EDM Competitive Langmuir - two high-salt washes,7153f3f39ab39e3944db30e3ecafc691b277362a1f5bcba2e70b2181c5adf90d,9.847857142857142,9.84785714285714,9.84785714285714,3.989424809224268e-129,Elution 1,1.0,39.401785714285744,39.401785714285744,50.02678569764123,42.431696428571456,52.52544641275951,0.0,4.0,6.0,1.0505089282551823,56.08794643933729,1.0505089282551823,0.848633928571429,1.0505089282551823,1.0505089282551823,3.989424809224268e-132,3.989424809224268e-132,3.989424809224268e-129,0.5462373397767195
1,EDM Competitive Langmuir - two high-salt washes,7153f3f39ab39e3944db30e3ecafc691b277362a1f5bcba2e70b2181c5adf90d,9.860000000000001,9.86,9.86,4.478181807427162e-124,Elution 1,1.0,39.25000000000001,39.25000000000001,49.874999983039956,42.28750000000001,52.381249983888296,0.0,4.0,6.0,1.0476249996777585,55.943750008332145,1.0476249996777585,0.8457500000000002,1.0476249996777585,1.0476249996777585,4.478181807427162e-127,4.478181807427162e-127,4.478181807427162e-124,0.5368667887357813
1,EDM Competitive Langmuir - two high-salt washes,7153f3f39ab39e3944db30e3ecafc691b277362a1f5bcba2e70b2181c5adf90d,9.872142857142856,9.872142857142858,9.872142857142858,1.1213695243911087e-123,Elution 1,1.0,39.09821428571427,39.09821428571427,49.72321426851674,42.14330357142856,52.237053555091244,0.0,4.0,6.0,1.044741071101818,55.7995535774621,1.044741071101818,0.8428660714285712,1.044741071101818,1.044741071101818,1.1213695243911087e-126,1.1213695243911087e-126,1.1213695243911087e-123,0.5276569869204665
1,EDM Competitive Langmuir - two high-salt washes,7153f3f39ab39e3944db30e3ecafc691b277362a1f5bcba2e70b2181c5adf90d,9.884285714285713,9.884285714285713,9.884285714285713,2.2523202762185382e-123,Elution 1,1.0,38.946428571428584,38.946428571428584,49.57142855407157,41.999107142857156,52.09285712636832,0.0,4.0,6.0,1.0418571425273597,55.65535714672716,1.0418571425273597,0.839982142857143,1.0418571425273597,1.0418571425273597,2.2523202762185382e-126,2.2523202762185382e-126,2.2523202762185382e-123,0.5186051767219425
1,EDM Competitive Langmuir - two high-salt washes,7153f3f39ab39e3944db30e3ecafc691b277362a1f5bcba2e70b2181c5adf90d,9.89642857142857,9.89642857142857,9.89642857142857,4.57785467660526e-123,Elution 1,1.0,38.79464285714287,38.79464285714287,49.41964283970442,41.85491071428572,51.94866069771953,0.0,4.0,6.0,1.0389732139543844,55.51116071612729,1.0389732139543844,0.8370982142857146,1.0389732139543844,1.0389732139543844,4.57785467660526e-126,4.57785467660526e-126,4.57785467660526e-123,0.5097086478374051
1,EDM Competitive Langmuir - two high-salt washes,7153f3f39ab39e3944db30e3ecafc691b277362a1f5bcba2e70b2181c5adf90d,9.90857142857143,9.90857142857143,9.90857142857143,1.9692400853174544e-123,Elution 1,1.0,38.64285714285713,38.64285714285713,49.26785712541529,41.710714285714275,51.80446426914486,0.0,4.0,6.0,1.0360892853828911,55.366964285662505,1.0360892853828911,0.8342142857142856,1.0360892853828911,1.0360892853828911,1.9692400853174544e-126,1.9692400853174544e-126,1.9692400853174544e-123,0.500964736458547
1,EDM Competitive Langmuir - two high-salt washes,7153f3f39ab39e3944db30e3ecafc691b277362a1f5bcba2e70b2181c5adf90d,9.920714285714286,9.920714285714286,9.920714285714286,0.0,Elution 1,1.0,38.49107142857142,38.49107142857142,49.11607141120422,41.56651785714285,51.66026784064433,2.9097773572835255e-121,4.0,6.0,1.033205356812881,55.2227678553328,1.033205356812881,0.831330357142857,1.033205356812881,1.033205356812881,0.0,0.0,0.0,0.49237082447396785
1,EDM Competitive Langmuir - two high-salt washes,7153f3f39ab39e3944db30e3ecafc691b277362a1f5bcba2e70b2181c5adf90d,9.932857142857141,9.932857142857141,9.932857142857141,0.0,Elution 1,1.0,38.33928571428573,38.33928571428573,48.96428569707118,41.42232142857144,51.51607141221793,0.0,4.0,6.0,1.0303214282443536,55.078571425138215,1.0303214282443536,0.828446428571429,1.0303214282443536,1.0303214282443536,0.0,0.0,0.0,0.4839243386852481
1,EDM Competitive Langmuir - two high-salt washes,7153f3f39ab39e3944db30e3ecafc691b277362a1f5bcba2e70b2181c5adf90d,9.944999999999999,9.944999999999999,9.944999999999999,0.0,Elution 1,1.0,38.18750000000002,38.18750000000002,48.81249998301618,41.27812500000002,51.37187498386567,0.0,4.0,6.0,1.0274374996773088,54.934374995078706,1.0274374996773088,0.8255625000000004,1.0274374996773088,1.0274374996773088,0.0,0.0,0.0,0.4756227500364804
1,EDM Competitive Langmuir - two high-salt washes,7153f3f39ab39e3944db30e3ecafc691b277362a1f5bcba2e70b2181c5adf90d,9.957142857142857,9.957142857142857,9.957142857142857,0.0,Elution 1,1.0,38.035714285714285,38.035714285714285,48.6607142690392,41.13392857142857,51.227678555587524,0.0,4.0,6.0,1.0245535711117462,54.79017856515424,1.0245535711117462,0.8226785714285714,1.0245535711117462,1.0245535711117462,0.0,0.0,0.0,0.46746357285701845
1,EDM Competitive Langmuir - two high-salt washes,7153f3f39ab39e3944db30e3ecafc691b277362a1f5bcba2e70b2181c5adf90d,9.969285714285714,9.969285714285714,9.969285714285714,0.0,Elution 1,1.0,37.88392857142857,37.88392857142857,48.50892855514027,40.98973214285714,51.083482127383526,7.395380592314569e-116,4.0,6.0,1.0216696425476666,54.64598213536488,1.0216696425476666,0.819794642857143,1.0216696425476666,1.0216696425476666,0.0,0.0,0.0,0.4594443641172186
1,EDM Competitive Langmuir - two high-salt washes,7153f3f39ab39e3944db30e3ecafc691b277362a1f5bcba2e70b2181c5adf90d,9.981428571428571,9.98142857142857,9.98142857142857,0.0,Elution 1,1.0,37.73214285714288,37.73214285714288,48.35714284131938,40.84553571428574,50.93928569925366,0.0,4.0,6.0,1.0187857139850698,54.501785705710645,1.0187857139850698,0.8169107142857148,1.0187857139850698,1.0187857139850698,0.0,0.0,0.0,0.45156272269693776
1,EDM Competitive Langmuir - two high-salt washes,7153f3f39ab39e3944db30e3ecafc691b277362a1f5bcba2e70b2181c5adf90d,9.993571428571427,9.993571428571428,9.993571428571428,0.0,Elution 1,1.0,37.580357142857146,37.580357142857146,48.20535712757652,40.70133928571429,50.795089271197924,3.502747713717333e-111,4.0,6.0,1.0159017854239556,54.35758927619145,1.0159017854239556,0.8140267857142858,1.0159017854239556,1.0159017854239556,0.0,0.0,0.0,0.4438162886665894
1,EDM Competitive Langmuir - two high-salt washes,7153f3f39ab39e3944db30e3ecafc691b277362a1f5bcba2e70b2181c5adf90d,10.005714285714285,10.005714285714287,10.005714285714287,0.0,Elution 1,1.0,37.42857142857141,37.42857142857141,48.053571413911676,40.55714285714284,50.6508928432163,5.600483443721152e-111,4.0,6.0,1.0130178568643238,54.21339284680733,1.0130178568643238,0.8111428571428569,1.0130178568643238,1.0130178568643238,0.0,0.0,0.0,0.4362027425805338
1,EDM Competitive Langmuir - two high-salt washes,7153f3f39ab39e3944db30e3ecafc691b277362a1f5bcba2e70b2181c5adf90d,10.017857142857142,10.017857142857142,10.017857142857142,0.0,Elution 1,1.0,37.27678571428572,37.27678571428572,47.90178570032489,40.41294642857144,50.50669641530883,8.830833041347747e-111,4.0,6.0,1.0101339283061748,54.06919641755834,1.0101339283061748,0.8082589285714288,1.0101339283061748,1.0101339283061748,0.0,0.0,0.0,0.42871980478258703
1,EDM Competitive Langmuir - two high-salt washes,7153f3f39ab39e3944db30e3ecafc691b277362a1f5bcba2e70b2181c5adf90d,10.03,10.03,10.03,0.0,Elution 1,1.0,37.12500000000001,37.12500000000001,47.74999998681614,40.268750000000004,50.362499987475495,1.7929909881024813e-110,4.0,6.0,1.0072499997495086,53.924999988444426,1.0072499997495086,0.8053750000000002,1.0072499997495086,1.0072499997495086,0.0,0.0,0.0,0.42136523472343923
1,EDM Competitive Langmuir - two high-salt washes,7153f3f39ab39e3944db30e3ecafc691b277362a1f5bcba2e70b2181c5adf90d,10.042142857142856,10.042142857142856,10.042142857142856,0.0,Elution 1,1.0,36.97321428571429,36.97321428571429,47.59821427338543,40.12455357142858,50.21830355971629,3.723501698928866e-110,4.0,6.0,1.0043660711943252,53.7808035594656,1.0043660711943252,0.8024910714285716,1.0043660711943252,1.0043660711943252,0.0,0.0,0.0,0.41413683028979165
1,EDM Competitive Langmuir - two high-salt washes,7153f3f39ab39e3944db30e3ecafc691b277362a1f5bcba2e70b2181c5adf90d,10.054285714285715,10.054285714285715,10.054285714285715,0.0,Elution 1,1.0,36.82142857142856,36.82142857142856,47.44642856003273,39.98035714285713,50.07410713203119,7.090993366567007e-110,4.0,6.0,1.0014821426406237,53.636607130621826,1.0014821426406237,0.7996071428571427,1.0014821426406237,1.0014821426406237,0.0,0.0,0.0,0.40703242714499155
1,EDM Competitive Langmuir - two high-salt washes,7153f3f39ab39e3944db30e3ecafc691b277362a1f5bcba2e70b2181c5adf90d,10.06642857142857,10.06642857142857,10.06642857142857,1.882797113535923e-118,Elution 1,1.0,36.66964285714287,36.66964285714287,47.29464284675809,39.836160714285725,49.92991070442025,1.249082023831943e-109,4.0,6.0,0.9985982140884055,53.492410701897164,0.9985982140884055,0.7967232142857146,0.9985982140884055,0.9985982140884055,1.882797113535923e-121,1.882797113535923e-121,1.882797113535923e-118,0.40004989808099484
1,EDM Competitive Langmuir - two high-salt washes,7153f3f39ab39e3944db30e3ecafc691b277362a1f5bcba2e70b2181c5adf90d,10.078571428571427,10.078571428571427,10.078571428571427,1.026980243747327e-118,Elution 1,1.0,36.51785714285716,36.51785714285716,47.142857133561485,39.6919642857143,49.78571427688344,2.1174992734965464e-109,4.0,6.0,0.99571428553767,53.348214273038735,0.99571428553767,0.793839285714286,0.99571428553767,0.99571428553767,1.026980243747327e-121,1.026980243747327e-121,1.026980243747327e-118,0.39318715238142254
1,EDM Competitive Langmuir - two high-salt washes,7153f3f39ab39e3944db30e3ecafc691b277362a1f5bcba2e70b2181c5adf90d,10.090714285714284,10.090714285714284,10.090714285714284,0.0,Elution 1,1.0,36.366071428571445,36.366071428571445,46.991071420442914,39.54776785714287,49.64151784942076,3.692025315558157e-109,4.0,6.0,0.9928303569884172,53.20401784374456,0.9928303569884172,0.7909553571428576,0.9928303569884172,0.9928303569884172,0.0,0.0,0.0,0.3864421351955634
1,EDM Competitive Langmuir - two high-salt washes,7153f3f39ab39e3944db30e3ecafc691b277362a1f5bcba2e70b2181c5adf90d,10.102857142857143,10.102857142857143,10.102857142857143,0.0,Elution 1,1.0,36.21428571428571,36.21428571428571,46.83928570668123,39.403571428571425,49.49732142134715,6.802112254157819e-109,4.0,6.0,0.9899464284269452,53.05982141452448,0.9899464284269452,0.7880714285714285,0.9899464284269452,0.9899464284269452,0.0,0.0,0.0,0.37981282689188284
1,EDM Competitive Langmuir - two high-salt washes,7153f3f39ab39e3944db30e3ecafc691b277362a1f5bcba2e70b2181c5adf90d,10.115,10.114999999999998,10.114999999999998,4.7852462656141004e-113,Elution 1,1.0,36.06250000000002,36.06250000000002,46.68749999264586,39.25937500000002,49.353124993013544,1.6136573721541255e-108,4.0,6.0,0.9870624998602733,52.91562498537859,0.9870624998602733,0.7851875000000004,0.9870624998602733,0.9870624998602733,4.7852462656141e-116,4.7852462656141e-116,4.7852462656141004e-113,0.37329724253308777
1,EDM Competitive Langmuir - two high-salt washes,7153f3f39ab39e3944db30e3ecafc691b277362a1f5bcba2e70b2181c5adf90d,10.127142857142855,10.127142857142857,10.127142857142857,2.610134326698687e-113,Elution 1,1.0,35.91071428571428,35.91071428571428,46.53571427861397,39.11517857142857,49.20892856468325,4.507984847695115e-108,4.0,6.0,0.9841785712936675,52.771428556306795,0.9841785712936675,0.7823035714285715,0.9841785712936675,0.9841785712936675,2.610134326698687e-116,2.610134326698687e-116,2.610134326698687e-113,0.36689343122824447
1,EDM Competitive Langmuir - two high-salt washes,7153f3f39ab39e3944db30e3ecafc691b277362a1f5bcba2e70b2181c5adf90d,10.139285714285712,10.139285714285712,10.139285714285712,2.2664838147578823e-108,Elution 1,1.0,35.7589285714286,35.7589285714286,46.383928564585574,38.97098214285717,49.064732136356255,9.893224413894404e-105,4.0,6.0,0.9812946427271279,52.62723212730916,0.9812946427271279,0.7794196428571434,0.9812946427271279,0.9812946427271279,2.2664838147578822e-111,2.2664838147578822e-111,2.2664838147578823e-108,0.36059947554141575
1,EDM Competitive Langmuir - two high-salt washes,7153f3f39ab39e3944db30e3ecafc691b277362a1f5bcba2e70b2181c5adf90d,10.151428571428571,10.151428571428571,10.151428571428571,4.860106127248981e-108,Elution 1,1.0,35.60714285714286,35.60714285714286,46.23214285056063,38.82678571428572,48.92053570803256,1.539824750006828e-104,4.0,6.0,0.978410714160654,52.48303569838561,0.978410714160654,0.7765357142857143,0.978410714160654,0.978410714160654,4.860106127248981e-111,4.860106127248981e-111,4.860106127248981e-108,0.3544134909297472
1,EDM Competitive Langmuir - two high-salt washes,7153f3f39ab39e3944db30e3ecafc691b277362a1f5bcba2e70b2181c5adf90d,10.163571428571428,10.163571428571428,10.163571428571428,7.690709653949902e-108,Elution 1,1.0,35.45535714285715,35.45535714285715,46.0803571365392,38.682589285714286,48.7763392797122,3.2090538932504267e-104,4.0,6.0,0.9755267855942467,52.33883926953623,0.9755267855942467,0.7736517857142859,0.9755267855942467,0.9755267855942467,7.690709653949902e-111,7.690709653949902e-111,7.690709653949902e-108,0.3483336251792017
1,EDM Competitive Langmuir - two high-salt washes,7153f3f39ab39e3944db30e3ecafc691b277362a1f5bcba2e70b2181c5adf90d,10.175714285714285,10.175714285714285,10.175714285714285,1.471847099643275e-107,Elution 1,1.0,35.30357142857143,35.30357142857143,45.92857142252125,38.53839285714286,48.632142851395145,6.763471892639545e-104,4.0,6.0,0.9726428570279056,52.19464284076099,0.9726428570279056,0.7707678571428573,0.9726428570279056,0.9726428570279056,1.471847099643275e-110,1.471847099643275e-110,1.471847099643275e-107,0.3423580578499608
1,EDM Competitive Langmuir - two high-salt washes,7153f3f39ab39e3944db30e3ecafc691b277362a1f5bcba2e70b2181c5adf90d,10.187857142857142,10.18785714285714,10.18785714285714,3.042144977460415e-107,Elution 1,1.0,35.15178571428575,35.15178571428575,45.776785708506786,38.394196428571455,48.487946423081404,1.443095653187373e-103,4.0,6.0,0.9697589284616309,52.050446412059884,0.9697589284616309,0.7678839285714292,0.9697589284616309,0.9697589284616309,3.042144977460415e-110,3.042144977460415e-110,3.042144977460415e-107,0.33648499973134943
1,EDM Competitive Langmuir - two high-salt washes,7153f3f39ab39e3944db30e3ecafc691b277362a1f5bcba2e70b2181c5adf90d,10.2,10.2,10.2,5.902466895635522e-107,Elution 1,1.0,35.000000000000014,35.000000000000014,45.62499999449579,38.25000000000001,48.34374999477095,3.1371349513636277e-103,4.0,6.0,0.9668749998954218,51.90624998343287,0.9668749998954218,0.7650000000000001,0.9668749998954218,0.9668749998954218,5.902466895635522e-110,5.902466895635522e-110,5.902466895635522e-107,0.3307126923061079
1,EDM Competitive Langmuir - two high-salt washes,7153f3f39ab39e3944db30e3ecafc691b277362a1f5bcba2e70b2181c5adf90d,10.212142857142856,10.212142857142856,10.212142857142856,1.0584998989465263e-106,Elution 1,1.0,34.84821428571429,34.84821428571429,45.47321428048829,38.10580357142858,48.199553566463834,6.625633031789579e-103,4.0,6.0,0.9639910713292794,51.762053554880026,0.9639910713292794,0.7621160714285717,0.9639910713292794,0.9639910713292794,1.0584998989465263e-109,1.0584998989465263e-109,1.0584998989465263e-106,0.32503940722385904
1,EDM Competitive Langmuir - two high-salt washes,7153f3f39ab39e3944db30e3ecafc691b277362a1f5bcba2e70b2181c5adf90d,10.224285714285713,10.224285714285713,10.224285714285713,1.8109990677325537e-106,Elution 1,1.0,34.696428571428584,34.696428571428584,45.321428566484286,37.961607142857154,48.055357138160026,2.2329259234203723e-102,4.0,6.0,0.9611071427632032,51.61785712640129,0.9611071427632032,0.7592321428571431,0.9611071427632032,0.9611071427632032,1.8109990677325537e-109,1.8109990677325537e-109,1.8109990677325537e-106,0.3194634457835968
1,EDM Competitive Langmuir - two high-salt washes,7153f3f39ab39e3944db30e3ecafc691b277362a1f5bcba2e70b2181c5adf90d,10.236428571428572,10.236428571428572,10.236428571428572,3.1363102418895565e-106,Elution 1,1.0,34.54464285714285,34.54464285714285,45.16964285248374,37.81741071428571,47.91116070985951,0.0,4.0,6.0,0.9582232141971928,51.473660697996664,0.9582232141971928,0.7563482142857141,0.9582232141971928,0.9582232141971928,3.1363102418895565e-109,3.1363102418895565e-109,3.1363102418895565e-106,0.3139831384250632
1,EDM Competitive Langmuir - two high-salt washes,7153f3f39ab39e3944db30e3ecafc691b277362a1f5bcba2e70b2181c5adf90d,10.248571428571429,10.248571428571427,10.248571428571427,5.704434511122296e-106,Elution 1,1.0,34.39285714285715,34.39285714285715,45.017857138486704,37.6732142857143,47.76696428156232,1.2265528242297473e-97,4.0,6.0,0.9553392856312489,51.32946426966623,0.9553392856312489,0.7534642857142861,0.9553392856312489,0.9553392856312489,5.704434511122296e-109,5.704434511122296e-109,5.704434511122296e-106,0.30859684422884825
1,EDM Competitive Langmuir - two high-salt washes,7153f3f39ab39e3944db30e3ecafc691b277362a1f5bcba2e70b2181c5adf90d,10.260714285714284,10.260714285714286,10.260714285714286,1.2842057909524295e-105,Elution 1,1.0,34.241071428571416,34.241071428571416,44.86607142449316,37.529017857142854,47.62276785326845,2.449231860533934e-97,4.0,6.0,0.9524553570653714,51.18526784140988,0.9524553570653714,0.7505803571428571,0.9524553570653714,0.9524553570653714,1.2842057909524295e-108,1.2842057909524295e-108,1.2842057909524295e-105,0.30330295042506067
1,EDM Competitive Langmuir - two high-salt washes,7153f3f39ab39e3944db30e3ecafc691b277362a1f5bcba2e70b2181c5adf90d,10.272857142857141,10.272857142857141,10.272857142857141,3.486457503386207e-105,Elution 1,1.0,34.08928571428574,34.08928571428574,44.714285710503084,37.38482142857145,47.478571424977886,4.989027551019086e-97,4.0,6.0,0.94957142849956,51.041071413227705,0.94957142849956,0.7476964285714289,0.94957142849956,0.94957142849956,3.486457503386207e-108,3.486457503386207e-108,3.486457503386207e-105,0.29809987191043247
1,EDM Competitive Langmuir - two high-salt washes,7153f3f39ab39e3944db30e3ecafc691b277362a1f5bcba2e70b2181c5adf90d,10.285,10.285,10.285,6.40308920364339e-102,Elution 1,1.0,33.9375,33.9375,44.56249999651648,37.240625,47.33437499669061,1.0350353309396072e-96,4.0,6.0,0.9466874999338144,50.89687498511961,0.9466874999338144,0.7448125000000001,0.9466874999338144,0.9466874999338144,6.40308920364339e-105,6.40308920364339e-105,6.40308920364339e-102,0.29298605077370504
1,EDM Competitive Langmuir - two high-salt washes,7153f3f39ab39e3944db30e3ecafc691b277362a1f5bcba2e70b2181c5adf90d,10.297142857142857,10.297142857142857,10.297142857142857,1.3455298175536513e-101,Elution 1,1.0,33.78571428571429,33.78571428571429,44.410714282533384,37.09642857142857,47.19017856840667,2.103126722961093e-96,4.0,6.0,0.9438035713681354,50.752678557085694,0.9438035713681354,0.7419285714285715,0.9438035713681354,0.9438035713681354,1.3455298175536513e-104,1.3455298175536513e-104,1.3455298175536513e-101,0.2879599558291596
1,EDM Competitive Langmuir - two high-salt washes,7153f3f39ab39e3944db30e3ecafc691b277362a1f5bcba2e70b2181c5adf90d,10.309285714285714,10.309285714285714,10.309285714285714,2.6199141956350104e-101,Elution 1,1.0,33.63392857142857,33.63392857142857,44.25892856855377,36.95223214285714,47.04598214012604,3.930445975523584e-96,4.0,6.0,0.9409196428025226,50.60848212912589,0.9409196428025226,0.7390446428571429,0.9409196428025226,0.9409196428025226,2.6199141956350103e-104,2.6199141956350103e-104,2.6199141956350104e-101,0.2830200821581455
1,EDM Competitive Langmuir - two high-salt washes,7153f3f39ab39e3944db30e3ecafc691b277362a1f5bcba2e70b2181c5adf90d,10.321428571428571,10.32142857142857,10.32142857142857,5.508971422266334e-101,Elution 1,1.0,33.48214285714289,33.48214285714289,44.107142854577646,36.80803571428574,46.901785711848724,6.08789546986351e-93,4.0,6.0,0.9380357142369761,50.46428570124023,0.9380357142369761,0.7361607142857147,0.9380357142369761,0.9380357142369761,5.508971422266334e-104,5.508971422266334e-104,5.508971422266334e-101,0.27816495065847635
1,EDM Competitive Langmuir - two high-salt washes,7153f3f39ab39e3944db30e3ecafc691b277362a1f5bcba2e70b2181c5adf90d,10.333571428571428,10.333571428571428,10.333571428571428,1.1724785482732845e-100,Elution 1,1.0,33.33035714285715,33.33035714285715,43.95535714060498,36.66383928571429,46.757589283574696,1.1950981978984681e-92,4.0,6.0,0.9351517856714953,50.32008927342868,0.9351517856714953,0.7332767857142859,0.9351517856714953,0.9351517856714953,1.1724785482732846e-103,1.1724785482732846e-103,1.1724785482732845e-100,0.273393107601556
1,EDM Competitive Langmuir - two high-salt washes,7153f3f39ab39e3944db30e3ecafc691b277362a1f5bcba2e70b2181c5adf90d,10.345714285714285,10.345714285714285,10.345714285714285,2.539238728477949e-100,Elution 1,1.0,33.17857142857143,33.17857142857143,43.80357142663582,36.51964285714286,46.613392855304,0.0,4.0,6.0,0.9322678571060811,50.17589284569127,0.9322678571060811,0.7303928571428573,0.9322678571060811,0.9322678571060811,2.539238728477949e-103,2.539238728477949e-103,2.539238728477949e-100,0.26870312419710396
1,EDM Competitive Langmuir - two high-salt washes,7153f3f39ab39e3944db30e3ecafc691b277362a1f5bcba2e70b2181c5adf90d,10.357857142857142,10.357857142857142,10.357857142857142,5.394398415168595e-100,Elution 1,1.0,33.02678571428572,33.02678571428572,43.65178571267015,36.375446428571436,46.469196427036614,0.0,4.0,6.0,0.929383928540733,50.03169641802799,0.929383928540733,0.7275089285714287,0.929383928540733,0.929383928540733,5.394398415168594e-103,5.394398415168594e-103,5.394398415168595e-100,0.2640935961653411
1,EDM Competitive Langmuir - two high-salt washes,7153f3f39ab39e3944db30e3ecafc691b277362a1f5bcba2e70b2181c5adf90d,10.37,10.37,10.37,1.6786802927469052e-99,Elution 1,1.0,32.875000000000014,32.875000000000014,43.49999999870796,36.23125000000001,46.32499999877254,0.0,4.0,6.0,0.9264999999754513,49.88749999043884,0.9264999999754513,0.7246250000000003,0.9264999999754513,0.9264999999754513,1.6786802927469053e-102,1.6786802927469053e-102,1.6786802927469052e-99,0.2595631433165213
1,EDM Competitive Langmuir - two high-salt washes,7153f3f39ab39e3944db30e3ecafc691b277362a1f5bcba2e70b2181c5adf90d,10.382142857142858,10.382142857142856,10.382142857142856,7.880915023839106e-100,Elution 1,1.0,32.72321428571429,32.72321428571429,43.34821428474924,36.087053571428584,46.180803570511756,1.1767478195784687e-93,4.0,6.0,0.9236160714102354,49.743303562923835,0.9236160714102354,0.7217410714285717,0.9236160714102354,0.9236160714102354,7.880915023839106e-103,7.880915023839106e-103,7.880915023839106e-100,0.2551104091376734
1,EDM Competitive Langmuir - two high-salt washes,7153f3f39ab39e3944db30e3ecafc691b277362a1f5bcba2e70b2181c5adf90d,10.394285714285713,10.394285714285715,10.394285714285715,7.936518274428726e-95,Elution 1,1.0,32.571428571428555,32.571428571428555,43.19642857079402,35.942857142857136,46.03660714225431,1.6796103370588897e-90,4.0,6.0,0.920732142845086,49.59910713528145,0.920732142845086,0.7188571428571426,0.920732142845086,0.920732142845086,7.936518274428726e-98,7.936518274428726e-98,7.936518274428726e-95,0.2507340603864332
1,EDM Competitive Langmuir - two high-salt washes,7153f3f39ab39e3944db30e3ecafc691b277362a1f5bcba2e70b2181c5adf90d,10.40642857142857,10.40642857142857,10.40642857142857,2.0176980830146723e-94,Elution 1,1.0,32.419642857142875,32.419642857142875,43.04464285684229,35.79866071428573,45.89241071400017,4.137884098873677e-86,4.0,6.0,0.9178482142800028,49.454910707131404,0.9178482142800028,0.7159732142857147,0.9178482142800028,0.9178482142800028,2.0176980830146723e-97,2.0176980830146723e-97,2.0176980830146723e-94,0.24643278669184096
1,EDM Competitive Langmuir - two high-salt washes,7153f3f39ab39e3944db30e3ecafc691b277362a1f5bcba2e70b2181c5adf90d,10.418571428571427,10.418571428571427,10.418571428571427,4.0926290720241517e-94,Elution 1,1.0,32.26785714285715,32.26785714285715,42.89285714283195,35.6544642857143,45.74821428569035,8.925087366768119e-86,4.0,6.0,0.9149642857138063,49.31071427879876,0.9149642857138063,0.7130892857142861,0.9149642857138063,0.9149642857138063,4.0926290720241516e-97,4.0926290720241516e-97,4.0926290720241517e-94,0.2422053001602754
1,EDM Competitive Langmuir - two high-salt washes,7153f3f39ab39e3944db30e3ecafc691b277362a1f5bcba2e70b2181c5adf90d,10.430714285714286,10.430714285714286,10.430714285714286,8.458120688792614e-94,Elution 1,1.0,32.11607142857143,32.11607142857143,42.741071428706796,35.51026785714285,45.60401785727145,2.0694997948210232e-85,4.0,6.0,0.9120803571454282,49.166517850469425,0.9120803571454282,0.710205357142857,0.9120803571454282,0.9120803571454282,8.458120688792614e-97,8.458120688792614e-97,8.458120688792614e-94,0.23805033499182315
1,EDM Competitive Langmuir - two high-salt washes,7153f3f39ab39e3944db30e3ecafc691b277362a1f5bcba2e70b2181c5adf90d,10.442857142857143,10.442857142857143,10.442857142857143,1.7261532904829033e-93,Elution 1,1.0,31.964285714285708,31.964285714285708,42.5892857145723,35.36607142857143,45.45982142884368,5.181538637464927e-85,4.0,6.0,0.9091964285768728,49.02232142214339,0.9091964285768728,0.7073214285714287,0.9091964285768728,0.9091964285768728,1.7261532904829033e-96,1.7261532904829033e-96,1.7261532904829033e-93,0.2339666471054095
1,EDM Competitive Langmuir - two high-salt washes,7153f3f39ab39e3944db30e3ecafc691b277362a1f5bcba2e70b2181c5adf90d,10.455,10.454999999999998,10.454999999999998,3.2855097687365238e-93,Elution 1,1.0,31.81250000000003,31.81250000000003,42.437500000428436,35.221875000000026,45.31562500040701,1.2431285403805472e-84,4.0,6.0,0.9063125000081393,48.87812499382071,0.9063125000081393,0.7044375000000005,0.9063125000081393,0.9063125000081393,3.2855097687365237e-96,3.2855097687365237e-96,3.2855097687365238e-93,0.2299530137589137
1,EDM Competitive Langmuir - two high-salt washes,7153f3f39ab39e3944db30e3ecafc691b277362a1f5bcba2e70b2181c5adf90d,10.467142857142855,10.467142857142857,10.467142857142857,3.9406136967270445e-90,Elution 1,1.0,31.660714285714292,31.660714285714292,42.28571428627521,35.07767857142858,45.17142857196145,3.0112205101595936e-84,4.0,6.0,0.9034285714392281,48.7339285655013,0.9034285714392281,0.7015535714285714,0.9034285714392281,0.9034285714392281,3.9406136967270446e-93,3.9406136967270446e-93,3.9406136967270445e-90,0.22600823318602048
1,EDM Competitive Langmuir - two high-salt washes,7153f3f39ab39e3944db30e3ecafc691b277362a1f5bcba2e70b2181c5adf90d,10.479285714285714,10.479285714285714,10.479285714285714,9.881657328706822e-90,Elution 1,1.0,31.50892857142857,31.50892857142857,42.133928572112595,34.933482142857144,45.027232143506964,7.331637293828995e-84,4.0,6.0,0.9005446428701385,48.58973213718522,0.9005446428701385,0.6986696428571431,0.9005446428701385,0.9005446428701385,9.881657328706821e-93,9.881657328706821e-93,9.881657328706822e-90,0.22213112423638318
1,EDM Competitive Langmuir - two high-salt washes,7153f3f39ab39e3944db30e3ecafc691b277362a1f5bcba2e70b2181c5adf90d,10.491428571428571,10.491428571428571,10.491428571428571,4.217993639641859e-90,Elution 1,1.0,31.35714285714286,31.35714285714286,41.982142857940644,34.78928571428571,44.88303571504361,1.7875513273196524e-83,4.0,6.0,0.8976607143008714,48.445535708872434,0.8976607143008714,0.6957857142857145,0.8976607143008714,0.8976607143008714,4.217993639641859e-93,4.217993639641859e-93,4.217993639641859e-90,0.21832052602196492
1,EDM Competitive Langmuir - two high-salt washes,7153f3f39ab39e3944db30e3ecafc691b277362a1f5bcba2e70b2181c5adf90d,10.503571428571428,10.503571428571428,10.503571428571428,0.0,Elution 1,1.0,31.205357142857153,31.205357142857153,41.83035714375933,34.64508928571429,44.738839286571356,4.315391350301606e-83,4.0,6.0,0.8947767857314263,48.301339280562985,0.8947767857314263,0.6929017857142858,0.8947767857314263,0.8947767857314263,0.0,0.0,0.0,0.21457529756944188
1,EDM Competitive Langmuir - two high-salt washes,7153f3f39ab39e3944db30e3ecafc691b277362a1f5bcba2e70b2181c5adf90d,10.515714285714285,10.515714285714285,10.515714285714285,0.0,Elution 1,1.0,31.05357142857143,31.05357142857143,41.67857142956865,34.50089285714286,44.59464285809021,1.0608284496151228e-82,4.0,6.0,0.8918928571618034,48.15714285225684,0.8918928571618034,0.6900178571428572,0.8918928571618034,0.8918928571618034,0.0,0.0,0.0,0.2108943174785736
1,EDM Competitive Langmuir - two high-salt washes,7153f3f39ab39e3944db30e3ecafc691b277362a1f5bcba2e70b2181c5adf90d,10.527857142857142,10.527857142857144,10.527857142857144,7.614250597273963e-91,Elution 1,1.0,30.901785714285694,30.901785714285694,41.526785715368575,34.35669642857141,44.45044642960015,1.2746175804249241e-82,4.0,6.0,0.8890089285920021,48.012946423953984,0.8890089285920021,0.6871339285714284,0.8890089285920021,0.8890089285920021,7.614250597273963e-94,7.614250597273963e-94,7.614250597273963e-91,0.20727648358642978
1,EDM Competitive Langmuir - two high-salt washes,7153f3f39ab39e3944db30e3ecafc691b277362a1f5bcba2e70b2181c5adf90d,10.54,10.54,10.54,1.0872220114448276e-87,Elution 1,1.0,30.750000000000014,30.750000000000014,41.37500000115917,34.212500000000006,44.30625000110121,7.120793878884642e-82,4.0,6.0,0.8861250000220234,47.868749995654476,0.8861250000220234,0.6842500000000002,0.8861250000220234,0.8861250000220234,1.0872220114448275e-90,1.0872220114448275e-90,1.0872220114448276e-87,0.20372071263738428
1,EDM Competitive Langmuir - two high-salt washes,7153f3f39ab39e3944db30e3ecafc691b277362a1f5bcba2e70b2181c5adf90d,10.552142857142856,10.552142857142856,10.552142857142856,2.6775136972828143e-83,Elution 1,1.0,30.598214285714292,30.598214285714292,41.2232142869404,34.06830357142859,44.16205357259338,2.844075143082601e-81,4.0,6.0,0.8832410714518668,47.72455356735826,0.8832410714518668,0.6813660714285716,0.8832410714518668,0.8832410714518668,2.6775136972828142e-86,2.6775136972828142e-86,2.6775136972828143e-83,0.20022593995876023
1,EDM Competitive Langmuir - two high-salt washes,7153f3f39ab39e3944db30e3ecafc691b277362a1f5bcba2e70b2181c5adf90d,10.564285714285713,10.564285714285713,10.564285714285713,7.235486213393527e-83,Elution 1,1.0,30.446428571428584,30.446428571428584,41.071428572712264,33.92410714285715,44.01785714407665,2.2884147909171805e-80,4.0,6.0,0.8803571428815322,47.58035713906536,0.8803571428815322,0.6784821428571433,0.8803571428815322,0.8803571428815322,7.235486213393528e-86,7.235486213393528e-86,7.235486213393527e-83,0.19679111914204686
1,EDM Competitive Langmuir - two high-salt washes,7153f3f39ab39e3944db30e3ecafc691b277362a1f5bcba2e70b2181c5adf90d,10.576428571428572,10.576428571428572,10.576428571428572,1.6540911860642834e-82,Elution 1,1.0,30.294642857142847,30.294642857142847,40.919642858474745,33.779910714285705,43.873660715551004,4.934425900281378e-80,4.0,6.0,0.8774732143110193,47.43616071077574,0.8774732143110193,0.6755982142857142,0.8774732143110193,0.8774732143110193,1.6540911860642834e-85,1.6540911860642834e-85,1.6540911860642834e-82,0.1934152217295836
1,EDM Competitive Langmuir - two high-salt washes,7153f3f39ab39e3944db30e3ecafc691b277362a1f5bcba2e70b2181c5adf90d,10.588571428571429,10.588571428571427,10.588571428571427,4.0831719871195114e-82,Elution 1,1.0,30.142857142857167,30.142857142857167,40.76785714422788,33.6357142857143,43.729464287016484,2.3165797420381663e-79,4.0,6.0,0.874589285740329,47.29196428248948,0.874589285740329,0.672714285714286,0.874589285740329,0.874589285740329,4.0831719871195115e-85,4.0831719871195115e-85,4.0831719871195114e-82,0.19009723690661787
1,EDM Competitive Langmuir - two high-salt washes,7153f3f39ab39e3944db30e3ecafc691b277362a1f5bcba2e70b2181c5adf90d,10.600714285714284,10.600714285714286,10.600714285714286,9.872551250979959e-82,Elution 1,1.0,29.99107142857143,29.99107142857143,40.616071429971655,33.49151785714285,43.585267858473074,1.3044665889606473e-78,4.0,6.0,0.8717053571694607,47.14776785420649,0.8717053571694607,0.6698303571428572,0.8717053571694607,0.8717053571694607,9.872551250979958e-85,9.872551250979958e-85,9.872551250979959e-82,0.1868361711986443
1,EDM Competitive Langmuir - two high-salt washes,7153f3f39ab39e3944db30e3ecafc691b277362a1f5bcba2e70b2181c5adf90d,10.612857142857141,10.612857142857141,10.612857142857141,2.3871880502373796e-81,Elution 1,1.0,29.839285714285737,29.839285714285737,40.46428571570606,33.34732142857145,43.44107142992076,5.908945046610892e-78,4.0,6.0,0.8688214285984146,47.00357142592685,0.8688214285984146,0.666946428571429,0.8688214285984146,0.8688214285984146,2.38718805023738e-84,2.38718805023738e-84,2.3871880502373796e-81,0.18363104817393905
1,EDM Competitive Langmuir - two high-salt washes,7153f3f39ab39e3944db30e3ecafc691b277362a1f5bcba2e70b2181c5adf90d,10.625,10.625,10.625,5.806784311357367e-81,Elution 1,1.0,29.6875,29.6875,40.31250000143109,33.203125,43.29687500135953,2.692268649170163e-76,4.0,6.0,0.8659375000271902,46.85937499765047,0.8659375000271902,0.6640625,0.8659375000271902,0.8659375000271902,5.806784311357367e-84,5.806784311357367e-84,5.806784311357367e-81,0.18048090815119497
1,EDM Competitive Langmuir - two high-salt washes,7153f3f39ab39e3944db30e3ecafc691b277362a1f5bcba2e70b2181c5adf90d,10.637142857142857,10.637142857142857,10.637142857142857,1.415414528047839e-80,Elution 1,1.0,29.535714285714292,29.535714285714292,40.160714287146774,33.05892857142857,43.15267857278943,2.5632907069802996e-74,4.0,6.0,0.8630535714557882,46.715178569377436,0.8630535714557882,0.6611785714285716,0.8630535714557882,0.8630535714557882,1.415414528047839e-83,1.415414528047839e-83,1.415414528047839e-80,0.17738480791217406
1,EDM Competitive Langmuir - two high-salt washes,7153f3f39ab39e3944db30e3ecafc691b277362a1f5bcba2e70b2181c5adf90d,10.649285714285714,10.649285714285714,10.649285714285714,3.4232125186608726e-80,Elution 1,1.0,29.38392857142857,29.38392857142857,40.008928572853094,32.91473214285715,43.00848214421043,1.195782029347206e-73,4.0,6.0,0.8601696428842083,46.57098214110771,0.8601696428842083,0.658294642857143,0.8601696428842083,0.8601696428842083,3.423212518660873e-83,3.423212518660873e-83,3.4232125186608726e-80,0.17434182041928625
1,EDM Competitive Langmuir - two high-salt washes,7153f3f39ab39e3944db30e3ecafc691b277362a1f5bcba2e70b2181c5adf90d,10.661428571428571,10.661428571428573,10.661428571428573,8.387263385852174e-80,Elution 1,1.0,29.232142857142833,29.232142857142833,39.85714285855002,32.7705357142857,42.86428571562252,0.0,4.0,6.0,0.85728571431245,46.42678571284128,0.85728571431245,0.655410714285714,0.85728571431245,0.85728571431245,8.387263385852174e-83,8.387263385852174e-83,8.387263385852174e-80,0.17135103453801503
1,EDM Competitive Langmuir - two high-salt washes,7153f3f39ab39e3944db30e3ecafc691b277362a1f5bcba2e70b2181c5adf90d,10.673571428571428,10.673571428571428,10.673571428571428,1.1991625930802645e-79,Elution 1,1.0,29.080357142857153,29.080357142857153,39.70535714423762,32.626339285714295,42.720089287025736,0.0,4.0,6.0,0.8544017857405144,46.282589284578194,0.8544017857405144,0.6525267857142858,0.8544017857405144,0.8544017857405144,1.1991625930802645e-82,1.1991625930802645e-82,1.1991625930802645e-79,0.1684115547641072
1,EDM Competitive Langmuir - two high-salt washes,7153f3f39ab39e3944db30e3ecafc691b277362a1f5bcba2e70b2181c5adf90d,10.685714285714285,10.685714285714285,10.685714285714285,5.057437538251399e-79,Elution 1,1.0,28.92857142857143,28.92857142857143,39.55357142991584,32.48214285714286,42.57589285842005,0.0,4.0,6.0,0.8515178571684008,46.138392856318404,0.8515178571684008,0.6496428571428574,0.8515178571684008,0.8515178571684008,5.057437538251399e-82,5.057437538251399e-82,5.057437538251399e-79,0.16552250095543655
1,EDM Competitive Langmuir - two high-salt washes,7153f3f39ab39e3944db30e3ecafc691b277362a1f5bcba2e70b2181c5adf90d,10.697857142857142,10.697857142857142,10.697857142857142,2.0916060530140454e-78,Elution 1,1.0,28.776785714285722,28.776785714285722,39.40178571558471,32.33794642857144,42.43169642980547,0.0,4.0,6.0,0.8486339285961093,45.99419642806194,0.8486339285961093,0.6467589285714288,0.8486339285961093,0.8486339285961093,2.0916060530140455e-81,2.0916060530140455e-81,2.0916060530140454e-78,0.1626830080684723
1,EDM Competitive Langmuir - two high-salt washes,7153f3f39ab39e3944db30e3ecafc691b277362a1f5bcba2e70b2181c5adf90d,10.71,10.71,10.71,1.5811181050554674e-77,Elution 1,1.0,28.624999999999986,28.624999999999986,39.25000000124418,32.193749999999994,42.287500001181975,0.0,4.0,6.0,0.8457500000236395,45.849999999791386,0.8457500000236395,0.6438749999999998,0.8457500000236395,0.8457500000236395,1.5811181050554674e-80,1.5811181050554674e-80,1.5811181050554674e-77,0.15989222589926716
1,EDM Competitive Langmuir - two high-salt washes,7153f3f39ab39e3944db30e3ecafc691b277362a1f5bcba2e70b2181c5adf90d,10.722142857142858,10.722142857142856,10.722142857142856,4.000539626387835e-77,Elution 1,1.0,28.473214285714306,28.473214285714306,39.098214286894326,32.04955357142859,42.143303572549605,6.397044645757665e-70,4.0,6.0,0.8428660714509922,45.70580357144951,0.8428660714509922,0.6409910714285718,0.8428660714509922,0.8428660714509922,4.0005396263878354e-80,4.0005396263878354e-80,4.000539626387835e-77,0.15714931882888883
1,EDM Competitive Langmuir - two high-salt washes,7153f3f39ab39e3944db30e3ecafc691b277362a1f5bcba2e70b2181c5adf90d,10.734285714285713,10.734285714285715,10.734285714285715,1.6731195707406503e-76,Elution 1,1.0,28.32142857142857,28.32142857142857,38.94642857253585,31.90535714285714,41.99910714390906,3.218723387546403e-69,4.0,6.0,0.8399821428781815,45.56160714302799,0.8399821428781815,0.6381071428571428,0.8399821428781815,0.8399821428781815,1.6731195707406504e-79,1.6731195707406504e-79,1.6731195707406503e-76,0.1544534655732298
1,EDM Competitive Langmuir - two high-salt washes,7153f3f39ab39e3944db30e3ecafc691b277362a1f5bcba2e70b2181c5adf90d,10.74642857142857,10.74642857142857,10.74642857142857,9.258282543404693e-76,Elution 1,1.0,28.169642857142875,28.169642857142875,38.79464285825639,31.761160714285737,41.85491071534357,1.6602107467800872e-68,4.0,6.0,0.8370982143068717,45.41741071459762,0.8370982143068717,0.6352232142857146,0.8370982143068717,0.8370982143068717,9.258282543404693e-79,9.258282543404693e-79,9.258282543404693e-76,0.1518038589385871
1,EDM Competitive Langmuir - two high-salt washes,7153f3f39ab39e3944db30e3ecafc691b277362a1f5bcba2e70b2181c5adf90d,10.758571428571429,10.758571428571429,10.758571428571429,4.283835002734692e-75,Elution 1,1.0,28.01785714285714,28.01785714285714,38.64285714397405,31.61696428571429,41.71071428677535,2.0064351378789681e-66,4.0,6.0,0.8342142857355073,45.27321428615831,0.8342142857355073,0.6323392857142858,0.8342142857355073,0.8342142857355073,4.283835002734692e-78,4.283835002734692e-78,4.283835002734692e-75,0.1491997055754832
1,EDM Competitive Langmuir - two high-salt washes,7153f3f39ab39e3944db30e3ecafc691b277362a1f5bcba2e70b2181c5adf90d,10.770714285714286,10.770714285714286,10.770714285714286,1.762911284921764e-73,Elution 1,1.0,27.86607142857143,27.86607142857143,38.49107142968888,31.472767857142856,41.566517858204435,4.454019620439366e-66,4.0,6.0,0.8313303571640891,45.12901785771014,0.8313303571640891,0.6294553571428572,0.8313303571640891,0.8313303571640891,1.762911284921764e-76,1.762911284921764e-76,1.762911284921764e-73,0.14664022574557423
1,EDM Competitive Langmuir - two high-salt washes,7153f3f39ab39e3944db30e3ecafc691b277362a1f5bcba2e70b2181c5adf90d,10.782857142857143,10.782857142857143,10.782857142857143,1.6681019938666334e-71,Elution 1,1.0,27.714285714285708,27.714285714285708,38.33928571540086,31.328571428571422,41.42232142963082,1.167769136613674e-65,4.0,6.0,0.8284464285926167,44.98482142925304,0.8284464285926167,0.6265714285714286,0.8284464285926167,0.8284464285926167,1.6681019938666334e-74,1.6681019938666334e-74,1.6681019938666334e-71,0.144124653086711
1,EDM Competitive Langmuir - two high-salt washes,7153f3f39ab39e3944db30e3ecafc691b277362a1f5bcba2e70b2181c5adf90d,10.794999999999998,10.794999999999998,10.794999999999998,8.642103968826373e-71,Elution 1,1.0,27.56250000000003,27.56250000000003,38.187500001109996,31.184375000000017,41.27812500105449,2.727464271146377e-65,4.0,6.0,0.8255625000210902,44.84062500078709,0.8255625000210902,0.6236875000000004,0.8255625000210902,0.8255625000210902,8.642103968826373e-74,8.642103968826373e-74,8.642103968826373e-71,0.14165223438347715
1,EDM Competitive Langmuir - two high-salt washes,7153f3f39ab39e3944db30e3ecafc691b277362a1f5bcba2e70b2181c5adf90d,10.807142857142857,10.807142857142857,10.807142857142857,4.2204071624032405e-71,Elution 1,1.0,27.410714285714292,27.410714285714292,38.03571428681625,31.04017857142857,41.13392857247543,1.556935147322436e-66,4.0,6.0,0.8226785714495091,44.6964285723122,0.8226785714495091,0.6208035714285716,0.8226785714495091,0.8226785714495091,4.22040716240324e-74,4.22040716240324e-74,4.2204071624032405e-71,0.13922222934165784
1,EDM Competitive Langmuir - two high-salt washes,7153f3f39ab39e3944db30e3ecafc691b277362a1f5bcba2e70b2181c5adf90d,10.819285714285714,10.819285714285714,10.819285714285714,0.0,Elution 1,1.0,27.25892857142857,27.25892857142857,37.88392857251968,30.89598214285715,40.98973214389369,6.821641759570916e-64,4.0,6.0,0.8197946428778742,44.55223214382844,0.8197946428778742,0.617919642857143,0.8197946428778742,0.8197946428778742,0.0,0.0,0.0,0.13683391036658293
1,EDM Competitive Langmuir - two high-salt washes,7153f3f39ab39e3944db30e3ecafc691b277362a1f5bcba2e70b2181c5adf90d,10.831428571428571,10.831428571428571,10.831428571428571,0.0,Elution 1,1.0,27.10714285714286,27.10714285714286,37.73214285822026,30.751785714285717,40.84553571530924,6.297766861791967e-63,4.0,6.0,0.8169107143061851,44.40803571533578,0.8169107143061851,0.6150357142857144,0.8169107143061851,0.8169107143061851,0.0,0.0,0.0,0.13448656234526749
1,EDM Competitive Langmuir - two high-salt washes,7153f3f39ab39e3944db30e3ecafc691b277362a1f5bcba2e70b2181c5adf90d,10.843571428571428,10.843571428571426,10.843571428571426,0.0,Elution 1,1.0,26.955357142857167,26.955357142857167,37.58035714391798,30.60758928571431,40.70133928672208,4.792237941005059e-62,4.0,6.0,0.814026785734442,44.26383928683423,0.814026785734442,0.6121517857142864,0.814026785734442,0.814026785734442,0.0,0.0,0.0,0.1321794824322924
1,EDM Competitive Langmuir - two high-salt washes,7153f3f39ab39e3944db30e3ecafc691b277362a1f5bcba2e70b2181c5adf90d,10.855714285714287,10.855714285714285,10.855714285714285,0.0,Elution 1,1.0,26.803571428571445,26.803571428571445,37.42857142961283,30.463392857142864,40.55714285813219,3.3109603792386596e-62,4.0,6.0,0.8111428571626441,44.11964285832376,0.8111428571626441,0.6092678571428574,0.8111428571626441,0.8111428571626441,0.0,0.0,0.0,0.12991197983935815
1,EDM Competitive Langmuir - two high-salt washes,7153f3f39ab39e3944db30e3ecafc691b277362a1f5bcba2e70b2181c5adf90d,10.867857142857142,10.867857142857144,10.867857142857144,4.139264182549573e-67,Elution 1,1.0,26.651785714285708,26.651785714285708,37.276785715304854,30.319196428571416,40.41294642953961,1.6920368067646482e-60,4.0,6.0,0.8082589285907925,43.97544642980439,0.8082589285907925,0.6063839285714283,0.8082589285907925,0.8082589285907925,4.1392641825495726e-70,4.1392641825495726e-70,4.139264182549573e-67,0.12768337562844892
1,EDM Competitive Langmuir - two high-salt washes,7153f3f39ab39e3944db30e3ecafc691b277362a1f5bcba2e70b2181c5adf90d,10.879999999999999,10.879999999999999,10.879999999999999,2.3084814147329488e-66,Elution 1,1.0,26.500000000000014,26.500000000000014,37.12500000099403,30.17500000000001,40.26875000094432,1.2981110346404953e-59,4.0,6.0,0.8053750000188868,43.83125000127617,0.8053750000188868,0.6035000000000004,0.8053750000188868,0.8053750000188868,2.3084814147329488e-69,2.3084814147329488e-69,2.3084814147329488e-66,0.12549300250854253
1,EDM Competitive Langmuir - two high-salt washes,7153f3f39ab39e3944db30e3ecafc691b277362a1f5bcba2e70b2181c5adf90d,10.892142857142856,10.892142857142856,10.892142857142856,1.1878560145357196e-65,Elution 1,1.0,26.348214285714306,26.348214285714306,36.973214286680346,30.030803571428578,40.12455357234633,7.722260747264263e-59,4.0,6.0,0.8024910714469269,43.687053572739025,0.8024910714469269,0.6006160714285718,0.8024910714469269,0.8024910714469269,1.1878560145357196e-68,1.1878560145357196e-68,1.1878560145357196e-65,0.12334020463581034
1,EDM Competitive Langmuir - two high-salt washes,7153f3f39ab39e3944db30e3ecafc691b277362a1f5bcba2e70b2181c5adf90d,10.904285714285715,10.904285714285715,10.904285714285715,1.3041411271456836e-63,Elution 1,1.0,26.19642857142857,26.19642857142857,36.82142857236379,29.88660714285713,39.9803571437456,3.8610683939655995e-58,4.0,6.0,0.7996071428749123,43.54285714419298,0.7996071428749123,0.5977321428571427,0.7996071428749123,0.7996071428749123,1.3041411271456835e-66,1.3041411271456835e-66,1.3041411271456836e-63,0.12122433741724382
1,EDM Competitive Langmuir - two high-salt washes,7153f3f39ab39e3944db30e3ecafc691b277362a1f5bcba2e70b2181c5adf90d,10.916428571428572,10.916428571428572,10.916428571428572,3.590166273653301e-63,Elution 1,1.0,26.044642857142847,26.044642857142847,36.66964285804441,29.74241071428571,39.836160715142185,0.0,4.0,6.0,0.7967232143028441,43.39866071563804,0.7967232143028441,0.5948482142857143,0.7967232143028441,0.7967232143028441,3.590166273653301e-66,3.590166273653301e-66,3.590166273653301e-63,0.11914476731765078
1,EDM Competitive Langmuir - two high-salt washes,7153f3f39ab39e3944db30e3ecafc691b277362a1f5bcba2e70b2181c5adf90d,10.928571428571427,10.928571428571427,10.928571428571427,9.12816016177178e-63,Elution 1,1.0,25.892857142857167,25.892857142857167,36.517857143722175,29.598214285714306,39.69196428653606,0.0,4.0,6.0,0.7938392857307216,43.254464287074235,0.7938392857307216,0.5919642857142862,0.7938392857307216,0.7938392857307216,9.12816016177178e-66,9.12816016177178e-66,9.12816016177178e-63,0.11710087166995933
1,EDM Competitive Langmuir - two high-salt washes,7153f3f39ab39e3944db30e3ecafc691b277362a1f5bcba2e70b2181c5adf90d,10.940714285714284,10.940714285714284,10.940714285714284,2.176983635428845e-62,Elution 1,1.0,25.741071428571445,25.741071428571445,36.366071429397095,29.454017857142873,39.547767857927234,0.0,4.0,6.0,0.790955357158545,43.110267858501516,0.790955357158545,0.5890803571428576,0.790955357158545,0.790955357158545,2.176983635428845e-65,2.176983635428845e-65,2.176983635428845e-62,0.11509203848878032
1,EDM Competitive Langmuir - two high-salt washes,7153f3f39ab39e3944db30e3ecafc691b277362a1f5bcba2e70b2181c5adf90d,10.952857142857143,10.952857142857143,10.952857142857143,1.0633773111136139e-62,Elution 1,1.0,25.589285714285708,25.589285714285708,36.21428571506913,29.309821428571425,39.40357142931567,3.0192447816458567e-53,4.0,6.0,0.7880714285863138,42.96607142991988,0.7880714285863138,0.5861964285714287,0.7880714285863138,0.7880714285863138,1.063377311113614e-65,1.063377311113614e-65,1.0633773111136139e-62,0.1131176662871645
1,EDM Competitive Langmuir - two high-salt washes,7153f3f39ab39e3944db30e3ecafc691b277362a1f5bcba2e70b2181c5adf90d,10.965,10.965,10.965,4.41949855671279e-61,Elution 1,1.0,25.4375,25.4375,36.062500000738346,29.165625000000006,39.259375000701425,7.627351256507455e-52,4.0,6.0,0.7851875000140288,42.82187500132937,0.7851875000140288,0.5833125000000001,0.7851875000140288,0.7851875000140288,4.41949855671279e-64,4.41949855671279e-64,4.41949855671279e-61,0.11117716389650673
1,EDM Competitive Langmuir - two high-salt washes,7153f3f39ab39e3944db30e3ecafc691b277362a1f5bcba2e70b2181c5adf90d,10.977142857142857,10.977142857142855,10.977142857142855,4.315789443261094e-60,Elution 1,1.0,25.285714285714306,25.285714285714306,35.91071428640471,29.0214285714286,39.11517857208447,2.6359646740511294e-51,4.0,6.0,0.7823035714416897,42.677678572729974,0.7823035714416897,0.580428571428572,0.7823035714416897,0.7823035714416897,4.315789443261094e-63,4.315789443261094e-63,4.315789443261094e-60,0.10926995028953532
1,EDM Competitive Langmuir - two high-salt washes,7153f3f39ab39e3944db30e3ecafc691b277362a1f5bcba2e70b2181c5adf90d,10.989285714285712,10.989285714285714,10.989285714285714,3.3231339687139005e-59,Elution 1,1.0,25.133928571428584,25.133928571428584,35.75892857206822,28.877232142857153,38.9709821434648,5.673673527239719e-51,4.0,6.0,0.7794196428692964,42.53348214412165,0.7794196428692964,0.5775446428571429,0.7794196428692964,0.7794196428692964,3.3231339687139006e-62,3.3231339687139006e-62,3.3231339687139005e-59,0.10739545440634145
1,EDM Competitive Langmuir - two high-salt washes,7153f3f39ab39e3944db30e3ecafc691b277362a1f5bcba2e70b2181c5adf90d,11.001428571428571,11.001428571428573,11.001428571428573,3.833764224567709e-59,Elution 1,1.0,24.982142857142847,24.982142857142847,35.60714285772886,28.733035714285705,38.82678571484241,7.058364006567529e-51,4.0,6.0,0.7765357142968484,42.389285715504435,0.7765357142968484,0.5746607142857141,0.7765357142968484,0.7765357142968484,3.833764224567709e-62,3.833764224567709e-62,3.833764224567709e-59,0.10555311498339132
1,EDM Competitive Langmuir - two high-salt washes,7153f3f39ab39e3944db30e3ecafc691b277362a1f5bcba2e70b2181c5adf90d,11.013571428571428,11.013571428571428,11.013571428571428,1.1065330880683702e-57,Elution 1,1.0,24.830357142857153,24.830357142857153,35.455357143386664,28.5888392857143,38.68258928621732,1.2213993742503282e-49,4.0,6.0,0.7736517857243468,42.245089286878354,0.7736517857243468,0.5717767857142859,0.7736517857243468,0.7736517857243468,1.1065330880683701e-60,1.1065330880683701e-60,1.1065330880683702e-57,0.10374238038547336
1,EDM Competitive Langmuir - two high-salt washes,7153f3f39ab39e3944db30e3ecafc691b277362a1f5bcba2e70b2181c5adf90d,11.025714285714285,11.025714285714285,11.025714285714285,8.996731450060539e-57,Elution 1,1.0,24.678571428571445,24.678571428571445,35.303571429041625,28.444642857142867,38.53839285758953,5.528997110726731e-49,4.0,6.0,0.770767857151791,42.100892858243576,0.770767857151791,0.5688928571428573,0.770767857151791,0.770767857151791,8.996731450060538e-60,8.996731450060538e-60,8.996731450060539e-57,0.10196270844052518
1,EDM Competitive Langmuir - two high-salt washes,7153f3f39ab39e3944db30e3ecafc691b277362a1f5bcba2e70b2181c5adf90d,11.037857142857142,11.037857142857142,11.037857142857142,5.454913789867528e-56,Elution 1,1.0,24.526785714285722,24.526785714285722,35.15178571469373,28.300446428571433,38.394196428959035,3.5343170052842036e-48,4.0,6.0,0.767883928579181,41.95669642962511,0.767883928579181,0.5660089285714289,0.767883928579181,0.767883928579181,5.4549137898675284e-59,5.4549137898675284e-59,5.454913789867528e-56,0.10021356627729675
1,EDM Competitive Langmuir - two high-salt washes,7153f3f39ab39e3944db30e3ecafc691b277362a1f5bcba2e70b2181c5adf90d,11.05,11.05,11.05,2.7708887518812917e-55,Elution 1,1.0,24.374999999999986,24.374999999999986,35.00000000034296,28.156249999999986,38.2500000003258,1.6951121024986406e-46,4.0,6.0,0.7650000000065164,41.81250000105879,0.7650000000065164,0.5631249999999999,0.7650000000065164,0.7650000000065164,2.7708887518812918e-58,2.7708887518812918e-58,2.7708887518812917e-55,0.0984944301657973
1,EDM Competitive Langmuir - two high-salt washes,7153f3f39ab39e3944db30e3ecafc691b277362a1f5bcba2e70b2181c5adf90d,11.062142857142856,11.062142857142856,11.062142857142856,1.3627300214002547e-55,Elution 1,1.0,24.223214285714306,24.223214285714306,34.84821428601974,28.01205357142858,38.10580357171874,5.401711044329019e-46,4.0,6.0,0.7621160714343751,41.66830357248981,0.7621160714343751,0.5602410714285717,0.7621160714343751,0.7621160714343751,1.3627300214002548e-58,1.3627300214002548e-58,1.3627300214002547e-55,0.09680478536081559
1,EDM Competitive Langmuir - two high-salt washes,7153f3f39ab39e3944db30e3ecafc691b277362a1f5bcba2e70b2181c5adf90d,11.074285714285713,11.074285714285713,11.074285714285713,0.0,Elution 1,1.0,24.071428571428584,24.071428571428584,34.69642857171244,27.86785714285716,37.961607143126805,1.9996867323820433e-45,4.0,6.0,0.7592321428625363,41.5241071439181,0.7592321428625363,0.5573571428571433,0.7592321428625363,0.7592321428625363,0.0,0.0,0.0,0.09514412594697935
1,EDM Competitive Langmuir - two high-salt washes,7153f3f39ab39e3944db30e3ecafc691b277362a1f5bcba2e70b2181c5adf90d,11.08642857142857,11.08642857142857,11.08642857142857,0.0,Elution 1,1.0,23.919642857142875,23.919642857142875,34.54464285740571,27.723660714285728,37.81741071453542,1.789777171364778e-44,4.0,6.0,0.7563482142907085,41.379910715343684,0.7563482142907085,0.5544732142857147,0.7563482142907085,0.7563482142907085,0.0,0.0,0.0,0.09351195468772233
1,EDM Competitive Langmuir - two high-salt washes,7153f3f39ab39e3944db30e3ecafc691b277362a1f5bcba2e70b2181c5adf90d,11.098571428571429,11.098571428571429,11.098571428571429,1.9536289763591878e-50,Elution 1,1.0,23.76785714285714,23.76785714285714,34.39285714309955,27.57946428571428,37.67321428594456,1.2413917205457369e-43,4.0,6.0,0.7534642857188913,41.23571428676652,0.7534642857188913,0.5515892857142857,0.7534642857188913,0.7534642857188913,1.9536289763591878e-53,1.9536289763591878e-53,1.9536289763591878e-50,0.09190778287660346
1,EDM Competitive Langmuir - two high-salt washes,7153f3f39ab39e3944db30e3ecafc691b277362a1f5bcba2e70b2181c5adf90d,11.110714285714286,11.110714285714284,11.110714285714284,5.041906511208774e-49,Elution 1,1.0,23.616071428571445,23.616071428571445,34.24107142879398,27.435267857142875,37.52901785735427,1.4666226590859725e-42,4.0,6.0,0.7505803571470856,41.09151785818671,0.7505803571470856,0.5487053571428577,0.7505803571470856,0.7505803571470856,5.041906511208774e-52,5.041906511208774e-52,5.041906511208774e-49,0.0903311301908067
1,EDM Competitive Langmuir - two high-salt washes,7153f3f39ab39e3944db30e3ecafc691b277362a1f5bcba2e70b2181c5adf90d,11.122857142857141,11.122857142857143,11.122857142857143,1.9748248334393743e-48,Elution 1,1.0,23.464285714285722,23.464285714285722,34.08928571448899,27.291071428571428,37.38482142876453,1.6406209703358005e-41,4.0,6.0,0.7476964285752907,40.94732142960415,0.7476964285752907,0.5458214285714287,0.7476964285752907,0.7476964285752907,1.9748248334393743e-51,1.9748248334393743e-51,1.9748248334393743e-48,0.08878152454732079
1,EDM Competitive Langmuir - two high-salt washes,7153f3f39ab39e3944db30e3ecafc691b277362a1f5bcba2e70b2181c5adf90d,11.135,11.135000000000002,11.135000000000002,4.601540990820765e-48,Elution 1,1.0,23.312499999999986,23.312499999999986,33.937500000184556,27.14687499999998,37.240625000175314,1.7847287374028725e-40,4.0,6.0,0.7448125000035065,40.80312500101888,0.7448125000035065,0.5429374999999996,0.7448125000035065,0.7448125000035065,4.601540990820765e-51,4.601540990820765e-51,4.601540990820765e-48,0.08725850196158867
1,EDM Competitive Langmuir - two high-salt washes,7153f3f39ab39e3944db30e3ecafc691b277362a1f5bcba2e70b2181c5adf90d,11.147142857142857,11.147142857142857,11.147142857142857,6.569649719745794e-48,Elution 1,1.0,23.160714285714292,23.160714285714292,33.78571428588072,27.002678571428575,37.09642857158668,1.968974079186972e-39,4.0,6.0,0.7419285714317336,40.65892857243092,0.7419285714317336,0.5400535714285717,0.7419285714317336,0.7419285714317336,6.569649719745794e-51,6.569649719745794e-51,6.569649719745794e-48,0.08576160640858095
1,EDM Competitive Langmuir - two high-salt washes,7153f3f39ab39e3944db30e3ecafc691b277362a1f5bcba2e70b2181c5adf90d,11.159285714285714,11.159285714285714,11.159285714285714,8.152291151262537e-47,Elution 1,1.0,23.008928571428584,23.008928571428584,33.633928571577464,26.85848214285714,36.95223214299858,2.0461763173916006e-38,4.0,6.0,0.7390446428599717,40.51473214384026,0.7390446428599717,0.5371696428571431,0.7390446428599717,0.7390446428599717,8.152291151262537e-50,8.152291151262537e-50,8.152291151262537e-47,0.08429038968625134
1,EDM Competitive Langmuir - two high-salt washes,7153f3f39ab39e3944db30e3ecafc691b277362a1f5bcba2e70b2181c5adf90d,11.17142857142857,11.17142857142857,11.17142857142857,4.0086684978526326e-46,Elution 1,1.0,22.85714285714286,22.85714285714286,33.48214285727479,26.714285714285722,36.80803571441104,2.2396861877582836e-37,4.0,6.0,0.7361607142882208,40.370535715246895,0.7361607142882208,0.5342857142857145,0.7361607142882208,0.7361607142882208,4.0086684978526325e-49,4.0086684978526325e-49,4.0086684978526326e-46,0.08284441128133639
1,EDM Competitive Langmuir - two high-salt washes,7153f3f39ab39e3944db30e3ecafc691b277362a1f5bcba2e70b2181c5adf90d,11.18357142857143,11.18357142857143,11.18357142857143,2.4820520779158127e-45,Elution 1,1.0,22.705357142857125,22.705357142857125,33.330357142972666,26.570089285714275,36.66383928582402,2.4279187595615243e-36,4.0,6.0,0.7332767857164805,40.22633928665078,0.7332767857164805,0.5314017857142856,0.7332767857164805,0.7332767857164805,2.4820520779158127e-48,2.4820520779158127e-48,2.4820520779158127e-45,0.08142323823745608
1,EDM Competitive Langmuir - two high-salt washes,7153f3f39ab39e3944db30e3ecafc691b277362a1f5bcba2e70b2181c5adf90d,11.195714285714285,11.195714285714285,11.195714285714285,1.1093113028117027e-43,Elution 1,1.0,22.553571428571445,22.553571428571445,33.17857142867114,26.42589285714287,36.51964285723758,2.6670789419785604e-35,4.0,6.0,0.7303928571447516,40.08214285805201,0.7303928571447516,0.5285178571428575,0.7303928571447516,0.7303928571447516,1.1093113028117027e-46,1.1093113028117027e-46,1.1093113028117027e-43,0.08002644502547827
1,EDM Competitive Langmuir - two high-salt washes,7153f3f39ab39e3944db30e3ecafc691b277362a1f5bcba2e70b2181c5adf90d,11.207857142857142,11.207857142857142,11.207857142857142,4.093499653094512e-43,Elution 1,1.0,22.401785714285722,22.401785714285722,33.0267857143702,26.281696428571436,36.37544642865168,2.828786726256692e-34,4.0,6.0,0.7275089285730336,39.937946429450506,0.7275089285730336,0.5256339285714289,0.7275089285730336,0.7275089285730336,4.093499653094512e-46,4.093499653094512e-46,4.093499653094512e-43,0.0786536134161054
1,EDM Competitive Langmuir - two high-salt washes,7153f3f39ab39e3944db30e3ecafc691b277362a1f5bcba2e70b2181c5adf90d,11.219999999999999,11.219999999999999,11.219999999999999,1.484563569576439e-42,Elution 1,1.0,22.250000000000014,22.250000000000014,32.87500000006983,26.137500000000017,36.23125000006633,3.0442091911251074e-33,4.0,6.0,0.7246250000013267,39.79375000084629,0.7246250000013267,0.5227500000000003,0.7246250000013267,0.7246250000013267,1.4845635695764388e-45,1.4845635695764388e-45,1.484563569576439e-42,0.07730433235464836
1,EDM Competitive Langmuir - two high-salt washes,7153f3f39ab39e3944db30e3ecafc691b277362a1f5bcba2e70b2181c5adf90d,11.232142857142858,11.232142857142858,11.232142857142858,1.2286682896732513e-41,Elution 1,1.0,22.098214285714278,22.098214285714278,32.72321428577002,25.99330357142857,36.08705357148151,3.471752296086447e-32,4.0,6.0,0.7217410714296302,39.649553572239334,0.7217410714296302,0.5198660714285714,0.7217410714296302,0.7217410714296302,1.2286682896732512e-44,1.2286682896732512e-44,1.2286682896732513e-41,0.07597819783794758
1,EDM Competitive Langmuir - two high-salt washes,7153f3f39ab39e3944db30e3ecafc691b277362a1f5bcba2e70b2181c5adf90d,11.244285714285715,11.244285714285713,11.244285714285713,8.664220722835266e-41,Elution 1,1.0,21.946428571428584,21.946428571428584,32.571428571470804,25.849107142857164,35.94285714289726,3.8351978274791522e-31,4.0,6.0,0.7188571428579452,39.50535714362972,0.7188571428579452,0.5169821428571433,0.7188571428579452,0.7188571428579452,8.664220722835266e-44,8.664220722835266e-44,8.664220722835266e-41,0.0746748127934072
1,EDM Competitive Langmuir - two high-salt washes,7153f3f39ab39e3944db30e3ecafc691b277362a1f5bcba2e70b2181c5adf90d,11.25642857142857,11.256428571428572,11.256428571428572,9.928049577808768e-40,Elution 1,1.0,21.79464285714286,21.79464285714286,32.41964285717217,25.704910714285717,35.798660714313556,4.218281651310586e-30,4.0,6.0,0.7159732142862711,39.36116071501737,0.7159732142862711,0.5140982142857142,0.7159732142862711,0.7159732142862711,9.928049577808768e-43,9.928049577808768e-43,9.928049577808768e-40,0.07339378696010161
1,EDM Competitive Langmuir - two high-salt washes,7153f3f39ab39e3944db30e3ecafc691b277362a1f5bcba2e70b2181c5adf90d,11.268571428571427,11.268571428571427,11.268571428571427,1.1133414275966204e-38,Elution 1,1.0,21.642857142857167,21.642857142857167,32.26785714287412,25.56071428571431,35.654464285730405,4.6725595786294986e-29,4.0,6.0,0.7130892857146081,39.21696428640234,0.7130892857146081,0.5112142857142863,0.7130892857146081,0.7130892857146081,1.1133414275966204e-41,1.1133414275966204e-41,1.1133414275966204e-38,0.07213473677192413
1,EDM Competitive Langmuir - two high-salt washes,7153f3f39ab39e3944db30e3ecafc691b277362a1f5bcba2e70b2181c5adf90d,11.280714285714286,11.280714285714286,11.280714285714286,1.2127287466841174e-37,Elution 1,1.0,21.49107142857143,21.49107142857143,32.11607142857662,25.416517857142864,35.51026785714778,5.1609796309281945e-28,4.0,6.0,0.7102053571429555,39.072767857784555,0.7102053571429555,0.5083303571428572,0.7102053571429555,0.7102053571429555,1.2127287466841175e-40,1.2127287466841175e-40,1.2127287466841174e-37,0.07089728524273858
1,EDM Competitive Langmuir - two high-salt washes,7153f3f39ab39e3944db30e3ecafc691b277362a1f5bcba2e70b2181c5adf90d,11.292857142857143,11.292857142857143,11.292857142857143,1.3370324772644894e-36,Elution 1,1.0,21.339285714285722,21.339285714285722,31.96428571427972,25.27232142857143,35.366071428565725,5.709675614948092e-27,4.0,6.0,0.7073214285713144,38.92857142916411,0.7073214285713144,0.5054464285714286,0.7073214285713144,0.7073214285713144,1.3370324772644894e-39,1.3370324772644894e-39,1.3370324772644894e-36,0.0696810618535027
1,EDM Competitive Langmuir - two high-salt washes,7153f3f39ab39e3944db30e3ecafc691b277362a1f5bcba2e70b2181c5adf90d,11.305,11.305,11.305,1.3934896434599561e-35,Elution 1,1.0,21.1875,21.1875,31.812499999983395,25.128124999999997,35.22187499998422,6.328775112617515e-26,4.0,6.0,0.7044374999996843,38.78437500054093,0.7044374999996843,0.5025625000000002,0.7044374999996843,0.7044374999996843,1.393489643459956e-38,1.393489643459956e-38,1.3934896434599561e-35,0.06848570244132575
1,EDM Competitive Langmuir - two high-salt washes,7153f3f39ab39e3944db30e3ecafc691b277362a1f5bcba2e70b2181c5adf90d,11.317142857142857,11.317142857142855,11.317142857142855,1.52142669739826e-34,Elution 1,1.0,21.035714285714306,21.035714285714306,31.660714285687654,24.983928571428592,35.07767857140327,7.025518096925293e-25,4.0,6.0,0.7015535714280652,38.64017857191506,0.7015535714280652,0.4996785714285721,0.7015535714280652,0.7015535714280652,1.5214266973982602e-37,1.5214266973982602e-37,1.52142669739826e-34,0.06731084909043114
1,EDM Competitive Langmuir - two high-salt washes,7153f3f39ab39e3944db30e3ecafc691b277362a1f5bcba2e70b2181c5adf90d,11.329285714285714,11.329285714285714,11.329285714285714,1.6500540039898558e-33,Elution 1,1.0,20.883928571428584,20.883928571428584,31.508928571392463,24.839732142857144,34.93348214282284,7.811453806010683e-24,4.0,6.0,0.6986696428564566,38.49598214328645,0.6986696428564566,0.49679464285714303,0.6986696428564566,0.6986696428564566,1.6500540039898558e-36,1.6500540039898558e-36,1.6500540039898558e-33,0.06615615002498876
1,EDM Competitive Langmuir - two high-salt washes,7153f3f39ab39e3944db30e3ecafc691b277362a1f5bcba2e70b2181c5adf90d,11.34142857142857,11.34142857142857,11.34142857142857,1.8114482127940142e-32,Elution 1,1.0,20.73214285714286,20.73214285714286,31.357142857097873,24.695535714285725,34.78928571424298,8.69728256771177e-23,4.0,6.0,0.6957857142848594,38.35178571465515,0.6957857142848594,0.4939107142857144,0.6957857142848594,0.6957857142848594,1.811448212794014e-35,1.811448212794014e-35,1.8114482127940142e-32,0.06502125950378622
1,EDM Competitive Langmuir - two high-salt washes,7153f3f39ab39e3944db30e3ecafc691b277362a1f5bcba2e70b2181c5adf90d,11.353571428571428,11.353571428571428,11.353571428571428,1.9245236090594118e-31,Elution 1,1.0,20.580357142857153,20.580357142857153,31.205357142803862,24.551339285714292,34.64508928566367,9.69614494699114e-22,4.0,6.0,0.6929017857132732,38.207589286029624,0.6929017857132732,0.49102678571428604,0.6929017857132732,0.6929017857132732,1.9245236090594117e-34,1.9245236090594117e-34,1.9245236090594118e-31,0.0639058377167061
1,EDM Competitive Langmuir - two high-salt washes,7153f3f39ab39e3944db30e3ecafc691b277362a1f5bcba2e70b2181c5adf90d,11.365714285714285,11.365714285714285,11.365714285714285,2.0696219493017288e-30,Elution 1,1.0,20.428571428571445,20.428571428571445,31.05357142851043,24.407142857142873,34.500892857084914,1.0827504733243782e-20,4.0,6.0,0.6900178571416979,38.063392857427,0.6900178571416979,0.48814285714285743,0.6900178571416979,0.6900178571416979,2.0696219493017287e-33,2.0696219493017287e-33,2.0696219493017288e-30,0.06280955068297975
1,EDM Competitive Langmuir - two high-salt washes,7153f3f39ab39e3944db30e3ecafc691b277362a1f5bcba2e70b2181c5adf90d,11.377857142857144,11.377857142857142,11.377857142857142,2.3538706336247036e-29,Elution 1,1.0,20.276785714285722,20.276785714285722,30.90178571421749,24.26294642857144,34.356696428506616,1.210592084200151e-19,4.0,6.0,0.687133928570132,37.91919642883523,0.687133928570132,0.4852589285714288,0.687133928570132,0.687133928570132,2.3538706336247035e-32,2.3538706336247035e-32,2.3538706336247036e-29,0.061732070151186244
1,EDM Competitive Langmuir - two high-salt washes,7153f3f39ab39e3944db30e3ecafc691b277362a1f5bcba2e70b2181c5adf90d,11.389999999999999,11.39,11.39,2.604131028231008e-28,Elution 1,1.0,20.125,20.125,30.74999999992499,24.11874999999999,34.212499999928745,1.3553415436280862e-18,4.0,6.0,0.6842499999985745,37.77500000024398,0.6842499999985745,0.482375,0.6842499999985745,0.6842499999985745,2.604131028231008e-31,2.604131028231008e-31,2.604131028231008e-28,0.06067307350096749
1,EDM Competitive Langmuir - two high-salt washes,7153f3f39ab39e3944db30e3ecafc691b277362a1f5bcba2e70b2181c5adf90d,11.402142857142856,11.402142857142856,11.402142857142856,2.8648362859350966e-27,Elution 1,1.0,19.973214285714306,19.973214285714306,30.598214285633055,23.974553571428586,34.06830357135141,1.519751257185357e-17,4.0,6.0,0.6813660714270278,37.63080357165332,0.6813660714270278,0.47949107142857184,0.6813660714270278,0.6813660714270278,2.8648362859350965e-30,2.8648362859350965e-30,2.8648362859350966e-27,0.05963224364642991
1,EDM Competitive Langmuir - two high-salt washes,7153f3f39ab39e3944db30e3ecafc691b277362a1f5bcba2e70b2181c5adf90d,11.414285714285713,11.414285714285713,11.414285714285713,3.17230143268858e-26,Elution 1,1.0,19.821428571428584,19.821428571428584,30.44642857134168,23.830357142857167,33.9241071427746,1.7059980527494533e-16,4.0,6.0,0.6784821428554916,37.48660714306318,0.6784821428554916,0.47660714285714323,0.6784821428554916,0.6784821428554916,3.17230143268858e-29,3.17230143268858e-29,3.17230143268858e-26,0.05860926894120007
1,EDM Competitive Langmuir - two high-salt washes,7153f3f39ab39e3944db30e3ecafc691b277362a1f5bcba2e70b2181c5adf90d,11.426428571428572,11.426428571428572,11.426428571428572,3.504371275728858e-25,Elution 1,1.0,19.66964285714286,19.66964285714286,30.294642857050846,23.686160714285705,33.77991071419831,1.9168058040170825e-15,4.0,6.0,0.6755982142839657,37.342410714473594,0.6755982142839657,0.4737232142857144,0.6755982142839657,0.6755982142839657,3.5043712757288582e-28,3.5043712757288582e-28,3.504371275728858e-25,0.057603843085112315
1,EDM Competitive Langmuir - two high-salt washes,7153f3f39ab39e3944db30e3ecafc691b277362a1f5bcba2e70b2181c5adf90d,11.438571428571429,11.438571428571429,11.438571428571429,3.8766482084108476e-24,Elution 1,1.0,19.51785714285714,19.51785714285714,30.142857142760594,23.541964285714286,33.63571428562257,2.1566369781972377e-14,4.0,6.0,0.672714285712451,37.19821428588456,0.672714285712451,0.4708392857142858,0.672714285712451,0.672714285712451,3.876648208410847e-27,3.876648208410847e-27,3.8766482084108476e-24,0.0566156650324961
1,EDM Competitive Langmuir - two high-salt washes,7153f3f39ab39e3944db30e3ecafc691b277362a1f5bcba2e70b2181c5adf90d,11.450714285714286,11.450714285714284,11.450714285714284,4.2966077416320894e-23,Elution 1,1.0,19.366071428571445,19.366071428571445,29.991071428470907,23.39776785714288,33.49151785704736,2.428743834749599e-13,4.0,6.0,0.6698303571409469,37.05401785729609,0.6698303571409469,0.46795535714285763,0.6698303571409469,0.6698303571409469,4.296607741632089e-26,4.296607741632089e-26,4.2966077416320894e-23,0.055644438902036145
1,EDM Competitive Langmuir - two high-salt washes,7153f3f39ab39e3944db30e3ecafc691b277362a1f5bcba2e70b2181c5adf90d,11.46285714285714,11.462857142857143,11.462857142857143,4.769292007868067e-22,Elution 1,1.0,19.214285714285722,19.214285714285722,29.83928571418178,23.253571428571433,33.347321428472696,2.7378306292407504e-12,4.0,6.0,0.6669464285694535,36.909821428708135,0.6669464285694535,0.4650714285714288,0.6669464285694535,0.6669464285694535,4.769292007868067e-25,4.769292007868067e-25,4.769292007868067e-22,0.0546898738881796
1,EDM Competitive Langmuir - two high-salt washes,7153f3f39ab39e3944db30e3ecafc691b277362a1f5bcba2e70b2181c5adf90d,11.475,11.475,11.475,5.302429572016285e-21,Elution 1,1.0,19.0625,19.0625,29.68749999989319,23.109375,33.203124999898534,3.0890177063376984e-11,4.0,6.0,0.6640624999979703,36.76562500012075,0.6640624999979703,0.4621875000000002,0.6640624999979703,0.6640624999979703,5.302429572016285e-24,5.302429572016285e-24,5.302429572016285e-21,0.053751684174062626
1,EDM Competitive Langmuir - two high-salt washes,7153f3f39ab39e3944db30e3ecafc691b277362a1f5bcba2e70b2181c5adf90d,11.487142857142857,11.487142857142857,11.487142857142857,5.903351795790209e-20,Elution 1,1.0,18.910714285714292,18.910714285714292,29.535714285605188,22.96517857142858,33.058928571324934,3.4897076167999923e-10,4.0,6.0,0.6611785714264983,36.62142857153391,0.6611785714264983,0.4593035714285716,0.6611785714264983,0.6611785714264983,5.90335179579021e-23,5.90335179579021e-23,5.903351795790209e-20,0.052829588845931426
1,EDM Competitive Langmuir - two high-salt washes,7153f3f39ab39e3944db30e3ecafc691b277362a1f5bcba2e70b2181c5adf90d,11.499285714285714,11.499285714285714,11.499285714285714,6.580939056325119e-19,Elution 1,1.0,18.758928571428584,18.758928571428584,29.38392857131775,22.820982142857147,32.914732142751866,3.94579906574666e-09,4.0,6.0,0.6582946428550369,36.477232142947614,0.6582946428550369,0.456419642857143,0.6582946428550369,0.6582946428550369,6.580939056325119e-22,6.580939056325119e-22,6.580939056325119e-19,0.051923311809029676
1,EDM Competitive Langmuir - two high-salt washes,7153f3f39ab39e3944db30e3ecafc691b277362a1f5bcba2e70b2181c5adf90d,11.51142857142857,11.51142857142857,11.51142857142857,7.34824935493373e-18,Elution 1,1.0,18.60714285714286,18.60714285714286,29.23214285703087,22.676785714285728,32.77053571417933,4.467540419084931e-08,4.0,6.0,0.6554107142835862,36.33303571436188,0.6554107142835862,0.4535357142857146,0.6554107142835862,0.6554107142835862,7.34824935493373e-21,7.34824935493373e-21,7.34824935493373e-18,0.05103258170493073
1,EDM Competitive Langmuir - two high-salt washes,7153f3f39ab39e3944db30e3ecafc691b277362a1f5bcba2e70b2181c5adf90d,11.523571428571428,11.52357142857143,11.52357142857143,8.215390123646299e-17,Elution 1,1.0,18.45535714285714,18.45535714285714,29.080357142744532,22.53258928571428,32.62633928560731,5.062153493327351e-07,4.0,6.0,0.6525267857121457,36.188839285776666,0.6525267857121457,0.45065178571428555,0.6525267857121457,0.6525267857121457,8.215390123646299e-20,8.215390123646299e-20,8.215390123646299e-17,0.05015713183028687
1,EDM Competitive Langmuir - two high-salt washes,7153f3f39ab39e3944db30e3ecafc691b277362a1f5bcba2e70b2181c5adf90d,11.535714285714285,11.535714285714285,11.535714285714285,9.197124841427467e-16,Elution 1,1.0,18.303571428571445,18.303571428571445,28.928571428458778,22.388392857142875,32.48214285703584,5.7281915304491875e-06,4.0,6.0,0.6496428571407165,36.044642857192045,0.6496428571407165,0.4477678571428574,0.6496428571407165,0.6496428571407165,9.197124841427467e-19,9.197124841427467e-19,9.197124841427467e-16,0.049296700056973126
1,EDM Competitive Langmuir - two high-salt washes,7153f3f39ab39e3944db30e3ecafc691b277362a1f5bcba2e70b2181c5adf90d,11.547857142857142,11.547857142857142,11.547857142857142,1.0312040444243625e-14,Elution 1,1.0,18.151785714285722,18.151785714285722,28.776785714173585,22.244196428571442,32.33794642846491,6.447130667507193e-05,4.0,6.0,0.6467589285692978,35.90044642860795,0.6467589285692978,0.444883928571429,0.6467589285692978,0.6467589285692978,1.0312040444243624e-17,1.0312040444243624e-17,1.0312040444243625e-14,0.048451028753599884
1,EDM Competitive Langmuir - two high-salt washes,7153f3f39ab39e3944db30e3ecafc691b277362a1f5bcba2e70b2181c5adf90d,11.56,11.56,11.56,1.1575193726210946e-13,Elution 1,1.0,18.0,18.0,28.624999999888928,22.099999999999994,32.193749999894486,0.0007143774741732295,4.0,6.0,0.6438749999978893,35.756250000024394,0.6438749999978893,0.44199999999999995,0.6438749999978893,0.6438749999978893,1.1575193726210946e-16,1.1575193726210946e-16,1.1575193726210946e-13,0.047619864708373046
1,EDM Competitive Langmuir - two high-salt washes,7153f3f39ab39e3944db30e3ecafc691b277362a1f5bcba2e70b2181c5adf90d,11.572142857142858,11.572142857142858,11.572142857142858,1.3004978044610942e-12,Elution 1,1.0,17.848214285714278,17.848214285714278,28.47321428560486,21.95580357142856,32.04955357132462,0.008007041166649366,4.0,6.0,0.640991071426492,35.612053571441386,0.640991071426492,0.43911607142857134,0.640991071426492,0.640991071426492,1.3004978044610941e-15,1.3004978044610941e-15,1.3004978044610942e-12,0.04680295905327747
1,EDM Competitive Langmuir - two high-salt washes,7153f3f39ab39e3944db30e3ecafc691b277362a1f5bcba2e70b2181c5adf90d,11.584285714285715,11.584285714285713,11.584285714285713,1.463122955445553e-11,Elution 1,1.0,17.696428571428584,17.696428571428584,28.321428571321356,21.811607142857156,31.905357142755292,0.09866653893502128,4.0,6.0,0.6381071428551055,35.46785714285897,0.6381071428551055,0.4362321428571434,0.6381071428551055,0.6381071428551055,1.463122955445553e-14,1.463122955445553e-14,1.463122955445553e-11,0.04600006718955982
1,EDM Competitive Langmuir - two high-salt washes,7153f3f39ab39e3944db30e3ecafc691b277362a1f5bcba2e70b2181c5adf90d,11.59642857142857,11.596428571428572,11.596428571428572,1.6476567275980497e-10,Elution 1,1.0,17.54464285714286,17.54464285714286,28.16964285703841,21.667410714285708,31.761160714186495,0.3963782022269303,4.0,6.0,0.6352232142837295,35.323660714277054,0.6352232142837295,0.43334821428571435,0.6352232142837295,0.6352232142837295,1.6476567275980496e-13,1.6476567275980496e-13,1.6476567275980497e-10,0.045210948714491044
1,EDM Competitive Langmuir - two high-salt washes,7153f3f39ab39e3944db30e3ecafc691b277362a1f5bcba2e70b2181c5adf90d,11.608571428571429,11.608571428571429,11.608571428571429,1.857257836617616e-09,Elution 1,1.0,17.39285714285714,17.39285714285714,28.017857142756004,21.52321428571429,31.616964285618206,0.9229937366476344,4.0,6.0,0.6323392857123638,35.17946428569571,0.6323392857123638,0.43046428571428574,0.6323392857123638,0.6323392857123638,1.857257836617616e-12,1.857257836617616e-12,1.857257836617616e-09,0.044435367349384615
1,EDM Competitive Langmuir - two high-salt washes,7153f3f39ab39e3944db30e3ecafc691b277362a1f5bcba2e70b2181c5adf90d,11.620714285714286,11.620714285714286,11.620714285714286,2.0954054792504885e-08,Elution 1,1.0,17.24107142857143,17.24107142857143,27.866071428474182,21.379017857142856,31.472767857050478,1.6322318653039634,4.0,6.0,0.6294553571410092,35.035267857114896,0.6294553571410092,0.42758035714285736,0.6294553571410092,0.6294553571410092,2.0954054792504885e-11,2.0954054792504885e-11,2.0954054792504885e-08,0.043673090868850094
1,EDM Competitive Langmuir - two high-salt washes,7153f3f39ab39e3944db30e3ecafc691b277362a1f5bcba2e70b2181c5adf90d,11.632857142857143,11.632857142857143,11.632857142857143,2.3670702593295064e-07,Elution 1,1.0,17.089285714285722,17.089285714285722,27.714285714192926,21.234821428571436,31.328571428483283,2.413369645722798,4.0,6.0,0.6265714285696653,34.89107142853465,0.6265714285696653,0.42469642857142875,0.6265714285696653,0.6265714285696653,2.3670702593295063e-10,2.3670702593295063e-10,2.3670702593295064e-07,0.042923891031259244
1,EDM Competitive Langmuir - two high-salt washes,7153f3f39ab39e3944db30e3ecafc691b277362a1f5bcba2e70b2181c5adf90d,11.645,11.645,11.645,2.6763302525466003e-06,Elution 1,1.0,16.9375,16.9375,27.56249999991223,21.090625000000003,31.18437499991662,3.1552382044995704,4.0,6.0,0.6236874999983321,34.746874999954954,0.6236874999983321,0.42181250000000015,0.6236874999983321,0.6236874999983321,2.6763302525466e-09,2.6763302525466e-09,2.6763302525466003e-06,0.04218754351040616
1,EDM Competitive Langmuir - two high-salt washes,7153f3f39ab39e3944db30e3ecafc691b277362a1f5bcba2e70b2181c5adf90d,11.657142857142857,11.657142857142858,11.657142857142858,3.0300249440818337e-05,Elution 1,1.0,16.785714285714278,16.785714285714278,27.41071428563207,20.946428571428555,31.04017857135047,3.7214740976833296,4.0,6.0,0.6208035714270091,34.60267857137578,0.6208035714270091,0.4189285714285713,0.6208035714270091,0.6208035714270091,3.0300249440818336e-08,3.0300249440818336e-08,3.0300249440818337e-05,0.041463827828339114
1,EDM Competitive Langmuir - two high-salt washes,7153f3f39ab39e3944db30e3ecafc691b277362a1f5bcba2e70b2181c5adf90d,11.669285714285714,11.669285714285714,11.669285714285714,0.0003433188981061356,Elution 1,1.0,16.633928571428584,16.633928571428584,27.2589285713525,20.80223214285715,30.895982142784874,4.070788854668551,4.0,6.0,0.6179196428556972,34.45848214279719,0.6179196428556972,0.41604464285714315,0.6179196428556972,0.6179196428556972,3.4331889810613556e-07,3.4331889810613556e-07,0.0003433188981061356,0.040752527289345156
1,EDM Competitive Langmuir - two high-salt washes,7153f3f39ab39e3944db30e3ecafc691b277362a1f5bcba2e70b2181c5adf90d,11.68142857142857,11.68142857142857,11.68142857142857,0.0038851411135841984,Elution 1,1.0,16.48214285714286,16.48214285714286,27.107142857073487,20.65803571428573,30.751785714219814,4.257728397845701,4.0,6.0,0.6150357142843961,34.31428571421902,0.6150357142843961,0.41316071428571455,0.6150357142843961,0.6150357142843961,3.8851411135841984e-06,3.8851411135841984e-06,0.0038851411135841984,0.0400534289150663
1,EDM Competitive Langmuir - two high-salt washes,7153f3f39ab39e3944db30e3ecafc691b277362a1f5bcba2e70b2181c5adf90d,11.693571428571428,11.693571428571428,11.693571428571428,0.04373844250638054,Elution 1,1.0,16.330357142857153,16.330357142857153,26.955357142795037,20.513839285714297,30.607589285655287,4.335846837621739,4.0,6.0,0.6121517857131056,34.17008928564131,0.6121517857131056,0.41027678571428594,0.6121517857131056,0.6121517857131056,4.373844250638054e-05,4.373844250638054e-05,0.04373844250638054,0.039366323380729665
1,EDM Competitive Langmuir - two high-salt washes,7153f3f39ab39e3944db30e3ecafc691b277362a1f5bcba2e70b2181c5adf90d,11.705714285714286,11.705714285714286,11.705714285714286,0.48499882682096096,Elution 1,1.0,16.178571428571416,16.178571428571416,26.80357142851078,20.36964285714285,30.46339285708524,4.355617828379894,4.0,6.0,0.6092678571417045,34.02589285706409,0.6092678571417045,0.4073928571428571,0.6092678571417045,0.6092678571417045,0.000484998826820961,0.000484998826820961,0.48499882682096096,0.03869100495244302
1,EDM Competitive Langmuir - two high-salt washes,7153f3f39ab39e3944db30e3ecafc691b277362a1f5bcba2e70b2181c5adf90d,11.717857142857143,11.717857142857142,11.717857142857142,5.433159863421301,Elution 1,1.0,16.026785714285722,16.026785714285722,26.651785714226293,20.225446428571445,30.319196428514978,4.292253255950295,4.0,6.0,0.6063839285702993,33.881696428487466,0.6063839285702993,0.40450892857142895,0.6063839285702993,0.6063839285702993,0.005433159863421301,0.005433159863421301,5.433159863421301,0.038027271425675774
1,EDM Competitive Langmuir - two high-salt washes,7153f3f39ab39e3944db30e3ecafc691b277362a1f5bcba2e70b2181c5adf90d,11.729999999999999,11.73,11.73,66.66906913442645,Elution 1,1.0,15.875,15.875,26.499999999941878,20.081249999999997,30.174999999944784,4.167126643081917,4.0,6.0,0.6034999999988955,33.73749999991133,0.6034999999988955,0.4016249999999999,0.6034999999988955,0.6034999999988955,0.06666906913442645,0.06666906913442645,66.66906913442645,0.03737492406463641
1,EDM Competitive Langmuir - two high-salt washes,7153f3f39ab39e3944db30e3ecafc691b277362a1f5bcba2e70b2181c5adf90d,11.742142857142856,11.742142857142856,11.742142857142856,291.303497535635,Elution 1,1.0,15.723214285714306,15.723214285714306,26.348214285657537,19.937053571428592,30.030803571374662,4.007544217719933,4.0,6.0,0.600616071427493,33.59330357133577,0.600616071427493,0.39874107142857196,0.600616071427493,0.600616071427493,0.291303497535635,0.291303497535635,291.303497535635,0.03673376754278986
1,EDM Competitive Langmuir - two high-salt washes,7153f3f39ab39e3944db30e3ecafc691b277362a1f5bcba2e70b2181c5adf90d,11.754285714285714,11.754285714285714,11.754285714285714,737.1294303814944,Elution 1,1.0,15.57142857142857,15.57142857142857,26.196428571373247,19.792857142857144,29.886607142804582,3.829441309691514,4.0,6.0,0.5977321428560914,33.44910714276069,0.5977321428560914,0.3958571428571429,0.5977321428560914,0.5977321428560914,0.7371294303814945,0.7371294303814945,737.1294303814944,0.036103609884373854
1,EDM Competitive Langmuir - two high-salt washes,7153f3f39ab39e3944db30e3ecafc691b277362a1f5bcba2e70b2181c5adf90d,11.766428571428571,11.766428571428571,11.766428571428571,1381.912525778188,Elution 1,1.0,15.419642857142861,15.419642857142861,26.04464285708905,19.64866071428571,29.742410714234595,3.6411023348268716,4.0,6.0,0.5948482142846917,33.304910714186185,0.5948482142846917,0.3929732142857143,0.5948482142846917,0.5948482142846917,1.381912525778188,1.381912525778188,1381.912525778188,0.03548426240691771
1,EDM Competitive Langmuir - two high-salt washes,7153f3f39ab39e3944db30e3ecafc691b277362a1f5bcba2e70b2181c5adf90d,11.778571428571428,11.778571428571428,11.778571428571428,2137.673958516137,Elution 1,1.0,15.267857142857139,15.267857142857139,25.892857142804925,19.504464285714292,29.598214285664675,3.4465391509682166,4.0,6.0,0.5919642857132934,33.16071428561219,0.5919642857132934,0.3900892857142859,0.5919642857132934,0.5919642857132934,2.137673958516137,2.137673958516137,2137.673958516137,0.03487553966474621
1,EDM Competitive Langmuir - two high-salt washes,7153f3f39ab39e3944db30e3ecafc691b277362a1f5bcba2e70b2181c5adf90d,11.790714285714284,11.790714285714284,11.790714285714284,2893.4022425782355,Elution 1,1.0,15.116071428571459,15.116071428571459,25.741071428520872,19.360267857142887,29.454017857094826,3.247680799593471,4.0,6.0,0.5890803571418963,33.016517857038764,0.5890803571418963,0.38720535714285775,0.5890803571418963,0.5890803571418963,2.8934022425782353,2.8934022425782353,2893.4022425782355,0.03427725939345368
1,EDM Competitive Langmuir - two high-salt washes,7153f3f39ab39e3944db30e3ecafc691b277362a1f5bcba2e70b2181c5adf90d,11.802857142857142,11.802857142857142,11.802857142857142,3521.626135383116,Elution 1,1.0,14.964285714285722,14.964285714285722,25.58928571423687,19.21607142857144,29.309821428525023,3.0455704829883032,4.0,6.0,0.5861964285705004,32.87232142846583,0.5861964285705004,0.3843214285714287,0.5861964285705004,0.5861964285705004,3.5216261353831158,3.5216261353831158,3521.626135383116,0.03368924245533008
1,EDM Competitive Langmuir - two high-salt washes,7153f3f39ab39e3944db30e3ecafc691b277362a1f5bcba2e70b2181c5adf90d,11.815,11.815,11.815,3947.5012933796256,Elution 1,1.0,14.8125,14.8125,25.437499999952962,19.071875000000006,29.165624999955313,2.8409536032142033,4.0,6.0,0.5833124999991061,32.72812499989345,0.5833124999991061,0.3814375000000001,0.5833124999991061,0.5833124999991061,3.9475012933796254,3.9475012933796254,3947.5012933796256,0.03311131278572358
1,EDM Competitive Langmuir - two high-salt washes,7153f3f39ab39e3944db30e3ecafc691b277362a1f5bcba2e70b2181c5adf90d,11.827142857142857,11.827142857142857,11.827142857142857,4191.74973554788,Elution 1,1.0,14.660714285714292,14.660714285714292,25.285714285669126,18.927678571428572,29.02142857138567,2.634548429234177,4.0,6.0,0.5804285714277132,32.5839285713216,0.5804285714277132,0.3785535714285717,0.5804285714277132,0.5804285714277132,4.19174973554788,4.19174973554788,4191.74973554788,0.03254329734032273
1,EDM Competitive Langmuir - two high-salt washes,7153f3f39ab39e3944db30e3ecafc691b277362a1f5bcba2e70b2181c5adf90d,11.839285714285714,11.839285714285712,11.839285714285712,4308.275623583125,Elution 1,1.0,14.508928571428598,14.508928571428598,25.133928571385365,18.783482142857167,28.877232142816094,2.427169841735977,4.0,6.0,0.5775446428563218,32.439732142750294,0.5775446428563218,0.37566964285714355,0.5775446428563218,0.5775446428563218,4.308275623583125,4.308275623583125,4308.275623583125,0.03198502604334362
1,EDM Competitive Langmuir - two high-salt washes,7153f3f39ab39e3944db30e3ecafc691b277362a1f5bcba2e70b2181c5adf90d,11.851428571428572,11.85142857142857,11.85142857142857,4348.63983164172,Elution 1,1.0,14.357142857142861,14.357142857142861,24.98214285710165,18.63928571428572,28.733035714246565,2.219788850173402,4.0,6.0,0.5746607142849313,32.2955357141795,0.5746607142849313,0.3727857142857145,0.5746607142849313,0.5746607142849313,4.348639831641719,4.348639831641719,4348.63983164172,0.03143633173660545
1,EDM Competitive Langmuir - two high-salt washes,7153f3f39ab39e3944db30e3ecafc691b277362a1f5bcba2e70b2181c5adf90d,11.863571428571428,11.86357142857143,11.86357142857143,4314.617222690149,Elution 1,1.0,14.205357142857139,14.205357142857139,24.83035714281803,18.495089285714272,28.58883928567713,2.013563854872273,4.0,6.0,0.5717767857135425,32.15133928560924,0.5717767857135425,0.36990178571428567,0.5717767857135425,0.5717767857135425,4.314617222690149,4.314617222690149,4314.617222690149,0.030897050129480214
1,EDM Competitive Langmuir - two high-salt washes,7153f3f39ab39e3944db30e3ecafc691b277362a1f5bcba2e70b2181c5adf90d,11.875714285714285,11.875714285714285,11.875714285714285,4211.288977035476,Elution 1,1.0,14.053571428571445,14.053571428571445,24.678571428534486,18.350892857142867,28.44464285710776,1.80985466165184,4.0,6.0,0.5688928571421551,32.00714285703955,0.5688928571421551,0.3670178571428575,0.5688928571421551,0.5688928571421551,4.211288977035476,4.211288977035476,4211.288977035476,0.03036701974970007
1,EDM Competitive Langmuir - two high-salt washes,7153f3f39ab39e3944db30e3ecafc691b277362a1f5bcba2e70b2181c5adf90d,11.887857142857142,11.887857142857142,11.887857142857142,4063.867426671233,Elution 1,1.0,13.901785714285737,13.901785714285737,24.526785714251012,18.206696428571448,28.30044642853846,1.610220693104389,4.0,6.0,0.5660089285707691,31.862946428470362,0.5660089285707691,0.3641339285714289,0.5660089285707691,0.5660089285707691,4.063867426671233,4.063867426671233,4063.867426671233,0.029846081895009542
1,EDM Competitive Langmuir - two high-salt washes,7153f3f39ab39e3944db30e3ecafc691b277362a1f5bcba2e70b2181c5adf90d,11.9,11.9,11.9,3892.3011595838907,Elution 1,1.0,13.75,13.75,24.37499999996759,18.0625,28.156249999969205,1.4164002851824575,4.0,6.0,0.5631249999993841,31.71874999990171,0.5631249999993841,0.36125000000000007,0.5631249999993841,0.5631249999993841,3.892301159583891,3.892301159583891,3892.3011595838907,0.029334080585646554
1,EDM Competitive Langmuir - two high-salt washes,7153f3f39ab39e3944db30e3ecafc691b277362a1f5bcba2e70b2181c5adf90d,11.912142857142857,11.912142857142857,11.912142857142857,3707.5749141908664,Elution 1,1.0,13.598214285714278,13.598214285714278,24.22321428568426,17.918303571428567,28.012053571400045,1.2302667909762568,4.0,6.0,0.5602410714280008,31.574553571333585,0.5602410714280008,0.35836607142857146,0.5602410714280008,0.5602410714280008,3.7075749141908663,3.7075749141908663,3707.5749141908664,0.028830862517638996
1,EDM Competitive Langmuir - two high-salt washes,7153f3f39ab39e3944db30e3ecafc691b277362a1f5bcba2e70b2181c5adf90d,11.924285714285713,11.924285714285713,11.924285714285713,3515.2085099771853,Elution 1,1.0,13.446428571428598,13.446428571428598,24.071428571401004,17.77410714285716,27.86785714283095,1.0537582432136892,4.0,6.0,0.557357142856619,31.430357142766034,0.557357142856619,0.3554821428571433,0.557357142856619,0.557357142856619,3.5152085099771853,3.5152085099771853,3515.2085099771853,0.028336277016902018
1,EDM Competitive Langmuir - two high-salt washes,7153f3f39ab39e3944db30e3ecafc691b277362a1f5bcba2e70b2181c5adf90d,11.93642857142857,11.93642857142857,11.93642857142857,3317.8661000786888,Elution 1,1.0,13.294642857142875,13.294642857142875,23.91964285711782,17.629910714285742,27.723660714261925,0.8887802182080288,4.0,6.0,0.5544732142852385,31.286160714198996,0.5544732142852385,0.3525982142857147,0.5544732142852385,0.5544732142852385,3.317866100078689,3.317866100078689,3317.8661000786888,0.027850175994123226
1,EDM Competitive Langmuir - two high-salt washes,7153f3f39ab39e3944db30e3ecafc691b277362a1f5bcba2e70b2181c5adf90d,11.948571428571428,11.948571428571428,11.948571428571428,3116.903535907767,Elution 1,1.0,13.142857142857139,13.142857142857139,23.767857142834686,17.485714285714295,27.579464285692946,0.7370862197594146,4.0,6.0,0.551589285713859,31.14196428563247,0.551589285713859,0.34971428571428587,0.551589285713859,0.551589285713859,3.1169035359077673,3.1169035359077673,3116.903535907767,0.027372413900421458
1,EDM Competitive Langmuir - two high-salt washes,7153f3f39ab39e3944db30e3ecafc691b277362a1f5bcba2e70b2181c5adf90d,11.960714285714285,11.960714285714285,11.960714285714285,2913.1713254874185,Elution 1,1.0,12.99107142857143,12.99107142857143,23.616071428551646,17.34151785714286,27.43526785712406,0.6001457913986039,4.0,6.0,0.5487053571424813,30.997767857066492,0.5487053571424813,0.34683035714285726,0.5487053571424813,0.5487053571424813,2.9131713254874185,2.9131713254874185,2913.1713254874185,0.026902847683766724
1,EDM Competitive Langmuir - two high-salt washes,7153f3f39ab39e3944db30e3ecafc691b277362a1f5bcba2e70b2181c5adf90d,11.972857142857142,11.97285714285714,11.97285714285714,2707.3973141683377,Elution 1,1.0,12.839285714285737,12.839285714285737,23.46428571426868,17.197321428571456,27.29107142855524,0.47901620991828403,4.0,6.0,0.5458214285711049,30.85357142850106,0.5458214285711049,0.3439464285714291,0.5458214285711049,0.5458214285711049,2.707397314168338,2.707397314168338,2707.3973141683377,0.026441336746147008
1,EDM Competitive Langmuir - two high-salt washes,7153f3f39ab39e3944db30e3ecafc691b277362a1f5bcba2e70b2181c5adf90d,11.984999999999998,11.985,11.985,2500.3622843823846,Elution 1,1.0,12.6875,12.6875,23.312499999985786,17.05312500000001,27.14687499998649,0.3742374487228661,4.0,6.0,0.54293749999973,30.709374999936134,0.54293749999973,0.34106250000000027,0.54293749999973,0.54293749999973,2.5003622843823847,2.5003622843823847,2500.3622843823846,0.025987742901470462
1,EDM Competitive Langmuir - two high-salt washes,7153f3f39ab39e3944db30e3ecafc691b277362a1f5bcba2e70b2181c5adf90d,11.997142857142856,11.997142857142858,11.997142857142858,2292.982141313097,Elution 1,1.0,12.535714285714278,12.535714285714278,23.16071428570294,16.90892857142856,27.002678571417785,0.2857696159434814,4.0,6.0,0.5400535714283559,30.56517857136997,0.5400535714283559,0.3381785714285712,0.5400535714283559,0.5400535714283559,2.292982141313097,2.292982141313097,2292.982141313097,0.025541930334189496
1,EDM Competitive Langmuir - two high-salt washes,7153f3f39ab39e3944db30e3ecafc691b277362a1f5bcba2e70b2181c5adf90d,12.009285714285713,12.009285714285713,12.009285714285713,2086.3491473315185,Elution 1,1.0,12.383928571428584,12.383928571428584,23.00892857142019,16.764732142857156,26.858482142849173,0.2129875880859305,4.0,6.0,0.5371696428569837,30.42098214279989,0.5371696428569837,0.33529464285714305,0.5371696428569837,0.5371696428569837,2.0863491473315183,2.0863491473315183,2086.3491473315185,0.025103765558635065
1,EDM Competitive Langmuir - two high-salt washes,7153f3f39ab39e3944db30e3ecafc691b277362a1f5bcba2e70b2181c5adf90d,12.02142857142857,12.02142857142857,12.02142857142857,1881.7520239649482,Elution 1,1.0,12.232142857142875,12.232142857142875,22.85714285713646,16.620535714285722,26.71428571427963,0.15473792221236332,4.0,6.0,0.5342857142855928,30.27678571422964,0.5342857142855928,0.33241071428571467,0.5342857142855928,0.5342857142855928,1.8817520239649481,1.8817520239649481,1881.7520239649482,0.024673117379044766
1,EDM Competitive Langmuir - two high-salt washes,7153f3f39ab39e3944db30e3ecafc691b277362a1f5bcba2e70b2181c5adf90d,12.03357142857143,12.03357142857143,12.03357142857143,1680.679740826993,Elution 1,1.0,12.080357142857139,12.080357142857139,22.705357142851962,16.476339285714275,26.570089285709358,0.1094505503172393,4.0,6.0,0.5314017857141873,30.132589285659453,0.5314017857141873,0.3295267857142856,0.5314017857141873,0.5314017857141873,1.6806797408269931,1.6806797408269931,1680.679740826993,0.024249856850287077
1,EDM Competitive Langmuir - two high-salt washes,7153f3f39ab39e3944db30e3ecafc691b277362a1f5bcba2e70b2181c5adf90d,12.045714285714286,12.045714285714286,12.045714285714286,1484.8074879784265,Elution 1,1.0,11.928571428571416,11.928571428571416,22.55357142856743,16.332142857142856,26.425892857139054,0.0751404028325101,4.0,6.0,0.5285178571427812,29.988392857089334,0.5285178571427812,0.326642857142857,0.5285178571427812,0.5285178571427812,1.4848074879784265,1.4848074879784265,1484.8074879784265,0.023833857239250092
1,EDM Competitive Langmuir - two high-salt washes,7153f3f39ab39e3944db30e3ecafc691b277362a1f5bcba2e70b2181c5adf90d,12.057857142857141,12.057857142857141,12.057857142857141,1295.9609654020053,Elution 1,1.0,11.776785714285737,11.776785714285737,22.40178571428284,16.18794642857145,26.281696428568694,0.050121457129150615,4.0,6.0,0.525633928571374,29.844196428519318,0.525633928571374,0.32375892857142907,0.525633928571374,0.525633928571374,1.2959609654020052,1.2959609654020052,1295.9609654020053,0.02342499398689131
1,EDM Competitive Langmuir - two high-salt washes,7153f3f39ab39e3944db30e3ecafc691b277362a1f5bcba2e70b2181c5adf90d,12.069999999999999,12.069999999999999,12.069999999999999,1116.055377718137,Elution 1,1.0,11.625000000000014,11.625000000000014,22.249999999998195,16.043750000000017,26.137499999998276,0.032525465007964,4.0,6.0,0.5227499999999657,29.699999999949352,0.5227499999999657,0.32087500000000047,0.5227499999999657,0.5227499999999657,1.116055377718137,1.116055377718137,1116.055377718137,0.023023144670944417
1,EDM Competitive Langmuir - two high-salt washes,7153f3f39ab39e3944db30e3ecafc691b277362a1f5bcba2e70b2181c5adf90d,12.082142857142857,12.082142857142857,12.082142857142857,947.0077564452995,Elution 1,1.0,11.473214285714278,11.473214285714278,22.098214285713464,15.89955357142857,25.99330357142778,0.020515054970559752,4.0,6.0,0.5198660714285559,29.555803571379425,0.5198660714285559,0.3179910714285714,0.5198660714285559,0.5198660714285559,0.9470077564452994,0.9470077564452994,947.0077564452995,0.022628188969263212
1,EDM Competitive Langmuir - two high-salt washes,7153f3f39ab39e3944db30e3ecafc691b277362a1f5bcba2e70b2181c5adf90d,12.094285714285714,12.094285714285714,12.094285714285714,790.6252780353908,Elution 1,1.0,11.32142857142857,11.32142857142857,21.946428571428697,15.755357142857136,25.849107142857257,0.012564635881391546,4.0,6.0,0.5169821428571453,29.41160714280958,0.5169821428571453,0.31510714285714303,0.5169821428571453,0.5169821428571453,0.7906252780353908,0.7906252780353908,790.6252780353908,0.022240008623794973
1,EDM Competitive Langmuir - two high-salt washes,7153f3f39ab39e3944db30e3ecafc691b277362a1f5bcba2e70b2181c5adf90d,12.106428571428571,12.10642857142857,12.10642857142857,648.4777072906771,Elution 1,1.0,11.169642857142875,11.169642857142875,21.794642857143874,15.611160714285731,25.704910714286672,0.007466894435853941,4.0,6.0,0.5140982142857337,29.26741071423984,0.5140982142857337,0.31222321428571487,0.5140982142857337,0.5140982142857337,0.6484777072906771,0.6484777072906771,648.4777072906771,0.021858487405171104
1,EDM Competitive Langmuir - two high-salt washes,7153f3f39ab39e3944db30e3ecafc691b277362a1f5bcba2e70b2181c5adf90d,12.118571428571427,12.118571428571428,12.118571428571428,521.7678269113287,Elution 1,1.0,11.017857142857139,11.017857142857139,21.64285714285899,15.466964285714283,25.560714285716035,0.004303424993067708,4.0,6.0,0.5112142857143209,29.12321428567013,0.5112142857143209,0.3093392857142858,0.5112142857143209,0.5112142857143209,0.5217678269113287,0.5217678269113287,521.7678269113287,0.021483511077905845
1,EDM Competitive Langmuir - two high-salt washes,7153f3f39ab39e3944db30e3ecafc691b277362a1f5bcba2e70b2181c5adf90d,12.130714285714285,12.130714285714287,12.130714285714287,411.2181879682888,Elution 1,1.0,10.866071428571416,10.866071428571416,21.491071428574024,15.322767857142836,25.416517857145315,0.00240437378820896,4.0,6.0,0.5083303571429065,28.979017857100477,0.5083303571429065,0.306455357142857,0.5083303571429065,0.5083303571429065,0.4112181879682888,0.4112181879682888,411.2181879682888,0.02111496736619162
1,EDM Competitive Langmuir - two high-salt washes,7153f3f39ab39e3944db30e3ecafc691b277362a1f5bcba2e70b2181c5adf90d,12.142857142857142,12.142857142857142,12.142857142857142,316.99355692445056,Elution 1,1.0,10.714285714285722,10.714285714285722,21.339285714289026,15.17857142857143,25.272321428574568,0.0013018888347640588,4.0,6.0,0.5054464285714916,28.83482142853093,0.5054464285714916,0.3035714285714288,0.5054464285714916,0.5054464285714916,0.3169935569244506,0.3169935569244506,316.99355692445056,0.02075274592028162
1,EDM Competitive Langmuir - two high-salt washes,7153f3f39ab39e3944db30e3ecafc691b277362a1f5bcba2e70b2181c5adf90d,12.155,12.155,12.155,238.67536262389464,Elution 1,1.0,10.562500000000014,10.562500000000014,21.18750000000397,15.034375000000011,25.128125000003763,0.0006830174862045089,4.0,6.0,0.5025625000000755,28.690624999961447,0.5025625000000755,0.3006875000000002,0.5025625000000755,0.5025625000000755,0.23867536262389463,0.23867536262389463,238.67536262389464,0.020396738283448335
1,EDM Competitive Langmuir - two high-salt washes,7153f3f39ab39e3944db30e3ecafc691b277362a1f5bcba2e70b2181c5adf90d,12.167142857142856,12.167142857142856,12.167142857142856,175.2966278147998,Elution 1,1.0,10.410714285714292,10.410714285714292,21.03571428571885,14.890178571428578,24.9839285714329,0.0003469385031866187,4.0,6.0,0.49967857142865824,28.54642857139204,0.49967857142865824,0.2978035714285716,0.49967857142865824,0.49967857142865824,0.1752966278147998,0.1752966278147998,175.2966278147998,0.020046837859509538
1,EDM Competitive Langmuir - two high-salt washes,7153f3f39ab39e3944db30e3ecafc691b277362a1f5bcba2e70b2181c5adf90d,12.179285714285715,12.179285714285715,12.179285714285715,125.43432863316387,Elution 1,1.0,10.258928571428555,10.258928571428555,20.88392857143365,14.74598214285713,24.839732142861962,0.0001704716237852971,4.0,6.0,0.49679464285723945,28.402232142822655,0.49679464285723945,0.2949196428571428,0.49679464285723945,0.49679464285723945,0.12543432863316387,0.12543432863316387,125.43432863316387,0.01970293988091115
1,EDM Competitive Langmuir - two high-salt washes,7153f3f39ab39e3944db30e3ecafc691b277362a1f5bcba2e70b2181c5adf90d,12.19142857142857,12.19142857142857,12.19142857142857,87.24986665065543,Elution 1,1.0,10.107142857142875,10.107142857142875,20.732142857148418,14.601785714285725,24.69553571429099,8.13659231910339e-05,4.0,6.0,0.49391071428582,28.258035714253396,0.49391071428582,0.2920357142857146,0.49391071428582,0.49391071428582,0.08724986665065543,0.08724986665065543,87.24986665065543,0.019364941377357718
1,EDM Competitive Langmuir - two high-salt washes,7153f3f39ab39e3944db30e3ecafc691b277362a1f5bcba2e70b2181c5adf90d,12.203571428571427,12.203571428571427,12.203571428571427,58.9516732597498,Elution 1,1.0,9.955357142857153,9.955357142857153,20.580357142863125,14.457589285714306,24.551339285719962,3.7846070891082816e-05,4.0,6.0,0.49102678571439945,28.113839285684183,0.49102678571439945,0.289151785714286,0.49102678571439945,0.49102678571439945,0.0589516732597498,0.0589516732597498,58.9516732597498,0.01903274114498068
1,EDM Competitive Langmuir - two high-salt washes,7153f3f39ab39e3944db30e3ecafc691b277362a1f5bcba2e70b2181c5adf90d,12.215714285714284,12.215714285714284,12.215714285714284,38.735815168383105,Elution 1,1.0,9.803571428571445,9.803571428571445,20.428571428577772,14.313392857142873,24.407142857148877,1.7219727980791892e-05,4.0,6.0,0.4881428571429778,27.969642857115037,0.4881428571429778,0.28626785714285763,0.4881428571429778,0.4881428571429778,0.038735815168383106,0.038735815168383106,38.735815168383105,0.01870623971603602
1,EDM Competitive Langmuir - two high-salt washes,7153f3f39ab39e3944db30e3ecafc691b277362a1f5bcba2e70b2181c5adf90d,12.227857142857143,12.227857142857143,12.227857142857143,24.754023219054954,Elution 1,1.0,9.651785714285708,9.651785714285708,20.27678571429234,14.169196428571425,24.262946428577717,7.68806545120226e-06,4.0,6.0,0.48525892857155456,27.825446428545927,0.48525892857155456,0.2833839285714286,0.48525892857155456,0.48525892857155456,0.024754023219054955,0.024754023219054955,24.754023219054954,0.01838533932912139
1,EDM Competitive Langmuir - two high-salt washes,7153f3f39ab39e3944db30e3ecafc691b277362a1f5bcba2e70b2181c5adf90d,12.24,12.239999999999998,12.239999999999998,15.370666148158096,Elution 1,1.0,9.500000000000014,9.500000000000014,20.12500000000687,14.02500000000002,24.11875000000652,3.380409832605503e-06,4.0,6.0,0.48237500000013067,27.68124999997694,0.48237500000013067,0.2805000000000004,0.48237500000013067,0.48237500000013067,0.015370666148158095,0.015370666148158095,15.370666148158096,0.018069943899904493
1,EDM Competitive Langmuir - two high-salt washes,7153f3f39ab39e3944db30e3ecafc691b277362a1f5bcba2e70b2181c5adf90d,12.252142857142855,12.252142857142857,12.252142857142857,9.266097298984464,Elution 1,1.0,9.348214285714278,9.348214285714278,19.973214285721347,13.880803571428572,23.974553571435273,1.4764375371296865e-06,4.0,6.0,0.4794910714287057,27.537053571407984,0.4794910714287057,0.2776160714285716,0.4794910714287057,0.4794910714287057,0.009266097298984465,0.009266097298984465,9.266097298984464,0.017759958992353154
1,EDM Competitive Langmuir - two high-salt washes,7153f3f39ab39e3944db30e3ecafc691b277362a1f5bcba2e70b2181c5adf90d,12.264285714285712,12.264285714285712,12.264285714285712,5.419943619933791,Elution 1,1.0,9.196428571428598,9.196428571428598,19.82142857143576,13.736607142857167,23.830357142863967,6.346631561949662e-07,4.0,6.0,0.47660714285727956,27.392857142839134,0.47660714285727956,0.2747321428571434,0.47660714285727956,0.47660714285727956,0.005419943619933792,0.005419943619933792,5.419943619933791,0.017455291790459328
1,EDM Competitive Langmuir - two high-salt washes,7153f3f39ab39e3944db30e3ecafc691b277362a1f5bcba2e70b2181c5adf90d,12.276428571428571,12.276428571428571,12.276428571428571,3.074627154629907,Elution 1,1.0,9.044642857142861,9.044642857142861,19.669642857150095,13.59241071428572,23.686160714292583,2.7143623813991133e-07,4.0,6.0,0.4737232142858519,27.248660714270304,0.4737232142858519,0.2718482142857144,0.4737232142858519,0.4737232142858519,0.003074627154629907,0.003074627154629907,3.074627154629907,0.017155851070447977
1,EDM Competitive Langmuir - two high-salt washes,7153f3f39ab39e3944db30e3ecafc691b277362a1f5bcba2e70b2181c5adf90d,12.288571428571428,12.288571428571428,12.288571428571428,1.6910011712740998,Elution 1,1.0,8.892857142857153,8.892857142857153,19.51785714286439,13.448214285714286,23.541964285721164,1.1957617802048297e-07,4.0,6.0,0.47083928571442357,27.10446428570159,0.47083928571442357,0.26896428571428577,0.47083928571442357,0.47083928571442357,0.0016910011712740999,0.0016910011712740999,1.6910011712740998,0.016861547173462912
1,EDM Competitive Langmuir - two high-salt washes,7153f3f39ab39e3944db30e3ecafc691b277362a1f5bcba2e70b2181c5adf90d,12.300714285714285,12.300714285714285,12.300714285714285,0.9014426680490666,Elution 1,1.0,8.74107142857143,8.74107142857143,19.36607142857863,13.304017857142867,23.39776785714969,4.938252062159052e-08,4.0,6.0,0.4679553571429941,26.96026785713292,0.4679553571429941,0.2660803571428574,0.4679553571429941,0.4679553571429941,0.0009014426680490666,0.0009014426680490666,0.9014426680490666,0.016572291978720757
1,EDM Competitive Langmuir - two high-salt washes,7153f3f39ab39e3944db30e3ecafc691b277362a1f5bcba2e70b2181c5adf90d,12.312857142857142,12.31285714285714,12.31285714285714,0.4655546148400467,Elution 1,1.0,8.58928571428575,8.58928571428575,19.21428571429281,13.159821428571462,23.253571428578166,1.6755304017949943e-08,4.0,6.0,0.4650714285715635,26.81607142856404,0.4650714285715635,0.2631964285714292,0.4650714285715635,0.4650714285715635,0.0004655546148400467,0.0004655546148400467,0.4655546148400467,0.016287998877125988
1,EDM Competitive Langmuir - two high-salt washes,7153f3f39ab39e3944db30e3ecafc691b277362a1f5bcba2e70b2181c5adf90d,12.325,12.325,12.325,0.2327540518093127,Elution 1,1.0,8.437500000000014,8.437500000000014,19.06250000000691,13.015625000000014,23.10937500000656,7.35454298748579e-09,4.0,6.0,0.4621875000001314,26.671874999994266,0.4621875000001314,0.26031250000000017,0.4621875000001314,0.4621875000001314,0.0002327540518093127,0.0002327540518093127,0.2327540518093127,0.01600858274533815
1,EDM Competitive Langmuir - two high-salt washes,7153f3f39ab39e3944db30e3ecafc691b277362a1f5bcba2e70b2181c5adf90d,12.337142857142856,12.337142857142856,12.337142857142856,0.11281499398901529,Elution 1,1.0,8.285714285714292,8.285714285714292,18.910714285721077,12.87142857142858,22.965178571435022,3.5185522406219005e-09,4.0,6.0,0.4593035714287006,26.527678571424,0.4593035714287006,0.2574285714285718,0.4593035714287006,0.4593035714287006,0.00011281499398901529,0.00011281499398901529,0.11281499398901529,0.015733959920284563
1,EDM Competitive Langmuir - two high-salt washes,7153f3f39ab39e3944db30e3ecafc691b277362a1f5bcba2e70b2181c5adf90d,12.349285714285713,12.349285714285713,12.349285714285713,0.05320601876165453,Elution 1,1.0,8.133928571428584,8.133928571428584,18.75892857143554,12.727232142857162,22.820982142863762,1.2294221613415376e-09,4.0,6.0,0.45641964285727543,26.383482142853673,0.45641964285727543,0.2545446428571432,0.45641964285727543,0.45641964285727543,5.3206018761654534e-05,5.3206018761654534e-05,0.05320601876165453,0.01546404817410964
1,EDM Competitive Langmuir - two high-salt washes,7153f3f39ab39e3944db30e3ecafc691b277362a1f5bcba2e70b2181c5adf90d,12.36142857142857,12.36142857142857,12.36142857142857,0.0244996137138361,Elution 1,1.0,7.982142857142875,7.982142857142875,18.607142857149977,12.583035714285728,22.67678571429248,5.007212725141365e-10,4.0,6.0,0.4535357142858497,26.23928571428328,0.4535357142858497,0.25166071428571457,0.4535357142858497,0.4535357142858497,2.4499613713836102e-05,2.4499613713836102e-05,0.0244996137138361,0.01519876668955299
1,EDM Competitive Langmuir - two high-salt washes,7153f3f39ab39e3944db30e3ecafc691b277362a1f5bcba2e70b2181c5adf90d,12.373571428571429,12.373571428571427,12.373571428571427,0.011052181638117312,Elution 1,1.0,7.830357142857153,7.830357142857153,18.455357142864365,12.438839285714295,22.532589285721144,1.8167616848621082e-10,4.0,6.0,0.4506517857144231,26.09508928571285,0.4506517857144231,0.24877678571428619,0.4506517857144231,0.4506517857144231,1.1052181638117313e-05,1.1052181638117313e-05,0.011052181638117312,0.014938036035752621
1,EDM Competitive Langmuir - two high-salt washes,7153f3f39ab39e3944db30e3ecafc691b277362a1f5bcba2e70b2181c5adf90d,12.385714285714284,12.385714285714286,12.385714285714286,0.004900758874462848,Elution 1,1.0,7.678571428571416,7.678571428571416,18.303571428578753,12.294642857142847,22.38839285714981,6.292408712477481e-11,4.0,6.0,0.4477678571429964,25.95089285714234,0.4477678571429964,0.24589285714285714,0.4477678571429964,0.4477678571429964,4.900758874462849e-06,4.900758874462849e-06,0.004900758874462848,0.01468177814446118
1,EDM Competitive Langmuir - two high-salt washes,7153f3f39ab39e3944db30e3ecafc691b277362a1f5bcba2e70b2181c5adf90d,12.397857142857141,12.397857142857141,12.397857142857141,0.0021484277590625407,Elution 1,1.0,7.526785714285737,7.526785714285737,18.151785714293112,12.150446428571442,22.24419642857845,2.2935686397477388e-11,4.0,6.0,0.4448839285715692,25.80669642857181,0.4448839285715692,0.24300892857142897,0.4448839285715692,0.4448839285715692,2.1484277590625407e-06,2.1484277590625407e-06,0.0021484277590625407,0.014429916286670487
1,EDM Competitive Langmuir - two high-salt washes,7153f3f39ab39e3944db30e3ecafc691b277362a1f5bcba2e70b2181c5adf90d,12.409999999999998,12.409999999999998,12.409999999999998,0.0009317599965249255,Elution 1,1.0,7.375000000000014,7.375000000000014,18.000000000007446,12.006250000000023,22.10000000000707,9.45724518671416e-12,4.0,6.0,0.4420000000001416,25.662500000001202,0.4420000000001416,0.24012500000000037,0.4420000000001416,0.4420000000001416,9.317599965249255e-07,9.317599965249255e-07,0.0009317599965249255,0.014182375049637387
1,EDM Competitive Langmuir - two high-salt washes,7153f3f39ab39e3944db30e3ecafc691b277362a1f5bcba2e70b2181c5adf90d,12.422142857142857,12.422142857142857,12.422142857142857,0.0003996339739240358,Elution 1,1.0,7.223214285714292,7.223214285714292,17.84821428572173,11.862053571428575,21.95580357143564,4.310748977326256e-12,4.0,6.0,0.439116071428713,25.51830357143054,0.439116071428713,0.23724107142857154,0.439116071428713,0.439116071428713,3.996339739240358e-07,3.996339739240358e-07,0.0003996339739240358,0.013939080314303484
1,EDM Competitive Langmuir - two high-salt washes,7153f3f39ab39e3944db30e3ecafc691b277362a1f5bcba2e70b2181c5adf90d,12.434285714285714,12.434285714285714,12.434285714285714,0.00017317384629793087,Elution 1,1.0,7.071428571428569,7.071428571428569,17.696428571436012,11.717857142857142,21.81160714286421,1.8965167440624877e-12,4.0,6.0,0.4362321428572844,25.37410714285982,0.4362321428572844,0.23435714285714293,0.4362321428572844,0.4362321428572844,1.7317384629793088e-07,1.7317384629793088e-07,0.00017317384629793087,0.013699959233102547
1,EDM Competitive Langmuir - two high-salt washes,7153f3f39ab39e3944db30e3ecafc691b277362a1f5bcba2e70b2181c5adf90d,12.446428571428571,12.44642857142857,12.44642857142857,7.41567526447405e-05,Elution 1,1.0,6.91964285714289,6.91964285714289,17.544642857150272,11.573660714285737,21.667410714292753,8.327834890476562e-13,4.0,6.0,0.43334821428585524,25.229910714289062,0.43334821428585524,0.23147321428571477,0.43334821428585524,0.43334821428585524,7.415675264474051e-08,7.415675264474051e-08,7.41567526447405e-05,0.01346494020814813
1,EDM Competitive Langmuir - two high-salt washes,7153f3f39ab39e3944db30e3ecafc691b277362a1f5bcba2e70b2181c5adf90d,12.458571428571428,12.458571428571428,12.458571428571428,2.8270792230997034e-05,Elution 1,1.0,6.767857142857153,6.767857142857153,17.39285714286448,11.429464285714289,21.523214285721252,3.537472889111629e-13,4.0,6.0,0.4304642857144252,25.085714285718222,0.4304642857144252,0.22858928571428594,0.4304642857144252,0.4304642857144252,2.8270792230997034e-08,2.8270792230997034e-08,2.8270792230997034e-05,0.013233952869795831
1,EDM Competitive Langmuir - two high-salt washes,7153f3f39ab39e3944db30e3ecafc691b277362a1f5bcba2e70b2181c5adf90d,12.470714285714285,12.470714285714285,12.470714285714285,1.0672458645296343e-05,Elution 1,1.0,6.616071428571431,6.616071428571431,17.24107142857868,11.28526785714287,21.379017857149748,1.5131558447004714e-13,4.0,6.0,0.42758035714299514,24.941517857147343,0.42758035714299514,0.22570535714285733,0.42758035714299514,0.42758035714299514,1.0672458645296343e-08,1.0672458645296343e-08,1.0672458645296343e-05,0.01300692805557318
1,EDM Competitive Langmuir - two high-salt washes,7153f3f39ab39e3944db30e3ecafc691b277362a1f5bcba2e70b2181c5adf90d,12.482857142857142,12.482857142857142,12.482857142857142,4.872431327750398e-06,Elution 1,1.0,6.464285714285722,6.464285714285722,17.089285714292863,11.141071428571436,21.23482142857822,6.222398379250853e-14,4.0,6.0,0.42469642857156453,24.797321428576403,0.42469642857156453,0.22282142857142873,0.42469642857156453,0.42469642857156453,4.872431327750398e-09,4.872431327750398e-09,4.872431327750398e-06,0.012783797789470757
1,EDM Competitive Langmuir - two high-salt washes,7153f3f39ab39e3944db30e3ecafc691b277362a1f5bcba2e70b2181c5adf90d,12.495,12.495,12.495,2.037350424616999e-06,Elution 1,1.0,6.312500000000014,6.312500000000014,16.937500000007017,10.996875000000003,21.090625000006664,2.5829268346193995e-14,4.0,6.0,0.4218125000001335,24.6531250000054,0.4218125000001335,0.21993750000000034,0.4218125000001335,0.4218125000001335,2.037350424616999e-09,2.037350424616999e-09,2.037350424616999e-06,0.012564495261588902
1,EDM Competitive Langmuir - two high-salt washes,7153f3f39ab39e3944db30e3ecafc691b277362a1f5bcba2e70b2181c5adf90d,12.507142857142858,12.507142857142856,12.507142857142856,7.579098215120553e-07,Elution 1,1.0,6.160714285714292,6.160714285714292,16.785714285721124,10.852678571428584,20.946428571435064,1.0378542021691013e-14,4.0,6.0,0.41892857142870144,24.508928571434353,0.41892857142870144,0.21705357142857173,0.41892857142870144,0.41892857142870144,7.579098215120553e-10,7.579098215120553e-10,7.579098215120553e-07,0.012348954808133318
1,EDM Competitive Langmuir - two high-salt washes,7153f3f39ab39e3944db30e3ecafc691b277362a1f5bcba2e70b2181c5adf90d,12.519285714285713,12.519285714285715,12.519285714285715,2.942803228489669e-07,Elution 1,1.0,6.008928571428555,6.008928571428555,16.633928571435227,10.708482142857136,20.802232142863463,4.176521495690509e-15,4.0,6.0,0.41604464285726944,24.364732142863232,0.41604464285726944,0.21416964285714268,0.41604464285726944,0.41604464285726944,2.942803228489669e-10,2.942803228489669e-10,2.942803228489669e-07,0.012137111891754128
1,EDM Competitive Langmuir - two high-salt washes,7153f3f39ab39e3944db30e3ecafc691b277362a1f5bcba2e70b2181c5adf90d,12.53142857142857,12.53142857142857,12.53142857142857,1.0483658642882432e-07,Elution 1,1.0,5.857142857142875,5.857142857142875,16.482142857149302,10.564285714285731,20.658035714291834,1.641817933631831e-15,4.0,6.0,0.4131607142858369,24.22053571429209,0.4131607142858369,0.21128571428571474,0.4131607142858369,0.4131607142858369,1.0483658642882433e-10,1.0483658642882433e-10,1.0483658642882432e-07,0.011928903082221779
1,EDM Competitive Langmuir - two high-salt washes,7153f3f39ab39e3944db30e3ecafc691b277362a1f5bcba2e70b2181c5adf90d,12.543571428571427,12.543571428571427,12.543571428571427,3.704923959534982e-08,Elution 1,1.0,5.705357142857153,5.705357142857153,16.330357142863352,10.420089285714297,20.513839285720184,6.564363638771055e-16,4.0,6.0,0.41027678571440385,24.07633928572087,0.41027678571440385,0.20840178571428614,0.41027678571440385,0.41027678571440385,3.704923959534982e-11,3.704923959534982e-11,3.704923959534982e-08,0.011724266037434873
1,EDM Competitive Langmuir - two high-salt washes,7153f3f39ab39e3944db30e3ecafc691b277362a1f5bcba2e70b2181c5adf90d,12.555714285714286,12.555714285714286,12.555714285714286,1.4214342084628852e-08,Elution 1,1.0,5.553571428571431,5.553571428571431,16.178571428577357,10.27589285714285,20.369642857148484,2.5669965343409535e-16,4.0,6.0,0.4073928571429699,23.932142857149593,0.4073928571429699,0.20551785714285709,0.4073928571429699,0.4073928571429699,1.4214342084628853e-11,1.4214342084628853e-11,1.4214342084628852e-08,0.011523139484753548
1,EDM Competitive Langmuir - two high-salt washes,7153f3f39ab39e3944db30e3ecafc691b277362a1f5bcba2e70b2181c5adf90d,12.567857142857143,12.567857142857143,12.567857142857143,6.127159404168868e-09,Elution 1,1.0,5.401785714285708,5.401785714285708,16.026785714291357,10.13169642857143,20.225446428576785,9.872987919681421e-17,4.0,6.0,0.4045089285715359,23.787946428578255,0.4045089285715359,0.2026339285714287,0.4045089285715359,0.4045089285715359,6.127159404168868e-12,6.127159404168868e-12,6.127159404168868e-09,0.011325463202653277
1,EDM Competitive Langmuir - two high-salt washes,7153f3f39ab39e3944db30e3ecafc691b277362a1f5bcba2e70b2181c5adf90d,12.58,12.579999999999998,12.579999999999998,2.7485987087442125e-09,Elution 1,1.0,5.250000000000028,5.250000000000028,15.87500000000533,9.987500000000026,20.081250000005063,3.7506702094596197e-17,4.0,6.0,0.40162500000010143,23.643750000006897,0.40162500000010143,0.19975000000000054,0.40162500000010143,0.40162500000010143,2.7485987087442126e-12,2.7485987087442126e-12,2.7485987087442125e-09,0.011131178002693106
1,EDM Competitive Langmuir - two high-salt washes,7153f3f39ab39e3944db30e3ecafc691b277362a1f5bcba2e70b2181c5adf90d,12.592142857142855,12.592142857142857,12.592142857142857,1.2082187555233968e-09,Elution 1,1.0,5.098214285714292,5.098214285714292,15.72321428571928,9.843303571428578,19.937053571433314,1.4123399295823818e-17,4.0,6.0,0.39874107142866644,23.49955357143544,0.39874107142866644,0.1968660714285715,0.39874107142866644,0.39874107142866644,1.2082187555233967e-12,1.2082187555233967e-12,1.2082187555233968e-09,0.010940225711793499
1,EDM Competitive Langmuir - two high-salt washes,7153f3f39ab39e3944db30e3ecafc691b277362a1f5bcba2e70b2181c5adf90d,12.604285714285714,12.604285714285714,12.604285714285714,5.228188889593205e-10,Elution 1,1.0,4.946428571428569,4.946428571428569,15.571428571433179,9.699107142857144,19.792857142861518,5.288912059181862e-18,4.0,6.0,0.3958571428572305,23.355357142863948,0.3958571428572305,0.19398214285714288,0.3958571428572305,0.3958571428572305,5.228188889593205e-13,5.228188889593205e-13,5.228188889593205e-10,0.010752549154818034
1,EDM Competitive Langmuir - two high-salt washes,7153f3f39ab39e3944db30e3ecafc691b277362a1f5bcba2e70b2181c5adf90d,12.616428571428571,12.616428571428571,12.616428571428571,2.2276206839044442e-10,Elution 1,1.0,4.794642857142861,4.794642857142861,15.419642857147075,9.554910714285711,19.64866071428972,1.9760743014314874e-18,4.0,6.0,0.39297321428579457,23.21116071429239,0.39297321428579457,0.1910982142857145,0.39297321428579457,0.39297321428579457,2.227620683904444e-13,2.227620683904444e-13,2.2276206839044442e-10,0.010568092137454098
1,EDM Competitive Langmuir - two high-salt washes,7153f3f39ab39e3944db30e3ecafc691b277362a1f5bcba2e70b2181c5adf90d,12.628571428571428,12.628571428571428,12.628571428571428,9.366807814928841e-11,Elution 1,1.0,4.642857142857153,4.642857142857153,15.267857142860947,9.410714285714292,19.504464285717898,7.390608674378212e-19,4.0,6.0,0.39008928571435814,23.066964285720818,0.39008928571435814,0.1882142857142859,0.39008928571435814,0.39008928571435814,9.36680781492884e-14,9.36680781492884e-14,9.366807814928841e-11,0.01038679942938692
1,EDM Competitive Langmuir - two high-salt washes,7153f3f39ab39e3944db30e3ecafc691b277362a1f5bcba2e70b2181c5adf90d,12.640714285714285,12.640714285714285,12.640714285714285,3.867446203312916e-11,Elution 1,1.0,4.491071428571431,4.491071428571431,15.116071428574793,9.266517857142858,19.360267857146052,2.776059986142861e-19,4.0,6.0,0.3872053571429212,22.922767857149363,0.3872053571429212,0.18533035714285728,0.3872053571429212,0.3872053571429212,3.8674462033129166e-14,3.8674462033129166e-14,3.867446203312916e-11,0.010208616747762599
1,EDM Competitive Langmuir - two high-salt washes,7153f3f39ab39e3944db30e3ecafc691b277362a1f5bcba2e70b2181c5adf90d,12.652857142857142,12.652857142857144,12.652857142857144,1.5831739547984186e-11,Elution 1,1.0,4.339285714285694,4.339285714285694,14.96428571428859,9.12232142857141,19.216071428574157,1.050571922239224e-19,4.0,6.0,0.3843214285714833,22.778571428578076,0.3843214285714833,0.18244642857142845,0.3843214285714833,0.3843214285714833,1.5831739547984187e-14,1.5831739547984187e-14,1.5831739547984186e-11,0.010033490740934597
1,EDM Competitive Langmuir - two high-salt washes,7153f3f39ab39e3944db30e3ecafc691b277362a1f5bcba2e70b2181c5adf90d,12.665,12.665,12.665,6.365469916632557e-12,Elution 1,1.0,4.187500000000014,4.187500000000014,14.812500000002712,8.978125000000006,19.071875000002574,4.017009934742866e-20,4.0,6.0,0.38143750000005167,22.6343750000068,0.38143750000005167,0.1795625000000003,0.38143750000005167,0.38143750000005167,6.365469916632557e-15,6.365469916632557e-15,6.365469916632557e-12,0.00986136897248963
1,EDM Competitive Langmuir - two high-salt washes,7153f3f39ab39e3944db30e3ecafc691b277362a1f5bcba2e70b2181c5adf90d,12.677142857142856,12.677142857142856,12.677142857142856,2.536419190829186e-12,Elution 1,1.0,4.035714285714292,4.035714285714292,14.660714285716875,8.833928571428586,18.927678571431027,1.555398915848428e-20,4.0,6.0,0.3785535714286207,22.490178571435468,0.3785535714286207,0.17667857142857168,0.3785535714286207,0.3785535714286207,2.536419190829186e-15,2.536419190829186e-15,2.536419190829186e-12,0.009692199905545857
1,EDM Competitive Langmuir - two high-salt washes,7153f3f39ab39e3944db30e3ecafc691b277362a1f5bcba2e70b2181c5adf90d,12.689285714285713,12.689285714285713,12.689285714285713,1.0042180943787904e-12,Elution 1,1.0,3.8839285714285836,3.8839285714285836,14.508928571431039,8.689732142857153,18.783482142859484,6.107721322969606e-21,4.0,6.0,0.37566964285718984,22.345982142864138,0.37566964285718984,0.1737946428571433,0.37566964285718984,0.37566964285718984,1.0042180943787903e-15,1.0042180943787903e-15,1.0042180943787904e-12,0.009525932887322754
1,EDM Competitive Langmuir - two high-salt washes,7153f3f39ab39e3944db30e3ecafc691b277362a1f5bcba2e70b2181c5adf90d,12.701428571428572,12.701428571428572,12.701428571428572,3.977831982963205e-13,Elution 1,1.0,3.732142857142847,3.732142857142847,14.35714285714518,8.545535714285705,18.63928571428792,2.4336195039355e-21,4.0,6.0,0.3727857142857586,22.201785714292736,0.3727857142857586,0.17091071428571425,0.3727857142857586,0.3727857142857586,3.9778319829632047e-16,3.9778319829632047e-16,3.977831982963205e-13,0.009362518133974302
1,EDM Competitive Langmuir - two high-salt washes,7153f3f39ab39e3944db30e3ecafc691b277362a1f5bcba2e70b2181c5adf90d,12.713571428571429,12.713571428571427,12.713571428571427,1.5448391716293927e-13,Elution 1,1.0,3.580357142857167,3.580357142857167,14.205357142859345,8.4013392857143,18.495089285716375,9.835700965237999e-22,4.0,6.0,0.3699017857143277,22.057589285721367,0.3699017857143277,0.1680267857142861,0.3699017857143277,0.3699017857143277,1.5448391716293927e-16,1.5448391716293927e-16,1.5448391716293927e-13,0.00920190671568268
1,EDM Competitive Langmuir - two high-salt washes,7153f3f39ab39e3944db30e3ecafc691b277362a1f5bcba2e70b2181c5adf90d,12.725714285714284,12.725714285714286,12.725714285714286,5.911488224831546e-14,Elution 1,1.0,3.4285714285714306,3.4285714285714306,14.053571428573514,8.257142857142853,18.350892857144835,4.0276324122994156e-22,4.0,6.0,0.3670178571428969,21.913392857149933,0.3670178571428969,0.16514285714285726,0.3670178571428969,0.3670178571428969,5.911488224831545e-17,5.911488224831545e-17,5.911488224831546e-14,0.009044050542007584
1,EDM Competitive Langmuir - two high-salt washes,7153f3f39ab39e3944db30e3ecafc691b277362a1f5bcba2e70b2181c5adf90d,12.737857142857141,12.737857142857141,12.737857142857141,2.2376329695393156e-14,Elution 1,1.0,3.2767857142857366,3.2767857142857366,13.901785714287684,8.112946428571448,18.206696428573295,1.6682922618899838e-22,4.0,6.0,0.3641339285714661,21.769196428578507,0.3641339285714661,0.1622589285714291,0.3641339285714661,0.3641339285714661,2.2376329695393155e-17,2.2376329695393155e-17,2.2376329695393156e-14,0.008888902347486937
1,EDM Competitive Langmuir - two high-salt washes,7153f3f39ab39e3944db30e3ecafc691b277362a1f5bcba2e70b2181c5adf90d,12.75,12.75,12.75,8.406966377996821e-15,Elution 1,1.0,3.125,3.125,13.75000000000183,7.96875,18.062500000001734,6.976640416763242e-23,4.0,6.0,0.3612500000000349,21.625000000007006,0.3612500000000349,0.15937500000000004,0.3612500000000349,0.3612500000000349,8.406966377996822e-18,8.406966377996822e-18,8.406966377996821e-15,0.008736415677484653
1,EDM Competitive Langmuir - two high-salt washes,7153f3f39ab39e3944db30e3ecafc691b277362a1f5bcba2e70b2181c5adf90d,12.762142857142857,12.762142857142857,12.762142857142857,3.145311157108147e-15,Elution 1,1.0,2.973214285714292,2.973214285714292,13.598214285716,7.824553571428567,17.918303571430197,2.9399220510979494e-23,4.0,6.0,0.35836607142860416,21.48080357143552,0.35836607142860416,0.15649107142857144,0.35836607142860416,0.35836607142860416,3.145311157108147e-18,3.145311157108147e-18,3.145311157108147e-15,0.008586544874281177
1,EDM Competitive Langmuir - two high-salt washes,7153f3f39ab39e3944db30e3ecafc691b277362a1f5bcba2e70b2181c5adf90d,12.774285714285714,12.774285714285714,12.774285714285714,1.1756538441414894e-15,Elution 1,1.0,2.8214285714285694,2.8214285714285694,13.446428571430173,7.680357142857147,17.774107142858664,1.2461383919695835e-23,4.0,6.0,0.35548214285717344,21.336607142864008,0.35548214285717344,0.15360714285714305,0.35548214285717344,0.35548214285717344,1.1756538441414893e-18,1.1756538441414893e-18,1.1756538441414894e-15,0.00843924506340247
1,EDM Competitive Langmuir - two high-salt washes,7153f3f39ab39e3944db30e3ecafc691b277362a1f5bcba2e70b2181c5adf90d,12.78642857142857,12.78642857142857,12.78642857142857,4.40472422905021e-16,Elution 1,1.0,2.6696428571428896,2.6696428571428896,13.294642857144348,7.536160714285742,17.629910714287128,5.304788211481789e-24,4.0,6.0,0.3525982142857428,21.192410714292492,0.3525982142857428,0.1507232142857149,0.3525982142857428,0.3525982142857428,4.40472422905021e-19,4.40472422905021e-19,4.40472422905021e-16,0.008294472140183775
1,EDM Competitive Langmuir - two high-salt washes,7153f3f39ab39e3944db30e3ecafc691b277362a1f5bcba2e70b2181c5adf90d,12.798571428571428,12.798571428571428,12.798571428571428,1.6595677094995242e-16,Elution 1,1.0,2.517857142857153,2.517857142857153,13.1428571428585,7.391964285714295,17.485714285715574,2.265126483900034e-24,4.0,6.0,0.3497142857143116,21.048214285720903,0.3497142857143116,0.14783928571428584,0.3497142857143116,0.3497142857143116,1.6595677094995242e-19,1.6595677094995242e-19,1.6595677094995242e-16,0.00815218275656366
1,EDM Competitive Langmuir - two high-salt washes,7153f3f39ab39e3944db30e3ecafc691b277362a1f5bcba2e70b2181c5adf90d,12.810714285714285,12.810714285714285,12.810714285714285,6.307142624501915e-17,Elution 1,1.0,2.3660714285714306,2.3660714285714306,12.991071428572676,7.247767857142861,17.34151785714404,9.6919272336393e-25,4.0,6.0,0.346830357142881,20.90401785714931,0.346830357142881,0.14495535714285745,0.346830357142881,0.346830357142881,6.307142624501915e-20,6.307142624501915e-20,6.307142624501915e-17,0.008012334308104822
1,EDM Competitive Langmuir - two high-salt washes,7153f3f39ab39e3944db30e3ecafc691b277362a1f5bcba2e70b2181c5adf90d,12.822857142857142,12.822857142857142,12.822857142857142,2.4242028048700368e-17,Elution 1,1.0,2.2142857142857224,2.2142857142857224,12.839285714286854,7.103571428571442,17.197321428572508,4.1523976405568155e-25,4.0,6.0,0.3439464285714504,20.75982142857771,0.3439464285714504,0.14207142857142885,0.3439464285714504,0.3439464285714504,2.4242028048700367e-20,2.4242028048700367e-20,2.4242028048700368e-17,0.007874884921237262
1,EDM Competitive Langmuir - two high-salt washes,7153f3f39ab39e3944db30e3ecafc691b277362a1f5bcba2e70b2181c5adf90d,12.834999999999999,12.834999999999997,12.834999999999997,9.441698206093977e-18,Elution 1,1.0,2.0625000000000284,2.0625000000000284,12.687500000001034,6.959375000000037,17.053125000000982,1.7804387211687169e-25,4.0,6.0,0.3410625000000198,20.61562500000608,0.3410625000000198,0.13918750000000069,0.3410625000000198,0.3410625000000198,9.441698206093977e-21,9.441698206093977e-21,9.441698206093977e-18,0.007739793440720557
1,EDM Competitive Langmuir - two high-salt washes,7153f3f39ab39e3944db30e3ecafc691b277362a1f5bcba2e70b2181c5adf90d,12.847142857142858,12.847142857142856,12.847142857142856,3.7303613224185364e-18,Elution 1,1.0,1.910714285714306,1.910714285714306,12.53571428571519,6.815178571428589,16.908928571429428,7.637220554433032e-26,4.0,6.0,0.3381785714285888,20.4714285714344,0.3381785714285888,0.13630357142857186,0.3381785714285888,0.3381785714285888,3.730361322418537e-21,3.730361322418537e-21,3.7303613224185364e-18,0.00760701941732108
1,EDM Competitive Langmuir - two high-salt washes,7153f3f39ab39e3944db30e3ecafc691b277362a1f5bcba2e70b2181c5adf90d,12.859285714285713,12.859285714285715,12.859285714285715,1.4953522403160525e-18,Elution 1,1.0,1.7589285714285694,1.7589285714285694,12.383928571429372,6.670982142857142,16.764732142857902,3.27658196535836e-26,4.0,6.0,0.33529464285715826,20.327232142862695,0.33529464285715826,0.1334196428571428,0.33529464285715826,0.33529464285715826,1.4953522403160524e-21,1.4953522403160524e-21,1.4953522403160525e-18,0.007476523095700705
1,EDM Competitive Langmuir - two high-salt washes,7153f3f39ab39e3944db30e3ecafc691b277362a1f5bcba2e70b2181c5adf90d,12.87142857142857,12.87142857142857,12.87142857142857,6.077538960396036e-19,Elution 1,1.0,1.6071428571428754,1.6071428571428754,12.232142857143556,6.526785714285737,16.620535714286376,1.405799763369657e-26,4.0,6.0,0.3324107142857277,20.183035714291005,0.3324107142857277,0.13053571428571464,0.3324107142857277,0.3324107142857277,6.077538960396036e-22,6.077538960396036e-22,6.077538960396036e-19,0.007348265402513129
1,EDM Competitive Langmuir - two high-salt washes,7153f3f39ab39e3944db30e3ecafc691b277362a1f5bcba2e70b2181c5adf90d,12.883571428571429,12.883571428571429,12.883571428571429,2.5010005502696e-19,Elution 1,1.0,1.4553571428571388,1.4553571428571388,12.080357142857716,6.382589285714289,16.47633928571483,6.03132076092804e-27,4.0,6.0,0.3295267857142968,20.038839285719245,0.3295267857142968,0.12765178571428581,0.3295267857142968,0.3295267857142968,2.5010005502696003e-22,2.5010005502696003e-22,2.5010005502696e-19,0.007222207934704533
1,EDM Competitive Langmuir - two high-salt washes,7153f3f39ab39e3944db30e3ecafc691b277362a1f5bcba2e70b2181c5adf90d,12.895714285714286,12.895714285714286,12.895714285714286,1.040238707634053e-19,Elution 1,1.0,1.3035714285714306,1.3035714285714306,11.928571428571903,6.2383928571428555,16.332142857143307,2.5874916827457375e-27,4.0,6.0,0.32664285714286634,19.894642857147495,0.32664285714286634,0.12476785714285721,0.32664285714286634,0.32664285714286634,1.040238707634053e-22,1.040238707634053e-22,1.040238707634053e-19,0.007098312948014951
1,EDM Competitive Langmuir - two high-salt washes,7153f3f39ab39e3944db30e3ecafc691b277362a1f5bcba2e70b2181c5adf90d,12.907857142857143,12.907857142857143,12.907857142857143,4.364646180156357e-20,Elution 1,1.0,1.1517857142857082,1.1517857142857082,11.77678571428609,6.094196428571422,16.187946428571784,1.1100134435102576e-27,4.0,6.0,0.3237589285714359,19.7504464285757,0.3237589285714359,0.1218839285714286,0.3237589285714359,0.3237589285714359,4.364646180156357e-23,4.364646180156357e-23,4.364646180156357e-20,0.006976543345676748
1,EDM Competitive Langmuir - two high-salt washes,7153f3f39ab39e3944db30e3ecafc691b277362a1f5bcba2e70b2181c5adf90d,12.919999999999998,12.919999999999998,12.919999999999998,1.8439443893092835e-20,Elution 1,1.0,1.0000000000000284,1.0000000000000284,11.625000000000279,5.950000000000017,16.043750000000262,4.761833276016428e-28,4.0,6.0,0.32087500000000546,19.606250000003914,0.32087500000000546,0.11900000000000044,0.32087500000000546,0.32087500000000546,1.8439443893092835e-23,1.8439443893092835e-23,1.8439443893092835e-20,0.006856862667307126
1,EDM Competitive Langmuir - two high-salt washes,7153f3f39ab39e3944db30e3ecafc691b277362a1f5bcba2e70b2181c5adf90d,12.932142857142857,12.932142857142857,12.932142857142857,7.830645520262663e-21,Elution 1,1.0,0.8482142857142918,0.8482142857142918,11.473214285714445,5.805803571428569,15.89955357142872,2.0428458083754574e-28,4.0,6.0,0.31799107142857463,19.462053571432065,0.31799107142857463,0.11611607142857161,0.31799107142857463,0.31799107142857463,7.830645520262663e-24,7.830645520262663e-24,7.830645520262663e-21,0.006739235077991094
1,EDM Competitive Langmuir - two high-salt washes,7153f3f39ab39e3944db30e3ecafc691b277362a1f5bcba2e70b2181c5adf90d,12.944285714285714,12.944285714285714,12.944285714285714,3.3379482701052545e-21,Elution 1,1.0,0.6964285714285694,0.6964285714285694,11.321428571428635,5.66160714285715,15.755357142857202,8.764624218148853e-29,4.0,6.0,0.31510714285714425,19.317857142860213,0.31510714285714425,0.113232142857143,0.31510714285714425,0.31510714285714425,3.3379482701052544e-24,3.3379482701052544e-24,3.3379482701052545e-21,0.0066236253575518
1,EDM Competitive Langmuir - two high-salt washes,7153f3f39ab39e3944db30e3ecafc691b277362a1f5bcba2e70b2181c5adf90d,12.956428571428571,12.956428571428571,12.956428571428571,1.4265811094355185e-21,Elution 1,1.0,0.5446428571428612,0.5446428571428612,11.169642857142827,5.517410714285717,15.611160714285685,3.7608701682270055e-29,4.0,6.0,0.3122232142857139,19.173660714288417,0.3122232142857139,0.1103482142857144,0.3122232142857139,0.3122232142857139,1.4265811094355185e-24,1.4265811094355185e-24,1.4265811094355185e-21,0.006509998890004769
1,EDM Competitive Langmuir - two high-salt washes,7153f3f39ab39e3944db30e3ecafc691b277362a1f5bcba2e70b2181c5adf90d,12.968571428571428,12.968571428571426,12.968571428571426,6.107525732233892e-22,Elution 1,1.0,0.3928571428571672,0.3928571428571672,11.017857142857022,5.373214285714312,15.466964285714168,1.6140635976767157e-29,4.0,6.0,0.3093392857142836,19.029464285716852,0.3093392857142836,0.10746428571428646,0.3093392857142836,0.3093392857142836,6.107525732233893e-25,6.107525732233893e-25,6.107525732233892e-22,0.006398321653193214
1,EDM Competitive Langmuir - two high-salt washes,7153f3f39ab39e3944db30e3ecafc691b277362a1f5bcba2e70b2181c5adf90d,12.980714285714287,12.980714285714285,12.980714285714285,2.617600692717274e-22,Elution 1,1.0,0.2410714285714448,0.2410714285714448,10.866071428571217,5.229017857142864,15.322767857142654,6.92864484288581e-30,4.0,6.0,0.3064553571428533,18.885267857145283,0.3064553571428533,0.1045803571428574,0.3064553571428533,0.3064553571428533,2.6176006927172737e-25,2.6176006927172737e-25,2.617600692717274e-22,0.006288560208601075
1,EDM Competitive Langmuir - two high-salt washes,7153f3f39ab39e3944db30e3ecafc691b277362a1f5bcba2e70b2181c5adf90d,12.992857142857142,12.992857142857144,12.992857142857144,1.1225632315815007e-22,Elution 1,1.0,0.0892857142857082,0.0892857142857082,10.714285714285486,5.084821428571416,15.178571428571209,2.9750013692521157e-30,4.0,6.0,0.30357142857142444,18.74107142857372,0.30357142857142444,0.10169642857142835,0.30357142857142444,0.30357142857142444,1.1225632315815007e-25,1.1225632315815007e-25,1.1225632315815007e-22,0.006180681691340867
1,EDM Competitive Langmuir - two high-salt washes,7153f3f39ab39e3944db30e3ecafc691b277362a1f5bcba2e70b2181c5adf90d,13.004999999999999,13.004999999999999,13.004999999999999,4.8156308791499084e-23,Elution 2,1.0,0.0,0.0,10.562499999999797,5.0,15.034374999999802,1.2777642213087252e-30,5.0,6.0,0.3006874999999964,18.59687500000219,0.3006874999999964,0.1,0.3006874999999964,0.3006874999999964,4.8156308791499085e-26,4.8156308791499085e-26,4.8156308791499084e-23,0.006074653800313119
1,EDM Competitive Langmuir - two high-salt washes,7153f3f39ab39e3944db30e3ecafc691b277362a1f5bcba2e70b2181c5adf90d,13.017142857142856,13.017142857142856,13.017142857142856,2.0660758346599162e-23,Elution 2,1.0,0.0,0.0,10.410714285714114,5.0,14.890178571428404,5.489718427087489e-31,5.0,6.0,0.2978035714285682,18.45267857143064,0.2978035714285682,0.1,0.2978035714285682,0.2978035714285682,2.0660758346599162e-26,2.0660758346599162e-26,2.0660758346599162e-23,0.005970444788534811
1,EDM Competitive Langmuir - two high-salt washes,7153f3f39ab39e3944db30e3ecafc691b277362a1f5bcba2e70b2181c5adf90d,13.029285714285715,13.029285714285715,13.029285714285715,8.864265539551951e-24,Elution 2,1.0,0.0,0.0,10.258928571428402,5.0,14.745982142856981,2.3593593320971075e-31,5.0,6.0,0.29491964285713984,18.308482142859088,0.29491964285713984,0.1,0.29491964285713984,0.29491964285713984,8.86426553955195e-27,8.86426553955195e-27,8.864265539551951e-24,0.005868023453633695
1,EDM Competitive Langmuir - two high-salt washes,7153f3f39ab39e3944db30e3ecafc691b277362a1f5bcba2e70b2181c5adf90d,13.041428571428572,13.041428571428572,13.041428571428572,3.8029607691630806e-24,Elution 2,1.0,0.0,0.0,10.107142857142712,5.0,14.601785714285574,1.0143541988009415e-31,5.0,6.0,0.2920357142857116,18.16428571428753,0.2920357142857116,0.1,0.2920357142857116,0.2920357142857116,3.80296076916308e-27,3.80296076916308e-27,3.8029607691630806e-24,0.005767359128505637
1,EDM Competitive Langmuir - two high-salt washes,7153f3f39ab39e3944db30e3ecafc691b277362a1f5bcba2e70b2181c5adf90d,13.053571428571427,13.053571428571427,13.053571428571427,1.6314763514759625e-24,Elution 2,1.0,0.0,0.0,9.95535714285702,5.0,14.457589285714166,4.3625633228467714e-32,5.0,6.0,0.28915178571428346,18.020089285716015,0.28915178571428346,0.1,0.28915178571428346,0.28915178571428346,1.6314763514759626e-27,1.6314763514759626e-27,1.6314763514759625e-24,0.0056684216721322065
1,EDM Competitive Langmuir - two high-salt washes,7153f3f39ab39e3944db30e3ecafc691b277362a1f5bcba2e70b2181c5adf90d,13.065714285714284,13.065714285714284,13.065714285714284,6.998880743929623e-25,Elution 2,1.0,0.0,0.0,9.803571428571324,5.0,14.31339285714275,1.8769552336012104e-32,5.0,6.0,0.28626785714285524,17.87589285714448,0.28626785714285524,0.1,0.28626785714285524,0.28626785714285524,6.998880743929622e-28,6.998880743929622e-28,6.998880743929623e-25,0.005571181460555836
1,EDM Competitive Langmuir - two high-salt washes,7153f3f39ab39e3944db30e3ecafc691b277362a1f5bcba2e70b2181c5adf90d,13.077857142857143,13.077857142857143,13.077857142857143,3.002488444013354e-25,Elution 2,1.0,0.0,0.0,9.651785714285607,5.0,14.169196428571324,8.078454906878338e-33,5.0,6.0,0.2833839285714265,17.731696428572917,0.2833839285714265,0.1,0.2833839285714265,0.2833839285714265,3.0024884440133537e-28,3.0024884440133537e-28,3.002488444013354e-25,0.005475609378009775
1,EDM Competitive Langmuir - two high-salt washes,7153f3f39ab39e3944db30e3ecafc691b277362a1f5bcba2e70b2181c5adf90d,13.09,13.09,13.09,1.2881271464833426e-25,Elution 2,1.0,0.0,0.0,9.49999999999991,5.0,14.02499999999991,3.4782914600924674e-33,5.0,6.0,0.2804999999999985,17.587500000001366,0.2804999999999985,0.1,0.2804999999999985,0.2804999999999985,1.2881271464833426e-28,1.2881271464833426e-28,1.2881271464833426e-25,0.005381676808200284
1,EDM Competitive Langmuir - two high-salt washes,7153f3f39ab39e3944db30e3ecafc691b277362a1f5bcba2e70b2181c5adf90d,13.102142857142857,13.102142857142857,13.102142857142857,5.526901009375978e-26,Elution 2,1.0,0.0,0.0,9.34821428571421,5.0,13.880803571428494,1.4981905653803624e-33,5.0,6.0,0.27761607142857003,17.443303571429833,0.27761607142857003,0.1,0.27761607142857003,0.27761607142857003,5.526901009375978e-29,5.526901009375978e-29,5.526901009375978e-26,0.005289355625738176
1,EDM Competitive Langmuir - two high-salt washes,7153f3f39ab39e3944db30e3ecafc691b277362a1f5bcba2e70b2181c5adf90d,13.114285714285712,13.114285714285712,13.114285714285712,2.371760034341672e-26,Elution 2,1.0,0.0,0.0,9.196428571428514,5.0,13.73660714285708,6.455516301516213e-34,5.0,6.0,0.27473214285714187,17.299107142858322,0.27473214285714187,0.1,0.27473214285714187,0.27473214285714187,2.3717600343416718e-29,2.3717600343416718e-29,2.371760034341672e-26,0.005198618187717626
1,EDM Competitive Langmuir - two high-salt washes,7153f3f39ab39e3944db30e3ecafc691b277362a1f5bcba2e70b2181c5adf90d,13.126428571428571,13.126428571428571,13.126428571428571,1.0179935831314202e-26,Elution 2,1.0,0.0,0.0,9.044642857142788,5.0,13.59241071428564,2.7826371427762907e-34,5.0,6.0,0.271848214285713,17.154910714286764,0.271848214285713,0.1,0.271848214285713,0.271848214285713,1.0179935831314203e-29,1.0179935831314203e-29,1.0179935831314202e-26,0.005109437325439185
1,EDM Competitive Langmuir - two high-salt washes,7153f3f39ab39e3944db30e3ecafc691b277362a1f5bcba2e70b2181c5adf90d,13.138571428571428,13.138571428571428,13.138571428571428,4.3704049481820966e-27,Elution 2,1.0,0.0,0.0,8.892857142857089,5.0,13.448214285714224,1.19989219317532e-34,5.0,6.0,0.2689642857142847,17.01071428571522,0.2689642857142847,0.1,0.2689642857142847,0.2689642857142847,4.370404948182097e-30,4.370404948182097e-30,4.3704049481820966e-27,0.0050217863362750316
1,EDM Competitive Langmuir - two high-salt washes,7153f3f39ab39e3944db30e3ecafc691b277362a1f5bcba2e70b2181c5adf90d,13.150714285714285,13.150714285714285,13.150714285714285,1.876789097053568e-27,Elution 2,1.0,0.0,0.0,8.74107142857139,5.0,13.304017857142806,5.175901118125361e-35,5.0,6.0,0.2660803571428564,16.866517857143695,0.2660803571428564,0.1,0.2660803571428564,0.2660803571428564,1.8767890970535682e-30,1.8767890970535682e-30,1.876789097053568e-27,0.004935638975673496
1,EDM Competitive Langmuir - two high-salt washes,7153f3f39ab39e3944db30e3ecafc691b277362a1f5bcba2e70b2181c5adf90d,13.162857142857142,13.162857142857142,13.162857142857142,8.061926822146354e-28,Elution 2,1.0,0.0,0.0,8.589285714285685,5.0,13.15982142857139,2.2334981202798467e-35,5.0,6.0,0.26319642857142805,16.72232142857218,0.26319642857142805,0.1,0.26319642857142805,0.26319642857142805,8.061926822146354e-31,8.061926822146354e-31,8.061926822146354e-28,0.004850969449300988
1,EDM Competitive Langmuir - two high-salt washes,7153f3f39ab39e3944db30e3ecafc691b277362a1f5bcba2e70b2181c5adf90d,13.175,13.175,13.175,3.464191953858311e-28,Elution 2,1.0,0.0,0.0,8.437499999999957,5.0,13.015624999999952,9.641368677391661e-36,5.0,6.0,0.2603124999999994,16.578125000000618,0.2603124999999994,0.1,0.2603124999999994,0.2603124999999994,3.464191953858311e-31,3.464191953858311e-31,3.464191953858311e-28,0.0047677524053185896
1,EDM Competitive Langmuir - two high-salt washes,7153f3f39ab39e3944db30e3ecafc691b277362a1f5bcba2e70b2181c5adf90d,13.187142857142856,13.187142857142856,13.187142857142856,1.4890618929056908e-28,Elution 2,1.0,0.0,0.0,8.285714285714251,5.0,12.871428571428535,4.1633482889612344e-36,5.0,6.0,0.25742857142857095,16.433928571429114,0.25742857142857095,0.1,0.25742857142857095,0.25742857142857095,1.4890618929056907e-31,1.4890618929056907e-31,1.4890618929056908e-28,0.004685962926791214
1,EDM Competitive Langmuir - two high-salt washes,7153f3f39ab39e3944db30e3ecafc691b277362a1f5bcba2e70b2181c5adf90d,13.199285714285713,13.199285714285713,13.199285714285713,6.402908734081044e-29,Elution 2,1.0,0.0,0.0,8.133928571428543,5.0,12.727232142857114,1.798436668171188e-36,5.0,6.0,0.25454464285714246,16.28973214285759,0.25454464285714246,0.1,0.25454464285714246,0.25454464285714246,6.402908734081044e-32,6.402908734081044e-32,6.402908734081044e-29,0.0046055765242269085
1,EDM Competitive Langmuir - two high-salt washes,7153f3f39ab39e3944db30e3ecafc691b277362a1f5bcba2e70b2181c5adf90d,13.21142857142857,13.21142857142857,13.21142857142857,2.754228676864392e-29,Elution 2,1.0,0.0,0.0,7.982142857142839,5.0,12.583035714285693,7.771292558243766e-37,5.0,6.0,0.2516607142857141,16.145535714286062,0.2516607142857141,0.1,0.2516607142857141,0.2516607142857141,2.754228676864392e-32,2.754228676864392e-32,2.754228676864392e-29,0.004526569128244219
1,EDM Competitive Langmuir - two high-salt washes,7153f3f39ab39e3944db30e3ecafc691b277362a1f5bcba2e70b2181c5adf90d,13.223571428571429,13.223571428571429,13.223571428571429,1.1851783411278123e-29,Elution 2,1.0,0.0,0.0,7.8303571428571095,5.0,12.438839285714248,3.359188779534735e-37,5.0,6.0,0.24877678571428527,16.001339285714504,0.24877678571428527,0.1,0.24877678571428527,0.24877678571428527,1.1851783411278124e-32,1.1851783411278124e-32,1.1851783411278123e-29,0.004448917082365271
1,EDM Competitive Langmuir - two high-salt washes,7153f3f39ab39e3944db30e3ecafc691b277362a1f5bcba2e70b2181c5adf90d,13.235714285714286,13.235714285714286,13.235714285714286,5.101878558958148e-30,Elution 2,1.0,0.0,0.0,7.678571428571402,5.0,12.294642857142824,1.4524993534870126e-37,5.0,6.0,0.24589285714285677,15.857142857142984,0.24589285714285677,0.1,0.24589285714285677,0.24589285714285677,5.101878558958148e-33,5.101878558958148e-33,5.101878558958148e-30,0.004372597135932591
1,EDM Competitive Langmuir - two high-salt washes,7153f3f39ab39e3944db30e3ecafc691b277362a1f5bcba2e70b2181c5adf90d,13.247857142857141,13.247857142857141,13.247857142857141,2.197049704690841e-30,Elution 2,1.0,0.0,0.0,7.526785714285701,5.0,12.150446428571412,6.282539553911085e-38,5.0,6.0,0.24300892857142856,15.712946428571488,0.24300892857142856,0.1,0.24300892857142856,0.24300892857142856,2.197049704690841e-33,2.197049704690841e-33,2.197049704690841e-30,0.004297586437147303
1,EDM Competitive Langmuir - two high-salt washes,7153f3f39ab39e3944db30e3ecafc691b277362a1f5bcba2e70b2181c5adf90d,13.259999999999998,13.259999999999998,13.259999999999998,9.464830190559415e-31,Elution 2,1.0,0.0,0.0,7.374999999999994,5.0,12.006249999999987,2.718251625127363e-38,5.0,6.0,0.24012500000000003,15.568749999999964,0.24012500000000003,0.1,0.24012500000000003,0.24012500000000003,9.464830190559415e-34,9.464830190559415e-34,9.464830190559415e-31,0.004223862526226823
1,EDM Competitive Langmuir - two high-salt washes,7153f3f39ab39e3944db30e3ecafc691b277362a1f5bcba2e70b2181c5adf90d,13.272142857142857,13.272142857142857,13.272142857142857,4.078947434096137e-31,Elution 2,1.0,0.0,0.0,7.223214285714264,5.0,11.862053571428548,1.1764586190026263e-38,5.0,6.0,0.23724107142857126,15.424553571428419,0.23724107142857126,0.1,0.23724107142857126,0.23724107142857126,4.078947434096137e-34,4.078947434096137e-34,4.078947434096137e-31,0.004151403328679972
1,EDM Competitive Langmuir - two high-salt washes,7153f3f39ab39e3944db30e3ecafc691b277362a1f5bcba2e70b2181c5adf90d,13.284285714285714,13.284285714285714,13.284285714285714,1.7585080577403958e-31,Elution 2,1.0,0.0,0.0,7.071428571428556,5.0,11.71785714285712,5.093234925447897e-39,5.0,6.0,0.2343571428571427,15.280357142856946,0.2343571428571427,0.1,0.2343571428571427,0.2343571428571427,1.7585080577403958e-34,1.7585080577403958e-34,1.7585080577403958e-31,0.00408018714869739
1,EDM Competitive Langmuir - two high-salt washes,7153f3f39ab39e3944db30e3ecafc691b277362a1f5bcba2e70b2181c5adf90d,13.29642857142857,13.29642857142857,13.29642857142857,7.584026111170598e-32,Elution 2,1.0,0.0,0.0,6.9196428571428505,5.0,11.573660714285703,2.205658852423108e-39,5.0,6.0,0.2314732142857142,15.13616071428552,0.2314732142857142,0.1,0.2314732142857142,0.2314732142857142,7.584026111170597e-35,7.584026111170597e-35,7.584026111170598e-32,0.004010192662655332
1,EDM Competitive Langmuir - two high-salt washes,7153f3f39ab39e3944db30e3ecafc691b277362a1f5bcba2e70b2181c5adf90d,13.308571428571428,13.308571428571428,13.308571428571428,3.2719932959900786e-32,Elution 2,1.0,0.0,0.0,6.767857142857147,5.0,11.42946428571428,9.554503674586198e-40,5.0,6.0,0.22858928571428586,14.9919642857141,0.22858928571428586,0.1,0.22858928571428586,0.22858928571428586,3.2719932959900786e-35,3.2719932959900786e-35,3.2719932959900786e-32,0.003941398912730945
1,EDM Competitive Langmuir - two high-salt washes,7153f3f39ab39e3944db30e3ecafc691b277362a1f5bcba2e70b2181c5adf90d,13.320714285714285,13.320714285714285,13.320714285714285,1.4121467215771956e-32,Elution 2,1.0,0.0,0.0,6.616071428571415,5.0,11.285267857142836,4.140003505593222e-40,5.0,6.0,0.22570535714285697,14.847767857142703,0.22570535714285697,0.1,0.22570535714285697,0.22570535714285697,1.4121467215771955e-35,1.4121467215771955e-35,1.4121467215771956e-32,0.003873785300627039
1,EDM Competitive Langmuir - two high-salt washes,7153f3f39ab39e3944db30e3ecafc691b277362a1f5bcba2e70b2181c5adf90d,13.332857142857142,13.332857142857142,13.332857142857142,6.0967672495841145e-33,Elution 2,1.0,0.0,0.0,6.464285714285708,5.0,11.141071428571411,1.7943772445188866e-40,5.0,6.0,0.22282142857142853,14.7035714285713,0.22282142857142853,0.1,0.22282142857142853,0.22282142857142853,6.096767249584115e-36,6.096767249584115e-36,6.0967672495841145e-33,0.0038073315814045696
1,EDM Competitive Langmuir - two high-salt washes,7153f3f39ab39e3944db30e3ecafc691b277362a1f5bcba2e70b2181c5adf90d,13.344999999999999,13.344999999999999,13.344999999999999,2.6331113578618334e-33,Elution 2,1.0,0.0,0.0,6.312499999999995,5.0,10.996874999999989,7.779380183398724e-41,5.0,6.0,0.2199375000000001,14.559374999999886,0.2199375000000001,0.1,0.2199375000000001,0.2199375000000001,2.6331113578618334e-36,2.6331113578618334e-36,2.6331113578618334e-33,0.003742017857420809
1,EDM Competitive Langmuir - two high-salt washes,7153f3f39ab39e3944db30e3ecafc691b277362a1f5bcba2e70b2181c5adf90d,13.357142857142858,13.357142857142858,13.357142857142858,1.1375906954760605e-33,Elution 2,1.0,0.0,0.0,6.160714285714267,5.0,10.852678571428548,3.3735893789535564e-41,5.0,6.0,0.21705357142857118,14.41517857142844,0.21705357142857118,0.1,0.21705357142857118,0.21705357142857118,1.1375906954760606e-36,1.1375906954760606e-36,1.1375906954760605e-33,0.0036778245723716094
1,EDM Competitive Langmuir - two high-salt washes,7153f3f39ab39e3944db30e3ecafc691b277362a1f5bcba2e70b2181c5adf90d,13.369285714285715,13.369285714285715,13.369285714285715,4.916401877902477e-34,Elution 2,1.0,0.0,0.0,6.008928571428557,5.0,10.708482142857124,1.4633670038022833e-41,5.0,6.0,0.21416964285714277,14.270982142857026,0.21416964285714277,0.1,0.21416964285714277,0.21416964285714277,4.916401877902477e-37,4.916401877902477e-37,4.916401877902477e-34,0.003614732505435861
1,EDM Competitive Langmuir - two high-salt washes,7153f3f39ab39e3944db30e3ecafc691b277362a1f5bcba2e70b2181c5adf90d,13.38142857142857,13.38142857142857,13.38142857142857,2.1254485626806377e-34,Elution 2,1.0,0.0,0.0,5.857142857142854,5.0,10.564285714285706,6.349302067162635e-42,5.0,6.0,0.21128571428571444,14.12678571428564,0.21128571428571444,0.1,0.21128571428571444,0.21128571428571444,2.1254485626806377e-37,2.1254485626806377e-37,2.1254485626806377e-34,0.003552722765520312
1,EDM Competitive Langmuir - two high-salt washes,7153f3f39ab39e3944db30e3ecafc691b277362a1f5bcba2e70b2181c5adf90d,13.393571428571427,13.393571428571427,13.393571428571427,9.19164095895602e-35,Elution 2,1.0,0.0,0.0,5.705357142857186,5.0,10.420089285714322,2.7555502823792764e-42,5.0,6.0,0.20840178571428675,13.982589285714225,0.20840178571428675,0.1,0.20840178571428675,0.20840178571428675,9.19164095895602e-38,9.19164095895602e-38,9.19164095895602e-35,0.0034917767856032294
1,EDM Competitive Langmuir - two high-salt washes,7153f3f39ab39e3944db30e3ecafc691b277362a1f5bcba2e70b2181c5adf90d,13.405714285714286,13.405714285714286,13.405714285714286,3.976235599991746e-35,Elution 2,1.0,0.0,0.0,5.553571428571307,5.0,10.275892857142738,1.1961848150069157e-42,5.0,6.0,0.20551785714285511,13.838392857142782,0.20551785714285511,0.1,0.20551785714285511,0.20551785714285511,3.976235599991746e-38,3.976235599991746e-38,3.976235599991746e-35,0.0034318763171749178
1,EDM Competitive Langmuir - two high-salt washes,7153f3f39ab39e3944db30e3ecafc691b277362a1f5bcba2e70b2181c5adf90d,13.417857142857143,13.417857142857143,13.417857142857143,1.7206208564583625e-35,Elution 2,1.0,0.0,0.0,5.401785714284962,5.0,10.131696428570708,5.193903070212159e-43,5.0,6.0,0.20263392857141446,13.694196428571352,0.20263392857141446,0.1,0.20263392857141446,0.20263392857141446,1.7206208564583625e-38,1.7206208564583625e-38,1.7206208564583625e-35,0.0033730034247738266
1,EDM Competitive Langmuir - two high-salt washes,7153f3f39ab39e3944db30e3ecafc691b277362a1f5bcba2e70b2181c5adf90d,13.43,13.43,13.43,7.447829489416848e-36,Elution 2,1.0,0.0,0.0,5.250000000001856,5.0,9.987500000001761,2.2557609149363732e-43,5.0,6.0,0.19975000000003548,13.549999999999933,0.19975000000003548,0.1,0.19975000000003548,0.19975000000003548,7.447829489416847e-39,7.447829489416847e-39,7.447829489416848e-36,0.0033151404806178206
1,EDM Competitive Langmuir - two high-salt washes,7153f3f39ab39e3944db30e3ecafc691b277362a1f5bcba2e70b2181c5adf90d,13.442142857142857,13.442142857142857,13.442142857142857,3.224803348784848e-36,Elution 2,1.0,0.0,0.0,5.098214285725986,5.0,9.843303571439684,9.799277772853116e-44,5.0,6.0,0.19686607142879384,13.405803571428518,0.19686607142879384,0.1,0.19686607142879384,0.19686607142879384,3.224803348784848e-39,3.224803348784848e-39,3.224803348784848e-36,0.0032582701593245333
1,EDM Competitive Langmuir - two high-salt washes,7153f3f39ab39e3944db30e3ecafc691b277362a1f5bcba2e70b2181c5adf90d,13.454285714285714,13.454285714285714,13.454285714285714,1.3967004209755195e-36,Elution 2,1.0,0.0,0.0,4.946428571409931,5.0,9.699107142839438,4.2578953843154536e-44,5.0,6.0,0.19398214285678883,13.261607142857102,0.19398214285678883,0.1,0.19398214285678883,0.19398214285678883,1.3967004209755196e-39,1.3967004209755196e-39,1.3967004209755195e-36,0.0032023754327049213
1,EDM Competitive Langmuir - two high-salt washes,7153f3f39ab39e3944db30e3ecafc691b277362a1f5bcba2e70b2181c5adf90d,13.46642857142857,13.46642857142857,13.46642857142857,6.051003565237895e-37,Elution 2,1.0,0.0,0.0,4.794642856989155,5.0,9.5549107141397,1.8505209446480274e-44,5.0,6.0,0.19109821428279408,13.117410714285684,0.19109821428279408,0.1,0.19109821428279408,0.19109821428279408,6.051003565237895e-40,6.051003565237895e-40,6.051003565237895e-37,0.0031474395646785753
1,EDM Competitive Langmuir - two high-salt washes,7153f3f39ab39e3944db30e3ecafc691b277362a1f5bcba2e70b2181c5adf90d,13.478571428571428,13.478571428571428,13.478571428571428,2.62224533666281e-37,Elution 2,1.0,0.0,0.0,4.642857142913488,5.0,9.410714285767815,8.044320109123616e-45,5.0,6.0,0.18821428571535645,12.973214285714262,0.18821428571535645,0.1,0.18821428571535645,0.18821428571535645,2.62224533666281e-40,2.62224533666281e-40,2.62224533666281e-37,0.0030934461064505087
1,EDM Competitive Langmuir - two high-salt washes,7153f3f39ab39e3944db30e3ecafc691b277362a1f5bcba2e70b2181c5adf90d,13.490714285714285,13.490714285714285,13.490714285714285,1.1366812746383655e-37,Elution 2,1.0,0.0,0.0,4.491071430131113,5.0,9.266517858624555,3.497673471707461e-45,5.0,6.0,0.1853303571724913,12.829017857142828,0.1853303571724913,0.1,0.1853303571724913,0.1853303571724913,1.1366812746383656e-40,1.1366812746383656e-40,1.1366812746383655e-37,0.003040378891564811
1,EDM Competitive Langmuir - two high-salt washes,7153f3f39ab39e3944db30e3ecafc691b277362a1f5bcba2e70b2181c5adf90d,13.502857142857144,13.502857142857144,13.502857142857144,4.928574368757581e-38,Elution 2,1.0,0.0,0.0,4.339285715817097,5.0,9.122321430026236,1.5211150253574362e-45,5.0,6.0,0.18244642860052498,12.684821428571386,0.18244642860052498,0.1,0.18244642860052498,0.18244642860052498,4.928574368757581e-41,4.928574368757581e-41,4.928574368757581e-38,0.0029882220295945248
1,EDM Competitive Langmuir - two high-salt washes,7153f3f39ab39e3944db30e3ecafc691b277362a1f5bcba2e70b2181c5adf90d,13.514999999999999,13.514999999999999,13.514999999999999,2.1375631362089272e-38,Elution 2,1.0,0.0,0.0,4.187499989681531,5.0,8.978124990197449,6.6166178725203696e-46,5.0,6.0,0.17956249980394928,12.540624999999984,0.17956249980394928,0.1,0.17956249980394928,0.17956249980394928,2.1375631362089272e-41,2.1375631362089272e-41,2.1375631362089272e-38,0.002936959900259133
1,EDM Competitive Langmuir - two high-salt washes,7153f3f39ab39e3944db30e3ecafc691b277362a1f5bcba2e70b2181c5adf90d,13.527142857142856,13.527142857142856,13.527142857142856,9.273196645113863e-39,Elution 2,1.0,0.0,0.0,4.035714257604594,5.0,8.83392854472436,2.878721290076354e-46,5.0,6.0,0.17667857089448746,12.396428571428562,0.17667857089448746,0.1,0.17667857089448746,0.17667857089448746,9.273196645113863e-42,9.273196645113863e-42,9.273196645113863e-39,0.0028865771567376537
1,EDM Competitive Langmuir - two high-salt washes,7153f3f39ab39e3944db30e3ecafc691b277362a1f5bcba2e70b2181c5adf90d,13.539285714285713,13.539285714285713,13.539285714285713,4.0239332652440535e-39,Elution 2,1.0,0.0,0.0,3.883928592007694,5.0,8.689732162407301,1.2527117527897634e-46,5.0,6.0,0.17379464324814628,12.252232142857133,0.17379464324814628,0.1,0.17379464324814628,0.17379464324814628,4.0239332652440533e-42,4.0239332652440533e-42,4.0239332652440535e-39,0.0028370587368975893
1,EDM Competitive Langmuir - two high-salt washes,7153f3f39ab39e3944db30e3ecafc691b277362a1f5bcba2e70b2181c5adf90d,13.551428571428572,13.551428571428572,13.551428571428572,1.7465490976088714e-39,Elution 2,1.0,0.0,0.0,3.732143073769903,5.0,8.545535920081399,5.452417219810537e-47,5.0,6.0,0.17091071840162822,12.108035714285682,0.17091071840162822,0.1,0.17091071840162822,0.17091071840162822,1.7465490976088714e-42,1.7465490976088714e-42,1.7465490976088714e-39,0.0027883898384745273
1,EDM Competitive Langmuir - two high-salt washes,7153f3f39ab39e3944db30e3ecafc691b277362a1f5bcba2e70b2181c5adf90d,13.563571428571429,13.563571428571429,13.563571428571429,7.582589568985333e-40,Elution 2,1.0,0.0,0.0,3.580357461131264,5.0,8.401339588074697,2.373623694277431e-47,5.0,6.0,0.16802679176149404,11.96383928571426,0.16802679176149404,0.1,0.16802679176149404,0.16802679176149404,7.582589568985333e-43,7.582589568985333e-43,7.582589568985333e-40,0.002740555811028737
1,EDM Competitive Langmuir - two high-salt washes,7153f3f39ab39e3944db30e3ecafc691b277362a1f5bcba2e70b2181c5adf90d,13.575714285714286,13.575714285714286,13.575714285714286,3.2927522638572895e-40,Elution 2,1.0,0.0,0.0,3.4285709193544935,5.0,8.25714237338676,1.0335179151714908e-47,5.0,6.0,0.16514284746773547,11.819642857142838,0.16514284746773547,0.1,0.16514284746773547,0.16514284746773547,3.2927522638572893e-43,3.2927522638572893e-43,3.2927522638572895e-40,0.002693542077291312
1,EDM Competitive Langmuir - two high-salt washes,7153f3f39ab39e3944db30e3ecafc691b277362a1f5bcba2e70b2181c5adf90d,13.58785714285714,13.58785714285714,13.58785714285714,1.4302218258682477e-40,Elution 2,1.0,0.0,0.0,3.276782921782699,5.0,8.112943775693566,4.500969022890765e-48,5.0,6.0,0.16225887551387136,11.675446428571435,0.16225887551387136,0.1,0.16225887551387136,0.16225887551387136,1.4302218258682477e-43,1.4302218258682477e-43,1.4302218258682477e-40,0.0026473344162048123
1,EDM Competitive Langmuir - two high-salt washes,7153f3f39ab39e3944db30e3ecafc691b277362a1f5bcba2e70b2181c5adf90d,13.6,13.6,13.6,6.213677403799431e-41,Elution 2,1.0,0.0,0.0,3.124995913619043,5.0,7.968746117938085,1.960534368534534e-48,5.0,6.0,0.159374922358762,11.531249999999995,0.159374922358762,0.1,0.159374922358762,0.159374922358762,6.213677403799431e-44,6.213677403799431e-44,6.213677403799431e-41,0.0026019197401078486
1,EDM Competitive Langmuir - two high-salt washes,7153f3f39ab39e3944db30e3ecafc691b277362a1f5bcba2e70b2181c5adf90d,13.612142857142857,13.612142857142857,13.612142857142857,2.700182511589513e-41,Elution 2,1.0,0.0,0.0,2.9732171980743036,5.0,7.824556338170587,8.541259028806247e-49,5.0,6.0,0.15649112676341181,11.387053571428567,0.15649112676341181,0.1,0.15649112676341181,0.15649112676341181,2.7001825115895133e-44,2.7001825115895133e-44,2.700182511589513e-41,0.00255728656439854
1,EDM Competitive Langmuir - two high-salt washes,7153f3f39ab39e3944db30e3ecafc691b277362a1f5bcba2e70b2181c5adf90d,13.624285714285714,13.624285714285714,13.624285714285714,1.1736398698779087e-41,Elution 2,1.0,0.0,0.0,2.8214539265707077,5.0,7.680381230242174,3.721747802916461e-49,5.0,6.0,0.1536076246048436,11.242857142857128,0.1536076246048436,0.1,0.1536076246048436,0.1536076246048436,1.1736398698779087e-44,1.1736398698779087e-44,1.1736398698779087e-41,0.0025134234486991315
1,EDM Competitive Langmuir - two high-salt washes,7153f3f39ab39e3944db30e3ecafc691b277362a1f5bcba2e70b2181c5adf90d,13.63642857142857,13.63642857142857,13.63642857142857,5.10237228491324e-42,Elution 2,1.0,0.0,0.0,2.6696969886240036,5.0,7.5362121391927985,1.6219903896271187e-49,5.0,6.0,0.15072424278385615,11.098660714285703,0.15072424278385615,0.1,0.15072424278385615,0.15072424278385615,5.1023722849132404e-45,5.1023722849132404e-45,5.10237228491324e-42,0.0024703144659925192
1,EDM Competitive Langmuir - two high-salt washes,7153f3f39ab39e3944db30e3ecafc691b277362a1f5bcba2e70b2181c5adf90d,13.648571428571428,13.648571428571428,13.648571428571428,2.218723888775313e-42,Elution 2,1.0,0.0,0.0,2.517901077293082,5.0,7.392006023428431,7.070084647653143e-50,5.0,6.0,0.14784012046856856,10.954464285714282,0.14784012046856856,0.1,0.14784012046856856,0.14784012046856856,2.218723888775313e-45,2.218723888775313e-45,2.218723888775313e-42,0.002427934079758064
1,EDM Competitive Langmuir - two high-salt washes,7153f3f39ab39e3944db30e3ecafc691b277362a1f5bcba2e70b2181c5adf90d,13.660714285714285,13.660714285714285,13.660714285714285,9.649982242304725e-43,Elution 2,1.0,0.0,0.0,2.3659840505910354,5.0,7.24768484806148,3.08229808734454e-50,5.0,6.0,0.14495369696122973,10.810267857142861,0.14495369696122973,0.1,0.14495369696122973,0.14495369696122973,9.649982242304725e-46,9.649982242304725e-46,9.649982242304725e-43,0.0023862478182754302
1,EDM Competitive Langmuir - two high-salt washes,7153f3f39ab39e3944db30e3ecafc691b277362a1f5bcba2e70b2181c5adf90d,13.672857142857142,13.672857142857142,13.672857142857142,4.1979789074096004e-43,Elution 2,1.0,0.0,0.0,2.2138747417461206,5.0,7.103181004658817,1.3439926910040453e-50,5.0,6.0,0.14206362009317627,10.666071428571433,0.14206362009317627,0.1,0.14206362009317627,0.14206362009317627,4.1979789074096005e-46,4.1979789074096005e-46,4.1979789074096004e-43,0.002345225878137576
1,EDM Competitive Langmuir - two high-salt washes,7153f3f39ab39e3944db30e3ecafc691b277362a1f5bcba2e70b2181c5adf90d,13.684999999999999,13.684999999999999,13.684999999999999,1.8265974718321173e-43,Elution 2,1.0,0.0,0.0,2.0616225176795404,5.0,6.958541391795564,5.861244106197674e-51,5.0,6.0,0.1391708278359114,10.52187500000001,0.1391708278359114,0.1,0.1391708278359114,0.1391708278359114,1.8265974718321174e-46,1.8265974718321174e-46,1.8265974718321173e-43,0.0023048715933333686
1,EDM Competitive Langmuir - two high-salt washes,7153f3f39ab39e3944db30e3ecafc691b277362a1f5bcba2e70b2181c5adf90d,13.697142857142858,13.697142857142858,13.697142857142858,7.949370269723387e-44,Elution 2,1.0,0.0,0.0,1.9095467273699076,5.0,6.814069391001411,2.556534549474882e-51,5.0,6.0,0.13628138782002822,10.377678571428552,0.13628138782002822,0.1,0.13628138782002822,0.13628138782002822,7.949370269723387e-47,7.949370269723387e-47,7.949370269723387e-44,0.0022652572460935983
1,EDM Competitive Langmuir - two high-salt washes,7153f3f39ab39e3944db30e3ecafc691b277362a1f5bcba2e70b2181c5adf90d,13.709285714285715,13.709285714285715,13.709285714285715,3.4602567032891685e-44,Elution 2,1.0,0.0,0.0,1.758370314716232,5.0,6.670451798980427,1.1152727466133057e-51,5.0,6.0,0.13340903597960857,10.233482142856852,0.13340903597960857,0.1,0.13340903597960857,0.13340903597960857,3.4602567032891686e-47,3.4602567032891686e-47,3.4602567032891685e-44,0.002226552034131286
1,EDM Competitive Langmuir - two high-salt washes,7153f3f39ab39e3944db30e3ecafc691b277362a1f5bcba2e70b2181c5adf90d,13.72142857142857,13.72142857142857,13.72142857142857,1.5064964254443946e-44,Elution 2,1.0,0.0,0.0,1.6092719319211457,5.0,6.528808335325081,4.866060800133448e-52,5.0,6.0,0.1305761667065017,10.089285714285749,0.1305761667065017,0.1,0.1305761667065017,0.1305761667065017,1.5064964254443947e-47,1.5064964254443947e-47,1.5064964254443946e-44,0.002189026665899962
1,EDM Competitive Langmuir - two high-salt washes,7153f3f39ab39e3944db30e3ecafc691b277362a1f5bcba2e70b2181c5adf90d,13.733571428571427,13.733571428571427,13.733571428571427,6.560102009534983e-45,Elution 2,1.0,0.0,0.0,1.46381625047916,5.0,6.39062543795521,2.123449199212382e-52,5.0,6.0,0.12781250875910408,9.945089285718824,0.12781250875910408,0.1,0.12781250875910408,0.12781250875910408,6.560102009534983e-48,6.560102009534983e-48,6.560102009534983e-45,0.0021530276321504913
1,EDM Competitive Langmuir - two high-salt washes,7153f3f39ab39e3944db30e3ecafc691b277362a1f5bcba2e70b2181c5adf90d,13.745714285714286,13.745714285714286,13.745714285714286,2.857158364189587e-45,Elution 2,1.0,0.0,0.0,1.3237696554455565,5.0,6.257581172673271,9.267804212730305e-53,5.0,6.0,0.12515162345346573,9.800892857145499,0.12515162345346573,0.1,0.12515162345346573,0.12515162345346573,2.857158364189587e-48,2.857158364189587e-48,2.857158364189587e-45,0.0021189268140438624
1,EDM Competitive Langmuir - two high-salt washes,7153f3f39ab39e3944db30e3ecafc691b277362a1f5bcba2e70b2181c5adf90d,13.757857142857143,13.757857142857143,13.757857142857143,1.2446230084055529e-45,Elution 2,1.0,0.0,0.0,1.1908538305209821,5.0,6.1313111389949375,4.0456383976168022e-53,5.0,6.0,0.12262622277989853,9.65669642851599,0.12262622277989853,0.1,0.12262622277989853,0.12262622277989853,1.2446230084055529e-48,1.2446230084055529e-48,1.2446230084055529e-45,0.0020870620027364935
1,EDM Competitive Langmuir - two high-salt washes,7153f3f39ab39e3944db30e3ecafc691b277362a1f5bcba2e70b2181c5adf90d,13.77,13.77,13.77,5.4227517649952914e-46,Elution 2,1.0,0.0,0.0,1.0665102838729115,5.0,6.01318476967927,1.76635747889549e-53,5.0,6.0,0.12026369539358561,9.51249999991268,0.12026369539358561,0.1,0.12026369539358561,0.12026369539358561,5.422751764995292e-49,5.422751764995292e-49,5.4227517649952914e-46,0.0020576862508448895
1,EDM Competitive Langmuir - two high-salt washes,7153f3f39ab39e3944db30e3ecafc691b277362a1f5bcba2e70b2181c5adf90d,13.782142857142857,13.782142857142857,13.782142857142857,2.3630812413763344e-46,Elution 2,1.0,0.0,0.0,0.9517370327257608,5.0,5.904150181089463,7.713621024432944e-54,5.0,6.0,0.11808300362178929,9.368303571902155,0.11808300362178929,0.1,0.11808300362178929,0.11808300362178929,2.3630812413763344e-49,2.3630812413763344e-49,2.3630812413763344e-46,0.0020309385411079878
1,EDM Competitive Langmuir - two high-salt washes,7153f3f39ab39e3944db30e3ecafc691b277362a1f5bcba2e70b2181c5adf90d,13.794285714285714,13.794285714285714,13.794285714285714,1.0299432617753786e-46,Elution 2,1.0,0.0,0.0,0.8470268976598666,5.0,5.804675552776893,3.369246779168237e-54,5.0,6.0,0.11609351105553771,9.224107144330944,0.11609351105553771,0.1,0.11609351105553771,0.11609351105553771,1.0299432617753786e-49,1.0299432617753786e-49,1.0299432617753786e-46,0.002006839439436471
1,EDM Competitive Langmuir - two high-salt washes,7153f3f39ab39e3944db30e3ecafc691b277362a1f5bcba2e70b2181c5adf90d,13.80642857142857,13.80642857142857,13.80642857142857,4.489752167453528e-47,Elution 2,1.0,0.0,0.0,0.7524003036474441,5.0,5.714780288465051,1.472000085791877e-54,5.0,6.0,0.11429560576930149,9.079910712429553,0.11429560576930149,0.1,0.11429560576930149,0.11429560576930149,4.489752167453528e-50,4.489752167453528e-50,4.489752167453528e-47,0.0019853071439062736
1,EDM Competitive Langmuir - two high-salt washes,7153f3f39ab39e3944db30e3ecafc691b277362a1f5bcba2e70b2181c5adf90d,13.818571428571428,13.818571428571428,13.818571428571428,1.9575122426536617e-47,Elution 2,1.0,0.0,0.0,0.6675013249341184,5.0,5.634126258687427,6.4326120335238085e-55,5.0,6.0,0.11268252517374808,8.935714270940663,0.11268252517374808,0.1,0.11268252517374808,0.11268252517374808,1.9575122426536616e-50,1.9575122426536616e-50,1.9575122426536617e-47,0.001966185066948208
1,EDM Competitive Langmuir - two high-salt washes,7153f3f39ab39e3944db30e3ecafc691b277362a1f5bcba2e70b2181c5adf90d,13.830714285714286,13.830714285714286,13.830714285714286,8.536073331082383e-48,Elution 2,1.0,0.0,0.0,0.5917194046143905,5.0,5.562133434383675,2.811728810179204e-55,5.0,6.0,0.1112426686876739,8.791517844042856,0.1112426686876739,0.1,0.1112426686876739,0.1112426686876739,8.536073331082384e-51,8.536073331082384e-51,8.536073331082383e-48,0.001949272083019418
1,EDM Competitive Langmuir - two high-salt washes,7153f3f39ab39e3944db30e3ecafc691b277362a1f5bcba2e70b2181c5adf90d,13.842857142857143,13.842857142857143,13.842857142857143,3.722902628318107e-48,Elution 2,1.0,0.0,0.0,0.5243042755626189,5.0,5.49808906178447,1.2293231304620682e-55,5.0,6.0,0.10996178123568932,8.647321502899674,0.10996178123568932,0.1,0.10996178123568932,0.10996178123568932,3.722902628318107e-51,3.722902628318107e-51,3.722902628318107e-48,0.0019343487130346452
1,EDM Competitive Langmuir - two high-salt washes,7153f3f39ab39e3944db30e3ecafc691b277362a1f5bcba2e70b2181c5adf90d,13.854999999999999,13.854999999999999,13.854999999999999,1.6239533829176274e-48,Elution 2,1.0,0.0,0.0,0.46445679119531985,5.0,5.441233951635593,5.376050734935269e-56,5.0,6.0,0.10882467903271147,8.5031252341971,0.10882467903271147,0.1,0.10882467903271147,0.10882467903271147,1.6239533829176274e-51,1.6239533829176274e-51,1.6239533829176274e-48,0.0019211963178080481
1,EDM Competitive Langmuir - two high-salt washes,7153f3f39ab39e3944db30e3ecafc691b277362a1f5bcba2e70b2181c5adf90d,13.867142857142856,13.867142857142856,13.867142857142856,7.084884329310213e-49,Elution 2,1.0,0.0,0.0,0.41139034755338677,5.0,5.390820830175679,2.351591686070713e-56,5.0,6.0,0.10781641660351433,8.35892864257827,0.10781641660351433,0.1,0.10781641660351433,0.10781641660351433,7.084884329310213e-52,7.084884329310213e-52,7.084884329310213e-49,0.0019096089819748234
1,EDM Competitive Langmuir - two high-salt washes,7153f3f39ab39e3944db30e3ecafc691b277362a1f5bcba2e70b2181c5adf90d,13.879285714285714,13.879285714285714,13.879285714285714,3.091429764242992e-49,Elution 2,1.0,0.0,0.0,0.3643660409641005,5.0,5.346147738915912,1.0288619216328587e-56,5.0,6.0,0.10692295477831752,8.214731021124054,0.10692295477831752,0.1,0.10692295477831752,0.10692295477831752,3.091429764242992e-52,3.091429764242992e-52,3.091429764242992e-49,0.0018993993956930512
1,EDM Competitive Langmuir - two high-salt washes,7153f3f39ab39e3944db30e3ecafc691b277362a1f5bcba2e70b2181c5adf90d,13.891428571428571,13.891428571428571,13.891428571428571,1.349134107604525e-49,Elution 2,1.0,0.0,0.0,0.32270846000711445,5.0,5.306573037006772,4.50239322075448e-57,5.0,6.0,0.10613146074013566,8.07053269988312,0.10613146074013566,0.1,0.10613146074013566,0.10613146074013566,1.3491341076045251e-52,1.3491341076045251e-52,1.349134107604525e-49,0.0018904006002970933
1,EDM Competitive Langmuir - two high-salt washes,7153f3f39ab39e3944db30e3ecafc691b277362a1f5bcba2e70b2181c5adf90d,13.903571428571428,13.903571428571428,13.903571428571428,5.88875574412754e-50,Elution 2,1.0,0.0,0.0,0.28581030424618653,5.0,5.271519789033838,1.970674558374972e-57,5.0,6.0,0.10543039578067728,7.926337359182944,0.10543039578067728,0.1,0.10543039578067728,0.10543039578067728,5.88875574412754e-53,5.88875574412754e-53,5.88875574412754e-50,0.0018824655392556467
1,EDM Competitive Langmuir - two high-salt washes,7153f3f39ab39e3944db30e3ecafc691b277362a1f5bcba2e70b2181c5adf90d,13.915714285714284,13.915714285714284,13.915714285714284,2.570809567856326e-50,Elution 2,1.0,0.0,0.0,0.25312988010875637,5.0,5.240473386103357,8.627109664422324e-58,5.0,6.0,0.10480946772206638,7.782151894662256,0.10480946772206638,0.1,0.10480946772206638,0.10480946772206638,2.5708095678563257e-53,2.5708095678563257e-53,2.570809567856326e-50,0.001875465333189404
1,EDM Competitive Langmuir - two high-salt washes,7153f3f39ab39e3944db30e3ecafc691b277362a1f5bcba2e70b2181c5adf90d,13.927857142857142,13.927857142857142,13.927857142857142,1.1225369411911453e-50,Elution 2,1.0,0.0,0.0,0.22418580247259542,5.0,5.212976512348948,3.777359920846786e-58,5.0,6.0,0.1042595302469796,7.637978556404128,0.1042595302469796,0.1,0.1042595302469796,0.1042595302469796,1.1225369411911454e-53,1.1225369411911454e-53,1.1225369411911453e-50,0.001869287199536768
1,EDM Competitive Langmuir - two high-salt washes,7153f3f39ab39e3944db30e3ecafc691b277362a1f5bcba2e70b2181c5adf90d,13.94,13.94,13.94,4.9025553363205614e-51,Elution 2,1.0,0.0,0.0,0.1985511699760148,5.0,5.188623611477199,1.654161440065905e-58,5.0,6.0,0.10377247222954404,7.493798575732695,0.10377247222954404,0.1,0.10377247222954404,0.10377247222954404,4.9025553363205616e-54,4.9025553363205616e-54,4.9025553363205614e-51,0.0018638324658295843
1,EDM Competitive Langmuir - two high-salt washes,7153f3f39ab39e3944db30e3ecafc691b277362a1f5bcba2e70b2181c5adf90d,13.952142857142857,13.952142857142857,13.952142857142857,2.1416165658070954e-51,Elution 2,1.0,0.0,0.0,0.17584768588020191,5.0,5.167055301586225,7.244825924830118e-59,5.0,6.0,0.10334110603172401,7.349558618908745,0.10334110603172401,0.1,0.10334110603172401,0.10334110603172401,2.1416165658070954e-54,2.1416165658070954e-54,2.1416165658070954e-51,0.001859014737189892
1,EDM Competitive Langmuir - two high-salt washes,7153f3f39ab39e3944db30e3ecafc691b277362a1f5bcba2e70b2181c5adf90d,13.964285714285714,13.964285714285714,13.964285714285714,9.357572795075113e-52,Elution 2,1.0,0.0,0.0,0.15574022465855966,5.0,5.147953213425603,3.173459190478794e-59,5.0,6.0,0.10295906426851265,7.205183717648937,0.10295906426851265,0.1,0.10295906426851265,0.10295906426851265,9.357572795075114e-55,9.357572795075114e-55,9.357572795075113e-52,0.0018547582898673816
1,EDM Competitive Langmuir - two high-salt washes,7153f3f39ab39e3944db30e3ecafc691b277362a1f5bcba2e70b2181c5adf90d,13.976428571428572,13.976428571428572,13.976428571428572,4.08968759488894e-52,Elution 2,1.0,0.0,0.0,0.13793195572107017,5.0,5.131035357935023,1.390232681108274e-59,5.0,6.0,0.10262070715870018,7.060639942051962,0.10262070715870018,0.1,0.10262070715870018,0.10262070715870018,4.08968759488894e-55,4.08968759488894e-55,4.08968759488894e-52,0.0018509966855298834
1,EDM Competitive Langmuir - two high-salt washes,7153f3f39ab39e3944db30e3ecafc691b277362a1f5bcba2e70b2181c5adf90d,13.988571428571428,13.988571428571428,13.988571428571428,1.7878192527154335e-52,Elution 2,1.0,0.0,0.0,0.12215999310411504,5.0,5.116051993448926,6.0909743049018e-60,5.0,6.0,0.10232103986897839,6.916049626856118,0.10232103986897839,0.1,0.10232103986897839,0.10232103986897839,1.7878192527154337e-55,1.7878192527154337e-55,1.7878192527154335e-52,0.0018476715767444655
1,EDM Competitive Langmuir - two high-salt washes,7153f3f39ab39e3944db30e3ecafc691b277362a1f5bcba2e70b2181c5adf90d,14.000714285714285,14.000714285714285,14.000714285714285,7.817408583060008e-53,Elution 2,1.0,0.0,0.0,0.10819149164711755,5.0,5.102781917064735,2.668862545166587e-60,5.0,6.0,0.10205563834129516,6.771828922759971,0.10205563834129516,0.1,0.10205563834129516,0.10205563834129516,7.817408583060009e-56,7.817408583060009e-56,7.817408583060008e-53,0.0018447316689789962
1,EDM Competitive Langmuir - two high-salt washes,7153f3f39ab39e3944db30e3ecafc691b277362a1f5bcba2e70b2181c5adf90d,14.012857142857142,14.012857142857142,14.012857142857142,3.4190478209641377e-53,Elution 2,1.0,0.0,0.0,0.09582022980262972,5.0,5.091029218312516,1.169503856029823e-60,5.0,6.0,0.10182058436624994,6.628791956728874,0.10182058436624994,0.1,0.10182058436624994,0.10182058436624994,3.4190478209641377e-56,3.4190478209641377e-56,3.4190478209641377e-53,0.001842131833644699
1,EDM Competitive Langmuir - two high-salt washes,7153f3f39ab39e3944db30e3ecafc691b277362a1f5bcba2e70b2181c5adf90d,14.025,14.025,14.025,1.4957077208461735e-53,Elution 2,1.0,0.0,0.0,0.08486356570074394,5.0,5.080620387415708,5.125182504011565e-61,5.0,6.0,0.10161240774831426,6.4881663066868684,0.10161240774831426,0.1,0.10161240774831426,0.10161240774831426,1.4957077208461736e-56,1.4957077208461736e-56,1.4957077208461735e-53,0.0018398323373981982
1,EDM Competitive Langmuir - two high-salt washes,7153f3f39ab39e3944db30e3ecafc691b277362a1f5bcba2e70b2181c5adf90d,14.037142857142857,14.037142857142857,14.037142857142857,6.544590630957205e-54,Elution 2,1.0,0.0,0.0,0.07515975655528609,5.0,5.071401768727502,2.2461864416503913e-61,5.0,6.0,0.10142803537455033,6.3514947716958075,0.10142803537455033,0.1,0.10142803537455033,0.10142803537455033,6.544590630957205e-57,6.544590630957205e-57,6.544590630957205e-54,0.0018377981772022304
1,EDM Competitive Langmuir - two high-salt washes,7153f3f39ab39e3944db30e3ecafc691b277362a1f5bcba2e70b2181c5adf90d,14.049285714285713,14.049285714285713,14.049285714285713,2.8642223215681537e-54,Elution 2,1.0,0.0,0.0,0.06656553956493128,5.0,5.063237262586704,9.844823889132894e-62,5.0,6.0,0.1012647452517337,6.220442927473784,0.1012647452517337,0.1,0.1012647452517337,0.1012647452517337,2.8642223215681537e-57,2.8642223215681537e-57,2.8642223215681537e-54,0.0018359984932176405
1,EDM Competitive Langmuir - two high-salt washes,7153f3f39ab39e3944db30e3ecafc691b277362a1f5bcba2e70b2181c5adf90d,14.06142857142857,14.06142857142857,14.06142857142857,1.2537569400656286e-54,Elution 2,1.0,0.0,0.0,0.058954034281681784,5.0,5.056006332567591,4.315121081061747e-62,5.0,6.0,0.10112012665135203,6.096568089196233,0.10112012665135203,0.1,0.10112012665135203,0.10112012665135203,1.2537569400656285e-57,1.2537569400656285e-57,1.2537569400656286e-54,0.0018344060670065524
1,EDM Competitive Langmuir - two high-salt washes,7153f3f39ab39e3944db30e3ecafc691b277362a1f5bcba2e70b2181c5adf90d,14.073571428571428,14.073571428571428,14.073571428571428,5.489036300932103e-55,Elution 2,1.0,0.0,0.0,0.05221287334161568,5.0,5.0496022296745275,1.8914653534474301e-62,5.0,6.0,0.1009920445934906,5.981115773035214,0.1009920445934906,0.1,0.1009920445934906,0.1009920445934906,5.489036300932103e-58,5.489036300932103e-58,5.489036300932103e-55,0.0018329968815259403
1,EDM Competitive Langmuir - two high-salt washes,7153f3f39ab39e3944db30e3ecafc691b277362a1f5bcba2e70b2181c5adf90d,14.085714285714285,14.085714285714285,14.085714285714285,2.403525609753311e-55,Elution 2,1.0,0.0,0.0,0.04624253917136231,5.0,5.043930412212813,8.291286250722906e-63,5.0,6.0,0.1008786082442559,5.874892937468123,0.1008786082442559,0.1,0.1008786082442559,0.1008786082442559,2.4035256097533112e-58,2.4035256097533112e-58,2.403525609753311e-55,0.0018317497351428892
1,EDM Competitive Langmuir - two high-salt washes,7153f3f39ab39e3944db30e3ecafc691b277362a1f5bcba2e70b2181c5adf90d,14.097857142857142,14.097857142857142,14.097857142857142,1.0526045386887548e-55,Elution 2,1.0,0.0,0.0,0.040954888602816014,5.0,5.038907144172665,3.6346410246364187e-63,5.0,6.0,0.10077814288345358,5.778235769155766,0.10077814288345358,0.1,0.10077814288345358,0.10077814288345358,1.0526045386887547e-58,1.0526045386887547e-58,1.0526045386887548e-55,0.001830645903478608
1,EDM Competitive Langmuir - two high-salt washes,7153f3f39ab39e3944db30e3ecafc691b277362a1f5bcba2e70b2181c5adf90d,14.109999999999998,14.11,14.11,4.610412155544037e-56,Elution 2,1.0,0.0,0.0,0.03627185708598865,5.0,5.034458264231688,1.5933655885713532e-63,5.0,6.0,0.10068916528463374,5.691058515001047,0.10068916528463374,0.1,0.10068916528463374,0.10068916528463374,4.610412155544037e-59,4.610412155544037e-59,4.610412155544037e-56,0.001829668845449961
1,EDM Competitive Langmuir - two high-salt washes,7153f3f39ab39e3944db30e3ecafc691b277362a1f5bcba2e70b2181c5adf90d,14.122142857142856,14.122142857142856,14.122142857142856,2.019606743239245e-56,Elution 2,1.0,0.0,0.0,0.03212431360298057,5.0,5.030518097922847,6.98525121856024e-64,5.0,6.0,0.10061036195845663,5.6129518985980935,0.10061036195845663,0.1,0.10061036195845663,0.10061036195845663,2.019606743239245e-59,2.019606743239245e-59,2.019606743239245e-56,0.0018288039459919915
1,EDM Competitive Langmuir - two high-salt washes,7153f3f39ab39e3944db30e3ecafc691b277362a1f5bcba2e70b2181c5adf90d,14.134285714285713,14.134285714285713,14.134285714285713,8.847922248260317e-57,Elution 2,1.0,0.0,0.0,0.028451024900547024,5.0,5.027028473655505,3.0623856473664645e-64,5.0,6.0,0.10054056947311046,5.543296854207449,0.10054056947311046,0.1,0.10054056947311046,0.10054056947311046,8.847922248260317e-60,8.847922248260317e-60,8.847922248260317e-57,0.0018280382856795784
1,EDM Competitive Langmuir - two high-salt washes,7153f3f39ab39e3944db30e3ecafc691b277362a1f5bcba2e70b2181c5adf90d,14.14642857142857,14.14642857142857,14.14642857142857,3.876666695661427e-57,Elution 2,1.0,0.0,0.0,0.02519776109553607,5.0,5.02393787304076,1.3426033053687994e-64,5.0,6.0,0.10047875746081521,5.48136697056422,0.10047875746081521,0.1,0.10047875746081521,0.10047875746081521,3.8766666956614266e-60,3.8766666956614266e-60,3.876666695661427e-57,0.0018273604430338582
1,EDM Competitive Langmuir - two high-salt washes,7153f3f39ab39e3944db30e3ecafc691b277362a1f5bcba2e70b2181c5adf90d,14.158571428571427,14.158571428571427,14.158571428571427,1.6986892757251772e-57,Elution 2,1.0,0.0,0.0,0.02231649596613684,5.0,5.021200671167844,5.886327086333919e-65,5.0,6.0,0.10042401342335659,5.426406562970914,0.10042401342335659,0.1,0.10042401342335659,0.10042401342335659,1.6986892757251771e-60,1.6986892757251771e-60,1.6986892757251772e-57,0.0018267603190676171
1,EDM Competitive Langmuir - two high-salt washes,7153f3f39ab39e3944db30e3ecafc691b277362a1f5bcba2e70b2181c5adf90d,14.170714285714286,14.170714285714286,14.170714285714286,7.443955229759573e-58,Elution 2,1.0,0.0,0.0,0.01976469067317712,5.0,5.018776456139503,2.5807676777840483e-65,5.0,6.0,0.10037552912279037,5.377681685687509,0.10037552912279037,0.1,0.10037552912279037,0.10037552912279037,7.443955229759573e-61,7.443955229759573e-61,7.443955229759573e-58,0.0018262289811777695
1,EDM Competitive Langmuir - two high-salt washes,7153f3f39ab39e3944db30e3ecafc691b277362a1f5bcba2e70b2181c5adf90d,14.182857142857141,14.182857142857141,14.182857142857141,3.262302698954806e-58,Elution 2,1.0,0.0,0.0,0.01750467623292533,5.0,5.016629442421282,1.1315151632803858e-65,5.0,6.0,0.10033258884842562,5.334508120707349,0.10033258884842562,0.1,0.10033258884842562,0.10033258884842562,3.2623026989548056e-61,3.2623026989548056e-61,3.262302698954806e-58,0.0018257585291433624
1,EDM Competitive Langmuir - two high-salt washes,7153f3f39ab39e3944db30e3ecafc691b277362a1f5bcba2e70b2181c5adf90d,14.194999999999999,14.194999999999999,14.194999999999999,1.4297897016441182e-58,Elution 2,1.0,0.0,0.0,0.015503084462331961,5.0,5.0147279302392285,4.961100218292726e-66,5.0,6.0,0.10029455860478428,5.2962632581912095,0.10029455860478428,0.1,0.10029455860478428,0.10029455860478428,1.4297897016441183e-61,1.4297897016441183e-61,1.4297897016441182e-58,0.0018253419724202694
1,EDM Competitive Langmuir - two high-salt washes,7153f3f39ab39e3944db30e3ecafc691b277362a1f5bcba2e70b2181c5adf90d,14.207142857142856,14.207142857142856,14.207142857142856,6.266780895675188e-59,Elution 2,1.0,0.0,0.0,0.013730364754222187,5.0,5.013043846516497,2.1752094111269167e-66,5.0,6.0,0.10026087693033019,5.262388494054289,0.10026087693033019,0.1,0.10026087693033019,0.10026087693033019,6.266780895675188e-62,6.266780895675188e-62,6.266780895675188e-59,0.0018249731262471001
1,EDM Competitive Langmuir - two high-salt washes,7153f3f39ab39e3944db30e3ecafc691b277362a1f5bcba2e70b2181c5adf90d,14.219285714285714,14.219285714285714,14.219285714285714,2.746873257311223e-59,Elution 2,1.0,0.0,0.0,0.012160353036991093,5.0,5.011552335385143,9.537377543713867e-67,5.0,6.0,0.10023104670770291,5.232386070293235,0.10023104670770291,0.1,0.10023104670770291,0.10023104670770291,2.746873257311223e-62,2.746873257311223e-62,2.746873257311223e-59,0.0018246465193483732
1,EDM Competitive Langmuir - two high-salt washes,7153f3f39ab39e3944db30e3ecafc691b277362a1f5bcba2e70b2181c5adf90d,14.231428571428571,14.231428571428571,14.231428571428571,1.2040709997929463e-59,Elution 2,1.0,0.0,0.0,0.010769862081436822,5.0,5.0102313689773785,4.1817797131808546e-67,5.0,6.0,0.10020462737954733,5.205813894445494,0.10020462737954733,0.1,0.10020462737954733,0.10020462737954733,1.2040709997929464e-62,1.2040709997929464e-62,1.2040709997929463e-59,0.0018243573066604177
1,EDM Competitive Langmuir - two high-salt washes,7153f3f39ab39e3944db30e3ecafc691b277362a1f5bcba2e70b2181c5adf90d,14.243571428571427,14.243571428571428,14.243571428571428,5.278162869137612e-60,Elution 2,1.0,0.0,0.0,0.009538368299519673,5.0,5.009061449884528,1.8335683919634874e-67,5.0,6.0,0.10018122899769077,5.182279990921031,0.10018122899769077,0.1,0.10018122899769077,0.10018122899769077,5.278162869137612e-63,5.278162869137612e-63,5.278162869137612e-60,0.001824101202584677
1,EDM Competitive Langmuir - two high-salt washes,7153f3f39ab39e3944db30e3ecafc691b277362a1f5bcba2e70b2181c5adf90d,14.255714285714285,14.255714285714285,14.255714285714285,2.3138157424767056e-60,Elution 2,1.0,0.0,0.0,0.008447695554882392,5.0,5.008025310777137,8.039636775038104e-68,5.0,6.0,0.10016050621554275,5.161437040362513,0.10016050621554275,0.1,0.10016050621554275,0.10016050621554275,2.3138157424767056e-63,2.3138157424767056e-63,2.3138157424767056e-60,0.0018238744139730196
1,EDM Competitive Langmuir - two high-salt washes,7153f3f39ab39e3944db30e3ecafc691b277362a1f5bcba2e70b2181c5adf90d,14.267857142857142,14.267857142857142,14.267857142857142,1.0143511689320379e-60,Elution 2,1.0,0.0,0.0,0.007481731643794305,5.0,5.0071076450616205,3.5251589994195587e-68,5.0,6.0,0.10014215290123211,5.142977373575434,0.10014215290123211,0.1,0.10014215290123211,0.10014215290123211,1.0143511689320379e-63,1.0143511689320379e-63,1.0143511689320379e-60,0.0018236735801888224
1,EDM Competitive Langmuir - two high-salt washes,7153f3f39ab39e3944db30e3ecafc691b277362a1f5bcba2e70b2181c5adf90d,14.28,14.28,14.28,4.4469264371996296e-61,Elution 2,1.0,0.0,0.0,0.006626223099258402,5.0,5.006294911944287,1.5456943522736542e-68,5.0,6.0,0.10012589823888587,5.126628486027349,0.10012589823888587,0.1,0.10012589823888587,0.10012589823888587,4.4469264371996295e-64,4.4469264371996295e-64,4.4469264371996296e-61,0.0018234957296720093
1,EDM Competitive Langmuir - two high-salt washes,7153f3f39ab39e3944db30e3ecafc691b277362a1f5bcba2e70b2181c5adf90d,14.292142857142856,14.292142857142856,14.292142857142856,1.9495853084268283e-61,Elution 2,1.0,0.0,0.0,0.005868542331713164,5.0,5.005575115215124,6.77752075609181e-69,5.0,6.0,0.10011150230430256,5.112149029806518,0.10011150230430256,0.1,0.10011150230430256,0.10011150230430256,1.9495853084268283e-64,1.9495853084268283e-64,1.9495853084268283e-61,0.0018233382309227086
1,EDM Competitive Langmuir - two high-salt washes,7153f3f39ab39e3944db30e3ecafc691b277362a1f5bcba2e70b2181c5adf90d,14.304285714285715,14.304285714285715,14.304285714285715,8.547399780693208e-62,Elution 2,1.0,0.0,0.0,0.005197495384360276,5.0,5.004937620615155,2.9718039260949783e-69,5.0,6.0,0.10009875241230291,5.099325240961139,0.10009875241230291,0.1,0.10009875241230291,0.10009875241230291,8.547399780693207e-65,8.547399780693207e-65,8.547399780693208e-62,0.001823198752064659
1,EDM Competitive Langmuir - two high-salt washes,7153f3f39ab39e3944db30e3ecafc691b277362a1f5bcba2e70b2181c5adf90d,14.31642857142857,14.31642857142857,14.31642857142857,3.747435704331431e-62,Elution 2,1.0,0.0,0.0,0.004603178669828317,5.0,5.00437301973633,1.3030805768868519e-69,5.0,6.0,0.10008746039472668,5.087967797460514,0.10008746039472668,0.1,0.10008746039472668,0.10008746039472668,3.747435704331431e-65,3.747435704331431e-65,3.747435704331431e-62,0.0018230752306950032
1,EDM Competitive Langmuir - two high-salt washes,7153f3f39ab39e3944db30e3ecafc691b277362a1f5bcba2e70b2181c5adf90d,14.328571428571427,14.328571428571427,14.328571428571427,1.6430160507523664e-62,Elution 2,1.0,0.0,0.0,0.00407682693583144,5.0,5.003872985589034,5.7137864546612126e-70,5.0,6.0,0.10007745971178078,5.077909028978002,0.10007745971178078,0.1,0.10007745971178078,0.10007745971178078,1.6430160507523664e-65,1.6430160507523664e-65,1.6430160507523664e-62,0.0018229658419927088
1,EDM Competitive Langmuir - two high-salt washes,7153f3f39ab39e3944db30e3ecafc691b277362a1f5bcba2e70b2181c5adf90d,14.340714285714284,14.340714285714284,14.340714285714284,7.203706599885e-63,Elution 2,1.0,0.0,0.0,0.003610655330173735,5.0,5.003430122563675,2.5054063175523197e-70,5.0,6.0,0.10006860245127343,5.069000443391975,0.10006860245127343,0.1,0.10006860245127343,0.10006860245127343,7.203706599885e-66,7.203706599885e-66,7.203706599885e-63,0.0018228689656667571
1,EDM Competitive Langmuir - two high-salt washes,7153f3f39ab39e3944db30e3ecafc691b277362a1f5bcba2e70b2181c5adf90d,14.352857142857143,14.352857142857143,14.352857142857143,3.158464990126255e-63,Elution 2,1.0,0.0,0.0,0.0031977874963940397,5.0,5.00303789812157,1.0985848273943726e-70,5.0,6.0,0.10006075796243144,5.061110518463435,0.10006075796243144,0.1,0.10006075796243144,0.10006075796243144,3.158464990126255e-66,3.158464990126255e-66,3.158464990126255e-63,0.0018227831708342533
1,EDM Competitive Langmuir - two high-salt washes,7153f3f39ab39e3944db30e3ecafc691b277362a1f5bcba2e70b2181c5adf90d,14.365,14.365,14.365,1.38484539793212e-63,Elution 2,1.0,0.0,0.0,0.0028321369374460855,5.0,5.002690530090566,4.8171497293702545e-71,5.0,6.0,0.1000538106018114,5.054122772893161,0.1000538106018114,0.1,0.1000538106018114,0.1000538106018114,1.3848453979321198e-66,1.3848453979321198e-66,1.38484539793212e-63,0.0018227071912257178
1,EDM Competitive Langmuir - two high-salt washes,7153f3f39ab39e3944db30e3ecafc691b277362a1f5bcba2e70b2181c5adf90d,14.377142857142855,14.377142857142857,14.377142857142857,6.0719907121925984e-64,Elution 2,1.0,0.0,0.0,0.0025082917527782813,5.0,5.002382877165149,2.11226151489923e-71,5.0,6.0,0.10004765754330294,5.047934048068141,0.10004765754330294,0.1,0.10004765754330294,0.10004765754330294,6.071990712192599e-67,6.071990712192599e-67,6.0719907121925984e-64,0.0018226399011238969
1,EDM Competitive Langmuir - two high-salt washes,7153f3f39ab39e3944db30e3ecafc691b277362a1f5bcba2e70b2181c5adf90d,14.389285714285712,14.389285714285712,14.389285714285712,2.6623488582758833e-64,Elution 2,1.0,0.0,0.0,0.0022214731230993903,5.0,5.002110399466942,9.262028337905538e-72,5.0,6.0,0.10004220798933891,5.042452980436299,0.10004220798933891,0.1,0.10004220798933891,0.10004220798933891,2.6623488582758833e-67,2.6623488582758833e-67,2.6623488582758833e-64,0.001822580306651203
1,EDM Competitive Langmuir - two high-salt washes,7153f3f39ab39e3944db30e3ecafc691b277362a1f5bcba2e70b2181c5adf90d,14.401428571428571,14.401428571428571,14.401428571428571,1.1673535767248906e-64,Elution 2,1.0,0.0,0.0,0.001967461620841615,5.0,5.001869088539792,4.0613021601612314e-72,5.0,6.0,0.10003738177079584,5.037598650072378,0.10003738177079584,0.1,0.10003738177079584,0.10003738177079584,1.1673535767248906e-67,1.1673535767248906e-67,1.1673535767248906e-64,0.0018225275303901027
1,EDM Competitive Langmuir - two high-salt washes,7153f3f39ab39e3944db30e3ecafc691b277362a1f5bcba2e70b2181c5adf90d,14.413571428571428,14.413571428571428,14.413571428571428,5.1185040966967695e-65,Elution 2,1.0,0.0,0.0,0.0017424897736096879,5.0,5.001655365284942,1.7808411704999172e-72,5.0,6.0,0.10003310730569868,5.033299391787912,0.10003310730569868,0.1,0.10003310730569868,0.10003310730569868,5.11850409669677e-68,5.11850409669677e-68,5.1185040966967695e-65,0.0018224807890075852
1,EDM Competitive Langmuir - two high-salt washes,7153f3f39ab39e3944db30e3ecafc691b277362a1f5bcba2e70b2181c5adf90d,14.425714285714285,14.425714285714285,14.425714285714285,2.244328933619301e-65,Elution 2,1.0,0.0,0.0,0.0015432366499363848,5.0,5.001466074817443,7.808824858171074e-73,5.0,6.0,0.1000293214963489,5.029491737844217,0.1000293214963489,0.1,0.1000293214963489,0.1000293214963489,2.2443289336193014e-68,2.2443289336193014e-68,2.244328933619301e-65,0.0018224393920888845
1,EDM Competitive Langmuir - two high-salt washes,7153f3f39ab39e3944db30e3ecafc691b277362a1f5bcba2e70b2181c5adf90d,14.437857142857142,14.43785714285714,14.43785714285714,9.840846438438428e-66,Elution 2,1.0,0.0,0.0,0.0013667785176469218,5.0,5.0012984395917535,3.4241021864742396e-73,5.0,6.0,0.10002596879183509,5.026119473474698,0.10002596879183509,0.1,0.10002596879183509,0.10002596879183509,9.840846438438428e-69,9.840846438438428e-69,9.840846438438428e-66,0.0018224027318529627
1,EDM Competitive Langmuir - two high-salt washes,7153f3f39ab39e3944db30e3ecafc691b277362a1f5bcba2e70b2181c5adf90d,14.45,14.45,14.45,4.3149981013884035e-66,Elution 2,1.0,0.0,0.0,0.0012104941234286223,5.0,5.001149969417264,1.501440857065976e-73,5.0,6.0,0.10002299938834511,5.023132813666373,0.10002299938834511,0.1,0.10002299938834511,0.10002299938834511,4.3149981013884035e-69,4.3149981013884035e-69,4.3149981013884035e-66,0.0018223702634480058
1,EDM Competitive Langmuir - two high-salt washes,7153f3f39ab39e3944db30e3ecafc691b277362a1f5bcba2e70b2181c5adf90d,14.462142857142856,14.462142857142856,14.462142857142856,1.8920417589604232e-66,Elution 2,1.0,0.0,0.0,0.0010720708910386297,5.0,5.001018467346496,6.583702008646091e-74,5.0,6.0,0.10002036934692994,5.020487666747744,0.10002036934692994,0.1,0.10002036934692994,0.10002036934692994,1.892041758960423e-69,1.892041758960423e-69,1.8920417589604232e-66,0.0018223415062193049
1,EDM Competitive Langmuir - two high-salt washes,7153f3f39ab39e3944db30e3ecafc691b277362a1f5bcba2e70b2181c5adf90d,14.474285714285713,14.474285714285713,14.474285714285713,8.296263859675682e-67,Elution 2,1.0,0.0,0.0,0.0009494889470592105,5.0,5.000902014499703,2.8869048912630174e-74,5.0,6.0,0.10001804028999406,5.018144981516497,0.10001804028999406,0.1,0.10001804028999406,0.10001804028999406,8.296263859675683e-70,8.296263859675683e-70,8.296263859675682e-67,0.001822316040374492
1,EDM Competitive Langmuir - two high-salt washes,7153f3f39ab39e3944db30e3ecafc691b277362a1f5bcba2e70b2181c5adf90d,14.48642857142857,14.48642857142857,14.48642857142857,3.637775777708455e-67,Elution 2,1.0,0.0,0.0,0.0008409221919580014,5.0,5.000798876082363,1.2658875218143954e-74,5.0,6.0,0.1000159775216471,5.016070174132443,0.1000159775216471,0.1,0.1000159775216471,0.1000159775216471,3.637775777708455e-70,3.637775777708455e-70,3.637775777708455e-67,0.0018222934864189858
1,EDM Competitive Langmuir - two high-salt washes,7153f3f39ab39e3944db30e3ecafc691b277362a1f5bcba2e70b2181c5adf90d,14.498571428571429,14.498571428571429,14.498571428571429,1.5951100592147762e-67,Elution 2,1.0,0.0,0.0,0.0007447571442610808,5.0,5.000707519287053,5.550831643753521e-75,5.0,6.0,0.10001415038574113,5.014232611497248,0.10001415038574113,0.1,0.10001415038574113,0.10001415038574113,1.595110059214776e-70,1.595110059214776e-70,1.5951100592147762e-67,0.0018222735090613284
1,EDM Competitive Langmuir - two high-salt washes,7153f3f39ab39e3944db30e3ecafc691b277362a1f5bcba2e70b2181c5adf90d,14.510714285714284,14.510714285714286,14.510714285714286,6.994337450984527e-68,Elution 2,1.0,0.0,0.0,0.0006596007454922919,5.0,5.000626620708216,2.4340038011068365e-75,5.0,6.0,0.10001253241416429,5.012605166771981,0.10001253241416429,0.1,0.10001253241416429,0.10001253241416429,6.994337450984527e-71,6.994337450984527e-71,6.994337450984527e-68,0.001822255818826738
1,EDM Competitive Langmuir - two high-salt washes,7153f3f39ab39e3944db30e3ecafc691b277362a1f5bcba2e70b2181c5adf90d,14.522857142857141,14.522857142857141,14.522857142857141,3.0669279435365044e-68,Elution 2,1.0,0.0,0.0,0.000584183442514236,5.0,5.0005549742703925,1.0672955023243833e-75,5.0,6.0,0.10001109948540764,5.011163815853448,0.10001109948540764,0.1,0.10001109948540764,0.10001109948540764,3.0669279435365045e-71,3.0669279435365045e-71,3.0669279435365044e-68,0.001822240151917498
1,EDM Competitive Langmuir - two high-salt washes,7153f3f39ab39e3944db30e3ecafc691b277362a1f5bcba2e70b2181c5adf90d,14.534999999999998,14.534999999999998,14.534999999999998,1.3448117800642857e-68,Elution 2,1.0,0.0,0.0,0.0005173762398739113,5.0,5.000491507427883,4.680026481806545e-76,5.0,6.0,0.10000983014855779,5.00988727512654,0.10000983014855779,0.1,0.10000983014855779,0.10000983014855779,1.3448117800642858e-71,1.3448117800642858e-71,1.3448117800642857e-68,0.0018222262737509016
1,EDM Competitive Langmuir - two high-salt washes,7153f3f39ab39e3944db30e3ecafc691b277362a1f5bcba2e70b2181c5adf90d,14.547142857142857,14.547142857142857,14.547142857142857,5.896852575835512e-69,Elution 2,1.0,0.0,0.0,0.0004582181992455116,5.0,5.000435307289278,2.05216427277639e-76,5.0,6.0,0.10000870614578565,5.0087567030882365,0.10000870614578565,0.1,0.10000870614578565,0.10000870614578565,5.896852575835513e-72,5.896852575835513e-72,5.896852575835512e-69,0.0018222139846680416
1,EDM Competitive Langmuir - two high-salt washes,7153f3f39ab39e3944db30e3ecafc691b277362a1f5bcba2e70b2181c5adf90d,14.559285714285714,14.559285714285714,14.559285714285714,2.5857097550863033e-69,Elution 2,1.0,0.0,0.0,0.0004058340700842285,5.0,5.000385542366584,8.998623770037997e-77,5.0,6.0,0.10000771084733136,5.007755409096103,0.10000771084733136,0.1,0.10000771084733136,0.10000771084733136,2.585709755086303e-72,2.585709755086303e-72,2.5857097550863033e-69,0.00182220310281996
1,EDM Competitive Langmuir - two high-salt washes,7153f3f39ab39e3944db30e3ecafc691b277362a1f5bcba2e70b2181c5adf90d,14.571428571428571,14.57142857142857,14.57142857142857,1.133809080411204e-69,Elution 2,1.0,0.0,0.0,0.0003594264676037342,5.0,5.00034145514423,3.945846697515058e-77,5.0,6.0,0.10000682910288453,5.006868605909464,0.10000682910288453,0.1,0.10000682910288453,0.10000682910288453,1.133809080411204e-72,1.133809080411204e-72,1.133809080411204e-69,0.0018221934625406594
1,EDM Competitive Langmuir - two high-salt washes,7153f3f39ab39e3944db30e3ecafc691b277362a1f5bcba2e70b2181c5adf90d,14.583571428571426,14.583571428571426,14.583571428571426,4.971651364720483e-70,Elution 2,1.0,0.0,0.0,0.0003183268735750158,5.0,5.0003024105298906,1.730232428600985e-77,5.0,6.0,0.10000604821059812,5.006083207023945,0.10000604821059812,0.1,0.10000604821059812,0.10000604821059812,4.971651364720483e-73,4.971651364720483e-73,4.971651364720483e-70,0.0018221849249397447
1,EDM Competitive Langmuir - two high-salt washes,7153f3f39ab39e3944db30e3ecafc691b277362a1f5bcba2e70b2181c5adf90d,14.595714285714285,14.595714285714285,14.595714285714285,2.1800272086217675e-70,Elution 2,1.0,0.0,0.0,0.00028193574738973975,5.0,5.000267838960015,7.586977530068201e-78,5.0,6.0,0.10000535677920032,5.005387616803368,0.10000535677920032,0.1,0.10000535677920032,0.10000535677920032,2.1800272086217677e-73,2.1800272086217677e-73,2.1800272086217675e-70,0.0018221773654602071
1,EDM Competitive Langmuir - two high-salt washes,7153f3f39ab39e3944db30e3ecafc691b277362a1f5bcba2e70b2181c5adf90d,14.607857142857142,14.607857142857142,14.607857142857142,9.559245501121649e-71,Elution 2,1.0,0.0,0.0,0.0002497005009624032,5.0,5.00023721547592,3.3268502045661146e-78,5.0,6.0,0.10000474430951817,5.004771561533148,0.10000474430951817,0.1,0.10000474430951817,0.10000474430951817,9.559245501121648e-74,9.559245501121648e-74,9.559245501121649e-71,0.0018221706693021596
1,EDM Competitive Langmuir - two high-salt washes,7153f3f39ab39e3944db30e3ecafc691b277362a1f5bcba2e70b2181c5adf90d,14.62,14.62,14.62,4.191656815045342e-71,Elution 2,1.0,0.0,0.0,0.0002211448305295154,5.0,5.000210087589004,1.4588068122639372e-78,5.0,6.0,0.10000420175178022,5.004225950869478,0.10000420175178022,0.1,0.10000420175178022,0.10000420175178022,4.191656815045342e-74,4.191656815045342e-74,4.191656815045342e-71,0.0018221647375150356
1,EDM Competitive Langmuir - two high-salt washes,7153f3f39ab39e3944db30e3ecafc691b277362a1f5bcba2e70b2181c5adf90d,14.632142857142856,14.632142857142856,14.632142857142856,1.8380112992668783e-71,Elution 2,1.0,0.0,0.0,0.00019585795007085957,5.0,5.000186065052558,6.396794453899061e-79,5.0,6.0,0.10000372130105147,5.003742731758046,0.10000372130105147,0.1,0.10000372130105147,0.10000372130105147,1.838011299266878e-74,1.838011299266878e-74,1.8380112992668783e-71,0.0018221594847603504
1,EDM Competitive Langmuir - two high-salt washes,7153f3f39ab39e3944db30e3ecafc691b277362a1f5bcba2e70b2181c5adf90d,14.644285714285713,14.644285714285715,14.644285714285715,8.059552905302842e-72,Elution 2,1.0,0.0,0.0,0.00017346655113187833,5.0,5.000164793223573,2.804962616217089e-79,5.0,6.0,0.10000329586447133,5.003314762433644,0.10000329586447133,0.1,0.10000329586447133,0.10000329586447133,8.059552905302842e-75,8.059552905302842e-75,8.059552905302842e-72,0.0018221548334864891
1,EDM Competitive Langmuir - two high-salt washes,7153f3f39ab39e3944db30e3ecafc691b277362a1f5bcba2e70b2181c5adf90d,14.65642857142857,14.65642857142857,14.65642857142857,3.5340606867473525e-72,Elution 2,1.0,0.0,0.0,0.00015363012122410622,5.0,5.000145948615172,1.2299623557031637e-79,5.0,6.0,0.10000291897230318,5.002935731053628,0.10000291897230318,0.1,0.10000291897230318,0.10000291897230318,3.5340606867473527e-75,3.5340606867473527e-75,3.5340606867473525e-72,0.0018221507129558326
1,EDM Competitive Langmuir - two high-salt washes,7153f3f39ab39e3944db30e3ecafc691b277362a1f5bcba2e70b2181c5adf90d,14.668571428571427,14.668571428571427,14.668571428571427,1.5496631371888727e-72,Elution 2,1.0,0.0,0.0,0.00013605989245029718,5.0,5.000129256897832,5.393325295973418e-80,5.0,6.0,0.10000258513795678,5.002600043936032,0.10000258513795678,0.1,0.10000258513795678,0.10000258513795678,1.5496631371888727e-75,1.5496631371888727e-75,1.5496631371888727e-72,0.0018221470631805338
1,EDM Competitive Langmuir - two high-salt washes,7153f3f39ab39e3944db30e3ecafc691b277362a1f5bcba2e70b2181c5adf90d,14.680714285714286,14.680714285714286,14.680714285714286,6.795177731724814e-73,Elution 2,1.0,0.0,0.0,0.0001205059863834405,5.0,5.000114480687055,2.364947251711282e-80,5.0,6.0,0.1000022896137414,5.002302736665676,0.1000022896137414,0.1,0.1000022896137414,0.1000022896137414,6.795177731724814e-76,6.795177731724814e-76,6.795177731724814e-73,0.0018221438322519115
1,EDM Competitive Langmuir - two high-salt washes,7153f3f39ab39e3944db30e3ecafc691b277362a1f5bcba2e70b2181c5adf90d,14.692857142857143,14.692857142857143,14.692857142857143,2.979645052434002e-73,Elution 2,1.0,0.0,0.0,0.00010673258409311445,5.0,5.000101395954884,1.0370181174251712e-80,5.0,6.0,0.10000202791909758,5.002039425664839,0.10000202791909758,0.1,0.10000202791909758,0.10000202791909758,2.9796450524340016e-76,2.9796450524340016e-76,2.979645052434002e-73,0.001822140971182471
1,EDM Competitive Langmuir - two high-salt washes,7153f3f39ab39e3944db30e3ecafc691b277362a1f5bcba2e70b2181c5adf90d,14.705,14.704999999999998,14.704999999999998,1.3065571637472553e-73,Elution 2,1.0,0.0,0.0,9.452827107328933e-05,5.0,5.000089801857529,4.547275493586653e-81,5.0,6.0,0.10000179603715022,5.001806228758953,0.10000179603715022,0.1,0.10000179603715022,0.10000179603715022,1.3065571637472553e-76,1.3065571637472553e-76,1.3065571637472553e-73,0.0018221384360546536
1,EDM Competitive Langmuir - two high-salt washes,7153f3f39ab39e3944db30e3ecafc691b277362a1f5bcba2e70b2181c5adf90d,14.717142857142855,14.717142857142855,14.717142857142855,5.729179781935266e-74,Elution 2,1.0,0.0,0.0,8.371701015637682e-05,5.0,5.000079531159657,1.9939589904687079e-81,5.0,6.0,0.10000159062319307,5.001599691618031,0.10000159062319307,0.1,0.10000159062319307,0.10000159062319307,5.729179781935266e-77,5.729179781935266e-77,5.729179781935266e-74,0.0018221361903000377
1,EDM Competitive Langmuir - two high-salt washes,7153f3f39ab39e3944db30e3ecafc691b277362a1f5bcba2e70b2181c5adf90d,14.729285714285714,14.729285714285714,14.729285714285714,2.512213935276254e-74,Elution 2,1.0,0.0,0.0,7.414442993407024e-05,5.0,5.00007043720843,8.743417302677834e-82,5.0,6.0,0.10000140874416895,5.001416770339299,0.10000140874416895,0.1,0.10000140874416895,0.10000140874416895,2.512213935276254e-77,2.512213935276254e-77,2.512213935276254e-74,0.00182213420185101
1,EDM Competitive Langmuir - two high-salt washes,7153f3f39ab39e3944db30e3ecafc691b277362a1f5bcba2e70b2181c5adf90d,14.741428571428571,14.741428571428571,14.741428571428571,1.1015923443929624e-74,Elution 2,1.0,0.0,0.0,6.566936654993786e-05,5.0,5.000062385898207,3.833947992329782e-82,5.0,6.0,0.10000124771796438,5.001254771893374,0.10000124771796438,0.1,0.10000124771796438,0.10000124771796438,1.1015923443929624e-77,1.1015923443929624e-77,1.1015923443929624e-74,0.0018221324413837323
1,EDM Competitive Langmuir - two high-salt washes,7153f3f39ab39e3944db30e3ecafc691b277362a1f5bcba2e70b2181c5adf90d,14.753571428571428,14.753571428571428,14.753571428571428,4.830424554743396e-75,Elution 2,1.0,0.0,0.0,5.8160179641075214e-05,5.0,5.0000552521706565,1.6811685265432855e-82,5.0,6.0,0.10000110504341296,5.001111292337626,0.10000110504341296,0.1,0.10000110504341296,0.10000110504341296,4.830424554743395e-78,4.830424554743395e-78,4.830424554743396e-75,0.0018221308815528274
1,EDM Competitive Langmuir - two high-salt washes,7153f3f39ab39e3944db30e3ecafc691b277362a1f5bcba2e70b2181c5adf90d,14.765714285714285,14.765714285714285,14.765714285714285,2.1181162448412085e-75,Elution 2,1.0,0.0,0.0,5.150694139913496e-05,5.0,5.000048931594339,7.371846859614391e-83,5.0,6.0,0.10000097863188662,5.000984216509204,0.10000097863188662,0.1,0.10000097863188662,0.10000097863188662,2.1181162448412084e-78,2.1181162448412084e-78,2.1181162448412085e-75,0.001822129499523276
1,EDM Competitive Langmuir - two high-salt washes,7153f3f39ab39e3944db30e3ecafc691b277362a1f5bcba2e70b2181c5adf90d,14.777857142857142,14.777857142857144,14.777857142857144,9.28783221933576e-76,Elution 2,1.0,0.0,0.0,4.5616477582914335e-05,5.0,5.00004333565371,3.2325211608419285e-83,5.0,6.0,0.10000086671307437,5.000871679671073,0.10000086671307437,0.1,0.10000086671307437,0.10000086671307437,9.28783221933576e-79,9.28783221933576e-79,9.28783221933576e-76,0.0018221282759402707
1,EDM Competitive Langmuir - two high-salt washes,7153f3f39ab39e3944db30e3ecafc691b277362a1f5bcba2e70b2181c5adf90d,14.79,14.79,14.79,4.0726679706934815e-76,Elution 2,1.0,0.0,0.0,4.0404290856660386e-05,5.0,5.000038384076307,1.4174458093335474e-83,5.0,6.0,0.10000076768152644,5.000772006436684,0.10000076768152644,0.1,0.10000076768152644,0.10000076768152644,4.072667970693481e-79,4.072667970693481e-79,4.0726679706934815e-76,0.0018221271932514903
1,EDM Competitive Langmuir - two high-salt washes,7153f3f39ab39e3944db30e3ecafc691b277362a1f5bcba2e70b2181c5adf90d,14.802142857142856,14.802142857142856,14.802142857142856,1.78584480059054e-76,Elution 2,1.0,0.0,0.0,3.5787621586868844e-05,5.0,5.0000339982404975,6.215435530600818e-84,5.0,6.0,0.10000067996481005,5.000683725587395,0.10000067996481005,0.1,0.10000067996481005,0.10000067996481005,1.78584480059054e-79,1.78584480059054e-79,1.78584480059054e-76,0.0018221262342656573
1,EDM Competitive Langmuir - two high-salt washes,7153f3f39ab39e3944db30e3ecafc691b277362a1f5bcba2e70b2181c5adf90d,14.814285714285713,14.814285714285713,14.814285714285713,7.830842329288203e-77,Elution 2,1.0,0.0,0.0,3.169705905356817e-05,5.0,5.000030112206097,2.72544034430554e-84,5.0,6.0,0.10000060224412181,5.0006055482265035,0.10000060224412181,0.1,0.10000060224412181,0.10000060224412181,7.830842329288203e-80,7.830842329288203e-80,7.830842329288203e-77,0.0018221253845644254
1,EDM Competitive Langmuir - two high-salt washes,7153f3f39ab39e3944db30e3ecafc691b277362a1f5bcba2e70b2181c5adf90d,14.826428571428572,14.826428571428572,14.826428571428572,3.4337865614507554e-77,Elution 2,1.0,0.0,0.0,2.80718802631321e-05,5.0,5.000026668286254,1.1950932839651686e-84,5.0,6.0,0.10000053336572493,5.000536307552007,0.10000053336572493,0.1,0.10000053336572493,0.10000053336572493,3.433786561450755e-80,3.433786561450755e-80,3.4337865614507554e-77,0.0018221246315341286
1,EDM Competitive Langmuir - two high-salt washes,7153f3f39ab39e3944db30e3ecafc691b277362a1f5bcba2e70b2181c5adf90d,14.838571428571429,14.838571428571427,14.838571428571427,1.505698988349898e-77,Elution 2,1.0,0.0,0.0,2.4862601655907292e-05,5.0,5.000023619471576,5.240430202621139e-85,5.0,6.0,0.10000047238943158,5.000474977975352,0.10000047238943158,0.1,0.10000047238943158,0.10000047238943158,1.505698988349898e-80,1.505698988349898e-80,1.505698988349898e-77,0.0018221239648958144
1,EDM Competitive Langmuir - two high-salt washes,7153f3f39ab39e3944db30e3ecafc691b277362a1f5bcba2e70b2181c5adf90d,14.850714285714284,14.850714285714284,14.850714285714284,6.602418674998251e-78,Elution 2,1.0,0.0,0.0,2.2022034416514564e-05,5.0,5.000020920932692,2.297905077820158e-85,5.0,6.0,0.10000041841865402,5.000420670547309,0.10000041841865402,0.1,0.10000041841865402,0.10000041841865402,6.602418674998251e-81,6.602418674998251e-81,6.602418674998251e-78,0.0018221233748472265
1,EDM Competitive Langmuir - two high-salt washes,7153f3f39ab39e3944db30e3ecafc691b277362a1f5bcba2e70b2181c5adf90d,14.862857142857141,14.862857142857141,14.862857142857141,2.895129520980968e-78,Elution 2,1.0,0.0,0.0,1.9507149345109367e-05,5.0,5.000018531791872,1.0076210608537085e-85,5.0,6.0,0.10000037063583758,5.00037257553648,0.10000037063583758,0.1,0.10000037063583758,0.10000037063583758,2.895129520980968e-81,2.895129520980968e-81,2.895129520980968e-78,0.0018221228524501812
1,EDM Competitive Langmuir - two high-salt washes,7153f3f39ab39e3944db30e3ecafc691b277362a1f5bcba2e70b2181c5adf90d,14.875,14.875,14.875,1.2695007632798358e-78,Elution 2,1.0,0.0,0.0,1.727792270002815e-05,5.0,5.000016414026562,4.4183731869127466e-86,5.0,6.0,0.10000032828053122,5.00032997143413,0.10000032828053122,0.1,0.10000032828053122,0.10000032828053122,1.2695007632798358e-81,1.2695007632798358e-81,1.2695007632798358e-78,0.0018221223893908102
1,EDM Competitive Langmuir - two high-salt washes,7153f3f39ab39e3944db30e3ecafc691b277362a1f5bcba2e70b2181c5adf90d,14.887142857142857,14.887142857142857,14.887142857142857,5.566701866570355e-79,Elution 2,1.0,0.0,0.0,1.5301535887504037e-05,5.0,5.000014536459098,1.9374368647254645e-86,5.0,6.0,0.1000002907291818,5.000292242421104,0.1000002907291818,0.1,0.1000002907291818,0.1000002907291818,5.566701866570355e-82,5.566701866570355e-82,5.566701866570355e-79,0.0018221219788519289
1,EDM Competitive Langmuir - two high-salt washes,7153f3f39ab39e3944db30e3ecafc691b277362a1f5bcba2e70b2181c5adf90d,14.899285714285714,14.899285714285714,14.899285714285714,2.440973043879733e-79,Elution 2,1.0,0.0,0.0,1.3551953999377252e-05,5.0,5.000012874356306,8.495574031644477e-87,5.0,6.0,0.10000025748712603,5.000258832052928,0.10000025748712603,0.1,0.10000025748712603,0.10000025748712603,2.440973043879733e-82,2.440973043879733e-82,2.440973043879733e-79,0.0018221216154254826
1,EDM Competitive Langmuir - two high-salt washes,7153f3f39ab39e3944db30e3ecafc691b277362a1f5bcba2e70b2181c5adf90d,14.91142857142857,14.91142857142857,14.91142857142857,1.0703554532257745e-79,Elution 2,1.0,0.0,0.0,1.200263849235052e-05,5.0,5.000011402506571,3.7252712708410466e-87,5.0,6.0,0.10000022805013149,5.000229236685651,0.10000022805013149,0.1,0.10000022805013149,0.10000022805013149,1.0703554532257745e-82,1.0703554532257745e-82,1.0703554532257745e-79,0.001822121293598807
1,EDM Competitive Langmuir - two high-salt washes,7153f3f39ab39e3944db30e3ecafc691b277362a1f5bcba2e70b2181c5adf90d,14.923571428571428,14.923571428571428,14.923571428571428,4.693459642762084e-80,Elution 2,1.0,0.0,0.0,1.0631060720955186e-05,5.0,5.000010099507679,1.6335148305905842e-87,5.0,6.0,0.10000020199015378,5.000203022137108,0.10000020199015378,0.1,0.10000020199015378,0.10000020199015378,4.693459642762084e-83,4.693459642762084e-83,4.693459642762084e-80,0.001822121008692187
1,EDM Competitive Langmuir - two high-salt washes,7153f3f39ab39e3944db30e3ecafc691b277362a1f5bcba2e70b2181c5adf90d,14.935714285714285,14.935714285714285,14.935714285714285,2.058060639277807e-80,Elution 2,1.0,0.0,0.0,9.4156382219698e-06,5.0,5.000008944856299,7.162889708001155e-88,5.0,6.0,0.10000017889712622,5.000179808632269,0.10000017889712622,0.1,0.10000017889712622,0.10000017889712622,2.058060639277807e-83,2.058060639277807e-83,2.058060639277807e-80,0.001822120756222461
1,EDM Competitive Langmuir - two high-salt washes,7153f3f39ab39e3944db30e3ecafc691b277362a1f5bcba2e70b2181c5adf90d,14.947857142857142,14.947857142857142,14.947857142857142,9.02450231744848e-81,Elution 2,1.0,0.0,0.0,8.338461537219612e-06,5.0,5.000007921538453,3.1408952276423256e-88,5.0,6.0,0.10000015843076912,5.0001592506916905,0.10000015843076912,0.1,0.10000015843076912,0.10000015843076912,9.02450231744848e-84,9.02450231744848e-84,9.02450231744848e-81,0.0018221205324694299
1,EDM Competitive Langmuir - two high-salt washes,7153f3f39ab39e3944db30e3ecafc691b277362a1f5bcba2e70b2181c5adf90d,14.959999999999999,14.959999999999999,14.959999999999999,3.957203351233345e-81,Elution 2,1.0,0.0,0.0,7.383918407445788e-06,5.0,5.000007014722487,1.377268574445929e-88,5.0,6.0,0.10000014029444965,5.000141039286543,0.10000014029444965,0.1,0.10000014029444965,0.10000014029444965,3.957203351233345e-84,3.957203351233345e-84,3.957203351233345e-81,0.0018221203341900803
1,EDM Competitive Langmuir - two high-salt washes,7153f3f39ab39e3944db30e3ecafc691b277362a1f5bcba2e70b2181c5adf90d,14.972142857142858,14.972142857142856,14.972142857142856,1.7352157758501768e-81,Elution 2,1.0,0.0,0.0,6.538545308205191e-06,5.0,5.000006211618054,6.039261420445373e-89,5.0,6.0,0.10000012423236088,5.000124910953486,0.10000012423236088,0.1,0.10000012423236088,0.10000012423236088,1.7352157758501768e-84,1.7352157758501768e-84,1.7352157758501768e-81,0.0018221201585877373
1,EDM Competitive Langmuir - two high-salt washes,7153f3f39ab39e3944db30e3ecafc691b277362a1f5bcba2e70b2181c5adf90d,14.984285714285713,14.984285714285713,14.984285714285713,7.608842898044148e-82,Elution 2,1.0,0.0,0.0,5.790489136416772e-06,5.0,5.0000055009646935,2.6481892764145984e-89,5.0,6.0,0.1000001100192937,5.000110632236416,0.1000001100192937,0.1,0.1000001100192937,0.1000001100192937,7.608842898044148e-85,7.608842898044148e-85,7.608842898044148e-82,0.0018221200032002465
1,EDM Competitive Langmuir - two high-salt washes,7153f3f39ab39e3944db30e3ecafc691b277362a1f5bcba2e70b2181c5adf90d,14.99642857142857,14.99642857142857,14.99642857142857,3.3364433571617316e-82,Elution 2,1.0,0.0,0.0,5.128990974096254e-06,5.0,5.000004872541431,1.1612192266739462e-89,5.0,6.0,0.10000009745082863,5.00009798592625,0.10000009745082863,0.1,0.10000009745082863,0.10000009745082863,3.3364433571617314e-85,3.3364433571617314e-85,3.3364433571617316e-82,0.0018221198657927425
1,EDM Competitive Langmuir - two high-salt washes,7153f3f39ab39e3944db30e3ecafc691b277362a1f5bcba2e70b2181c5adf90d,15.008571428571427,15.008571428571427,15.008571428571427,1.463015419783066e-82,Elution 2,1.0,0.0,0.0,4.543018642662142e-06,5.0,5.000004315867705,5.09189471450492e-90,5.0,6.0,0.10000008631735424,5.000086781064037,0.10000008631735424,0.1,0.10000008631735424,0.10000008631735424,1.4630154197830658e-85,1.4630154197830658e-85,1.463015419783066e-82,0.001822119744073597
1,EDM Competitive Langmuir - two high-salt washes,7153f3f39ab39e3944db30e3ecafc691b277362a1f5bcba2e70b2181c5adf90d,15.020714285714286,15.020714285714286,15.020714285714286,6.415256982779965e-83,Elution 2,1.0,0.0,0.0,4.02375498964116e-06,5.0,5.0000038225672245,2.2327732165230686e-90,5.0,6.0,0.10000007645134472,5.0000768564681195,0.10000007645134472,0.1,0.10000007645134472,0.10000007645134472,6.415256982779965e-86,6.415256982779965e-86,6.415256982779965e-83,0.0018221196362112958
1,EDM Competitive Langmuir - two high-salt washes,7153f3f39ab39e3944db30e3ecafc691b277362a1f5bcba2e70b2181c5adf90d,15.032857142857143,15.032857142857143,15.032857142857143,2.813061449026901e-83,Elution 2,1.0,0.0,0.0,3.5631266993518636e-06,5.0,5.000003384970348,9.790611416895325e-91,5.0,6.0,0.10000006769940714,5.000068069176012,0.10000006769940714,0.1,0.10000006769940714,0.10000006769940714,2.813061449026901e-86,2.813061449026901e-86,2.813061449026901e-83,0.0018221195405288344
1,EDM Competitive Langmuir - two high-salt washes,7153f3f39ab39e3944db30e3ecafc691b277362a1f5bcba2e70b2181c5adf90d,15.044999999999998,15.044999999999998,15.044999999999998,1.2335148601861609e-83,Elution 2,1.0,0.0,0.0,3.1545112466563323e-06,5.0,5.000002996785677,4.2931396472145623e-91,5.0,6.0,0.10000005993571355,5.000060287743046,0.10000005993571355,0.1,0.10000005993571355,0.10000005993571355,1.233514860186161e-86,1.233514860186161e-86,1.2335148601861609e-83,0.0018221194556505699
1,EDM Competitive Langmuir - two high-salt washes,7153f3f39ab39e3944db30e3ecafc691b277362a1f5bcba2e70b2181c5adf90d,15.057142857142855,15.057142857142855,15.057142857142855,5.4089075393602315e-84,Elution 2,1.0,0.0,0.0,2.792750853470253e-06,5.0,5.000002653113314,1.882522683449209e-91,5.0,6.0,0.10000005306226617,5.000053393177622,0.10000005306226617,0.1,0.10000005306226617,0.10000005306226617,5.408907539360232e-87,5.408907539360232e-87,5.4089075393602315e-84,0.001822119380505118
1,EDM Competitive Langmuir - two high-salt washes,7153f3f39ab39e3944db30e3ecafc691b277362a1f5bcba2e70b2181c5adf90d,15.069285714285714,15.069285714285714,15.069285714285714,2.37178180950244e-84,Elution 2,1.0,0.0,0.0,2.473087484090794e-06,5.0,5.000002349433124,8.254778443895793e-92,5.0,6.0,0.10000004698866233,5.0000472857294485,0.10000004698866233,0.1,0.10000004698866233,0.10000004698866233,2.37178180950244e-87,2.37178180950244e-87,2.37178180950244e-84,0.0018221193141041317
1,EDM Competitive Langmuir - two high-salt washes,7153f3f39ab39e3944db30e3ecafc691b277362a1f5bcba2e70b2181c5adf90d,15.081428571428571,15.081428571428571,15.081428571428571,1.0400157448438263e-84,Elution 2,1.0,0.0,0.0,2.1899175247333573e-06,5.0,5.000002080421666,3.6196837303742426e-92,5.0,6.0,0.1000000416084332,5.000041879307415,0.1000000416084332,0.1,0.1000000416084332,0.1000000416084332,1.0400157448438262e-87,1.0400157448438262e-87,1.0400157448438263e-84,0.0018221192552836162
1,EDM Competitive Langmuir - two high-salt washes,7153f3f39ab39e3944db30e3ecafc691b277362a1f5bcba2e70b2181c5adf90d,15.093571428571428,15.093571428571428,15.093571428571428,4.5604226912984523e-85,Elution 2,1.0,0.0,0.0,1.940086629270119e-06,5.0,5.000001843082305,1.5872152620519035e-92,5.0,6.0,0.10000003686164616,5.000037094124598,0.10000003686164616,0.1,0.10000003686164616,0.10000003686164616,4.560422691298452e-88,4.560422691298452e-88,4.5604226912984523e-85,0.0018221192033883444
1,EDM Competitive Langmuir - two high-salt washes,7153f3f39ab39e3944db30e3ecafc691b277362a1f5bcba2e70b2181c5adf90d,15.105714285714287,15.105714285714285,15.105714285714285,1.9997250402799816e-85,Elution 2,1.0,0.0,0.0,1.7184771449575555e-06,5.0,5.0000016325532854,6.959868540146818e-93,5.0,6.0,0.10000003265106587,5.000032855289203,0.10000003265106587,0.1,0.10000003265106587,0.10000003265106587,1.9997250402799818e-88,1.9997250402799818e-88,1.9997250402799816e-85,0.0018221191573552697
1,EDM Competitive Langmuir - two high-salt washes,7153f3f39ab39e3944db30e3ecafc691b277362a1f5bcba2e70b2181c5adf90d,15.117857142857142,15.117857142857142,15.117857142857142,8.768705299509241e-86,Elution 2,1.0,0.0,0.0,1.52184491681178e-06,5.0,5.000001445752658,3.051871496029014e-93,5.0,6.0,0.10000002891505334,5.000029099288496,0.10000002891505334,0.1,0.10000002891505334,0.10000002891505334,8.768705299509242e-89,8.768705299509242e-89,8.768705299509241e-86,0.0018221191165105105
1,EDM Competitive Langmuir - two high-salt washes,7153f3f39ab39e3944db30e3ecafc691b277362a1f5bcba2e70b2181c5adf90d,15.129999999999999,15.129999999999999,15.129999999999999,3.845038268425518e-86,Elution 2,1.0,0.0,0.0,1.3477568473304387e-06,5.0,5.000001280368988,1.3382321211882962e-93,5.0,6.0,0.10000002560737985,5.0000257715760545,0.10000002560737985,0.1,0.10000002560737985,0.10000002560737985,3.845038268425518e-89,3.845038268425518e-89,3.845038268425518e-86,0.00182211908034866
1,EDM Competitive Langmuir - two high-salt washes,7153f3f39ab39e3944db30e3ecafc691b277362a1f5bcba2e70b2181c5adf90d,15.142142857142856,15.142142857142856,15.142142857142856,1.6860321854059666e-86,Elution 2,1.0,0.0,0.0,1.1933328444989388e-06,5.0,5.000001133666189,5.868088530110762e-94,5.0,6.0,0.10000002267332378,5.0000228257836685,0.10000002267332378,0.1,0.10000002267332378,0.10000002267332378,1.6860321854059666e-89,1.6860321854059666e-89,1.6860321854059666e-86,0.001822119048271463
1,EDM Competitive Langmuir - two high-salt washes,7153f3f39ab39e3944db30e3ecafc691b277362a1f5bcba2e70b2181c5adf90d,15.154285714285715,15.154285714285715,15.154285714285715,7.393176203528034e-87,Elution 2,1.0,0.0,0.0,1.056502389483907e-06,5.0,5.000001003677268,2.5731308107945447e-94,5.0,6.0,0.10000002007354522,5.000020218244216,0.10000002007354522,0.1,0.10000002007354522,0.10000002007354522,7.393176203528034e-90,7.393176203528034e-90,7.393176203528034e-87,0.0018221190198488269
1,EDM Competitive Langmuir - two high-salt washes,7153f3f39ab39e3944db30e3ecafc691b277362a1f5bcba2e70b2181c5adf90d,15.166428571428572,15.166428571428572,15.166428571428572,3.2418749216930355e-87,Elution 2,1.0,0.0,0.0,9.36535954594279e-07,5.0,5.0000008897091615,1.1283064563698612e-94,5.0,6.0,0.10000001779418305,5.000017908919721,0.10000001779418305,0.1,0.10000001779418305,0.10000001779418305,3.2418749216930353e-90,3.2418749216930353e-90,3.2418749216930355e-87,0.0018221189949292123
1,EDM Competitive Langmuir - two high-salt washes,7153f3f39ab39e3944db30e3ecafc691b277362a1f5bcba2e70b2181c5adf90d,15.178571428571427,15.178571428571427,15.178571428571427,1.421547756336868e-87,Elution 2,1.0,0.0,0.0,8.301411501479539e-07,5.0,5.000000788634105,4.94757380817397e-95,5.0,6.0,0.10000001577268196,5.000015861800837,0.10000001577268196,0.1,0.10000001577268196,0.10000001577268196,1.421547756336868e-90,1.421547756336868e-90,1.421547756336868e-87,0.001822118972828719
1,EDM Competitive Langmuir - two high-salt washes,7153f3f39ab39e3944db30e3ecafc691b277362a1f5bcba2e70b2181c5adf90d,15.190714285714284,15.190714285714284,15.190714285714284,6.233423801219915e-88,Elution 2,1.0,0.0,0.0,7.358065772180689e-07,5.0,5.000000699016266,2.169489190239011e-95,5.0,6.0,0.10000001398032526,5.000014047605336,0.10000001398032526,0.1,0.10000001398032526,0.10000001398032526,6.233423801219916e-91,6.233423801219916e-91,6.233423801219915e-88,0.0018221189532333965
1,EDM Competitive Langmuir - two high-salt washes,7153f3f39ab39e3944db30e3ecafc691b277362a1f5bcba2e70b2181c5adf90d,15.202857142857143,15.202857142857143,15.202857142857143,2.7333286706601983e-88,Elution 2,1.0,0.0,0.0,6.528691440213348e-07,5.0,5.000000620225705,9.513113966219245e-96,5.0,6.0,0.10000001240451407,5.000012441459325,0.10000001240451407,0.1,0.10000001240451407,0.10000001240451407,2.7333286706601986e-91,2.7333286706601986e-91,2.7333286706601983e-88,0.001822118936005504
1,EDM Competitive Langmuir - two high-salt washes,7153f3f39ab39e3944db30e3ecafc691b277362a1f5bcba2e70b2181c5adf90d,15.215,15.215,15.215,1.1985524934694123e-88,Elution 2,1.0,0.0,0.0,5.788513677712329e-07,5.0,5.000000549908811,4.17145832249912e-96,5.0,6.0,0.10000001099817624,5.000011019271603,0.10000001099817624,0.1,0.10000001099817624,0.10000001099817624,1.1985524934694123e-91,1.1985524934694123e-91,1.1985524934694123e-88,0.0018221189206304152
1,EDM Competitive Langmuir - two high-salt washes,7153f3f39ab39e3944db30e3ecafc691b277362a1f5bcba2e70b2181c5adf90d,15.227142857142857,15.227142857142857,15.227142857142857,5.255599511617223e-89,Elution 2,1.0,0.0,0.0,5.128222941701342e-07,5.0,5.00000048718118,1.8291659919360216e-96,5.0,6.0,0.10000000974362366,5.000009759904332,0.10000000974362366,0.1,0.10000000974362366,0.10000000974362366,5.255599511617223e-92,5.255599511617223e-92,5.255599511617223e-89,0.0018221189069147512
1,EDM Competitive Langmuir - two high-salt washes,7153f3f39ab39e3944db30e3ecafc691b277362a1f5bcba2e70b2181c5adf90d,15.239285714285712,15.239285714285714,15.239285714285714,2.3045570744009992e-89,Elution 2,1.0,0.0,0.0,4.5486995387001256e-07,5.0,5.00000043212645,8.020811833052879e-97,5.0,6.0,0.10000000864252909,5.000008643880462,0.10000000864252909,0.1,0.10000000864252909,0.10000000864252909,2.3045570744009994e-92,2.3045570744009994e-92,2.3045570744009992e-89,0.0018221188948767998
1,EDM Competitive Langmuir - two high-salt washes,7153f3f39ab39e3944db30e3ecafc691b277362a1f5bcba2e70b2181c5adf90d,15.251428571428571,15.251428571428571,15.251428571428571,1.0105380568513637e-89,Elution 2,1.0,0.0,0.0,4.030151453395477e-07,5.0,5.000000382864377,3.517090453697023e-97,5.0,6.0,0.10000000765728759,5.000007654827875,0.10000000765728759,0.1,0.10000000765728759,0.10000000765728759,1.0105380568513637e-92,1.0105380568513637e-92,1.0105380568513637e-89,0.001822118884105437
1,EDM Competitive Langmuir - two high-salt washes,7153f3f39ab39e3944db30e3ecafc691b277362a1f5bcba2e70b2181c5adf90d,15.263571428571428,15.263571428571428,15.263571428571428,4.431164570423602e-90,Elution 2,1.0,0.0,0.0,3.56689854194587e-07,5.0,5.0000003388553464,1.54222858245837e-97,5.0,6.0,0.10000000677710696,5.000006778515301,0.10000000677710696,0.1,0.10000000677710696,0.10000000677710696,4.431164570423601e-93,4.431164570423601e-93,4.431164570423602e-90,0.0018221188744826746
1,EDM Competitive Langmuir - two high-salt washes,7153f3f39ab39e3944db30e3ecafc691b277362a1f5bcba2e70b2181c5adf90d,15.275714285714285,15.275714285714285,15.275714285714285,1.943046018190932e-90,Elution 2,1.0,0.0,0.0,3.161774503747764e-07,5.0,5.000000300368564,6.76260401184895e-98,5.0,6.0,0.10000000600737131,5.000006002602359,0.10000000600737131,0.1,0.10000000600737131,0.10000000600737131,1.943046018190932e-93,1.943046018190932e-93,1.943046018190932e-90,0.0018221188660673755
1,EDM Competitive Langmuir - two high-salt washes,7153f3f39ab39e3944db30e3ecafc691b277362a1f5bcba2e70b2181c5adf90d,15.287857142857142,15.287857142857142,15.287857142857142,8.520170653089314e-91,Elution 2,1.0,0.0,0.0,2.8011377237725493e-07,5.0,5.000000266108075,2.9653719009477335e-98,5.0,6.0,0.10000000532216158,5.000005316134322,0.10000000532216158,0.1,0.10000000532216158,0.10000000532216158,8.520170653089314e-94,8.520170653089314e-94,8.520170653089314e-91,0.0018221188585761739
1,EDM Competitive Langmuir - two high-salt washes,7153f3f39ab39e3944db30e3ecafc691b277362a1f5bcba2e70b2181c5adf90d,15.3,15.3,15.3,3.7360570646707427e-91,Elution 2,1.0,0.0,0.0,2.4816461893458136e-07,5.0,5.000000235756389,1.3003024422957858e-98,5.0,6.0,0.10000000471512785,5.000004708813864,0.10000000471512785,0.1,0.10000000471512785,0.10000000471512785,3.736057064670743e-94,3.736057064670743e-94,3.7360570646707427e-91,0.0018221188519396483
1,EDM Competitive Langmuir - two high-salt washes,7153f3f39ab39e3944db30e3ecafc691b277362a1f5bcba2e70b2181c5adf90d,15.312142857142856,15.312142857142856,15.312142857142856,1.6382444638141032e-91,Elution 2,1.0,0.0,0.0,2.2041794850958215e-07,5.0,5.000000209397055,5.701768608626874e-99,5.0,6.0,0.1000000041879412,5.000004170779328,0.1000000041879412,0.1,0.1000000041879412,0.1000000041879412,1.6382444638141032e-94,1.6382444638141032e-94,1.6382444638141032e-91,0.0018221188461760678
1,EDM Competitive Langmuir - two high-salt washes,7153f3f39ab39e3944db30e3ecafc691b277362a1f5bcba2e70b2181c5adf90d,15.324285714285713,15.324285714285713,15.324285714285713,7.183629368947809e-92,Elution 2,1.0,0.0,0.0,1.9580347033494542e-07,5.0,5.000000186013305,2.5002002776113822e-99,5.0,6.0,0.10000000372026616,5.0000036938622605,0.10000000372026616,0.1,0.10000000372026616,0.10000000372026616,7.18362936894781e-95,7.18362936894781e-95,7.183629368947809e-92,0.0018221188410631108
1,EDM Competitive Langmuir - two high-salt washes,7153f3f39ab39e3944db30e3ecafc691b277362a1f5bcba2e70b2181c5adf90d,15.33642857142857,15.33642857142857,15.33642857142857,3.149989643627868e-92,Elution 2,1.0,0.0,0.0,1.7373583759538463e-07,5.0,5.000000165049058,1.0963267467025203e-99,5.0,6.0,0.10000000330098117,5.000003270798386,0.10000000330098117,0.1,0.10000000330098117,0.10000000330098117,3.1499896436278676e-95,3.1499896436278676e-95,3.149989643627868e-92,0.0018221188364791886
1,EDM Competitive Langmuir - two high-salt washes,7153f3f39ab39e3944db30e3ecafc691b277362a1f5bcba2e70b2181c5adf90d,15.348571428571429,15.348571428571429,15.348571428571429,1.3812565002514426e-92,Elution 2,1.0,0.0,0.0,1.5395940665548965e-07,5.0,5.000000146261451,4.807344221434438e-100,5.0,6.0,0.100000002925229,5.00000289570557,0.100000002925229,0.1,0.100000002925229,0.100000002925229,1.3812565002514426e-95,1.3812565002514426e-95,1.3812565002514426e-92,0.001822118832371198
1,EDM Competitive Langmuir - two high-salt washes,7153f3f39ab39e3944db30e3ecafc691b277362a1f5bcba2e70b2181c5adf90d,15.360714285714286,15.360714285714286,15.360714285714286,6.05674854969455e-93,Elution 2,1.0,0.0,0.0,1.3697900946260625e-07,5.0,5.000000130130073,2.1079991467548702e-100,5.0,6.0,0.1000000026026014,5.0000025637956105,0.1000000026026014,0.1,0.1000000026026014,0.1000000026026014,6.056748549694551e-96,6.056748549694551e-96,6.05674854969455e-93,0.001822118828844003
1,EDM Competitive Langmuir - two high-salt washes,7153f3f39ab39e3944db30e3ecafc691b277362a1f5bcba2e70b2181c5adf90d,15.372857142857141,15.372857142857143,15.372857142857143,2.655857402723038e-93,Elution 2,1.0,0.0,0.0,1.2181921261163335e-07,5.0,5.0000001157282625,9.243482884771359e-101,5.0,6.0,0.10000000231456517,5.000002270312106,0.10000000231456517,0.1,0.10000000231456517,0.10000000231456517,2.655857402723038e-96,2.655857402723038e-96,2.655857402723038e-93,0.0018221188256949854
1,EDM Competitive Langmuir - two high-salt washes,7153f3f39ab39e3944db30e3ecafc691b277362a1f5bcba2e70b2181c5adf90d,15.384999999999998,15.384999999999998,15.384999999999998,1.164581703998656e-93,Elution 2,1.0,0.0,0.0,1.0808617094326547e-07,5.0,5.000000102681867,4.0532263013871967e-101,5.0,6.0,0.10000000205363724,5.0000020106159715,0.10000000205363724,0.1,0.10000000205363724,0.10000000205363724,1.164581703998656e-96,1.164581703998656e-96,1.164581703998656e-93,0.0018221188228423352
1,EDM Competitive Langmuir - two high-salt washes,7153f3f39ab39e3944db30e3ecafc691b277362a1f5bcba2e70b2181c5adf90d,15.397142857142857,15.397142857142857,15.397142857142857,5.106639175822697e-94,Elution 2,1.0,0.0,0.0,9.556655568823153e-08,5.0,5.000000090788222,1.7773217797269237e-101,5.0,6.0,0.10000000181576435,5.000001781162005,0.10000000181576435,0.1,0.10000000181576435,0.10000000181576435,5.106639175822696e-97,5.106639175822696e-97,5.106639175822697e-94,0.0018221188202417393
1,EDM Competitive Langmuir - two high-salt washes,7153f3f39ab39e3944db30e3ecafc691b277362a1f5bcba2e70b2181c5adf90d,15.409285714285714,15.409285714285714,15.409285714285714,2.2392386546602816e-94,Elution 2,1.0,0.0,0.0,8.496454506441831e-08,5.0,5.000000080716307,7.79347727966613e-102,5.0,6.0,0.10000000161432608,5.000001577611925,0.10000000161432608,0.1,0.10000000161432608,0.10000000161432608,2.2392386546602816e-97,2.2392386546602816e-97,2.2392386546602816e-94,0.0018221188180394725
1,EDM Competitive Langmuir - two high-salt washes,7153f3f39ab39e3944db30e3ecafc691b277362a1f5bcba2e70b2181c5adf90d,15.42142857142857,15.42142857142857,15.42142857142857,9.818962298696657e-95,Elution 2,1.0,0.0,0.0,7.549729808622425e-08,5.0,5.000000071722419,3.417405267044618e-102,5.0,6.0,0.10000000143444836,5.0000013971104025,0.10000000143444836,0.1,0.10000000143444836,0.10000000143444836,9.818962298696657e-98,9.818962298696657e-98,9.818962298696657e-95,0.001822118816072921
1,EDM Competitive Langmuir - two high-salt washes,7153f3f39ab39e3944db30e3ecafc691b277362a1f5bcba2e70b2181c5adf90d,15.433571428571428,15.433571428571426,15.433571428571426,4.305571469501725e-95,Elution 2,1.0,0.0,0.0,6.693949510897195e-08,5.0,5.000000063592505,1.4985170727813275e-102,5.0,6.0,0.10000000127185014,5.000001237221106,0.10000000127185014,0.1,0.10000000127185014,0.10000000127185014,4.305571469501725e-98,4.305571469501725e-98,4.305571469501725e-95,0.0018221188142952813
1,EDM Competitive Langmuir - two high-salt washes,7153f3f39ab39e3944db30e3ecafc691b277362a1f5bcba2e70b2181c5adf90d,15.445714285714285,15.445714285714285,15.445714285714285,1.887974015937836e-95,Elution 2,1.0,0.0,0.0,5.9110020055995096e-08,5.0,5.000000056154504,6.570930990209769e-103,5.0,6.0,0.10000000112309024,5.000001095434154,0.10000000112309024,0.1,0.10000000112309024,0.10000000112309024,1.8879740159378358e-98,1.8879740159378358e-98,1.887974015937836e-95,0.0018221188126689319
1,EDM Competitive Langmuir - two high-salt washes,7153f3f39ab39e3944db30e3ecafc691b277362a1f5bcba2e70b2181c5adf90d,15.457857142857142,15.457857142857142,15.457857142857142,8.278682425450078e-96,Elution 2,1.0,0.0,0.0,5.247761047481559e-08,5.0,5.000000049853716,2.8813241346582744e-103,5.0,6.0,0.10000000099707453,5.000000970157237,0.10000000099707453,0.1,0.10000000099707453,0.10000000099707453,8.278682425450077e-99,8.278682425450077e-99,8.278682425450078e-96,0.0018221188112912386
1,EDM Competitive Langmuir - two high-salt washes,7153f3f39ab39e3944db30e3ecafc691b277362a1f5bcba2e70b2181c5adf90d,15.469999999999999,15.469999999999999,15.469999999999999,3.6301655709110225e-96,Elution 2,1.0,0.0,0.0,4.657355847755116e-08,5.0,5.00000004424487,1.263447870883698e-103,5.0,6.0,0.10000000088489762,5.000000859981204,0.10000000088489762,0.1,0.10000000088489762,0.10000000088489762,3.6301655709110226e-99,3.6301655709110226e-99,3.6301655709110225e-96,0.0018221188100648405
1,EDM Competitive Langmuir - two high-salt washes,7153f3f39ab39e3944db30e3ecafc691b277362a1f5bcba2e70b2181c5adf90d,15.482142857142856,15.482142857142856,15.482142857142856,1.591811522317437e-96,Elution 2,1.0,0.0,0.0,4.126809235234876e-08,5.0,5.000000039204683,5.5401629525026837e-104,5.0,6.0,0.10000000078409386,5.000000762275917,0.10000000078409386,0.1,0.10000000078409386,0.10000000078409386,1.5918115223174369e-99,1.5918115223174369e-99,1.591811522317437e-96,0.0018221188089627821
1,EDM Competitive Langmuir - two high-salt washes,7153f3f39ab39e3944db30e3ecafc691b277362a1f5bcba2e70b2181c5adf90d,15.494285714285715,15.494285714285715,15.494285714285715,6.980023013995673e-97,Elution 2,1.0,0.0,0.0,3.643144038735459e-08,5.0,5.000000034609871,2.429336915957866e-104,5.0,6.0,0.1000000006921976,5.000000675842571,0.1000000006921976,0.1,0.1000000006921976,0.1000000006921976,6.980023013995673e-100,6.980023013995673e-100,6.980023013995673e-97,0.0018221188079581066
1,EDM Competitive Langmuir - two high-salt washes,7153f3f39ab39e3944db30e3ecafc691b277362a1f5bcba2e70b2181c5adf90d,15.50642857142857,15.506428571428572,15.506428571428572,3.060709173112411e-97,Elution 2,1.0,0.0,0.0,3.2536982289062364e-08,5.0,5.000000030910139,1.0652534775591658e-104,5.0,6.0,0.10000000061820295,5.000000599544265,0.10000000061820295,0.1,0.10000000061820295,0.10000000061820295,3.060709173112411e-100,3.060709173112411e-100,3.060709173112411e-97,0.0018221188071491444
1,EDM Competitive Langmuir - two high-salt washes,7153f3f39ab39e3944db30e3ecafc691b277362a1f5bcba2e70b2181c5adf90d,15.518571428571427,15.518571428571427,15.518571428571427,1.3421074149282946e-97,Elution 2,1.0,0.0,0.0,2.913211902121772e-08,5.0,5.000000027675521,4.671089316707721e-105,5.0,6.0,0.10000000055351059,5.0000005314595075,0.10000000055351059,0.1,0.10000000055351059,0.10000000055351059,1.3421074149282946e-100,1.3421074149282946e-100,1.3421074149282946e-97,0.0018221188064418811
1,EDM Competitive Langmuir - two high-salt washes,7153f3f39ab39e3944db30e3ecafc691b277362a1f5bcba2e70b2181c5adf90d,15.530714285714284,15.530714285714284,15.530714285714284,5.885081566111375e-98,Elution 2,1.0,0.0,0.0,2.611497376883e-08,5.0,5.0000000248092356,2.0482519761552578e-105,5.0,6.0,0.10000000049618483,5.0000004709886126,0.10000000049618483,0.1,0.10000000049618483,0.10000000049618483,5.885081566111376e-101,5.885081566111376e-101,5.885081566111375e-98,0.0018221188058151552
1,EDM Competitive Langmuir - two high-salt washes,7153f3f39ab39e3944db30e3ecafc691b277362a1f5bcba2e70b2181c5adf90d,15.542857142857143,15.542857142857143,15.542857142857143,2.5805821991363535e-98,Elution 2,1.0,0.0,0.0,2.3392934976330004e-08,5.0,5.0000000222233005,8.981494194305363e-106,5.0,6.0,0.10000000044446607,5.000000417637605,0.10000000044446607,0.1,0.10000000044446607,0.10000000044446607,2.5805821991363534e-101,2.5805821991363534e-101,2.5805821991363535e-98,0.0018221188052497288
1,EDM Competitive Langmuir - two high-salt washes,7153f3f39ab39e3944db30e3ecafc691b277362a1f5bcba2e70b2181c5adf90d,15.555,15.555,15.555,1.131573863882034e-98,Elution 2,1.0,0.0,0.0,2.0873391088149782e-08,5.0,5.000000019829734,3.9383454234584033e-106,5.0,6.0,0.10000000039659467,5.000000369920544,0.10000000039659467,0.1,0.10000000039659467,0.10000000039659467,1.131573863882034e-101,1.131573863882034e-101,1.131573863882034e-98,0.0018221188047263645
1,EDM Competitive Langmuir - two high-salt washes,7153f3f39ab39e3944db30e3ecafc691b277362a1f5bcba2e70b2181c5adf90d,15.567142857142857,15.567142857142855,15.567142857142855,4.961901271499985e-99,Elution 2,1.0,0.0,0.0,1.8463730548720092e-08,5.0,5.000000017540557,1.726947024533197e-106,5.0,6.0,0.100000000350811,5.000000327535704,0.100000000350811,0.1,0.100000000350811,0.100000000350811,4.961901271499985e-102,4.961901271499985e-102,4.961901271499985e-99,0.0018221188042258248
1,EDM Competitive Langmuir - two high-salt washes,7153f3f39ab39e3944db30e3ecafc691b277362a1f5bcba2e70b2181c5adf90d,15.579285714285714,15.579285714285714,15.579285714285714,2.1757717295799873e-99,Elution 2,1.0,0.0,0.0,1.6495807046651814e-08,5.0,5.000000015671028,7.572586213025995e-107,5.0,6.0,0.10000000031342035,5.00000029029195,0.10000000031342035,0.1,0.10000000031342035,0.10000000031342035,2.1757717295799873e-102,2.1757717295799873e-102,2.1757717295799873e-99,0.0018221188038170435
1,EDM Competitive Langmuir - two high-salt washes,7153f3f39ab39e3944db30e3ecafc691b277362a1f5bcba2e70b2181c5adf90d,15.59142857142857,15.59142857142857,15.59142857142857,9.540662662304835e-100,Elution 2,1.0,0.0,0.0,1.4906524154510565e-08,5.0,5.000000014161208,3.320545514122435e-107,5.0,6.0,0.10000000028322394,5.000000257181108,0.10000000028322394,0.1,0.10000000028322394,0.10000000028322394,9.540662662304834e-103,9.540662662304834e-103,9.540662662304835e-100,0.001822118803486915
1,EDM Competitive Langmuir - two high-salt washes,7153f3f39ab39e3944db30e3ecafc691b277362a1f5bcba2e70b2181c5adf90d,15.603571428571428,15.603571428571428,15.603571428571428,4.1835383189706303e-100,Elution 2,1.0,0.0,0.0,1.3477171687447548e-08,5.0,5.000000012803322,1.4560445006908484e-107,5.0,6.0,0.10000000025606619,5.0000002280036435,0.10000000025606619,0.1,0.10000000025606619,0.10000000025606619,4.18353831897063e-103,4.18353831897063e-103,4.1835383189706303e-100,0.001822118803190007
1,EDM Competitive Langmuir - two high-salt washes,7153f3f39ab39e3944db30e3ecafc691b277362a1f5bcba2e70b2181c5adf90d,15.615714285714285,15.615714285714285,15.615714285714285,1.8344630228041646e-100,Elution 2,1.0,0.0,0.0,1.2156220116125526e-08,5.0,5.000000011548415,6.384690644945243e-108,5.0,6.0,0.10000000023096807,5.000000202519482,0.10000000023096807,0.1,0.10000000023096807,0.10000000023096807,1.8344630228041646e-103,1.8344630228041646e-103,1.8344630228041646e-100,0.0018221188029156165
1,EDM Competitive Langmuir - two high-salt washes,7153f3f39ab39e3944db30e3ecafc691b277362a1f5bcba2e70b2181c5adf90d,15.627857142857144,15.627857142857144,15.627857142857144,8.044039101796225e-101,Elution 2,1.0,0.0,0.0,1.0892139911207059e-08,5.0,5.000000010347535,2.7996585689965743e-108,5.0,6.0,0.1000000002069505,5.00000017984735,0.1000000002069505,0.1,0.1000000002069505,0.1000000002069505,8.044039101796225e-104,8.044039101796225e-104,8.044039101796225e-101,0.0018221188026530395
1,EDM Competitive Langmuir - two high-salt washes,7153f3f39ab39e3944db30e3ecafc691b277362a1f5bcba2e70b2181c5adf90d,15.639999999999999,15.64,15.64,3.527275517091224e-101,Elution 2,1.0,0.0,0.0,9.633401543355294e-09,5.0,5.000000009151729,1.2276378823805305e-108,5.0,6.0,0.10000000018303445,5.0000001595232915,0.10000000018303445,0.1,0.10000000018303445,0.10000000018303445,3.527275517091224e-104,3.527275517091224e-104,3.527275517091224e-101,0.001822118802391572
1,EDM Competitive Langmuir - two high-salt washes,7153f3f39ab39e3944db30e3ecafc691b277362a1f5bcba2e70b2181c5adf90d,15.652142857142856,15.652142857142856,15.652142857142856,1.5466946911118714e-101,Elution 2,1.0,0.0,0.0,8.479665400413223e-09,5.0,5.000000008055675,5.383137740274129e-109,5.0,6.0,0.10000000016111345,5.000000141516928,0.10000000016111345,0.1,0.10000000016111345,0.10000000016111345,1.5466946911118713e-104,1.5466946911118713e-104,1.5466946911118714e-101,0.0018221188021519162
1,EDM Competitive Langmuir - two high-salt washes,7153f3f39ab39e3944db30e3ecafc691b277362a1f5bcba2e70b2181c5adf90d,15.664285714285713,15.664285714285713,15.664285714285713,6.782187713961287e-102,Elution 2,1.0,0.0,0.0,7.640927246931985e-09,5.0,5.000000007258872,2.360482056379293e-109,5.0,6.0,0.10000000014517742,5.000000125894246,0.10000000014517742,0.1,0.10000000014517742,0.10000000014517742,6.782187713961287e-105,6.782187713961287e-105,6.782187713961287e-102,0.001822118801977692
1,EDM Competitive Langmuir - two high-salt washes,7153f3f39ab39e3944db30e3ecafc691b277362a1f5bcba2e70b2181c5adf90d,15.676428571428572,15.676428571428572,15.676428571428572,2.9739592728204947e-102,Elution 2,1.0,0.0,0.0,6.8794634139510566e-09,5.0,5.00000000653548,1.0350609267957662e-109,5.0,6.0,0.10000000013070962,5.0000001118910875,0.10000000013070962,0.1,0.10000000013070962,0.10000000013070962,2.9739592728204948e-105,2.9739592728204948e-105,2.9739592728204947e-102,0.0018221188018195196
1,EDM Competitive Langmuir - two high-salt washes,7153f3f39ab39e3944db30e3ecafc691b277362a1f5bcba2e70b2181c5adf90d,15.688571428571429,15.688571428571429,15.688571428571429,1.3040679688627512e-102,Elution 2,1.0,0.0,0.0,6.173285630697461e-09,5.0,5.000000005864609,4.5386963196321365e-110,5.0,6.0,0.10000000011729226,5.000000099183736,0.10000000011729226,0.1,0.10000000011729226,0.10000000011729226,1.3040679688627513e-105,1.3040679688627513e-105,1.3040679688627512e-102,0.0018221188016728316
1,EDM Competitive Langmuir - two high-salt washes,7153f3f39ab39e3944db30e3ecafc691b277362a1f5bcba2e70b2181c5adf90d,15.700714285714286,15.700714285714284,15.700714285714284,5.718280283758154e-103,Elution 2,1.0,0.0,0.0,5.500405626397858e-09,5.0,5.000000005225374,1.990198233614885e-110,5.0,6.0,0.10000000010450759,5.000000087825894,0.10000000010450759,0.1,0.10000000010450759,0.10000000010450759,5.7182802837581545e-106,5.7182802837581545e-106,5.718280283758154e-103,0.0018221188015330604
1,EDM Competitive Langmuir - two high-salt washes,7153f3f39ab39e3944db30e3ecafc691b277362a1f5bcba2e70b2181c5adf90d,15.71285714285714,15.71285714285714,15.71285714285714,2.5074405770951865e-103,Elution 2,1.0,0.0,0.0,4.838835130279033e-09,5.0,5.000000004596883,8.726931105668151e-111,5.0,6.0,0.10000000009193782,5.0000000780710465,0.10000000009193782,0.1,0.10000000009193782,0.10000000009193782,2.507440577095187e-106,2.507440577095187e-106,2.5074405770951865e-103,0.0018221188013956388
1,EDM Competitive Langmuir - two high-salt washes,7153f3f39ab39e3944db30e3ecafc691b277362a1f5bcba2e70b2181c5adf90d,15.725,15.725,15.725,1.0995015871486594e-103,Elution 2,1.0,0.0,0.0,4.1720977726318136e-09,5.0,5.000000003963484,3.826720637017109e-111,5.0,6.0,0.10000000007926992,5.000000069331268,0.10000000007926992,0.1,0.10000000007926992,0.10000000007926992,1.0995015871486594e-106,1.0995015871486594e-106,1.0995015871486594e-103,0.0018221188012571444
1,EDM Competitive Langmuir - two high-salt washes,7153f3f39ab39e3944db30e3ecafc691b277362a1f5bcba2e70b2181c5adf90d,15.737142857142857,15.737142857142857,15.737142857142857,4.821265760794353e-104,Elution 2,1.0,0.0,0.0,3.64957529900136e-09,5.0,5.000000003467089,1.6780000502464886e-111,5.0,6.0,0.10000000006934201,5.000000061404857,0.10000000006934201,0.1,0.10000000006934201,0.10000000006934201,4.821265760794353e-107,4.821265760794353e-107,4.821265760794353e-104,0.001822118801148605
1,EDM Competitive Langmuir - two high-salt washes,7153f3f39ab39e3944db30e3ecafc691b277362a1f5bcba2e70b2181c5adf90d,15.749285714285714,15.749285714285714,15.749285714285714,2.1141036819020288e-104,Elution 2,1.0,0.0,0.0,3.18299608344565e-09,5.0,5.00000000302384,7.357955899359355e-112,5.0,6.0,0.10000000006047702,5.000000054301331,0.10000000006047702,0.1,0.10000000006047702,0.10000000006047702,2.1141036819020288e-107,2.1141036819020288e-107,2.1141036819020288e-104,0.0018221188010516867
1,EDM Competitive Langmuir - two high-salt washes,7153f3f39ab39e3944db30e3ecafc691b277362a1f5bcba2e70b2181c5adf90d,15.76142857142857,15.76142857142857,15.76142857142857,9.270251007991235e-105,Elution 2,1.0,0.0,0.0,2.772360125964683e-09,5.0,5.000000002633738,3.2264310724594313e-112,5.0,6.0,0.10000000005267495,5.000000048204055,0.10000000005267495,0.1,0.10000000005267495,0.10000000005267495,9.270251007991234e-108,9.270251007991234e-108,9.270251007991235e-105,0.001822118800966389
1,EDM Competitive Langmuir - two high-salt washes,7153f3f39ab39e3944db30e3ecafc691b277362a1f5bcba2e70b2181c5adf90d,15.773571428571428,15.77357142857143,15.77357142857143,4.06496400756657e-105,Elution 2,1.0,0.0,0.0,2.4176674265584083e-09,5.0,5.000000002296781,1.4147757349642205e-112,5.0,6.0,0.1000000000459358,5.000000042762462,0.1000000000459358,0.1,0.1000000000459358,0.1000000000459358,4.0649640075665694e-108,4.0649640075665694e-108,4.06496400756657e-105,0.001822118800892712
1,EDM Competitive Langmuir - two high-salt washes,7153f3f39ab39e3944db30e3ecafc691b277362a1f5bcba2e70b2181c5adf90d,15.785714285714285,15.785714285714285,15.785714285714285,1.7824687129511562e-105,Elution 2,1.0,0.0,0.0,2.118917985226937e-09,5.0,5.000000002012972,6.203728935457779e-113,5.0,6.0,0.10000000004025957,5.000000037853268,0.10000000004025957,0.1,0.10000000004025957,0.10000000004025957,1.782468712951156e-108,1.782468712951156e-108,1.7824687129511562e-105,0.0018221188008306552
1,EDM Competitive Langmuir - two high-salt washes,7153f3f39ab39e3944db30e3ecafc691b277362a1f5bcba2e70b2181c5adf90d,15.797857142857142,15.797857142857142,15.797857142857142,7.816046357991489e-106,Elution 2,1.0,0.0,0.0,1.8761118019702088e-09,5.0,5.0000000017823085,2.72030766103539e-113,5.0,6.0,0.10000000003564624,5.000000033521715,0.10000000003564624,0.1,0.10000000003564624,0.10000000003564624,7.816046357991488e-109,7.816046357991488e-109,7.816046357991489e-106,0.0018221188007802192
1,EDM Competitive Langmuir - two high-salt washes,7153f3f39ab39e3944db30e3ecafc691b277362a1f5bcba2e70b2181c5adf90d,15.809999999999999,15.809999999999999,15.809999999999999,3.427301709518699e-106,Elution 2,1.0,0.0,0.0,1.5682001755640303e-09,5.0,5.000000001489793,1.1928428607519194e-113,5.0,6.0,0.10000000002979592,5.000000029958781,0.10000000002979592,0.1,0.10000000002979592,0.10000000002979592,3.427301709518699e-109,3.427301709518699e-109,3.427301709518699e-106,0.0018221188007162593
1,EDM Competitive Langmuir - two high-salt washes,7153f3f39ab39e3944db30e3ecafc691b277362a1f5bcba2e70b2181c5adf90d,15.822142857142858,15.822142857142858,15.822142857142858,1.5028566195899064e-106,Elution 2,1.0,0.0,0.0,1.2504340093526427e-09,5.0,5.0000000011879155,5.230563111771918e-114,5.0,6.0,0.10000000002375836,5.000000026832496,0.10000000002375836,0.1,0.10000000002375836,0.10000000002375836,1.5028566195899065e-109,1.5028566195899065e-109,1.5028566195899064e-106,0.0018221188006502522
1,EDM Competitive Langmuir - two high-salt washes,7153f3f39ab39e3944db30e3ecafc691b277362a1f5bcba2e70b2181c5adf90d,15.834285714285715,15.834285714285713,15.834285714285713,6.589959713159743e-107,Elution 2,1.0,0.0,0.0,9.647073384873733e-10,5.0,5.000000000916476,2.2935787576423366e-114,5.0,6.0,0.10000000001832957,5.000000024048666,0.10000000001832957,0.1,0.10000000001832957,0.10000000001832957,6.589959713159743e-110,6.589959713159743e-110,6.589959713159743e-107,0.001822118800590901
1,EDM Competitive Langmuir - two high-salt washes,7153f3f39ab39e3944db30e3ecafc691b277362a1f5bcba2e70b2181c5adf90d,15.84642857142857,15.84642857142857,15.84642857142857,2.8896681463270314e-107,Elution 2,1.0,0.0,0.0,7.110201629681695e-10,5.0,5.000000000675473,1.0057241266572655e-114,5.0,6.0,0.1000000000135095,5.000000021519311,0.1000000000135095,0.1,0.1000000000135095,0.1000000000135095,2.889668146327031e-110,2.889668146327031e-110,2.8896681463270314e-107,0.0018221188005382045
1,EDM Competitive Langmuir - two high-salt washes,7153f3f39ab39e3944db30e3ecafc691b277362a1f5bcba2e70b2181c5adf90d,15.858571428571427,15.858571428571427,15.858571428571427,1.2671066834073296e-107,Elution 2,1.0,0.0,0.0,4.893724827950314e-10,5.0,5.000000000464907,4.410055750521014e-115,5.0,6.0,0.10000000000929819,5.000000019156447,0.10000000000929819,0.1,0.10000000000929819,0.10000000000929819,1.2671066834073295e-110,1.2671066834073295e-110,1.2671066834073296e-107,0.0018221188004921634
1,EDM Competitive Langmuir - two high-salt washes,7153f3f39ab39e3944db30e3ecafc691b277362a1f5bcba2e70b2181c5adf90d,15.870714285714286,15.870714285714286,15.870714285714286,5.5562066847761315e-108,Elution 2,1.0,0.0,0.0,2.997642979679321e-10,5.0,5.00000000028478,1.933789913875875e-115,5.0,6.0,0.10000000000569563,5.000000016990695,0.10000000000569563,0.1,0.10000000000569563,0.10000000000569563,5.5562066847761315e-111,5.5562066847761315e-111,5.5562066847761315e-108,0.0018221188004527776
1,EDM Competitive Langmuir - two high-salt washes,7153f3f39ab39e3944db30e3ecafc691b277362a1f5bcba2e70b2181c5adf90d,15.882857142857143,15.882857142857143,15.882857142857143,2.4363720220479212e-108,Elution 2,1.0,0.0,0.0,1.4219560848693066e-10,5.0,5.00000000013509,8.479583122208502e-116,5.0,6.0,0.10000000000270182,5.000000015226964,0.10000000000270182,0.1,0.10000000000270182,0.10000000000270182,2.4363720220479212e-111,2.4363720220479212e-111,2.4363720220479212e-108,0.001822118800420047
1,EDM Competitive Langmuir - two high-salt washes,7153f3f39ab39e3944db30e3ecafc691b277362a1f5bcba2e70b2181c5adf90d,15.895,15.895,15.895,1.068338340633794e-108,Elution 2,1.0,0.0,0.0,1.6666414351994887e-11,5.0,5.000000000015837,3.7182596418852833e-116,5.0,6.0,0.10000000000031675,5.00000001376183,0.10000000000031675,0.1,0.10000000000031675,0.10000000000031675,1.0683383406337939e-111,1.0683383406337939e-111,1.068338340633794e-108,0.0018221188003939722
1,EDM Competitive Langmuir - two high-salt washes,7153f3f39ab39e3944db30e3ecafc691b277362a1f5bcba2e70b2181c5adf90d,15.907142857142855,15.907142857142855,15.907142857142855,4.684616305483609e-109,Elution 2,1.0,0.0,0.0,-7.68232844368752e-11,5.0,4.999999999927022,1.6304403843006387e-116,5.0,6.0,0.09999999999854044,5.000000012434231,0.09999999999854044,0.1,0.09999999999854044,0.09999999999854044,4.684616305483609e-112,4.684616305483609e-112,4.684616305483609e-109,0.0018221188003745522
1,EDM Competitive Langmuir - two high-salt washes,7153f3f39ab39e3944db30e3ecafc691b277362a1f5bcba2e70b2181c5adf90d,15.919285714285714,15.919285714285714,15.919285714285714,2.0541835011392033e-109,Elution 2,1.0,0.0,0.0,-1.3827348787968653e-10,5.0,4.999999999868644,7.149408870790503e-117,5.0,6.0,0.09999999999737287,5.0000000111952145,0.09999999999737287,0.1,0.09999999999737287,0.09999999999737287,2.0541835011392034e-112,2.0541835011392034e-112,2.0541835011392033e-109,0.0018221188003617874
1,EDM Competitive Langmuir - two high-salt washes,7153f3f39ab39e3944db30e3ecafc691b277362a1f5bcba2e70b2181c5adf90d,15.93142857142857,15.93142857142857,15.93142857142857,9.007503669876358e-110,Elution 2,1.0,0.0,0.0,-1.6768419597641998e-10,5.0,4.999999999840703,3.1349841241639794e-117,5.0,6.0,0.09999999999681404,5.000000009995827,0.09999999999681404,0.1,0.09999999999681404,0.09999999999681404,9.007503669876358e-113,9.007503669876358e-113,9.007503669876358e-110,0.001822118800355678
1,EDM Competitive Langmuir - two high-salt washes,7153f3f39ab39e3944db30e3ecafc691b277362a1f5bcba2e70b2181c5adf90d,15.943571428571428,15.943571428571428,15.943571428571428,3.949750463772764e-110,Elution 2,1.0,0.0,0.0,-1.650554087270877e-10,5.0,4.999999999843201,1.3746766531873963e-117,5.0,6.0,0.09999999999686397,5.00000000882936,0.09999999999686397,0.1,0.09999999999686397,0.09999999999686397,3.949750463772764e-113,3.949750463772764e-113,3.949750463772764e-110,0.0018221188003562237
1,EDM Competitive Langmuir - two high-salt washes,7153f3f39ab39e3944db30e3ecafc691b277362a1f5bcba2e70b2181c5adf90d,15.955714285714285,15.955714285714285,15.955714285714285,1.7319480843814058e-110,Elution 2,1.0,0.0,0.0,-1.303871261316897e-10,5.0,4.9999999998761355,6.027896237987125e-118,5.0,6.0,0.09999999999752264,5.000000007821321,0.09999999999752264,0.1,0.09999999999752264,0.09999999999752264,1.731948084381406e-113,1.731948084381406e-113,1.7319480843814058e-110,0.0018221188003634248
1,EDM Competitive Langmuir - two high-salt washes,7153f3f39ab39e3944db30e3ecafc691b277362a1f5bcba2e70b2181c5adf90d,15.967857142857143,15.967857142857142,15.967857142857142,7.594515639683471e-111,Elution 2,1.0,0.0,0.0,-1.4431543554025359e-10,5.0,4.999999999862903,2.6432058020123547e-118,5.0,6.0,0.09999999999725799,5.0000000070461095,0.09999999999725799,0.1,0.09999999999725799,0.09999999999725799,7.59451563968347e-114,7.59451563968347e-114,7.594515639683471e-111,0.0018221188003605313
1,EDM Competitive Langmuir - two high-salt washes,7153f3f39ab39e3944db30e3ecafc691b277362a1f5bcba2e70b2181c5adf90d,15.979999999999999,15.979999999999999,15.979999999999999,3.330161470864744e-111,Elution 2,1.0,0.0,0.0,-2.0818837141441863e-10,5.0,4.999999999802224,1.1590340370771725e-118,5.0,6.0,0.09999999999604439,5.000000006338165,0.09999999999604439,0.1,0.09999999999604439,0.09999999999604439,3.330161470864744e-114,3.330161470864744e-114,3.330161470864744e-111,0.0018221188003472635
1,EDM Competitive Langmuir - two high-salt washes,7153f3f39ab39e3944db30e3ecafc691b277362a1f5bcba2e70b2181c5adf90d,15.992142857142856,15.992142857142856,15.992142857142856,1.460261055240254e-111,Elution 2,1.0,0.0,0.0,-2.6130677860910017e-10,5.0,4.999999999751761,5.082312917446057e-119,5.0,6.0,0.09999999999503514,5.000000005676599,0.09999999999503514,0.1,0.09999999999503514,0.09999999999503514,1.460261055240254e-114,1.460261055240254e-114,1.460261055240254e-111,0.0018221188003362295
1,EDM Competitive Langmuir - two high-salt washes,7153f3f39ab39e3944db30e3ecafc691b277362a1f5bcba2e70b2181c5adf90d,16.004285714285714,16.004285714285714,16.004285714285714,6.403180050303217e-112,Elution 2,1.0,0.0,0.0,-3.036706571243041e-10,5.0,4.999999999711515,2.2285717040696168e-119,5.0,6.0,0.09999999999423023,5.0000000050405236,0.09999999999423023,0.1,0.09999999999423023,0.09999999999423023,6.403180050303217e-115,6.403180050303217e-115,6.403180050303217e-112,0.0018221188003274295
1,EDM Competitive Langmuir - two high-salt washes,7153f3f39ab39e3944db30e3ecafc691b277362a1f5bcba2e70b2181c5adf90d,16.01642857142857,16.01642857142857,16.01642857142857,2.807766091515613e-112,Elution 2,1.0,0.0,0.0,-3.352800069600172e-10,5.0,4.999999999681486,9.77218821598486e-120,5.0,6.0,0.09999999999362964,5.000000004410589,0.09999999999362964,0.1,0.09999999999362964,0.09999999999362964,2.807766091515613e-115,2.807766091515613e-115,2.807766091515613e-112,0.0018221188003208638
1,EDM Competitive Langmuir - two high-salt washes,7153f3f39ab39e3944db30e3ecafc691b277362a1f5bcba2e70b2181c5adf90d,16.02857142857143,16.02857142857143,16.02857142857143,1.2311929951579365e-112,Elution 2,1.0,0.0,0.0,-3.561348281162468e-10,5.0,4.999999999661674,4.2850612504082004e-120,5.0,6.0,0.0999999999932334,5.000000003817485,0.0999999999932334,0.1,0.0999999999932334,0.0999999999932334,1.2311929951579365e-115,1.2311929951579365e-115,1.2311929951579365e-112,0.001822118800316532
1,EDM Competitive Langmuir - two high-salt washes,7153f3f39ab39e3944db30e3ecafc691b277362a1f5bcba2e70b2181c5adf90d,16.040714285714284,16.040714285714284,16.040714285714284,5.398726752588375e-113,Elution 2,1.0,0.0,0.0,-3.662351205929931e-10,5.0,4.999999999652078,1.878980379206916e-120,5.0,6.0,0.0999999999930415,5.000000003336721,0.0999999999930415,0.1,0.0999999999930415,0.0999999999930415,5.398726752588375e-116,5.398726752588375e-116,5.398726752588375e-113,0.0018221188003144338
1,EDM Competitive Langmuir - two high-salt washes,7153f3f39ab39e3944db30e3ecafc691b277362a1f5bcba2e70b2181c5adf90d,16.052857142857142,16.052857142857142,16.052857142857142,2.3673177693303517e-113,Elution 2,1.0,0.0,0.0,-3.6558088439025493e-10,5.0,4.9999999996527,8.239245740322046e-121,5.0,6.0,0.09999999999305394,5.000000002909104,0.09999999999305394,0.1,0.09999999999305394,0.09999999999305394,2.3673177693303518e-116,2.3673177693303518e-116,2.3673177693303517e-113,0.0018221188003145696
1,EDM Competitive Langmuir - two high-salt washes,7153f3f39ab39e3944db30e3ecafc691b277362a1f5bcba2e70b2181c5adf90d,16.065,16.064999999999998,16.064999999999998,1.0380583566867722e-113,Elution 2,1.0,0.0,0.0,-3.5417211950803264e-10,5.0,4.999999999663538,3.6128727644347335e-121,5.0,6.0,0.09999999999327071,5.000000002534633,0.09999999999327071,0.1,0.09999999999327071,0.09999999999327071,1.0380583566867722e-116,1.0380583566867722e-116,1.0380583566867722e-113,0.0018221188003169396
1,EDM Competitive Langmuir - two high-salt washes,7153f3f39ab39e3944db30e3ecafc691b277362a1f5bcba2e70b2181c5adf90d,16.077142857142857,16.077142857142857,16.077142857142857,4.5518399170910576e-114,Elution 2,1.0,0.0,0.0,-3.320088259463269e-10,5.0,4.999999999684593,1.5842287053191433e-121,5.0,6.0,0.09999999999369182,5.000000002213308,0.09999999999369182,0.1,0.09999999999369182,0.09999999999369182,4.5518399170910574e-117,4.5518399170910574e-117,4.5518399170910576e-114,0.0018221188003215434
1,EDM Competitive Langmuir - two high-salt washes,7153f3f39ab39e3944db30e3ecafc691b277362a1f5bcba2e70b2181c5adf90d,16.08928571428571,16.08928571428571,16.08928571428571,1.9959616429441253e-114,Elution 2,1.0,0.0,0.0,-2.9909100370513775e-10,5.0,4.999999999715864,6.946772705266459e-122,5.0,6.0,0.09999999999431726,5.000000001945129,0.09999999999431726,0.1,0.09999999999431726,0.09999999999431726,1.995961642944125e-117,1.995961642944125e-117,1.9959616429441253e-114,0.0018221188003283812
1,EDM Competitive Langmuir - two high-salt washes,7153f3f39ab39e3944db30e3ecafc691b277362a1f5bcba2e70b2181c5adf90d,16.10142857142857,16.10142857142857,16.10142857142857,8.752203400535554e-115,Elution 2,1.0,0.0,0.0,-2.5541865278445757e-10,5.0,4.999999999757352,3.046129063095907e-122,5.0,6.0,0.09999999999514703,5.000000001696274,0.09999999999514703,0.1,0.09999999999514703,0.09999999999514703,8.752203400535554e-118,8.752203400535554e-118,8.752203400535554e-115,0.001822118800337453
1,EDM Competitive Langmuir - two high-salt washes,7153f3f39ab39e3944db30e3ecafc691b277362a1f5bcba2e70b2181c5adf90d,16.11357142857143,16.11357142857143,16.11357142857143,3.8378024264736013e-115,Elution 2,1.0,0.0,0.0,-2.009917731842999e-10,5.0,4.999999999809058,1.3357141024646487e-122,5.0,6.0,0.09999999999618114,5.0000000014010055,0.09999999999618114,0.1,0.09999999999618114,0.09999999999618114,3.837802426473601e-118,3.837802426473601e-118,3.8378024264736013e-115,0.0018221188003487586
1,EDM Competitive Langmuir - two high-salt washes,7153f3f39ab39e3944db30e3ecafc691b277362a1f5bcba2e70b2181c5adf90d,16.125714285714285,16.125714285714285,16.125714285714285,1.6828593658778505e-115,Elution 2,1.0,0.0,0.0,-1.5994938112217323e-10,5.0,4.999999999848048,5.857047178789075e-123,5.0,6.0,0.09999999999696095,5.000000001108081,0.09999999999696095,0.1,0.09999999999696095,0.09999999999696095,1.6828593658778506e-118,1.6828593658778506e-118,1.6828593658778505e-115,0.0018221188003572839
1,EDM Competitive Langmuir - two high-salt washes,7153f3f39ab39e3944db30e3ecafc691b277362a1f5bcba2e70b2181c5adf90d,16.13785714285714,16.137857142857143,16.137857142857143,7.379263783324863e-116,Elution 2,1.0,0.0,0.0,-1.54834667265165e-10,5.0,4.999999999852906,2.5682892462740957e-123,5.0,6.0,0.09999999999705814,5.000000000845593,0.09999999999705814,0.1,0.09999999999705814,0.09999999999705814,7.379263783324864e-119,7.379263783324864e-119,7.379263783324863e-116,0.0018221188003583466
1,EDM Competitive Langmuir - two high-salt washes,7153f3f39ab39e3944db30e3ecafc691b277362a1f5bcba2e70b2181c5adf90d,16.15,16.15,16.15,3.2357744852616207e-116,Elution 2,1.0,0.0,0.0,-1.4845421392571838e-10,5.0,4.999999999858968,1.1261834592033128e-123,5.0,6.0,0.09999999999717936,5.000000000613542,0.09999999999717936,0.1,0.09999999999717936,0.09999999999717936,3.2357744852616207e-119,3.2357744852616207e-119,3.2357744852616207e-116,0.0018221188003596717
1,EDM Competitive Langmuir - two high-salt washes,7153f3f39ab39e3944db30e3ecafc691b277362a1f5bcba2e70b2181c5adf90d,16.162142857142857,16.162142857142857,16.162142857142857,1.4188727801174285e-116,Elution 2,1.0,0.0,0.0,-1.4080802110383538e-10,5.0,4.9999999998662314,4.938264588473751e-124,5.0,6.0,0.09999999999732465,5.000000000411928,0.09999999999732465,0.1,0.09999999999732465,0.09999999999732465,1.4188727801174284e-119,1.4188727801174284e-119,1.4188727801174285e-116,0.00182211880036126
1,EDM Competitive Langmuir - two high-salt washes,7153f3f39ab39e3944db30e3ecafc691b277362a1f5bcba2e70b2181c5adf90d,16.174285714285713,16.174285714285713,16.174285714285713,6.221694297082127e-117,Elution 2,1.0,0.0,0.0,-1.3189608879951509e-10,5.0,4.999999999874698,2.1654071498284055e-124,5.0,6.0,0.09999999999749397,5.000000000240754,0.09999999999749397,0.1,0.09999999999749397,0.09999999999749397,6.221694297082127e-120,6.221694297082127e-120,6.221694297082127e-117,0.0018221188003631112
1,EDM Competitive Langmuir - two high-salt washes,7153f3f39ab39e3944db30e3ecafc691b277362a1f5bcba2e70b2181c5adf90d,16.18642857142857,16.18642857142857,16.18642857142857,2.7281853925715372e-117,Elution 2,1.0,0.0,0.0,-1.217184170127575e-10,5.0,4.999999999884367,9.495214443292982e-125,5.0,6.0,0.09999999999768734,5.000000000100016,0.09999999999768734,0.1,0.09999999999768734,0.09999999999768734,2.728185392571537e-120,2.728185392571537e-120,2.7281853925715372e-117,0.0018221188003652254
1,EDM Competitive Langmuir - two high-salt washes,7153f3f39ab39e3944db30e3ecafc691b277362a1f5bcba2e70b2181c5adf90d,16.19857142857143,16.198571428571427,16.198571428571427,1.1962972111526547e-117,Elution 2,1.0,0.0,0.0,-1.1027500574356078e-10,5.0,4.999999999895238,4.1636094778409616e-125,5.0,6.0,0.09999999999790478,4.999999999989715,0.09999999999790478,0.1,0.09999999999790478,0.09999999999790478,1.1962972111526546e-120,1.1962972111526546e-120,1.1962972111526547e-117,0.0018221188003676027
1,EDM Competitive Langmuir - two high-salt washes,7153f3f39ab39e3944db30e3ecafc691b277362a1f5bcba2e70b2181c5adf90d,16.210714285714285,16.210714285714285,16.210714285714285,5.245710285335103e-118,Elution 2,1.0,0.0,0.0,-9.756585499192846e-11,5.0,4.9999999999073115,1.8257243148642453e-125,5.0,6.0,0.09999999999814625,4.999999999909852,0.09999999999814625,0.1,0.09999999999814625,0.09999999999814625,5.245710285335103e-121,5.245710285335103e-121,5.245710285335103e-118,0.0018221188003702425
1,EDM Competitive Langmuir - two high-salt washes,7153f3f39ab39e3944db30e3ecafc691b277362a1f5bcba2e70b2181c5adf90d,16.22285714285714,16.22285714285714,16.22285714285714,2.300220726183399e-118,Elution 2,1.0,0.0,0.0,-8.359096475785885e-11,5.0,4.999999999920588,8.005720256970401e-126,5.0,6.0,0.09999999999841178,4.999999999860426,0.09999999999841178,0.1,0.09999999999841178,0.09999999999841178,2.300220726183399e-121,2.300220726183399e-121,2.300220726183399e-118,0.0018221188003731453
1,EDM Competitive Langmuir - two high-salt washes,7153f3f39ab39e3944db30e3ecafc691b277362a1f5bcba2e70b2181c5adf90d,16.235,16.235,16.235,1.0086366004532107e-118,Elution 2,1.0,0.0,0.0,-6.835033504135196e-11,5.0,4.999999999935067,3.510472874303094e-126,5.0,6.0,0.09999999999870135,4.999999999841438,0.09999999999870135,0.1,0.09999999999870135,0.09999999999870135,1.0086366004532106e-121,1.0086366004532106e-121,1.0086366004532107e-118,0.0018221188003763112
1,EDM Competitive Langmuir - two high-salt washes,7153f3f39ab39e3944db30e3ecafc691b277362a1f5bcba2e70b2181c5adf90d,16.247142857142858,16.247142857142858,16.247142857142858,4.422826819154827e-119,Elution 2,1.0,0.0,0.0,-5.184396584240511e-11,5.0,4.999999999950748,1.5393268070397296e-126,5.0,6.0,0.09999999999901497,4.9999999998528875,0.09999999999901497,0.1,0.09999999999901497,0.09999999999901497,4.4228268191548266e-122,4.4228268191548266e-122,4.422826819154827e-119,0.00182211880037974
1,EDM Competitive Langmuir - two high-salt washes,7153f3f39ab39e3944db30e3ecafc691b277362a1f5bcba2e70b2181c5adf90d,16.259285714285713,16.259285714285713,16.259285714285713,1.939389970922681e-119,Elution 2,1.0,0.0,0.0,-3.407185716102345e-11,5.0,4.999999999967632,6.749879870078713e-127,5.0,6.0,0.09999999999935265,4.9999999998722435,0.09999999999935265,0.1,0.09999999999935265,0.09999999999935265,1.939389970922681e-122,1.939389970922681e-122,1.939389970922681e-119,0.0018221188003834318
1,EDM Competitive Langmuir - two high-salt washes,7153f3f39ab39e3944db30e3ecafc691b277362a1f5bcba2e70b2181c5adf90d,16.27142857142857,16.271428571428572,16.271428571428572,8.504139124384131e-120,Elution 2,1.0,0.0,0.0,-1.503400899720451e-11,5.0,4.999999999985718,2.9597924269319015e-127,5.0,6.0,0.09999999999971436,4.999999999845056,0.09999999999971436,0.1,0.09999999999971436,0.09999999999971436,8.50413912438413e-123,8.50413912438413e-123,8.504139124384131e-120,0.001822118800387386
1,EDM Competitive Langmuir - two high-salt washes,7153f3f39ab39e3944db30e3ecafc691b277362a1f5bcba2e70b2181c5adf90d,16.283571428571427,16.283571428571427,16.283571428571427,3.7290273401027995e-120,Elution 2,1.0,0.0,0.0,2.6746921325731832e-12,5.0,5.000000000002542,1.2978558699032482e-127,5.0,6.0,0.10000000000005084,4.999999999787382,0.10000000000005084,0.1,0.10000000000005084,0.10000000000005084,3.729027340102799e-123,3.729027340102799e-123,3.7290273401027995e-120,0.001822118800391065
1,EDM Competitive Langmuir - two high-salt washes,7153f3f39ab39e3944db30e3ecafc691b277362a1f5bcba2e70b2181c5adf90d,16.295714285714286,16.295714285714286,16.295714285714286,1.6351619722867956e-120,Elution 2,1.0,0.0,0.0,1.0033199841517328e-11,5.0,5.000000000009532,5.691040505796868e-128,5.0,6.0,0.10000000000019064,4.9999999997399245,0.10000000000019064,0.1,0.10000000000019064,0.10000000000019064,1.6351619722867956e-123,1.6351619722867956e-123,1.6351619722867956e-120,0.0018221188003925933
1,EDM Competitive Langmuir - two high-salt washes,7153f3f39ab39e3944db30e3ecafc691b277362a1f5bcba2e70b2181c5adf90d,16.30785714285714,16.30785714285714,16.30785714285714,7.170112825023902e-121,Elution 2,1.0,0.0,0.0,1.6707340815958504e-11,5.0,5.000000000015873,2.4954960554318053e-128,5.0,6.0,0.10000000000031746,4.999999999702683,0.10000000000031746,0.1,0.10000000000031746,0.10000000000031746,7.170112825023902e-124,7.170112825023902e-124,7.170112825023902e-121,0.0018221188003939798
1,EDM Competitive Langmuir - two high-salt washes,7153f3f39ab39e3944db30e3ecafc691b277362a1f5bcba2e70b2181c5adf90d,16.32,16.32,16.32,3.144062716408496e-121,Elution 2,1.0,0.0,0.0,2.2697115055897914e-11,5.0,5.000000000021563,1.0942639674295518e-128,5.0,6.0,0.10000000000043126,4.999999999675659,0.10000000000043126,0.1,0.10000000000043126,0.10000000000043126,3.1440627164084957e-124,3.1440627164084957e-124,3.144062716408496e-121,0.0018221188003952238
1,EDM Competitive Langmuir - two high-salt washes,7153f3f39ab39e3944db30e3ecafc691b277362a1f5bcba2e70b2181c5adf90d,16.332142857142856,16.332142857142856,16.332142857142856,1.3786575756818825e-121,Elution 2,1.0,0.0,0.0,2.800252256133555e-11,5.0,5.000000000026604,4.798299030800997e-129,5.0,6.0,0.10000000000053207,4.999999999658852,0.10000000000053207,0.1,0.10000000000053207,0.10000000000053207,1.3786575756818826e-124,1.3786575756818826e-124,1.3786575756818825e-121,0.001822118800396326
1,EDM Competitive Langmuir - two high-salt washes,7153f3f39ab39e3944db30e3ecafc691b277362a1f5bcba2e70b2181c5adf90d,16.344285714285714,16.344285714285714,16.344285714285714,6.045352406822836e-122,Elution 2,1.0,0.0,0.0,3.262356333227208e-11,5.0,5.000000000030993,2.1040328727138766e-129,5.0,6.0,0.10000000000061987,4.999999999652261,0.10000000000061987,0.1,0.10000000000061987,0.10000000000061987,6.045352406822836e-125,6.045352406822836e-125,6.045352406822836e-122,0.001822118800397286
1,EDM Competitive Langmuir - two high-salt washes,7153f3f39ab39e3944db30e3ecafc691b277362a1f5bcba2e70b2181c5adf90d,16.35642857142857,16.35642857142857,16.35642857142857,2.6508602547383e-122,Elution 2,1.0,0.0,0.0,3.656023736870607e-11,5.0,5.000000000034733,9.226090956491131e-130,5.0,6.0,0.10000000000069467,4.999999999655888,0.10000000000069467,0.1,0.10000000000069467,0.10000000000069467,2.6508602547383e-125,2.6508602547383e-125,2.6508602547383e-122,0.0018221188003981037
1,EDM Competitive Langmuir - two high-salt washes,7153f3f39ab39e3944db30e3ecafc691b277362a1f5bcba2e70b2181c5adf90d,16.36857142857143,16.36857142857143,16.36857142857143,1.1623904806970008e-122,Elution 2,1.0,0.0,0.0,3.981254467063829e-11,5.0,5.000000000037823,4.045600020861548e-130,5.0,6.0,0.10000000000075646,4.99999999966973,0.10000000000075646,0.1,0.10000000000075646,0.10000000000075646,1.1623904806970008e-125,1.1623904806970008e-125,1.1623904806970008e-122,0.001822118800398779
1,EDM Competitive Langmuir - two high-salt washes,7153f3f39ab39e3944db30e3ecafc691b277362a1f5bcba2e70b2181c5adf90d,16.380714285714284,16.380714285714284,16.380714285714284,5.0970307740678715e-123,Elution 2,1.0,0.0,0.0,4.2380485238068735e-11,5.0,5.000000000040262,1.773977690657742e-130,5.0,6.0,0.10000000000080525,4.99999999969379,0.10000000000080525,0.1,0.10000000000080525,0.10000000000080525,5.0970307740678715e-126,5.0970307740678715e-126,5.0970307740678715e-123,0.0018221188003993128
1,EDM Competitive Langmuir - two high-salt washes,7153f3f39ab39e3944db30e3ecafc691b277362a1f5bcba2e70b2181c5adf90d,16.392857142857142,16.392857142857142,16.392857142857142,2.235025419014967e-123,Elution 2,1.0,0.0,0.0,4.426405907099765e-11,5.0,5.000000000042052,7.778813601747356e-131,5.0,6.0,0.10000000000084104,4.999999999728066,0.10000000000084104,0.1,0.10000000000084104,0.10000000000084104,2.235025419014967e-126,2.235025419014967e-126,2.235025419014967e-123,0.001822118800399704
1,EDM Competitive Langmuir - two high-salt washes,7153f3f39ab39e3944db30e3ecafc691b277362a1f5bcba2e70b2181c5adf90d,16.404999999999998,16.405,16.405,9.800487470189221e-124,Elution 2,1.0,0.0,0.0,4.5463266169424454e-11,5.0,5.000000000043191,3.4109753109862667e-131,5.0,6.0,0.10000000000086383,4.99999999977256,0.10000000000086383,0.1,0.10000000000086383,0.10000000000086383,9.800487470189221e-127,9.800487470189221e-127,9.800487470189221e-124,0.0018221188003999529
1,EDM Competitive Langmuir - two high-salt washes,7153f3f39ab39e3944db30e3ecafc691b277362a1f5bcba2e70b2181c5adf90d,16.417142857142856,16.417142857142856,16.417142857142856,4.297470348042411e-124,Elution 2,1.0,0.0,0.0,4.597810653334948e-11,5.0,5.00000000004368,1.4956975662129575e-131,5.0,6.0,0.10000000000087361,4.999999999820525,0.10000000000087361,0.1,0.10000000000087361,0.10000000000087361,4.297470348042411e-127,4.297470348042411e-127,4.297470348042411e-124,0.00182211880040006
1,EDM Competitive Langmuir - two high-salt washes,7153f3f39ab39e3944db30e3ecafc691b277362a1f5bcba2e70b2181c5adf90d,16.42928571428571,16.42928571428571,16.42928571428571,1.8844217135605344e-124,Elution 2,1.0,0.0,0.0,4.580858016277274e-11,5.0,5.000000000043519,6.558567581447702e-132,5.0,6.0,0.10000000000087038,4.999999999849477,0.10000000000087038,0.1,0.10000000000087038,0.10000000000087038,1.8844217135605344e-127,1.8844217135605344e-127,1.8844217135605344e-124,0.0018221188004000246
1,EDM Competitive Langmuir - two high-salt washes,7153f3f39ab39e3944db30e3ecafc691b277362a1f5bcba2e70b2181c5adf90d,16.44142857142857,16.44142857142857,16.44142857142857,8.263105750468009e-125,Elution 2,1.0,0.0,0.0,4.5002427325132334e-11,5.0,5.000000000042753,2.875902835712947e-132,5.0,6.0,0.10000000000085507,4.999999999854689,0.10000000000085507,0.1,0.10000000000085507,0.10000000000085507,8.26310575046801e-128,8.26310575046801e-128,8.263105750468009e-125,0.0018221188003998572
1,EDM Competitive Langmuir - two high-salt washes,7153f3f39ab39e3944db30e3ecafc691b277362a1f5bcba2e70b2181c5adf90d,16.45357142857143,16.45357142857143,16.45357142857143,3.623335273206995e-125,Elution 2,1.0,0.0,0.0,4.575064443426426e-11,5.0,5.000000000043464,1.2610706557113067e-132,5.0,6.0,0.10000000000086928,4.999999999861104,0.10000000000086928,0.1,0.10000000000086928,0.10000000000086928,3.623335273206995e-128,3.623335273206995e-128,3.623335273206995e-125,0.0018221188004000127
1,EDM Competitive Langmuir - two high-salt washes,7153f3f39ab39e3944db30e3ecafc691b277362a1f5bcba2e70b2181c5adf90d,16.465714285714284,16.465714285714284,16.465714285714284,1.588816469077358e-125,Elution 2,1.0,0.0,0.0,4.613604776452187e-11,5.0,5.00000000004383,5.529738970829691e-133,5.0,6.0,0.10000000000087661,4.999999999868722,0.10000000000087661,0.1,0.10000000000087661,0.10000000000087661,1.5888164690773578e-128,1.5888164690773578e-128,1.588816469077358e-125,0.0018221188004000927
1,EDM Competitive Langmuir - two high-salt washes,7153f3f39ab39e3944db30e3ecafc691b277362a1f5bcba2e70b2181c5adf90d,16.477857142857143,16.477857142857143,16.477857142857143,6.966889846150629e-126,Elution 2,1.0,0.0,0.0,4.6158637315905155e-11,5.0,5.000000000043851,2.4247660467730448e-133,5.0,6.0,0.10000000000087704,4.9999999998775415,0.10000000000087704,0.1,0.10000000000087704,0.10000000000087704,6.966889846150629e-129,6.966889846150629e-129,6.966889846150629e-126,0.0018221188004000975
1,EDM Competitive Langmuir - two high-salt washes,7153f3f39ab39e3944db30e3ecafc691b277362a1f5bcba2e70b2181c5adf90d,16.49,16.49,16.49,3.054950340273944e-126,Elution 2,1.0,0.0,0.0,4.58184130884141e-11,5.0,5.000000000043528,1.063249171904837e-133,5.0,6.0,0.10000000000087057,4.999999999887565,0.10000000000087057,0.1,0.10000000000087057,0.10000000000087057,3.054950340273944e-129,3.054950340273944e-129,3.054950340273944e-126,0.0018221188004000268
1,EDM Competitive Langmuir - two high-salt washes,7153f3f39ab39e3944db30e3ecafc691b277362a1f5bcba2e70b2181c5adf90d,16.502142857142857,16.502142857142857,16.502142857142857,1.3395821934364123e-126,Elution 2,1.0,0.0,0.0,4.511537508204874e-11,5.0,5.00000000004286,4.662300526109747e-134,5.0,6.0,0.10000000000085721,4.9999999998987885,0.10000000000085721,0.1,0.10000000000085721,0.10000000000085721,1.3395821934364124e-129,1.3395821934364124e-129,1.3395821934364123e-126,0.0018221188003998807
1,EDM Competitive Langmuir - two high-salt washes,7153f3f39ab39e3944db30e3ecafc691b277362a1f5bcba2e70b2181c5adf90d,16.514285714285712,16.514285714285712,16.514285714285712,5.874008586377693e-127,Elution 2,1.0,0.0,0.0,4.404952329680907e-11,5.0,5.000000000041847,2.0443981307618487e-134,5.0,6.0,0.10000000000083696,4.999999999911216,0.10000000000083696,0.1,0.10000000000083696,0.10000000000083696,5.874008586377693e-130,5.874008586377693e-130,5.874008586377693e-127,0.001822118800399659
1,EDM Competitive Langmuir - two high-salt washes,7153f3f39ab39e3944db30e3ecafc691b277362a1f5bcba2e70b2181c5adf90d,16.52642857142857,16.52642857142857,16.52642857142857,2.5757267483762243e-127,Elution 2,1.0,0.0,0.0,4.262085773269485e-11,5.0,5.00000000004049,8.964595254328428e-135,5.0,6.0,0.10000000000080982,4.999999999924847,0.10000000000080982,0.1,0.10000000000080982,0.10000000000080982,2.5757267483762242e-130,2.5757267483762242e-130,2.5757267483762243e-127,0.0018221188003993624
1,EDM Competitive Langmuir - two high-salt washes,7153f3f39ab39e3944db30e3ecafc691b277362a1f5bcba2e70b2181c5adf90d,16.538571428571426,16.53857142857143,16.53857142857143,1.129444770933118e-127,Elution 2,1.0,0.0,0.0,4.082937838970652e-11,5.0,5.0000000000387885,3.9309353136610587e-135,5.0,6.0,0.10000000000077577,4.999999999939679,0.10000000000077577,0.1,0.10000000000077577,0.10000000000077577,1.129444770933118e-130,1.129444770933118e-130,1.129444770933118e-127,0.00182211880039899
1,EDM Competitive Langmuir - two high-salt washes,7153f3f39ab39e3944db30e3ecafc691b277362a1f5bcba2e70b2181c5adf90d,16.550714285714285,16.550714285714285,16.550714285714285,4.952565295960618e-128,Elution 2,1.0,0.0,0.0,3.8675085267843876e-11,5.0,5.000000000036741,1.723697724414987e-135,5.0,6.0,0.10000000000073483,4.999999999955714,0.10000000000073483,0.1,0.10000000000073483,0.10000000000073483,4.952565295960618e-131,4.952565295960618e-131,4.952565295960618e-128,0.0018221188003985428
1,EDM Competitive Langmuir - two high-salt washes,7153f3f39ab39e3944db30e3ecafc691b277362a1f5bcba2e70b2181c5adf90d,16.56285714285714,16.56285714285714,16.56285714285714,2.171677946721316e-128,Elution 2,1.0,0.0,0.0,3.615797836710693e-11,5.0,5.00000000003435,7.558338176738573e-136,5.0,6.0,0.10000000000068701,4.999999999972951,0.10000000000068701,0.1,0.10000000000068701,0.10000000000068701,2.171677946721316e-131,2.171677946721316e-131,2.171677946721316e-128,0.00182211880039802
1,EDM Competitive Langmuir - two high-salt washes,7153f3f39ab39e3944db30e3ecafc691b277362a1f5bcba2e70b2181c5adf90d,16.575,16.575,16.575,9.522711609921778e-129,Elution 2,1.0,0.0,0.0,3.32780576874952e-11,5.0,5.000000000031614,3.314297813633217e-136,5.0,6.0,0.10000000000063229,4.999999999990666,0.10000000000063229,0.1,0.10000000000063229,0.10000000000063229,9.522711609921778e-132,9.522711609921778e-132,9.522711609921778e-129,0.0018221188003974217
1,EDM Competitive Langmuir - two high-salt washes,7153f3f39ab39e3944db30e3ecafc691b277362a1f5bcba2e70b2181c5adf90d,16.587142857142858,16.587142857142858,16.587142857142858,4.175666863618127e-129,Elution 2,1.0,0.0,0.0,3.003532322900959e-11,5.0,5.000000000028534,1.4533049118207116e-136,5.0,6.0,0.10000000000057067,5.000000000004598,0.10000000000057067,0.1,0.10000000000057067,0.10000000000057067,4.175666863618127e-132,4.175666863618127e-132,4.175666863618127e-129,0.001822118800396748
1,EDM Competitive Langmuir - two high-salt washes,7153f3f39ab39e3944db30e3ecafc691b277362a1f5bcba2e70b2181c5adf90d,16.599285714285713,16.599285714285713,16.599285714285713,1.831011425123595e-129,Elution 2,1.0,0.0,0.0,2.6429774991649665e-11,5.0,5.000000000025108,6.372677669562946e-137,5.0,6.0,0.10000000000050216,5.000000000011397,0.10000000000050216,0.1,0.10000000000050216,0.10000000000050216,1.831011425123595e-132,1.831011425123595e-132,1.831011425123595e-129,0.001822118800395999
1,EDM Competitive Langmuir - two high-salt washes,7153f3f39ab39e3944db30e3ecafc691b277362a1f5bcba2e70b2181c5adf90d,16.61142857142857,16.61142857142857,16.61142857142857,8.028904001283135e-130,Elution 2,1.0,0.0,0.0,2.459166613153395e-11,5.0,5.000000000023362,2.79439093268243e-137,5.0,6.0,0.10000000000046724,5.000000000017546,0.10000000000046724,0.1,0.10000000000046724,0.10000000000046724,8.028904001283134e-133,8.028904001283134e-133,8.028904001283135e-130,0.0018221188003956171
1,EDM Competitive Langmuir - two high-salt washes,7153f3f39ab39e3944db30e3ecafc691b277362a1f5bcba2e70b2181c5adf90d,16.623571428571427,16.623571428571427,16.623571428571427,3.520638843498813e-130,Elution 2,1.0,0.0,0.0,2.3109923757190924e-11,5.0,5.000000000021955,1.2253280472589289e-137,5.0,6.0,0.10000000000043908,5.000000000023046,0.10000000000043908,0.1,0.10000000000043908,0.10000000000043908,3.520638843498813e-133,3.520638843498813e-133,3.520638843498813e-130,0.0018221188003953095
1,EDM Competitive Langmuir - two high-salt washes,7153f3f39ab39e3944db30e3ecafc691b277362a1f5bcba2e70b2181c5adf90d,16.635714285714286,16.635714285714286,16.635714285714286,1.5437845395050764e-130,Elution 2,1.0,0.0,0.0,2.1624497863079094e-11,5.0,5.000000000020544,5.373009215852368e-138,5.0,6.0,0.10000000000041086,5.000000000027895,0.10000000000041086,0.1,0.10000000000041086,0.10000000000041086,1.5437845395050763e-133,1.5437845395050763e-133,1.5437845395050764e-130,0.0018221188003950007
1,EDM Competitive Langmuir - two high-salt washes,7153f3f39ab39e3944db30e3ecafc691b277362a1f5bcba2e70b2181c5adf90d,16.64785714285714,16.64785714285714,16.64785714285714,6.769426829499644e-131,Elution 2,1.0,0.0,0.0,2.013538844919822e-11,5.0,5.000000000019129,2.3560407433923484e-138,5.0,6.0,0.10000000000038257,5.000000000032093,0.10000000000038257,0.1,0.10000000000038257,0.10000000000038257,6.769426829499644e-134,6.769426829499644e-134,6.769426829499644e-131,0.0018221188003946917
1,EDM Competitive Langmuir - two high-salt washes,7153f3f39ab39e3944db30e3ecafc691b277362a1f5bcba2e70b2181c5adf90d,16.66,16.659999999999997,16.659999999999997,2.968363682061287e-131,Elution 2,1.0,0.0,0.0,1.864259551554831e-11,5.0,5.00000000001771,1.0331134307656783e-138,5.0,6.0,0.10000000000035421,5.000000000035642,0.10000000000035421,0.1,0.10000000000035421,0.10000000000035421,2.9683636820612873e-134,2.9683636820612873e-134,2.968363682061287e-131,0.0018221188003943816
1,EDM Competitive Langmuir - two high-salt washes,7153f3f39ab39e3944db30e3ecafc691b277362a1f5bcba2e70b2181c5adf90d,16.672142857142855,16.67214285714286,16.67214285714286,1.301614327313293e-131,Elution 2,1.0,0.0,0.0,1.7146119062129128e-11,5.0,5.000000000016289,4.530156635964712e-139,5.0,6.0,0.10000000000032577,5.000000000038541,0.10000000000032577,0.1,0.10000000000032577,0.10000000000032577,1.301614327313293e-134,1.301614327313293e-134,1.301614327313293e-131,0.0018221188003940704
1,EDM Competitive Langmuir - two high-salt washes,7153f3f39ab39e3944db30e3ecafc691b277362a1f5bcba2e70b2181c5adf90d,16.684285714285714,16.684285714285714,16.684285714285714,5.707521175072898e-132,Elution 2,1.0,0.0,0.0,1.5645959088941137e-11,5.0,5.000000000014864,1.9864536202157017e-139,5.0,6.0,0.10000000000029727,5.000000000040789,0.10000000000029727,0.1,0.10000000000029727,0.10000000000029727,5.707521175072898e-135,5.707521175072898e-135,5.707521175072898e-132,0.0018221188003937588
1,EDM Competitive Langmuir - two high-salt washes,7153f3f39ab39e3944db30e3ecafc691b277362a1f5bcba2e70b2181c5adf90d,16.69642857142857,16.69642857142857,16.69642857142857,2.5027227559137524e-132,Elution 2,1.0,0.0,0.0,1.414211559598411e-11,5.0,5.000000000013435,8.710511142023054e-140,5.0,6.0,0.1000000000002687,5.0000000000423865,0.1000000000002687,0.1,0.1000000000002687,0.1000000000002687,2.5027227559137526e-135,2.5027227559137526e-135,2.5027227559137524e-132,0.0018221188003934466
1,EDM Competitive Langmuir - two high-salt washes,7153f3f39ab39e3944db30e3ecafc691b277362a1f5bcba2e70b2181c5adf90d,16.708571428571428,16.708571428571428,16.708571428571428,1.0974328435822748e-132,Elution 2,1.0,0.0,0.0,1.263458858325804e-11,5.0,5.000000000012003,3.8195205557867478e-140,5.0,6.0,0.10000000000024006,5.000000000043335,0.10000000000024006,0.1,0.10000000000024006,0.10000000000024006,1.0974328435822748e-135,1.0974328435822748e-135,1.0974328435822748e-132,0.0018221188003931335
1,EDM Competitive Langmuir - two high-salt washes,7153f3f39ab39e3944db30e3ecafc691b277362a1f5bcba2e70b2181c5adf90d,16.720714285714287,16.720714285714287,16.720714285714287,4.8121944123748965e-133,Elution 2,1.0,0.0,0.0,1.1123378050762699e-11,5.0,5.0000000000105675,1.6748428465572413e-140,5.0,6.0,0.10000000000021135,5.000000000043633,0.10000000000021135,0.1,0.10000000000021135,0.10000000000021135,4.8121944123748966e-136,4.8121944123748966e-136,4.8121944123748965e-133,0.0018221188003928195
1,EDM Competitive Langmuir - two high-salt washes,7153f3f39ab39e3944db30e3ecafc691b277362a1f5bcba2e70b2181c5adf90d,16.732857142857142,16.732857142857142,16.732857142857142,2.110125935989767e-133,Elution 2,1.0,0.0,0.0,9.608483998498554e-12,5.0,5.000000000009128,7.344111701178578e-141,5.0,6.0,0.10000000000018257,5.000000000043293,0.10000000000018257,0.1,0.10000000000018257,0.10000000000018257,2.110125935989767e-136,2.110125935989767e-136,2.110125935989767e-133,0.0018221188003925048
1,EDM Competitive Langmuir - two high-salt washes,7153f3f39ab39e3944db30e3ecafc691b277362a1f5bcba2e70b2181c5adf90d,16.744999999999997,16.744999999999997,16.744999999999997,9.25280876908498e-134,Elution 2,1.0,0.0,0.0,8.089906426465368e-12,5.0,5.000000000007685,3.220360452937826e-141,5.0,6.0,0.10000000000015372,5.000000000042962,0.10000000000015372,0.1,0.10000000000015372,0.10000000000015372,9.25280876908498e-137,9.25280876908498e-137,9.25280876908498e-134,0.0018221188003921893
1,EDM Competitive Langmuir - two high-salt washes,7153f3f39ab39e3944db30e3ecafc691b277362a1f5bcba2e70b2181c5adf90d,16.757142857142856,16.757142857142856,16.757142857142856,4.057315663345341e-134,Elution 2,1.0,0.0,0.0,6.567645334663143e-12,5.0,5.0000000000062395,1.4121137952166168e-141,5.0,6.0,0.1000000000001248,5.000000000043571,0.1000000000001248,0.1,0.1000000000001248,0.1000000000001248,4.057315663345341e-137,4.057315663345341e-137,4.057315663345341e-134,0.0018221188003918734
1,EDM Competitive Langmuir - two high-salt washes,7153f3f39ab39e3944db30e3ecafc691b277362a1f5bcba2e70b2181c5adf90d,16.769285714285715,16.769285714285715,16.769285714285715,1.7791149479961222e-134,Elution 2,1.0,0.0,0.0,5.398898967777416e-12,5.0,5.000000000005128,6.192056447661136e-142,5.0,6.0,0.10000000000010258,5.000000000043836,0.10000000000010258,0.1,0.10000000000010258,0.10000000000010258,1.7791149479961221e-137,1.7791149479961221e-137,1.7791149479961222e-134,0.0018221188003916305
1,EDM Competitive Langmuir - two high-salt washes,7153f3f39ab39e3944db30e3ecafc691b277362a1f5bcba2e70b2181c5adf90d,16.78142857142857,16.78142857142857,16.78142857142857,7.801340247641632e-135,Elution 2,1.0,0.0,0.0,4.467084061144333e-12,5.0,5.000000000004244,2.715189326873505e-142,5.0,6.0,0.10000000000008488,5.000000000043756,0.10000000000008488,0.1,0.10000000000008488,0.10000000000008488,7.801340247641632e-138,7.801340247641632e-138,7.801340247641632e-135,0.001822118800391437
1,EDM Competitive Langmuir - two high-salt washes,7153f3f39ab39e3944db30e3ecafc691b277362a1f5bcba2e70b2181c5adf90d,16.79357142857143,16.793571428571425,16.793571428571425,3.420853145437268e-135,Elution 2,1.0,0.0,0.0,3.608645357611927e-12,5.0,5.0000000000034275,1.1905984939062337e-142,5.0,6.0,0.10000000000006856,5.000000000043332,0.10000000000006856,0.1,0.10000000000006856,0.10000000000006856,3.420853145437268e-138,3.420853145437268e-138,3.420853145437268e-135,0.0018221188003912587
1,EDM Competitive Langmuir - two high-salt washes,7153f3f39ab39e3944db30e3ecafc691b277362a1f5bcba2e70b2181c5adf90d,16.805714285714284,16.805714285714284,16.805714285714284,1.5000289528689132e-135,Elution 2,1.0,0.0,0.0,2.823582857180196e-12,5.0,5.000000000002682,5.220721662618154e-143,5.0,6.0,0.10000000000005366,5.000000000042562,0.10000000000005366,0.1,0.10000000000005366,0.10000000000005366,1.5000289528689132e-138,1.5000289528689132e-138,1.5000289528689132e-135,0.0018221188003910956
1,EDM Competitive Langmuir - two high-salt washes,7153f3f39ab39e3944db30e3ecafc691b277362a1f5bcba2e70b2181c5adf90d,16.817857142857143,16.817857142857143,16.817857142857143,6.577560520090526e-136,Elution 2,1.0,0.0,0.0,2.1118965598490355e-12,5.0,5.0000000000020055,2.289263325800189e-143,5.0,6.0,0.10000000000004013,5.000000000041449,0.10000000000004013,0.1,0.10000000000004013,0.10000000000004013,6.577560520090526e-139,6.577560520090526e-139,6.577560520090526e-136,0.0018221188003909477
1,EDM Competitive Langmuir - two high-salt washes,7153f3f39ab39e3944db30e3ecafc691b277362a1f5bcba2e70b2181c5adf90d,16.83,16.83,16.83,2.884231155186116e-136,Elution 2,1.0,0.0,0.0,1.473586465618668e-12,5.0,5.0000000000014,1.0038318289174351e-143,5.0,6.0,0.100000000000028,5.000000000039989,0.100000000000028,0.1,0.100000000000028,0.100000000000028,2.8842311551861157e-139,2.8842311551861157e-139,2.884231155186116e-136,0.0018221188003908152
1,EDM Competitive Langmuir - two high-salt washes,7153f3f39ab39e3944db30e3ecafc691b277362a1f5bcba2e70b2181c5adf90d,16.842142857142857,16.842142857142857,16.842142857142857,1.2647225869126663e-136,Elution 2,1.0,0.0,0.0,9.086525744889761e-13,5.0,5.000000000000862,4.401758108781522e-144,5.0,6.0,0.10000000000001727,5.000000000038186,0.10000000000001727,0.1,0.10000000000001727,0.10000000000001727,1.2647225869126663e-139,1.2647225869126663e-139,1.2647225869126663e-136,0.0018221188003906977
1,EDM Competitive Langmuir - two high-salt washes,7153f3f39ab39e3944db30e3ecafc691b277362a1f5bcba2e70b2181c5adf90d,16.854285714285712,16.854285714285712,16.854285714285712,5.545752527399393e-137,Elution 2,1.0,0.0,0.0,4.170948864599595e-13,5.0,5.000000000000396,1.9301514347397487e-144,5.0,6.0,0.10000000000000793,5.000000000036038,0.10000000000000793,0.1,0.10000000000000793,0.10000000000000793,5.545752527399393e-140,5.545752527399393e-140,5.545752527399393e-137,0.0018221188003905958
1,EDM Competitive Langmuir - two high-salt washes,7153f3f39ab39e3944db30e3ecafc691b277362a1f5bcba2e70b2181c5adf90d,16.86642857142857,16.86642857142857,16.86642857142857,2.4317879204028757e-137,Elution 2,1.0,0.0,0.0,-1.0865984684401635e-15,5.0,4.999999999999998,8.463628552406782e-145,5.0,6.0,0.09999999999999998,5.000000000033546,0.09999999999999998,0.1,0.09999999999999998,0.09999999999999998,2.4317879204028757e-140,2.4317879204028757e-140,2.4317879204028757e-137,0.0018221188003905086
1,EDM Competitive Langmuir - two high-salt washes,7153f3f39ab39e3944db30e3ecafc691b277362a1f5bcba2e70b2181c5adf90d,16.878571428571426,16.878571428571426,16.878571428571426,1.0663282323906461e-137,Elution 2,1.0,0.0,0.0,-3.4589188029609327e-13,5.0,4.9999999999996705,3.711263633715305e-145,5.0,6.0,0.09999999999999343,5.000000000030708,0.09999999999999343,0.1,0.09999999999999343,0.09999999999999343,1.0663282323906462e-140,1.0663282323906462e-140,1.0663282323906461e-137,0.0018221188003904373
1,EDM Competitive Langmuir - two high-salt washes,7153f3f39ab39e3944db30e3ecafc691b277362a1f5bcba2e70b2181c5adf90d,16.890714285714285,16.890714285714285,16.890714285714285,4.675802069963052e-138,Elution 2,1.0,0.0,0.0,-6.173209590230713e-13,5.0,4.999999999999413,1.627372665713321e-145,5.0,6.0,0.09999999999998826,5.000000000027526,0.09999999999998826,0.1,0.09999999999998826,0.09999999999998826,4.675802069963052e-141,4.675802069963052e-141,4.675802069963052e-138,0.0018221188003903807
1,EDM Competitive Langmuir - two high-salt washes,7153f3f39ab39e3944db30e3ecafc691b277362a1f5bcba2e70b2181c5adf90d,16.902857142857144,16.902857142857144,16.902857142857144,2.050318497941158e-138,Elution 2,1.0,0.0,0.0,-8.153738346493982e-13,5.0,4.999999999999225,7.135957060692997e-146,5.0,6.0,0.0999999999999845,5.0000000000245945,0.0999999999999845,0.1,0.0999999999999845,0.0999999999999845,2.050318497941158e-141,2.050318497941158e-141,2.050318497941158e-138,0.0018221188003903397
1,EDM Competitive Langmuir - two high-salt washes,7153f3f39ab39e3944db30e3ecafc691b277362a1f5bcba2e70b2181c5adf90d,16.915,16.915,16.915,8.99055580219205e-139,Elution 2,1.0,0.0,0.0,-9.40050507175013e-13,5.0,4.9999999999991065,3.1290855650290436e-146,5.0,6.0,0.09999999999998213,5.000000000022948,0.09999999999998213,0.1,0.09999999999998213,0.09999999999998213,8.99055580219205e-142,8.99055580219205e-142,8.99055580219205e-139,0.0018221188003903137
1,EDM Competitive Langmuir - two high-salt washes,7153f3f39ab39e3944db30e3ecafc691b277362a1f5bcba2e70b2181c5adf90d,16.927142857142858,16.927142857142854,16.927142857142854,3.9423188989164376e-139,Elution 2,1.0,0.0,0.0,-1.0405092686422847e-12,5.0,4.9999999999990115,1.37209016113704e-146,5.0,6.0,0.09999999999998023,5.00000000002154,0.09999999999998023,0.1,0.09999999999998023,0.09999999999998023,3.942318898916437e-142,3.942318898916437e-142,3.9423188989164376e-139,0.0018221188003902928
1,EDM Competitive Langmuir - two high-salt washes,7153f3f39ab39e3944db30e3ecafc691b277362a1f5bcba2e70b2181c5adf90d,16.939285714285713,16.939285714285713,16.939285714285713,1.7286893761296353e-139,Elution 2,1.0,0.0,0.0,-1.1394357829857075e-12,5.0,4.999999999998917,6.016554584922563e-147,5.0,6.0,0.09999999999997834,5.000000000020127,0.09999999999997834,0.1,0.09999999999997834,0.09999999999997834,1.7286893761296355e-142,1.7286893761296355e-142,1.7286893761296353e-139,0.0018221188003902722
1,EDM Competitive Langmuir - two high-salt washes,7153f3f39ab39e3944db30e3ecafc691b277362a1f5bcba2e70b2181c5adf90d,16.951428571428572,16.951428571428572,16.951428571428572,7.580226348419797e-140,Elution 2,1.0,0.0,0.0,-1.1935268664756234e-12,5.0,4.999999999998866,2.6382325373828355e-147,5.0,6.0,0.09999999999997733,5.000000000018711,0.09999999999997733,0.1,0.09999999999997733,0.09999999999997733,7.580226348419797e-143,7.580226348419797e-143,7.580226348419797e-140,0.0018221188003902612
1,EDM Competitive Langmuir - two high-salt washes,7153f3f39ab39e3944db30e3ecafc691b277362a1f5bcba2e70b2181c5adf90d,16.963571428571427,16.963571428571427,16.963571428571427,3.3238956799711346e-140,Elution 2,1.0,0.0,0.0,-1.202782519112016e-12,5.0,4.999999999998857,1.1568532825662667e-147,5.0,6.0,0.09999999999997715,5.000000000017292,0.09999999999997715,0.1,0.09999999999997715,0.09999999999997715,3.3238956799711347e-143,3.3238956799711347e-143,3.3238956799711346e-140,0.001822118800390259
1,EDM Competitive Langmuir - two high-salt washes,7153f3f39ab39e3944db30e3ecafc691b277362a1f5bcba2e70b2181c5adf90d,16.975714285714286,16.975714285714286,16.975714285714286,1.457513533699296e-140,Elution 2,1.0,0.0,0.0,-1.167202740894897e-12,5.0,4.9999999999988916,5.07275040551196e-148,5.0,6.0,0.09999999999997783,5.00000000001587,0.09999999999997783,0.1,0.09999999999997783,0.09999999999997783,1.457513533699296e-143,1.457513533699296e-143,1.457513533699296e-140,0.0018221188003902666
1,EDM Competitive Langmuir - two high-salt washes,7153f3f39ab39e3944db30e3ecafc691b277362a1f5bcba2e70b2181c5adf90d,16.98785714285714,16.98785714285714,16.98785714285714,6.391132290096443e-141,Elution 2,1.0,0.0,0.0,-1.0867875318242663e-12,5.0,4.999999999998968,2.2243785849436345e-148,5.0,6.0,0.09999999999997937,5.000000000014444,0.09999999999997937,0.1,0.09999999999997937,0.09999999999997937,6.391132290096443e-144,6.391132290096443e-144,6.391132290096443e-141,0.0018221188003902833
1,EDM Competitive Langmuir - two high-salt washes,7153f3f39ab39e3944db30e3ecafc691b277362a1f5bcba2e70b2181c5adf90d,17.0,17.0,17.0,2.802483202048057e-141,Elution 2,1.0,0.0,0.0,-9.61536891900101e-13,5.0,4.999999999999087,9.70720684994164e-149,5.0,6.0,0.09999999999998176,5.000000000013014,0.09999999999998176,0.1,0.09999999999998176,0.09999999999998176,2.802483202048057e-144,2.802483202048057e-144,2.802483202048057e-141,0.0018221188003903095
