run_number,run_name,settings_fingerprint,time_min,CV,volume_mL,uv_mAU,program_stage,flow_mL_min,percent_B,programmed_percent_B,column_percent_B,programmed_conductivity_mS_cm,column_conductivity_mS_cm,column_total_protein_g_L,stage_index,pH,salt_concentration_M,conductivity_mS_cm,ionic_strength_M,programmed_salt_concentration_M,binding_salt_concentration_M,binding_ionic_strength_M,total_protein_g_L,Target protein_g_L,Target protein_uv_mAU
1,R16 independent salt regression,235a04840b0682396b9e6a7194bdf388ce5c71558d5c98fedda168bbf680e3d7,0.0,0.0,0.0,0.0,Load,1.0,100.0,100.0,100.0,50.0,50.0,0.0,1.0,6.0,2.0,50.0,2.0,2.0,2.0,2.0,0.0,0.0,0.0
1,R16 independent salt regression,235a04840b0682396b9e6a7194bdf388ce5c71558d5c98fedda168bbf680e3d7,0.030000000000000002,0.030000000000000002,0.030000000000000002,0.0,Load,1.0,100.0,100.0,100.0,50.0,50.0,5.1203196560056885e-26,1.0,6.0,2.0,50.0,2.0,2.0,2.0,2.0,0.0,0.0,0.0
1,R16 independent salt regression,235a04840b0682396b9e6a7194bdf388ce5c71558d5c98fedda168bbf680e3d7,0.060000000000000005,0.060000000000000005,0.060000000000000005,0.0,Load,1.0,100.0,100.0,100.0,50.0,50.0,1.256233003009328e-24,1.0,6.0,2.0,50.0,2.0,2.0,2.0,2.0,0.0,0.0,0.0
1,R16 independent salt regression,235a04840b0682396b9e6a7194bdf388ce5c71558d5c98fedda168bbf680e3d7,0.09000000000000001,0.09000000000000001,0.09000000000000001,0.0,Load,1.0,100.0,100.0,100.0,50.0,50.0,8.028474964279668e-23,1.0,6.0,2.0,50.0,2.0,2.0,2.0,2.0,0.0,0.0,0.0
1,R16 independent salt regression,235a04840b0682396b9e6a7194bdf388ce5c71558d5c98fedda168bbf680e3d7,0.12000000000000001,0.12000000000000001,0.12000000000000001,0.0,Load,1.0,100.0,100.0,100.0,50.0,50.0,0.0,1.0,6.0,2.0,50.0,2.0,2.0,2.0,2.0,0.0,0.0,0.0
1,R16 independent salt regression,235a04840b0682396b9e6a7194bdf388ce5c71558d5c98fedda168bbf680e3d7,0.15,0.15,0.15,0.0,Load,1.0,100.0,100.0,100.0,50.0,50.0,0.0,1.0,6.0,2.0,50.0,2.0,2.0,2.0,2.0,0.0,0.0,0.0
1,R16 independent salt regression,235a04840b0682396b9e6a7194bdf388ce5c71558d5c98fedda168bbf680e3d7,0.18000000000000002,0.18000000000000002,0.18000000000000002,5.120319656005786e-23,Load,1.0,100.0,100.0,100.0,50.0,50.0,0.0,1.0,6.0,2.0,50.0,2.0,2.0,2.0,2.0,5.120319656005786e-26,5.120319656005786e-26,5.120319656005786e-23
1,R16 independent salt regression,235a04840b0682396b9e6a7194bdf388ce5c71558d5c98fedda168bbf680e3d7,0.21,0.21,0.21,1.2562330030093276e-21,Load,1.0,100.0,100.0,100.0,50.0,50.0,3.4173438760293066e-19,1.0,6.0,2.0,50.0,2.0,2.0,2.0,2.0,1.2562330030093277e-24,1.2562330030093277e-24,1.2562330030093276e-21
1,R16 independent salt regression,235a04840b0682396b9e6a7194bdf388ce5c71558d5c98fedda168bbf680e3d7,0.24000000000000002,0.24000000000000002,0.24000000000000002,8.028474964279665e-20,Load,1.0,100.0,100.0,100.0,50.0,50.0,1.9905594764820482e-18,1.0,6.0,2.0,50.0,2.0,2.0,2.0,2.0,8.028474964279665e-23,8.028474964279665e-23,8.028474964279665e-20
1,R16 independent salt regression,235a04840b0682396b9e6a7194bdf388ce5c71558d5c98fedda168bbf680e3d7,0.26999999999999996,0.26999999999999996,0.26999999999999996,1.0579449157400588e-34,Load,1.0,100.0,100.0,100.0,50.0,50.0,1.3843465993671503e-18,1.0,6.0,2.0,50.0,2.0,2.0,2.0,2.0,1.0579449157400588e-37,1.0579449157400588e-37,1.0579449157400588e-34
1,R16 independent salt regression,235a04840b0682396b9e6a7194bdf388ce5c71558d5c98fedda168bbf680e3d7,0.3,0.3,0.3,0.0,Load,1.0,100.0,100.0,100.0,50.0,50.0,0.0,1.0,6.0,2.0,50.0,2.0,2.0,2.0,2.0,0.0,0.0,0.0
1,R16 independent salt regression,235a04840b0682396b9e6a7194bdf388ce5c71558d5c98fedda168bbf680e3d7,0.33,0.33,0.33,0.0,Load,1.0,100.0,100.0,100.0,50.0,50.0,0.0,1.0,6.0,2.0,50.0,2.0,2.0,2.0,2.0,0.0,0.0,0.0
1,R16 independent salt regression,235a04840b0682396b9e6a7194bdf388ce5c71558d5c98fedda168bbf680e3d7,0.36000000000000004,0.36000000000000004,0.36000000000000004,3.417343876029337e-16,Load,1.0,100.0,100.0,100.0,50.0,50.0,9.0663770154661e-19,1.0,6.0,2.0,50.0,2.0,2.0,2.0,2.0,3.417343876029337e-19,3.417343876029337e-19,3.417343876029337e-16
1,R16 independent salt regression,235a04840b0682396b9e6a7194bdf388ce5c71558d5c98fedda168bbf680e3d7,0.39,0.39,0.39,1.9905594764820482e-15,Load,1.0,100.0,100.0,100.0,50.0,50.0,7.748038102426691e-18,1.0,6.0,2.0,50.0,2.0,2.0,2.0,2.0,1.9905594764820482e-18,1.9905594764820482e-18,1.9905594764820482e-15
1,R16 independent salt regression,235a04840b0682396b9e6a7194bdf388ce5c71558d5c98fedda168bbf680e3d7,0.42,0.42,0.42,1.3843465993671477e-15,Load,1.0,100.0,100.0,100.0,50.0,50.0,2.289373174358341e-19,1.0,6.0,2.0,50.0,2.0,2.0,2.0,2.0,1.3843465993671478e-18,1.3843465993671478e-18,1.3843465993671477e-15
1,R16 independent salt regression,235a04840b0682396b9e6a7194bdf388ce5c71558d5c98fedda168bbf680e3d7,0.45,0.45,0.45,0.0,Load,1.0,100.0,100.0,100.0,50.0,50.0,0.0,1.0,6.0,2.0,50.0,2.0,2.0,2.0,2.0,0.0,0.0,0.0
1,R16 independent salt regression,235a04840b0682396b9e6a7194bdf388ce5c71558d5c98fedda168bbf680e3d7,0.48000000000000004,0.48000000000000004,0.48000000000000004,1.677616752083794e-30,Load,1.0,100.0,100.0,100.0,50.0,50.0,0.0,1.0,6.0,2.0,50.0,2.0,2.0,2.0,2.0,1.677616752083794e-33,1.677616752083794e-33,1.677616752083794e-30
1,R16 independent salt regression,235a04840b0682396b9e6a7194bdf388ce5c71558d5c98fedda168bbf680e3d7,0.51,0.51,0.51,9.066377015466082e-16,Load,1.0,100.0,100.0,100.0,50.0,50.0,1.9044831222689114e-17,1.0,6.0,2.0,50.0,2.0,2.0,2.0,2.0,9.066377015466083e-19,9.066377015466083e-19,9.066377015466082e-16
1,R16 independent salt regression,235a04840b0682396b9e6a7194bdf388ce5c71558d5c98fedda168bbf680e3d7,0.5399999999999999,0.5399999999999999,0.5399999999999999,7.748038102426665e-15,Load,1.0,100.0,100.0,100.0,50.0,50.0,5.154251785156078e-17,1.0,6.0,2.0,50.0,2.0,2.0,2.0,2.0,7.748038102426665e-18,7.748038102426665e-18,7.748038102426665e-15
1,R16 independent salt regression,235a04840b0682396b9e6a7194bdf388ce5c71558d5c98fedda168bbf680e3d7,0.5700000000000001,0.5700000000000001,0.5700000000000001,2.289373174358337e-16,Load,1.0,100.0,100.0,100.0,50.0,50.0,1.1205205887694541e-18,1.0,6.0,2.0,50.0,2.0,2.0,2.0,2.0,2.2893731743583366e-19,2.2893731743583366e-19,2.289373174358337e-16
1,R16 independent salt regression,235a04840b0682396b9e6a7194bdf388ce5c71558d5c98fedda168bbf680e3d7,0.6,0.6,0.6,4.333342374871281e-31,Load,1.0,100.0,100.0,100.0,50.0,50.0,0.0,1.0,6.0,2.0,50.0,2.0,2.0,2.0,2.0,4.333342374871281e-34,4.333342374871281e-34,4.333342374871281e-31
1,R16 independent salt regression,235a04840b0682396b9e6a7194bdf388ce5c71558d5c98fedda168bbf680e3d7,0.6300000000000001,0.6300000000000001,0.6300000000000001,3.5240016872549246e-29,Load,1.0,100.0,100.0,100.0,50.0,50.0,0.0,1.0,6.0,2.0,50.0,2.0,2.0,2.0,2.0,3.5240016872549246e-32,3.5240016872549246e-32,3.5240016872549246e-29
1,R16 independent salt regression,235a04840b0682396b9e6a7194bdf388ce5c71558d5c98fedda168bbf680e3d7,0.66,0.66,0.66,1.9044831222689114e-14,Load,1.0,100.0,100.0,100.0,50.0,50.0,1.3158707140553373e-16,1.0,6.0,2.0,50.0,2.0,2.0,2.0,2.0,1.9044831222689114e-17,1.9044831222689114e-17,1.9044831222689114e-14
1,R16 independent salt regression,235a04840b0682396b9e6a7194bdf388ce5c71558d5c98fedda168bbf680e3d7,0.69,0.69,0.69,5.154251785156078e-14,Load,1.0,100.0,100.0,100.0,50.0,50.0,3.02964298293278e-16,1.0,6.0,2.0,50.0,2.0,2.0,2.0,2.0,5.154251785156078e-17,5.154251785156078e-17,5.154251785156078e-14
1,R16 independent salt regression,235a04840b0682396b9e6a7194bdf388ce5c71558d5c98fedda168bbf680e3d7,0.7200000000000001,0.7200000000000001,0.7200000000000001,1.1205205887694541e-15,Load,1.0,100.0,100.0,100.0,50.0,50.0,0.0,1.0,6.0,2.0,50.0,2.0,2.0,2.0,2.0,1.1205205887694541e-18,1.1205205887694541e-18,1.1205205887694541e-15
1,R16 independent salt regression,235a04840b0682396b9e6a7194bdf388ce5c71558d5c98fedda168bbf680e3d7,0.75,0.75,0.75,0.0,Load,1.0,100.0,100.0,100.0,50.0,50.0,0.0,1.0,6.0,2.0,50.0,2.0,2.0,2.0,2.0,0.0,0.0,0.0
1,R16 independent salt regression,235a04840b0682396b9e6a7194bdf388ce5c71558d5c98fedda168bbf680e3d7,0.78,0.78,0.78,0.0,Load,1.0,100.0,100.0,100.0,50.0,50.0,1.7541014184011174e-16,1.0,6.0,2.0,50.0,2.0,2.0,2.0,2.0,0.0,0.0,0.0
1,R16 independent salt regression,235a04840b0682396b9e6a7194bdf388ce5c71558d5c98fedda168bbf680e3d7,0.81,0.81,0.81,1.3158707140553373e-13,Load,1.0,100.0,100.0,100.0,50.0,50.0,0.0,1.0,6.0,2.0,50.0,2.0,2.0,2.0,2.0,1.3158707140553373e-16,1.3158707140553373e-16,1.3158707140553373e-13
1,R16 independent salt regression,235a04840b0682396b9e6a7194bdf388ce5c71558d5c98fedda168bbf680e3d7,0.84,0.84,0.84,3.02964298293278e-13,Load,1.0,100.0,100.0,100.0,50.0,50.0,0.0,1.0,6.0,2.0,50.0,2.0,2.0,2.0,2.0,3.02964298293278e-16,3.02964298293278e-16,3.02964298293278e-13
1,R16 independent salt regression,235a04840b0682396b9e6a7194bdf388ce5c71558d5c98fedda168bbf680e3d7,0.87,0.87,0.87,1.1339875512552045e-27,Load,1.0,100.0,100.0,100.0,50.0,50.0,2.0058963724173272e-14,1.0,6.0,2.0,50.0,2.0,2.0,2.0,2.0,1.1339875512552045e-30,1.1339875512552045e-30,1.1339875512552045e-27
1,R16 independent salt regression,235a04840b0682396b9e6a7194bdf388ce5c71558d5c98fedda168bbf680e3d7,0.9,0.9,0.9,0.0,Load,1.0,100.0,100.0,100.0,50.0,50.0,9.548096674221754e-15,1.0,6.0,2.0,50.0,2.0,2.0,2.0,2.0,0.0,0.0,0.0
1,R16 independent salt regression,235a04840b0682396b9e6a7194bdf388ce5c71558d5c98fedda168bbf680e3d7,0.93,0.93,0.93,1.7541014184011175e-13,Load,1.0,100.0,100.0,100.0,50.0,50.0,0.0,1.0,6.0,2.0,50.0,2.0,2.0,2.0,2.0,1.7541014184011174e-16,1.7541014184011174e-16,1.7541014184011175e-13
1,R16 independent salt regression,235a04840b0682396b9e6a7194bdf388ce5c71558d5c98fedda168bbf680e3d7,0.9600000000000001,0.9600000000000001,0.9600000000000001,0.0,Load,1.0,100.0,100.0,100.0,50.0,50.0,0.0,1.0,6.0,2.0,50.0,2.0,2.0,2.0,2.0,0.0,0.0,0.0
1,R16 independent salt regression,235a04840b0682396b9e6a7194bdf388ce5c71558d5c98fedda168bbf680e3d7,0.99,0.99,0.99,0.0,Load,1.0,100.0,100.0,100.0,50.0,50.0,1.8984431351815149e-13,1.0,6.0,2.0,50.0,2.0,2.0,2.0,2.0,0.0,0.0,0.0
1,R16 independent salt regression,235a04840b0682396b9e6a7194bdf388ce5c71558d5c98fedda168bbf680e3d7,1.02,1.02,1.02,2.0058963724173273e-11,PLW 1,1.0,100.0,100.0,100.0,50.0,50.0,0.0,2.0,6.0,2.0,50.0,2.0,2.0,2.0,2.0,2.0058963724173272e-14,2.0058963724173272e-14,2.0058963724173273e-11
1,R16 independent salt regression,235a04840b0682396b9e6a7194bdf388ce5c71558d5c98fedda168bbf680e3d7,1.05,1.05,1.05,9.548096674221755e-12,PLW 1,1.0,100.0,100.0,100.0,50.0,50.0,5.963713809600758e-18,2.0,6.0,2.0,50.0,2.0,2.0,2.0,2.0,9.548096674221754e-15,9.548096674221754e-15,9.548096674221755e-12
1,R16 independent salt regression,235a04840b0682396b9e6a7194bdf388ce5c71558d5c98fedda168bbf680e3d7,1.0799999999999998,1.0799999999999998,1.0799999999999998,7.099748146989106e-26,PLW 1,1.0,100.0,100.0,100.0,50.0,50.0,6.184793822592434e-18,2.0,6.0,2.0,50.0,2.0,2.0,2.0,2.0,7.099748146989106e-29,7.099748146989106e-29,7.099748146989106e-26
1,R16 independent salt regression,235a04840b0682396b9e6a7194bdf388ce5c71558d5c98fedda168bbf680e3d7,1.11,1.11,1.11,0.0,PLW 1,1.0,100.0,100.0,100.0,50.0,50.0,6.184470504624393e-18,2.0,6.0,2.0,50.0,2.0,2.0,2.0,2.0,0.0,0.0,0.0
1,R16 independent salt regression,235a04840b0682396b9e6a7194bdf388ce5c71558d5c98fedda168bbf680e3d7,1.1400000000000001,1.1400000000000001,1.1400000000000001,1.8984431351815078e-10,PLW 1,1.0,100.0,100.0,100.0,50.0,50.0,6.186101726944467e-18,2.0,6.0,2.0,50.0,2.0,2.0,2.0,2.0,1.8984431351815078e-13,1.8984431351815078e-13,1.8984431351815078e-10
1,R16 independent salt regression,235a04840b0682396b9e6a7194bdf388ce5c71558d5c98fedda168bbf680e3d7,1.1700000000000002,1.17,1.17,0.0,PLW 1,1.0,100.0,100.0,100.0,50.0,50.0,6.183173838692095e-18,2.0,6.0,2.0,50.0,2.0,2.0,2.0,2.0,0.0,0.0,0.0
1,R16 independent salt regression,235a04840b0682396b9e6a7194bdf388ce5c71558d5c98fedda168bbf680e3d7,1.2,1.2,1.2,5.963713809600758e-15,PLW 1,1.0,100.0,100.0,100.0,50.0,50.0,6.185442173296466e-18,2.0,6.0,2.0,50.0,2.0,2.0,2.0,2.0,5.963713809600758e-18,5.963713809600758e-18,5.963713809600758e-15
1,R16 independent salt regression,235a04840b0682396b9e6a7194bdf388ce5c71558d5c98fedda168bbf680e3d7,1.23,1.23,1.23,6.1847938225924345e-15,PLW 1,1.0,100.0,100.0,100.0,50.0,50.0,6.185357602914912e-18,2.0,6.0,2.0,50.0,2.0,2.0,2.0,2.0,6.184793822592434e-18,6.184793822592434e-18,6.1847938225924345e-15
1,R16 independent salt regression,235a04840b0682396b9e6a7194bdf388ce5c71558d5c98fedda168bbf680e3d7,1.2600000000000002,1.2600000000000002,1.2600000000000002,6.184470504624393e-15,PLW 1,1.0,100.0,100.0,100.0,50.0,50.0,6.1850871596279676e-18,2.0,6.0,2.0,50.0,2.0,2.0,2.0,2.0,6.184470504624393e-18,6.184470504624393e-18,6.184470504624393e-15
1,R16 independent salt regression,235a04840b0682396b9e6a7194bdf388ce5c71558d5c98fedda168bbf680e3d7,1.29,1.29,1.29,6.186101726944467e-15,PLW 1,1.0,100.0,100.0,100.0,50.0,50.0,6.1850999025987666e-18,2.0,6.0,2.0,50.0,2.0,2.0,2.0,2.0,6.186101726944467e-18,6.186101726944467e-18,6.186101726944467e-15
1,R16 independent salt regression,235a04840b0682396b9e6a7194bdf388ce5c71558d5c98fedda168bbf680e3d7,1.32,1.32,1.32,6.183173838692095e-15,PLW 1,1.0,100.0,100.0,100.0,50.0,50.0,6.185137365826363e-18,2.0,6.0,2.0,50.0,2.0,2.0,2.0,2.0,6.183173838692095e-18,6.183173838692095e-18,6.183173838692095e-15
1,R16 independent salt regression,235a04840b0682396b9e6a7194bdf388ce5c71558d5c98fedda168bbf680e3d7,1.35,1.35,1.35,6.185442173296466e-15,PLW 1,1.0,100.0,100.0,100.0,50.0,50.0,6.185146772265633e-18,2.0,6.0,2.0,50.0,2.0,2.0,2.0,2.0,6.185442173296466e-18,6.185442173296466e-18,6.185442173296466e-15
1,R16 independent salt regression,235a04840b0682396b9e6a7194bdf388ce5c71558d5c98fedda168bbf680e3d7,1.38,1.38,1.38,6.185357602914912e-15,PLW 1,1.0,100.0,100.0,100.0,50.0,50.0,6.18514991229302e-18,2.0,6.0,2.0,50.0,2.0,2.0,2.0,2.0,6.185357602914912e-18,6.185357602914912e-18,6.185357602914912e-15
1,R16 independent salt regression,235a04840b0682396b9e6a7194bdf388ce5c71558d5c98fedda168bbf680e3d7,1.4100000000000001,1.4100000000000001,1.4100000000000001,6.185087159627968e-15,PLW 1,1.0,100.0,100.0,100.0,50.0,50.0,6.185155192925231e-18,2.0,6.0,2.0,50.0,2.0,2.0,2.0,2.0,6.1850871596279676e-18,6.1850871596279676e-18,6.185087159627968e-15
1,R16 independent salt regression,235a04840b0682396b9e6a7194bdf388ce5c71558d5c98fedda168bbf680e3d7,1.4400000000000002,1.4400000000000002,1.4400000000000002,6.185099902598767e-15,PLW 1,1.0,100.0,100.0,100.0,50.0,50.0,6.1851613836466715e-18,2.0,6.0,2.0,50.0,2.0,2.0,2.0,2.0,6.1850999025987666e-18,6.1850999025987666e-18,6.185099902598767e-15
1,R16 independent salt regression,235a04840b0682396b9e6a7194bdf388ce5c71558d5c98fedda168bbf680e3d7,1.47,1.47,1.47,6.185137365826363e-15,PLW 1,1.0,100.0,100.0,100.0,50.0,50.0,6.185167456587882e-18,2.0,6.0,2.0,50.0,2.0,2.0,2.0,2.0,6.185137365826363e-18,6.185137365826363e-18,6.185137365826363e-15
1,R16 independent salt regression,235a04840b0682396b9e6a7194bdf388ce5c71558d5c98fedda168bbf680e3d7,1.5,1.5,1.5,6.1851467722656335e-15,PLW 1,1.0,100.0,100.0,100.0,50.0,50.0,6.1851734124160215e-18,2.0,6.0,2.0,50.0,2.0,2.0,2.0,2.0,6.185146772265633e-18,6.185146772265633e-18,6.1851467722656335e-15
1,R16 independent salt regression,235a04840b0682396b9e6a7194bdf388ce5c71558d5c98fedda168bbf680e3d7,1.53,1.5299999999999998,1.5299999999999998,6.18514991229302e-15,PLW 1,1.0,100.0,100.0,100.0,50.0,50.0,6.1851793701900815e-18,2.0,6.0,2.0,50.0,2.0,2.0,2.0,2.0,6.18514991229302e-18,6.18514991229302e-18,6.18514991229302e-15
1,R16 independent salt regression,235a04840b0682396b9e6a7194bdf388ce5c71558d5c98fedda168bbf680e3d7,1.56,1.56,1.56,6.185155192925231e-15,PLW 1,1.0,100.0,100.0,100.0,50.0,50.0,6.185185339891073e-18,2.0,6.0,2.0,50.0,2.0,2.0,2.0,2.0,6.185155192925231e-18,6.185155192925231e-18,6.185155192925231e-15
1,R16 independent salt regression,235a04840b0682396b9e6a7194bdf388ce5c71558d5c98fedda168bbf680e3d7,1.59,1.59,1.59,6.1851613836466715e-15,PLW 1,1.0,100.0,100.0,100.0,50.0,50.0,6.18519130681214e-18,2.0,6.0,2.0,50.0,2.0,2.0,2.0,2.0,6.1851613836466715e-18,6.1851613836466715e-18,6.1851613836466715e-15
1,R16 independent salt regression,235a04840b0682396b9e6a7194bdf388ce5c71558d5c98fedda168bbf680e3d7,1.62,1.62,1.62,6.1851674565878815e-15,PLW 1,1.0,100.0,100.0,100.0,50.0,50.0,6.185197268406312e-18,2.0,6.0,2.0,50.0,2.0,2.0,2.0,2.0,6.185167456587882e-18,6.185167456587882e-18,6.1851674565878815e-15
1,R16 independent salt regression,235a04840b0682396b9e6a7194bdf388ce5c71558d5c98fedda168bbf680e3d7,1.65,1.65,1.65,6.185173412416021e-15,PLW 1,1.0,100.0,100.0,100.0,50.0,50.0,6.185203228473638e-18,2.0,6.0,2.0,50.0,2.0,2.0,2.0,2.0,6.1851734124160215e-18,6.1851734124160215e-18,6.185173412416021e-15
1,R16 independent salt regression,235a04840b0682396b9e6a7194bdf388ce5c71558d5c98fedda168bbf680e3d7,1.68,1.68,1.68,6.185179370190082e-15,PLW 1,1.0,100.0,100.0,100.0,50.0,50.0,6.185209187454778e-18,2.0,6.0,2.0,50.0,2.0,2.0,2.0,2.0,6.1851793701900815e-18,6.1851793701900815e-18,6.185179370190082e-15
1,R16 independent salt regression,235a04840b0682396b9e6a7194bdf388ce5c71558d5c98fedda168bbf680e3d7,1.7100000000000002,1.7100000000000002,1.7100000000000002,6.185185339891073e-15,PLW 1,1.0,100.0,100.0,100.0,50.0,50.0,6.1852151443745684e-18,2.0,6.0,2.0,50.0,2.0,2.0,2.0,2.0,6.185185339891073e-18,6.185185339891073e-18,6.185185339891073e-15
1,R16 independent salt regression,235a04840b0682396b9e6a7194bdf388ce5c71558d5c98fedda168bbf680e3d7,1.74,1.7400000000000002,1.7400000000000002,6.18519130681214e-15,PLW 1,1.0,100.0,100.0,100.0,50.0,50.0,6.185221099141632e-18,2.0,6.0,2.0,50.0,2.0,2.0,2.0,2.0,6.18519130681214e-18,6.18519130681214e-18,6.18519130681214e-15
1,R16 independent salt regression,235a04840b0682396b9e6a7194bdf388ce5c71558d5c98fedda168bbf680e3d7,1.77,1.77,1.77,6.1851972684063125e-15,PLW 1,1.0,100.0,100.0,100.0,50.0,50.0,6.185227051991539e-18,2.0,6.0,2.0,50.0,2.0,2.0,2.0,2.0,6.185197268406312e-18,6.185197268406312e-18,6.1851972684063125e-15
1,R16 independent salt regression,235a04840b0682396b9e6a7194bdf388ce5c71558d5c98fedda168bbf680e3d7,1.8,1.8,1.8,6.1852032284736376e-15,PLW 1,1.0,100.0,100.0,100.0,50.0,50.0,6.185233002938883e-18,2.0,6.0,2.0,50.0,2.0,2.0,2.0,2.0,6.185203228473638e-18,6.185203228473638e-18,6.1852032284736376e-15
1,R16 independent salt regression,235a04840b0682396b9e6a7194bdf388ce5c71558d5c98fedda168bbf680e3d7,1.8299999999999998,1.83,1.83,6.185209187454778e-15,PLW 1,1.0,100.0,100.0,100.0,50.0,50.0,6.185238951926131e-18,2.0,6.0,2.0,50.0,2.0,2.0,2.0,2.0,6.185209187454778e-18,6.185209187454778e-18,6.185209187454778e-15
1,R16 independent salt regression,235a04840b0682396b9e6a7194bdf388ce5c71558d5c98fedda168bbf680e3d7,1.86,1.86,1.86,6.185215144374568e-15,PLW 1,1.0,100.0,100.0,100.0,50.0,50.0,6.185244898951573e-18,2.0,6.0,2.0,50.0,2.0,2.0,2.0,2.0,6.1852151443745684e-18,6.1852151443745684e-18,6.185215144374568e-15
1,R16 independent salt regression,235a04840b0682396b9e6a7194bdf388ce5c71558d5c98fedda168bbf680e3d7,1.8900000000000001,1.8900000000000001,1.8900000000000001,6.1852210991416315e-15,PLW 1,1.0,100.0,100.0,100.0,50.0,50.0,6.185250844029494e-18,2.0,6.0,2.0,50.0,2.0,2.0,2.0,2.0,6.185221099141632e-18,6.185221099141632e-18,6.1852210991416315e-15
1,R16 independent salt regression,235a04840b0682396b9e6a7194bdf388ce5c71558d5c98fedda168bbf680e3d7,1.9200000000000002,1.92,1.92,6.185227051991539e-15,PLW 1,1.0,100.0,100.0,100.0,50.0,50.0,6.1852567871602e-18,2.0,6.0,2.0,50.0,2.0,2.0,2.0,2.0,6.185227051991539e-18,6.185227051991539e-18,6.185227051991539e-15
1,R16 independent salt regression,235a04840b0682396b9e6a7194bdf388ce5c71558d5c98fedda168bbf680e3d7,1.95,1.95,1.95,6.185233002938883e-15,PLW 1,1.0,100.0,100.0,100.0,50.0,50.0,6.185262728340459e-18,2.0,6.0,2.0,50.0,2.0,2.0,2.0,2.0,6.185233002938883e-18,6.185233002938883e-18,6.185233002938883e-15
1,R16 independent salt regression,235a04840b0682396b9e6a7194bdf388ce5c71558d5c98fedda168bbf680e3d7,1.98,1.98,1.98,6.185238951926131e-15,PLW 1,1.0,100.0,100.0,100.0,50.0,50.0,6.185268667570524e-18,2.0,6.0,2.0,50.0,2.0,2.0,2.0,2.0,6.185238951926131e-18,6.185238951926131e-18,6.185238951926131e-15
1,R16 independent salt regression,235a04840b0682396b9e6a7194bdf388ce5c71558d5c98fedda168bbf680e3d7,2.0100000000000002,2.0100000000000002,2.0100000000000002,6.185244898951573e-15,PLW 1,1.0,100.0,100.0,100.0,50.0,50.0,6.1852746048514255e-18,2.0,6.0,2.0,50.0,2.0,2.0,2.0,2.0,6.185244898951573e-18,6.185244898951573e-18,6.185244898951573e-15
1,R16 independent salt regression,235a04840b0682396b9e6a7194bdf388ce5c71558d5c98fedda168bbf680e3d7,2.04,2.04,2.04,6.1852508440294935e-15,PLW 1,1.0,100.0,100.0,100.0,50.0,50.0,6.185280540183325e-18,2.0,6.0,2.0,50.0,2.0,2.0,2.0,2.0,6.185250844029494e-18,6.185250844029494e-18,6.1852508440294935e-15
1,R16 independent salt regression,235a04840b0682396b9e6a7194bdf388ce5c71558d5c98fedda168bbf680e3d7,2.07,2.0700000000000003,2.0700000000000003,6.1852567871602e-15,PLW 1,1.0,100.0,100.0,100.0,50.0,50.0,6.1852864735662196e-18,2.0,6.0,2.0,50.0,2.0,2.0,2.0,2.0,6.1852567871602e-18,6.1852567871602e-18,6.1852567871602e-15
1,R16 independent salt regression,235a04840b0682396b9e6a7194bdf388ce5c71558d5c98fedda168bbf680e3d7,2.1,2.1,2.1,6.185262728340459e-15,PLW 1,1.0,100.0,100.0,100.0,50.0,50.0,6.185292405000312e-18,2.0,6.0,2.0,50.0,2.0,2.0,2.0,2.0,6.185262728340459e-18,6.185262728340459e-18,6.185262728340459e-15
1,R16 independent salt regression,235a04840b0682396b9e6a7194bdf388ce5c71558d5c98fedda168bbf680e3d7,2.13,2.13,2.13,6.1852686675705244e-15,PLW 1,1.0,100.0,100.0,100.0,50.0,50.0,6.185298334485863e-18,2.0,6.0,2.0,50.0,2.0,2.0,2.0,2.0,6.185268667570524e-18,6.185268667570524e-18,6.1852686675705244e-15
1,R16 independent salt regression,235a04840b0682396b9e6a7194bdf388ce5c71558d5c98fedda168bbf680e3d7,2.1599999999999997,2.16,2.16,6.1852746048514255e-15,PLW 1,1.0,100.0,100.0,100.0,50.0,50.0,6.1853042620230495e-18,2.0,6.0,2.0,50.0,2.0,2.0,2.0,2.0,6.1852746048514255e-18,6.1852746048514255e-18,6.1852746048514255e-15
1,R16 independent salt regression,235a04840b0682396b9e6a7194bdf388ce5c71558d5c98fedda168bbf680e3d7,2.19,2.1900000000000004,2.1900000000000004,6.185280540183325e-15,PLW 1,1.0,100.0,100.0,100.0,50.0,50.0,6.185310187612055e-18,2.0,6.0,2.0,50.0,2.0,2.0,2.0,2.0,6.185280540183325e-18,6.185280540183325e-18,6.185280540183325e-15
1,R16 independent salt regression,235a04840b0682396b9e6a7194bdf388ce5c71558d5c98fedda168bbf680e3d7,2.22,2.22,2.22,6.18528647356622e-15,PLW 1,1.0,100.0,100.0,100.0,50.0,50.0,6.185316111253085e-18,2.0,6.0,2.0,50.0,2.0,2.0,2.0,2.0,6.1852864735662196e-18,6.1852864735662196e-18,6.18528647356622e-15
1,R16 independent salt regression,235a04840b0682396b9e6a7194bdf388ce5c71558d5c98fedda168bbf680e3d7,2.25,2.25,2.25,6.185292405000312e-15,PLW 1,1.0,100.0,100.0,100.0,50.0,50.0,6.1853220329463395e-18,2.0,6.0,2.0,50.0,2.0,2.0,2.0,2.0,6.185292405000312e-18,6.185292405000312e-18,6.185292405000312e-15
1,R16 independent salt regression,235a04840b0682396b9e6a7194bdf388ce5c71558d5c98fedda168bbf680e3d7,2.2800000000000002,2.2800000000000002,2.2800000000000002,6.185298334485863e-15,PLW 1,1.0,100.0,100.0,100.0,50.0,50.0,6.185327952692008e-18,2.0,6.0,2.0,50.0,2.0,2.0,2.0,2.0,6.185298334485863e-18,6.185298334485863e-18,6.185298334485863e-15
1,R16 independent salt regression,235a04840b0682396b9e6a7194bdf388ce5c71558d5c98fedda168bbf680e3d7,2.31,2.3099999999999996,2.3099999999999996,6.185304262023049e-15,PLW 1,1.0,100.0,100.0,100.0,50.0,50.0,6.1853338704902894e-18,2.0,6.0,2.0,50.0,2.0,2.0,2.0,2.0,6.1853042620230495e-18,6.1853042620230495e-18,6.185304262023049e-15
1,R16 independent salt regression,235a04840b0682396b9e6a7194bdf388ce5c71558d5c98fedda168bbf680e3d7,2.3400000000000003,2.34,2.34,6.185310187612055e-15,PLW 1,1.0,100.0,100.0,100.0,50.0,50.0,6.185339786341382e-18,2.0,6.0,2.0,50.0,2.0,2.0,2.0,2.0,6.185310187612055e-18,6.185310187612055e-18,6.185310187612055e-15
1,R16 independent salt regression,235a04840b0682396b9e6a7194bdf388ce5c71558d5c98fedda168bbf680e3d7,2.37,2.37,2.37,6.185316111253085e-15,PLW 1,1.0,100.0,100.0,100.0,50.0,50.0,6.18534570024548e-18,2.0,6.0,2.0,50.0,2.0,2.0,2.0,2.0,6.185316111253085e-18,6.185316111253085e-18,6.185316111253085e-15
1,R16 independent salt regression,235a04840b0682396b9e6a7194bdf388ce5c71558d5c98fedda168bbf680e3d7,2.4,2.4,2.4,6.185322032946339e-15,PLW 1,1.0,100.0,100.0,100.0,50.0,50.0,6.185351612202777e-18,2.0,6.0,2.0,50.0,2.0,2.0,2.0,2.0,6.1853220329463395e-18,6.1853220329463395e-18,6.185322032946339e-15
1,R16 independent salt regression,235a04840b0682396b9e6a7194bdf388ce5c71558d5c98fedda168bbf680e3d7,2.43,2.43,2.43,6.1853279526920086e-15,PLW 1,1.0,100.0,100.0,100.0,50.0,50.0,6.185357522213474e-18,2.0,6.0,2.0,50.0,2.0,2.0,2.0,2.0,6.185327952692008e-18,6.185327952692008e-18,6.1853279526920086e-15
1,R16 independent salt regression,235a04840b0682396b9e6a7194bdf388ce5c71558d5c98fedda168bbf680e3d7,2.46,2.46,2.46,6.18533387049029e-15,PLW 1,1.0,100.0,100.0,100.0,50.0,50.0,6.185363430277764e-18,2.0,6.0,2.0,50.0,2.0,2.0,2.0,2.0,6.1853338704902894e-18,6.1853338704902894e-18,6.18533387049029e-15
1,R16 independent salt regression,235a04840b0682396b9e6a7194bdf388ce5c71558d5c98fedda168bbf680e3d7,2.49,2.49,2.49,6.185339786341382e-15,PLW 1,1.0,100.0,100.0,100.0,50.0,50.0,6.185369336395845e-18,2.0,6.0,2.0,50.0,2.0,2.0,2.0,2.0,6.185339786341382e-18,6.185339786341382e-18,6.185339786341382e-15
1,R16 independent salt regression,235a04840b0682396b9e6a7194bdf388ce5c71558d5c98fedda168bbf680e3d7,2.5200000000000005,2.5200000000000005,2.5200000000000005,6.1853457002454795e-15,PLW 1,1.0,100.0,100.0,100.0,50.0,50.0,6.185375240567912e-18,2.0,6.0,2.0,50.0,2.0,2.0,2.0,2.0,6.18534570024548e-18,6.18534570024548e-18,6.1853457002454795e-15
1,R16 independent salt regression,235a04840b0682396b9e6a7194bdf388ce5c71558d5c98fedda168bbf680e3d7,2.55,2.55,2.55,6.185351612202777e-15,PLW 1,1.0,100.0,100.0,100.0,50.0,50.0,6.185381142794161e-18,2.0,6.0,2.0,50.0,2.0,2.0,2.0,2.0,6.185351612202777e-18,6.185351612202777e-18,6.185351612202777e-15
1,R16 independent salt regression,235a04840b0682396b9e6a7194bdf388ce5c71558d5c98fedda168bbf680e3d7,2.58,2.58,2.58,6.185357522213474e-15,PLW 1,1.0,100.0,100.0,100.0,50.0,50.0,6.185387043074787e-18,2.0,6.0,2.0,50.0,2.0,2.0,2.0,2.0,6.185357522213474e-18,6.185357522213474e-18,6.185357522213474e-15
1,R16 independent salt regression,235a04840b0682396b9e6a7194bdf388ce5c71558d5c98fedda168bbf680e3d7,2.61,2.61,2.61,6.1853634302777644e-15,PLW 1,1.0,100.0,100.0,100.0,50.0,50.0,6.1853929414099884e-18,2.0,6.0,2.0,50.0,2.0,2.0,2.0,2.0,6.185363430277764e-18,6.185363430277764e-18,6.1853634302777644e-15
1,R16 independent salt regression,235a04840b0682396b9e6a7194bdf388ce5c71558d5c98fedda168bbf680e3d7,2.64,2.64,2.64,6.185369336395845e-15,PLW 1,1.0,100.0,100.0,100.0,50.0,50.0,6.185398837799961e-18,2.0,6.0,2.0,50.0,2.0,2.0,2.0,2.0,6.185369336395845e-18,6.185369336395845e-18,6.185369336395845e-15
1,R16 independent salt regression,235a04840b0682396b9e6a7194bdf388ce5c71558d5c98fedda168bbf680e3d7,2.6700000000000004,2.6700000000000004,2.6700000000000004,6.185375240567912e-15,PLW 1,1.0,100.0,100.0,100.0,50.0,50.0,6.185404732244898e-18,2.0,6.0,2.0,50.0,2.0,2.0,2.0,2.0,6.185375240567912e-18,6.185375240567912e-18,6.185375240567912e-15
1,R16 independent salt regression,235a04840b0682396b9e6a7194bdf388ce5c71558d5c98fedda168bbf680e3d7,2.7,2.7,2.7,6.185381142794161e-15,PLW 1,1.0,100.0,100.0,100.0,50.0,50.0,6.185410624744999e-18,2.0,6.0,2.0,50.0,2.0,2.0,2.0,2.0,6.185381142794161e-18,6.185381142794161e-18,6.185381142794161e-15
1,R16 independent salt regression,235a04840b0682396b9e6a7194bdf388ce5c71558d5c98fedda168bbf680e3d7,2.73,2.7300000000000004,2.7300000000000004,6.185387043074787e-15,PLW 1,1.0,100.0,100.0,100.0,50.0,50.0,6.1854165153004594e-18,2.0,6.0,2.0,50.0,2.0,2.0,2.0,2.0,6.185387043074787e-18,6.185387043074787e-18,6.185387043074787e-15
1,R16 independent salt regression,235a04840b0682396b9e6a7194bdf388ce5c71558d5c98fedda168bbf680e3d7,2.76,2.76,2.76,6.185392941409988e-15,PLW 1,1.0,100.0,100.0,100.0,50.0,50.0,6.1854224039114724e-18,2.0,6.0,2.0,50.0,2.0,2.0,2.0,2.0,6.1853929414099884e-18,6.1853929414099884e-18,6.185392941409988e-15
1,R16 independent salt regression,235a04840b0682396b9e6a7194bdf388ce5c71558d5c98fedda168bbf680e3d7,2.79,2.79,2.79,6.185398837799961e-15,PLW 1,1.0,100.0,100.0,100.0,50.0,50.0,6.185428290578236e-18,2.0,6.0,2.0,50.0,2.0,2.0,2.0,2.0,6.185398837799961e-18,6.185398837799961e-18,6.185398837799961e-15
1,R16 independent salt regression,235a04840b0682396b9e6a7194bdf388ce5c71558d5c98fedda168bbf680e3d7,2.8200000000000003,2.8200000000000003,2.8200000000000003,6.1854047322448976e-15,PLW 1,1.0,100.0,100.0,100.0,50.0,50.0,6.185434175300949e-18,2.0,6.0,2.0,50.0,2.0,2.0,2.0,2.0,6.185404732244898e-18,6.185404732244898e-18,6.1854047322448976e-15
1,R16 independent salt regression,235a04840b0682396b9e6a7194bdf388ce5c71558d5c98fedda168bbf680e3d7,2.85,2.85,2.85,6.185410624744999e-15,PLW 1,1.0,100.0,100.0,100.0,50.0,50.0,6.1854400580798024e-18,2.0,6.0,2.0,50.0,2.0,2.0,2.0,2.0,6.185410624744999e-18,6.185410624744999e-18,6.185410624744999e-15
1,R16 independent salt regression,235a04840b0682396b9e6a7194bdf388ce5c71558d5c98fedda168bbf680e3d7,2.8800000000000003,2.88,2.88,6.185416515300459e-15,PLW 1,1.0,100.0,100.0,100.0,50.0,50.0,6.185445938914993e-18,2.0,6.0,2.0,50.0,2.0,2.0,2.0,2.0,6.1854165153004594e-18,6.1854165153004594e-18,6.185416515300459e-15
1,R16 independent salt regression,235a04840b0682396b9e6a7194bdf388ce5c71558d5c98fedda168bbf680e3d7,2.9099999999999997,2.91,2.91,6.185422403911473e-15,PLW 1,1.0,100.0,100.0,100.0,50.0,50.0,6.1854518178067186e-18,2.0,6.0,2.0,50.0,2.0,2.0,2.0,2.0,6.1854224039114724e-18,6.1854224039114724e-18,6.185422403911473e-15
1,R16 independent salt regression,235a04840b0682396b9e6a7194bdf388ce5c71558d5c98fedda168bbf680e3d7,2.94,2.9400000000000004,2.9400000000000004,6.185428290578236e-15,PLW 1,1.0,100.0,100.0,100.0,50.0,50.0,6.185457694755174e-18,2.0,6.0,2.0,50.0,2.0,2.0,2.0,2.0,6.185428290578236e-18,6.185428290578236e-18,6.185428290578236e-15
1,R16 independent salt regression,235a04840b0682396b9e6a7194bdf388ce5c71558d5c98fedda168bbf680e3d7,2.97,2.97,2.97,6.185434175300949e-15,PLW 1,1.0,100.0,100.0,100.0,50.0,50.0,6.185463569760555e-18,2.0,6.0,2.0,50.0,2.0,2.0,2.0,2.0,6.185434175300949e-18,6.185434175300949e-18,6.185434175300949e-15
1,R16 independent salt regression,235a04840b0682396b9e6a7194bdf388ce5c71558d5c98fedda168bbf680e3d7,3.0,3.0,3.0,6.185440058079803e-15,Elution 1,1.0,100.0,100.0,100.0,50.0,50.0,6.185469442823056e-18,3.0,6.0,2.0,50.0,2.0,2.0,2.0,2.0,6.1854400580798024e-18,6.1854400580798024e-18,6.185440058079803e-15
1,R16 independent salt regression,235a04840b0682396b9e6a7194bdf388ce5c71558d5c98fedda168bbf680e3d7,3.0300000000000002,3.0300000000000002,3.0300000000000002,6.185445938914992e-15,Elution 1,1.0,99.625,99.625,100.0,50.0,50.0,6.185475313942873e-18,3.0,6.0,2.0,50.0,2.0,1.9925,2.0,2.0,6.185445938914993e-18,6.185445938914993e-18,6.185445938914992e-15
1,R16 independent salt regression,235a04840b0682396b9e6a7194bdf388ce5c71558d5c98fedda168bbf680e3d7,3.06,3.06,3.06,6.185451817806718e-15,Elution 1,1.0,99.25,99.25,100.0,50.0,50.0,6.1854811831199136e-18,3.0,6.0,2.0,50.0,2.0,1.9849999999999999,2.0,2.0,6.1854518178067186e-18,6.1854518178067186e-18,6.185451817806718e-15
1,R16 independent salt regression,235a04840b0682396b9e6a7194bdf388ce5c71558d5c98fedda168bbf680e3d7,3.0900000000000003,3.0900000000000003,3.0900000000000003,6.1854576947551744e-15,Elution 1,1.0,98.875,98.875,99.99999999999997,50.0,50.0,6.185487050349832e-18,3.0,6.0,1.9999999999999991,50.0,1.9999999999999991,1.9775,2.0,2.0,6.185457694755174e-18,6.185457694755174e-18,6.1854576947551744e-15
1,R16 independent salt regression,235a04840b0682396b9e6a7194bdf388ce5c71558d5c98fedda168bbf680e3d7,3.12,3.12,3.12,6.185463569760555e-15,Elution 1,1.0,98.5,98.5,99.99999999999996,50.0,50.0,6.185492915625431e-18,3.0,6.0,1.9999999999999993,50.0,1.9999999999999993,1.97,1.9999999999999991,1.9999999999999991,6.185463569760555e-18,6.185463569760555e-18,6.185463569760555e-15
1,R16 independent salt regression,235a04840b0682396b9e6a7194bdf388ce5c71558d5c98fedda168bbf680e3d7,3.15,3.15,3.15,6.185469442823056e-15,Elution 1,1.0,98.125,98.125,99.99999999999986,50.0,50.0,6.185498778968191e-18,3.0,6.0,1.9999999999999973,50.0,1.9999999999999973,1.9625,1.9999999999999973,1.9999999999999973,6.185469442823056e-18,6.185469442823056e-18,6.185469442823056e-15
1,R16 independent salt regression,235a04840b0682396b9e6a7194bdf388ce5c71558d5c98fedda168bbf680e3d7,3.18,3.18,3.18,6.185475313942873e-15,Elution 1,1.0,97.75,97.75,99.99999999999984,50.0,50.0,6.185504640420689e-18,3.0,6.0,1.999999999999997,50.0,1.999999999999997,1.955,1.9999999999999971,1.9999999999999971,6.185475313942873e-18,6.185475313942873e-18,6.185475313942873e-15
1,R16 independent salt regression,235a04840b0682396b9e6a7194bdf388ce5c71558d5c98fedda168bbf680e3d7,3.21,3.21,3.21,6.1854811831199136e-15,Elution 1,1.0,97.375,97.375,99.99999999999613,50.0,50.0,6.185510500011449e-18,3.0,6.0,1.9999999999999227,50.0,1.9999999999999227,1.9475,1.9999999999999558,1.9999999999999558,6.1854811831199136e-18,6.1854811831199136e-18,6.1854811831199136e-15
1,R16 independent salt regression,235a04840b0682396b9e6a7194bdf388ce5c71558d5c98fedda168bbf680e3d7,3.24,3.24,3.24,6.1854870503498314e-15,Elution 1,1.0,97.0,97.0,99.9999999999862,50.0,50.0,6.185516357759513e-18,3.0,6.0,1.9999999999997242,50.0,1.9999999999997242,1.94,1.9999999999997968,1.9999999999997968,6.185487050349832e-18,6.185487050349832e-18,6.1854870503498314e-15
1,R16 independent salt regression,235a04840b0682396b9e6a7194bdf388ce5c71558d5c98fedda168bbf680e3d7,3.2700000000000005,3.2700000000000005,3.2700000000000005,6.185492915625431e-15,Elution 1,1.0,96.625,96.625,99.99999999997513,50.0,50.0,6.1855222136745456e-18,3.0,6.0,1.9999999999995026,50.0,1.9999999999995026,1.9324999999999999,1.9999999999995581,1.9999999999995581,6.185492915625431e-18,6.185492915625431e-18,6.185492915625431e-15
1,R16 independent salt regression,235a04840b0682396b9e6a7194bdf388ce5c71558d5c98fedda168bbf680e3d7,3.3,3.3,3.3,6.1854987789681915e-15,Elution 1,1.0,96.25,96.25,99.99999999997382,50.0,50.0,6.185528067742006e-18,3.0,6.0,1.999999999999476,50.0,1.999999999999476,1.925,1.999999999999468,1.999999999999468,6.185498778968191e-18,6.185498778968191e-18,6.1854987789681915e-15
1,R16 independent salt regression,235a04840b0682396b9e6a7194bdf388ce5c71558d5c98fedda168bbf680e3d7,3.33,3.33,3.33,6.185504640420689e-15,Elution 1,1.0,95.875,95.875,100.00000000004727,50.0,50.0,6.185533919890671e-18,3.0,6.0,2.0000000000009504,50.0,2.0000000000009504,1.9175,2.0000000000000435,2.0000000000000435,6.185504640420689e-18,6.185504640420689e-18,6.185504640420689e-15
1,R16 independent salt regression,235a04840b0682396b9e6a7194bdf388ce5c71558d5c98fedda168bbf680e3d7,3.36,3.36,3.36,6.1855105000114485e-15,Elution 1,1.0,95.5,95.5,100.00000000242511,50.0,50.0,6.185539769578357e-18,3.0,6.0,2.0000000000485207,50.0,2.0000000000485207,1.9100000000000001,2.0000000000297304,2.0000000000297304,6.185510500011449e-18,6.185510500011449e-18,6.1855105000114485e-15
1,R16 independent salt regression,235a04840b0682396b9e6a7194bdf388ce5c71558d5c98fedda168bbf680e3d7,3.39,3.39,3.39,6.185516357759513e-15,Elution 1,1.0,95.125,95.125,100.00000000795542,50.0,50.0,6.185545615479641e-18,3.0,6.0,2.000000000159111,50.0,2.000000000159111,1.9024999999999999,2.000000000121235,2.000000000121235,6.185516357759513e-18,6.185516357759513e-18,6.185516357759513e-15
1,R16 independent salt regression,235a04840b0682396b9e6a7194bdf388ce5c71558d5c98fedda168bbf680e3d7,3.4200000000000004,3.4200000000000004,3.4200000000000004,6.185522213674546e-15,Elution 1,1.0,94.75,94.75,100.00000001578726,50.0,50.0,6.185551458425713e-18,3.0,6.0,2.0000000003157297,50.0,2.0000000003157297,1.895,2.0000000002659357,2.0000000002659357,6.1855222136745456e-18,6.1855222136745456e-18,6.185522213674546e-15
1,R16 independent salt regression,235a04840b0682396b9e6a7194bdf388ce5c71558d5c98fedda168bbf680e3d7,3.45,3.45,3.45,6.185528067742006e-15,Elution 1,1.0,94.375,94.375,100.00000002414924,50.0,50.0,6.185557305073093e-18,3.0,6.0,2.0000000004829173,50.0,2.0000000004829173,1.8875,2.000000000433622,2.000000000433622,6.185528067742006e-18,6.185528067742006e-18,6.185528067742006e-15
1,R16 independent salt regression,235a04840b0682396b9e6a7194bdf388ce5c71558d5c98fedda168bbf680e3d7,3.48,3.4800000000000004,3.4800000000000004,6.1855339198906704e-15,Elution 1,1.0,94.0,94.0,100.00000002996117,50.0,50.0,6.18556317775342e-18,3.0,6.0,2.000000000599097,50.0,2.000000000599097,1.88,2.0000000005674132,2.0000000005674132,6.185533919890671e-18,6.185533919890671e-18,6.1855339198906704e-15
1,R16 independent salt regression,235a04840b0682396b9e6a7194bdf388ce5c71558d5c98fedda168bbf680e3d7,3.51,3.51,3.51,6.185539769578357e-15,Elution 1,1.0,93.625,93.625,100.00000003206296,50.0,50.0,6.185569119473535e-18,3.0,6.0,2.0000000006411094,50.0,2.0000000006411094,1.8725,2.000000000634291,2.000000000634291,6.185539769578357e-18,6.185539769578357e-18,6.185539769578357e-15
1,R16 independent salt regression,235a04840b0682396b9e6a7194bdf388ce5c71558d5c98fedda168bbf680e3d7,3.54,3.54,3.54,6.1855456154796405e-15,Elution 1,1.0,93.25,93.25,100.00000003106602,50.0,50.0,6.185575864741019e-18,3.0,6.0,2.000000000621173,50.0,2.000000000621173,1.865,2.0000000006296066,2.0000000006296066,6.185545615479641e-18,6.185545615479641e-18,6.1855456154796405e-15
1,R16 independent salt regression,235a04840b0682396b9e6a7194bdf388ce5c71558d5c98fedda168bbf680e3d7,3.5700000000000003,3.5700000000000003,3.5700000000000003,6.185551458425713e-15,Elution 1,1.0,92.875,92.875,99.9999999582686,50.0,50.0,6.1855962731136056e-18,3.0,6.0,1.9999999991652369,50.0,1.9999999991652369,1.8575,1.9999999999529012,1.9999999999529012,6.185551458425713e-18,6.185551458425713e-18,6.185551458425713e-15
1,R16 independent salt regression,235a04840b0682396b9e6a7194bdf388ce5c71558d5c98fedda168bbf680e3d7,3.6,3.6,3.6,6.1855573050730935e-15,Elution 1,1.0,92.5,92.5,99.9999949853289,50.0,50.0,6.185703191169337e-18,3.0,6.0,1.9999998997056203,50.0,1.9999998997056203,1.85,1.9999999584954773,1.9999999584954773,6.185557305073093e-18,6.185557305073093e-18,6.1855573050730935e-15
1,R16 independent salt regression,235a04840b0682396b9e6a7194bdf388ce5c71558d5c98fedda168bbf680e3d7,3.6300000000000003,3.6300000000000003,3.6300000000000003,6.18556317775342e-15,Elution 1,1.0,92.125,92.125,99.99988929542657,50.0,50.0,6.186201824674719e-18,3.0,6.0,1.9999977858987443,50.0,1.9999977858987443,1.8424999999999998,1.9999987152477345,1.9999987152477345,6.18556317775342e-18,6.18556317775342e-18,6.18556317775342e-15
1,R16 independent salt regression,235a04840b0682396b9e6a7194bdf388ce5c71558d5c98fedda168bbf680e3d7,3.6599999999999997,3.66,3.66,6.185569119473535e-15,Elution 1,1.0,91.75,91.75,99.98773761513824,50.0,50.0,6.189982713165043e-18,3.0,6.0,1.9997547523039825,50.0,1.9997547523039825,1.835,1.9998608061397334,1.9998608061397334,6.185569119473535e-18,6.185569119473535e-18,6.185569119473535e-15
1,R16 independent salt regression,235a04840b0682396b9e6a7194bdf388ce5c71558d5c98fedda168bbf680e3d7,3.69,3.69,3.69,6.185575864741019e-15,Elution 1,1.0,91.375,91.375,99.95066217454735,50.0,50.0,6.208578490365855e-18,3.0,6.0,1.9990132434923926,50.0,1.9990132434923926,1.8275000000000001,1.9992754397048313,1.9992754397048313,6.185575864741019e-18,6.185575864741019e-18,6.185575864741019e-15
1,R16 independent salt regression,235a04840b0682396b9e6a7194bdf388ce5c71558d5c98fedda168bbf680e3d7,3.72,3.72,3.72,6.185596273113606e-15,Elution 1,1.0,91.0,91.0,99.88574886913528,50.0,50.0,6.2482372001788135e-18,3.0,6.0,1.9977149773832583,50.0,1.9977149773832583,1.8199999999999998,1.9981537772759987,1.9981537772759987,6.1855962731136056e-18,6.1855962731136056e-18,6.185596273113606e-15
1,R16 independent salt regression,235a04840b0682396b9e6a7194bdf388ce5c71558d5c98fedda168bbf680e3d7,3.75,3.75,3.75,6.185703191169337e-15,Elution 1,1.0,90.625,90.625,99.7905977233973,50.0,50.0,6.309737982385606e-18,3.0,6.0,1.9958119544677209,50.0,1.9958119544677209,1.8125,1.996441019359259,1.996441019359259,6.185703191169337e-18,6.185703191169337e-18,6.185703191169337e-15
1,R16 independent salt regression,235a04840b0682396b9e6a7194bdf388ce5c71558d5c98fedda168bbf680e3d7,3.7800000000000002,3.7800000000000002,3.7800000000000002,6.186201824674719e-15,Elution 1,1.0,90.25,90.25,99.66381906971074,50.0,50.0,6.395037031349975e-18,3.0,6.0,1.9932763813932035,50.0,1.9932763813932035,1.805,1.9941030531770279,1.9941030531770279,6.186201824674719e-18,6.186201824674719e-18,6.186201824674719e-15
1,R16 independent salt regression,235a04840b0682396b9e6a7194bdf388ce5c71558d5c98fedda168bbf680e3d7,3.81,3.81,3.81,6.1899827131650424e-15,Elution 1,1.0,89.875,89.875,99.50506863992658,50.0,50.0,6.506621329589505e-18,3.0,6.0,1.990101372796579,50.0,1.990101372796579,1.7974999999999999,1.9911265528193183,1.9911265528193183,6.189982713165043e-18,6.189982713165043e-18,6.1899827131650424e-15
1,R16 independent salt regression,235a04840b0682396b9e6a7194bdf388ce5c71558d5c98fedda168bbf680e3d7,3.8400000000000003,3.84,3.84,6.2085784903658554e-15,Elution 1,1.0,89.5,89.5,99.31503466231699,50.0,50.0,6.645525771619858e-18,3.0,6.0,1.986300693243982,50.0,1.986300693243982,1.79,1.9875188546600657,1.9875188546600657,6.208578490365855e-18,6.208578490365855e-18,6.2085784903658554e-15
1,R16 independent salt regression,235a04840b0682396b9e6a7194bdf388ce5c71558d5c98fedda168bbf680e3d7,3.87,3.87,3.87,6.248237200178813e-15,Elution 1,1.0,89.125,89.125,99.09538514230806,50.0,50.0,6.812059564862728e-18,3.0,6.0,1.981907702844581,50.0,1.981907702844581,1.7825,1.9833074767153227,1.9833074767153227,6.2482372001788135e-18,6.2482372001788135e-18,6.248237200178813e-15
1,R16 independent salt regression,235a04840b0682396b9e6a7194bdf388ce5c71558d5c98fedda168bbf680e3d7,3.9,3.9,3.9,6.309737982385606e-15,Elution 1,1.0,88.75,88.75,98.84857840178523,50.0,50.0,7.006472817709062e-18,3.0,6.0,1.9769715680356648,50.0,1.9769715680356648,1.775,1.9785369492217213,1.9785369492217213,6.309737982385606e-18,6.309737982385606e-18,6.309737982385606e-15
1,R16 independent salt regression,235a04840b0682396b9e6a7194bdf388ce5c71558d5c98fedda168bbf680e3d7,3.93,3.93,3.93,6.395037031349975e-15,Elution 1,1.0,88.375,88.375,98.57760069672028,50.0,50.0,7.228615664851856e-18,3.0,6.0,1.9715520139356966,50.0,1.9715520139356966,1.7675,1.9732640087983853,1.9732640087983853,6.395037031349975e-18,6.395037031349975e-18,6.395037031349975e-15
1,R16 independent salt regression,235a04840b0682396b9e6a7194bdf388ce5c71558d5c98fedda168bbf680e3d7,3.96,3.96,3.96,6.506621329589506e-15,Elution 1,1.0,88.0,88.0,98.28571497583813,50.0,50.0,7.477866907905746e-18,3.0,6.0,1.9657142995185646,50.0,1.9657142995185646,1.76,1.9675525903778917,1.9675525903778917,6.506621329589505e-18,6.506621329589505e-18,6.506621329589506e-15
1,R16 independent salt regression,235a04840b0682396b9e6a7194bdf388ce5c71558d5c98fedda168bbf680e3d7,3.99,3.99,3.99,6.64552577161986e-15,Elution 1,1.0,87.625,87.625,97.97618193530928,50.0,50.0,7.753452312292651e-18,3.0,6.0,1.9595236387073085,50.0,1.9595236387073085,1.7525,1.9614680612281277,1.9614680612281277,6.64552577161986e-18,6.64552577161986e-18,6.64552577161986e-15
1,R16 independent salt regression,235a04840b0682396b9e6a7194bdf388ce5c71558d5c98fedda168bbf680e3d7,4.0200000000000005,4.0200000000000005,4.0200000000000005,6.812059564862731e-15,Elution 1,1.0,87.25,87.25,97.65208760576097,50.0,50.0,8.054597191365342e-18,3.0,6.0,1.9530417521153847,50.0,1.9530417521153847,1.7449999999999999,1.9550733601999266,1.9550733601999266,6.812059564862731e-18,6.812059564862731e-18,6.812059564862731e-15
1,R16 independent salt regression,235a04840b0682396b9e6a7194bdf388ce5c71558d5c98fedda168bbf680e3d7,4.05,4.05,4.05,7.006472817709062e-15,Elution 1,1.0,86.875,86.875,97.31622837582027,50.0,50.0,8.380530810833783e-18,3.0,6.0,1.9463245675160044,50.0,1.9463245675160044,1.7375,1.948426330582923,1.948426330582923,7.006472817709062e-18,7.006472817709062e-18,7.006472817709062e-15
1,R16 independent salt regression,235a04840b0682396b9e6a7194bdf388ce5c71558d5c98fedda168bbf680e3d7,4.08,4.08,4.08,7.228615664851855e-15,Elution 1,1.0,86.5,86.5,96.97104387976988,50.0,50.0,8.73055380449805e-18,3.0,6.0,1.9394208775948611,50.0,1.9394208775948611,1.73,1.9415780691129656,1.9415780691129656,7.228615664851856e-18,7.228615664851856e-18,7.228615664851855e-15
1,R16 independent salt regression,235a04840b0682396b9e6a7194bdf388ce5c71558d5c98fedda168bbf680e3d7,4.11,4.109999999999999,4.109999999999999,7.477866907905744e-15,Elution 1,1.0,86.125,86.125,96.61859220036767,50.0,50.0,9.104126132589812e-18,3.0,6.0,1.9323718440069189,50.0,1.9323718440069189,1.7225000000000001,1.9345721654199166,1.9345721654199166,7.477866907905743e-18,7.477866907905743e-18,7.477866907905744e-15
1,R16 independent salt regression,235a04840b0682396b9e6a7194bdf388ce5c71558d5c98fedda168bbf680e3d7,4.14,4.140000000000001,4.140000000000001,7.753452312292656e-15,Elution 1,1.0,85.75,85.75,96.26054482190251,50.0,50.0,9.500904685977519e-18,3.0,6.0,1.9252108964376449,50.0,1.9252108964376449,1.7149999999999999,1.9274443653262712,1.9274443653262712,7.753452312292656e-18,7.753452312292656e-18,7.753452312292656e-15
1,R16 independent salt regression,235a04840b0682396b9e6a7194bdf388ce5c71558d5c98fedda168bbf680e3d7,4.17,4.17,4.17,8.054597191365334e-15,Elution 1,1.0,85.375,85.375,95.89822992667766,50.0,50.0,9.920751021134004e-18,3.0,6.0,1.9179645985329796,50.0,1.9179645985329796,1.7075,1.9202232886280062,1.9202232886280062,8.054597191365333e-18,8.054597191365333e-18,8.054597191365334e-15
1,R16 independent salt regression,235a04840b0682396b9e6a7194bdf388ce5c71558d5c98fedda168bbf680e3d7,4.2,4.2,4.2,8.380530810833784e-15,Elution 1,1.0,85.0,85.0,95.53268551230826,50.0,50.0,1.0363738282781446e-17,3.0,6.0,1.9106537102453416,50.0,1.9106537102453416,1.7,1.9129314318808894,1.9129314318808894,8.380530810833783e-18,8.380530810833783e-18,8.380530810833784e-15
1,R16 independent salt regression,235a04840b0682396b9e6a7194bdf388ce5c71558d5c98fedda168bbf680e3d7,4.23,4.23,4.23,8.73055380449805e-15,Elution 1,1.0,84.625,84.625,95.16471305848897,50.0,50.0,1.0830123981321256e-17,3.0,6.0,1.9032942611688628,50.0,1.9032942611688628,1.6925,1.905586245655709,1.905586245655709,8.73055380449805e-18,8.73055380449805e-18,8.73055380449805e-15
1,R16 independent salt regression,235a04840b0682396b9e6a7194bdf388ce5c71558d5c98fedda168bbf680e3d7,4.26,4.26,4.26,9.104126132589812e-15,Elution 1,1.0,84.25,84.25,94.79492919608097,50.0,50.0,1.1320322217565244e-17,3.0,6.0,1.8958985839209832,50.0,1.8958985839209832,1.685,1.8982011857942818,1.8982011857942818,9.104126132589812e-18,9.104126132589812e-18,9.104126132589812e-15
1,R16 independent salt regression,235a04840b0682396b9e6a7194bdf388ce5c71558d5c98fedda168bbf680e3d7,4.290000000000001,4.290000000000001,4.290000000000001,9.50090468597752e-15,Elution 1,1.0,83.87499999999999,83.87499999999999,94.42380407289262,50.0,50.0,1.1834899429551081e-17,3.0,6.0,1.8884760814577508,50.0,1.8884760814577508,1.6774999999999998,1.8907865672191868,1.8907865672191868,9.500904685977519e-18,9.500904685977519e-18,9.50090468597752e-15
1,R16 independent salt regression,235a04840b0682396b9e6a7194bdf388ce5c71558d5c98fedda168bbf680e3d7,4.319999999999999,4.32,4.32,9.920751021134004e-15,Elution 1,1.0,83.5,83.5,94.05168498218525,50.0,50.0,1.2374564789775356e-17,3.0,6.0,1.8810336996441097,50.0,1.8810336996441097,1.67,1.8833500410810413,1.8833500410810413,9.920751021134004e-18,9.920751021134004e-18,9.920751021134004e-15
1,R16 independent salt regression,235a04840b0682396b9e6a7194bdf388ce5c71558d5c98fedda168bbf680e3d7,4.35,4.35,4.35,1.0363738282781434e-14,Elution 1,1.0,83.125,83.125,93.67882636178614,50.0,50.0,1.2940154585491996e-17,3.0,6.0,1.8735765272364036,50.0,1.8735765272364036,1.6625,1.875897224036622,1.875897224036622,1.0363738282781434e-17,1.0363738282781434e-17,1.0363738282781434e-14
1,R16 independent salt regression,235a04840b0682396b9e6a7194bdf388ce5c71558d5c98fedda168bbf680e3d7,4.38,4.38,4.38,1.0830123981321242e-14,Elution 1,1.0,82.75,82.75,93.3054167576633,50.0,50.0,1.353261638994188e-17,3.0,6.0,1.8661083351538488,50.0,1.8661083351538488,1.655,1.8684322801941688,1.8684322801941688,1.0830123981321242e-17,1.0830123981321242e-17,1.0830123981321242e-14
1,R16 independent salt regression,235a04840b0682396b9e6a7194bdf388ce5c71558d5c98fedda168bbf680e3d7,4.41,4.41,4.41,1.1320322217565244e-14,Elution 1,1.0,82.375,82.375,92.93159643648129,50.0,50.0,1.4153000262808408e-17,3.0,6.0,1.8586319287299435,50.0,1.8586319287299435,1.6475,1.8609582936240676,1.8609582936240676,1.1320322217565244e-17,1.1320322217565244e-17,1.1320322217565244e-14
1,R16 independent salt regression,235a04840b0682396b9e6a7194bdf388ce5c71558d5c98fedda168bbf680e3d7,4.44,4.44,4.44,1.1834899429551066e-14,Elution 1,1.0,82.0,82.0,92.55746894443517,50.0,50.0,1.4802445129228465e-17,3.0,6.0,1.8511493788887932,50.0,1.8511493788887932,1.64,1.8534775406808413,1.8534775406808413,1.1834899429551066e-17,1.1834899429551066e-17,1.1834899429551066e-14
1,R16 independent salt regression,235a04840b0682396b9e6a7194bdf388ce5c71558d5c98fedda168bbf680e3d7,4.47,4.47,4.47,1.237456478977534e-14,Elution 1,1.0,81.625,81.625,92.18311512445543,50.0,50.0,1.5482165390761965e-17,3.0,6.0,1.843662302489223,50.0,1.843662302489223,1.6325,1.8459917900108642,1.8459917900108642,1.2374564789775341e-17,1.2374564789775341e-17,1.237456478977534e-14
1,R16 independent salt regression,235a04840b0682396b9e6a7194bdf388ce5c71558d5c98fedda168bbf680e3d7,4.5,4.5,4.5,1.2940154585491996e-14,Elution 1,1.0,81.25,81.25,91.80859660933005,50.0,50.0,1.6193460718663995e-17,3.0,6.0,1.836171932186981,50.0,1.836171932186981,1.625,1.8385023981225832,1.8385023981225832,1.2940154585491996e-17,1.2940154585491996e-17,1.2940154585491996e-14
1,R16 independent salt regression,235a04840b0682396b9e6a7194bdf388ce5c71558d5c98fedda168bbf680e3d7,4.53,4.53,4.53,1.353261638994188e-14,Elution 1,1.0,80.875,80.875,91.43395591095943,50.0,50.0,1.69377113482116e-17,3.0,6.0,1.8286791182198758,50.0,1.8286791182198758,1.6175,1.831010307613433,1.831010307613433,1.353261638994188e-17,1.353261638994188e-17,1.353261638994188e-14
1,R16 independent salt regression,235a04840b0682396b9e6a7194bdf388ce5c71558d5c98fedda168bbf680e3d7,4.5600000000000005,4.5600000000000005,4.5600000000000005,1.4153000262808409e-14,Elution 1,1.0,80.5,80.5,91.05922635107109,50.0,50.0,1.7716372691806865e-17,3.0,6.0,1.8211845270222637,50.0,1.8211845270222637,1.6099999999999999,1.823516259662577,1.823516259662577,1.4153000262808408e-17,1.4153000262808408e-17,1.4153000262808409e-14
1,R16 independent salt regression,235a04840b0682396b9e6a7194bdf388ce5c71558d5c98fedda168bbf680e3d7,4.590000000000001,4.590000000000001,4.590000000000001,1.4802445129228466e-14,Elution 1,1.0,80.12499999999999,80.12499999999999,90.6844298085475,50.0,50.0,1.8530989040890943e-17,3.0,6.0,1.813688596171685,50.0,1.813688596171685,1.6024999999999998,1.8160207416697423,1.8160207416697423,1.4802445129228465e-17,1.4802445129228465e-17,1.4802445129228466e-14
1,R16 independent salt regression,235a04840b0682396b9e6a7194bdf388ce5c71558d5c98fedda168bbf680e3d7,4.62,4.62,4.62,1.5482165390761964e-14,Elution 1,1.0,79.75,79.75,90.30958697819682,50.0,50.0,1.938317032132132e-17,3.0,6.0,1.8061917395644849,50.0,1.8061917395644849,1.595,1.8085242057614452,1.8085242057614452,1.5482165390761965e-17,1.5482165390761965e-17,1.5482165390761964e-14
1,R16 independent salt regression,235a04840b0682396b9e6a7194bdf388ce5c71558d5c98fedda168bbf680e3d7,4.65,4.65,4.65,1.6193460718663995e-14,Elution 1,1.0,79.375,79.375,89.9346994830971,50.0,50.0,2.027463738572426e-17,3.0,6.0,1.7986939896620953,50.0,1.7986939896620953,1.5875,1.8010266958952925,1.8010266958952925,1.6193460718663995e-17,1.6193460718663995e-17,1.6193460718663995e-14
1,R16 independent salt regression,235a04840b0682396b9e6a7194bdf388ce5c71558d5c98fedda168bbf680e3d7,4.680000000000001,4.68,4.68,1.6937711348211578e-14,Elution 1,1.0,79.0,79.0,89.55978757748841,50.0,50.0,2.1207175821927665e-17,3.0,6.0,1.7911957515494359,50.0,1.7911957515494359,1.58,1.7935286484507174,1.7935286484507174,1.6937711348211577e-17,1.6937711348211577e-17,1.6937711348211578e-14
1,R16 independent salt regression,235a04840b0682396b9e6a7194bdf388ce5c71558d5c98fedda168bbf680e3d7,4.71,4.710000000000001,4.710000000000001,1.7716372691806864e-14,Elution 1,1.0,78.62499999999999,78.62499999999999,89.1848460925252,50.0,50.0,2.218265810758788e-17,3.0,6.0,1.7836969218496628,50.0,1.7836969218496628,1.5724999999999998,1.7860299486196425,1.7860299486196425,1.7716372691806865e-17,1.7716372691806865e-17,1.7716372691806864e-14
1,R16 independent salt regression,235a04840b0682396b9e6a7194bdf388ce5c71558d5c98fedda168bbf680e3d7,4.74,4.74,4.74,1.8530989040890917e-14,Elution 1,1.0,78.25,78.25,88.80988830295182,50.0,50.0,2.320305662521628e-17,3.0,6.0,1.776197766057747,50.0,1.776197766057747,1.565,1.7785308873169634,1.7785308873169634,1.8530989040890918e-17,1.8530989040890918e-17,1.8530989040890917e-14
1,R16 independent salt regression,235a04840b0682396b9e6a7194bdf388ce5c71558d5c98fedda168bbf680e3d7,4.77,4.77,4.77,1.9383170321321294e-14,Elution 1,1.0,77.875,77.875,88.4349169434498,50.0,50.0,2.4270409250853463e-17,3.0,6.0,1.768698338867454,50.0,1.768698338867454,1.5575,1.7710315203378608,1.7710315203378608,1.9383170321321295e-17,1.9383170321321295e-17,1.9383170321321294e-14
1,R16 independent salt regression,235a04840b0682396b9e6a7194bdf388ce5c71558d5c98fedda168bbf680e3d7,4.8,4.8,4.8,2.0274637385724233e-14,Elution 1,1.0,77.5,77.5,88.0599356201786,50.0,50.0,2.538687077472781e-17,3.0,6.0,1.7611987124020083,50.0,1.7611987124020083,1.55,1.7635319274120753,1.7635319274120753,2.0274637385724233e-17,2.0274637385724233e-17,2.0274637385724233e-14
1,R16 independent salt regression,235a04840b0682396b9e6a7194bdf388ce5c71558d5c98fedda168bbf680e3d7,4.83,4.83,4.83,2.1207175821927666e-14,Elution 1,1.0,77.125,77.125,87.68494994014752,50.0,50.0,2.655468187225863e-17,3.0,6.0,1.7536989988015619,50.0,1.7536989988015619,1.5425,1.7560322360481437,1.7560322360481437,2.1207175821927665e-17,2.1207175821927665e-17,2.1207175821927666e-14
1,R16 independent salt regression,235a04840b0682396b9e6a7194bdf388ce5c71558d5c98fedda168bbf680e3d7,4.86,4.86,4.86,2.2182658107587852e-14,Elution 1,1.0,76.75,76.75,87.30996146580706,50.0,50.0,2.777619202747785e-17,3.0,6.0,1.7461992293151396,50.0,1.7461992293151396,1.535,1.7485324811500582,1.7485324811500582,2.2182658107587852e-17,2.2182658107587852e-17,2.2182658107587852e-14
1,R16 independent salt regression,235a04840b0682396b9e6a7194bdf388ce5c71558d5c98fedda168bbf680e3d7,4.890000000000001,4.890000000000001,4.890000000000001,2.320305662521628e-14,Elution 1,1.0,76.375,76.375,86.93497115957639,50.0,50.0,2.905386525111924e-17,3.0,6.0,1.7386994231909736,50.0,1.7386994231909736,1.5274999999999999,1.7410326874958106,1.7410326874958106,2.320305662521628e-17,2.320305662521628e-17,2.320305662521628e-14
1,R16 independent salt regression,235a04840b0682396b9e6a7194bdf388ce5c71558d5c98fedda168bbf680e3d7,4.92,4.92,4.92,2.4270409250853463e-14,Elution 1,1.0,76.0,76.0,86.55997996150906,50.0,50.0,3.0390276435461413e-17,3.0,6.0,1.7311995992300646,50.0,1.7311995992300646,1.52,1.7335328787878783,1.7335328787878783,2.4270409250853463e-17,2.4270409250853463e-17,2.4270409250853463e-14
1,R16 independent salt regression,235a04840b0682396b9e6a7194bdf388ce5c71558d5c98fedda168bbf680e3d7,4.95,4.95,4.95,2.538687077472781e-14,Elution 1,1.0,75.625,75.625,86.1849899737788,50.0,50.0,3.1788116251605284e-17,3.0,6.0,1.7236997994760743,50.0,1.7236997994760743,1.5125,1.7260330906553472,1.7260330906553472,2.538687077472781e-17,2.538687077472781e-17,2.538687077472781e-14
1,R16 independent salt regression,235a04840b0682396b9e6a7194bdf388ce5c71558d5c98fedda168bbf680e3d7,4.98,4.98,4.98,2.655468187225863e-14,Elution 1,1.0,75.25,75.25,85.80999935677285,50.0,50.0,3.325020628723755e-17,3.0,6.0,1.7161999871364724,50.0,1.7161999871364724,1.505,1.7185332921718246,1.7185332921718246,2.655468187225863e-17,2.655468187225863e-17,2.655468187225863e-14
1,R16 independent salt regression,235a04840b0682396b9e6a7194bdf388ce5c71558d5c98fedda168bbf680e3d7,5.010000000000001,5.01,5.01,2.7776192027477815e-14,Elution 1,1.0,74.875,74.875,85.43500650751574,50.0,50.0,3.477950416586236e-17,3.0,6.0,1.7087001301515994,50.0,1.7087001301515994,1.4975,1.7110334511346088,1.7110334511346088,2.7776192027477815e-17,2.7776192027477815e-17,2.7776192027477815e-14
1,R16 independent salt regression,235a04840b0682396b9e6a7194bdf388ce5c71558d5c98fedda168bbf680e3d7,5.040000000000001,5.040000000000001,5.040000000000001,2.905386525111924e-14,Elution 1,1.0,74.49999999999999,74.49999999999999,85.0600089603365,50.0,50.0,3.637910220545702e-17,3.0,6.0,1.7012001792078568,50.0,1.7012001792078568,1.4899999999999998,1.703533516889904,1.703533516889904,2.905386525111924e-17,2.905386525111924e-17,2.905386525111924e-14
1,R16 independent salt regression,235a04840b0682396b9e6a7194bdf388ce5c71558d5c98fedda168bbf680e3d7,5.069999999999999,5.07,5.07,3.0390276435461416e-14,Elution 1,1.0,74.125,74.125,84.68501383799887,50.0,50.0,3.8052216683510534e-17,3.0,6.0,1.6937002767609652,50.0,1.6937002767609652,1.4825,1.6960336328492285,1.6960336328492285,3.0390276435461413e-17,3.0390276435461413e-17,3.0390276435461416e-14
1,R16 independent salt regression,235a04840b0682396b9e6a7194bdf388ce5c71558d5c98fedda168bbf680e3d7,5.1,5.1,5.1,3.178811625160524e-14,Elution 1,1.0,73.75,73.75,84.31001866744228,50.0,50.0,3.9802202144443404e-17,3.0,6.0,1.6862003733495834,50.0,1.6862003733495834,1.475,1.6885337463909524,1.6885337463909524,3.178811625160524e-17,3.178811625160524e-17,3.178811625160524e-14
1,R16 independent salt regression,235a04840b0682396b9e6a7194bdf388ce5c71558d5c98fedda168bbf680e3d7,5.13,5.130000000000001,5.130000000000001,3.325020628723755e-14,Elution 1,1.0,73.37499999999999,73.37499999999999,83.93502042391238,50.0,50.0,4.163261114190683e-17,3.0,6.0,1.6787004084784833,50.0,1.6787004084784833,1.4674999999999998,1.6810337927663528,1.6810337927663528,3.325020628723755e-17,3.325020628723755e-17,3.325020628723755e-14
1,R16 independent salt regression,235a04840b0682396b9e6a7194bdf388ce5c71558d5c98fedda168bbf680e3d7,5.16,5.16,5.16,3.477950416586236e-14,Elution 1,1.0,73.0,73.0,83.56001728835473,50.0,50.0,4.3547150275013874e-17,3.0,6.0,1.6712003457665365,50.0,1.6712003457665365,1.46,1.673533730834983,1.673533730834983,3.477950416586236e-17,3.477950416586236e-17,3.477950416586236e-14
1,R16 independent salt regression,235a04840b0682396b9e6a7194bdf388ce5c71558d5c98fedda168bbf680e3d7,5.19,5.19,5.19,3.637910220545697e-14,Elution 1,1.0,72.625,72.625,83.18501243578102,50.0,50.0,4.554967078274824e-17,3.0,6.0,1.6637002487141683,50.0,1.6637002487141683,1.4525,1.6660336298953708,1.6660336298953708,3.637910220545697e-17,3.637910220545697e-17,3.637910220545697e-14
1,R16 independent salt regression,235a04840b0682396b9e6a7194bdf388ce5c71558d5c98fedda168bbf680e3d7,5.22,5.22,5.22,3.8052216683510486e-14,Elution 1,1.0,72.25,72.25,82.81000994862164,50.0,50.0,4.76441605209043e-17,3.0,6.0,1.6562001989702342,50.0,1.6562001989702342,1.445,1.6585335791567448,1.6585335791567448,3.8052216683510485e-17,3.8052216683510485e-17,3.8052216683510486e-14
1,R16 independent salt regression,235a04840b0682396b9e6a7194bdf388ce5c71558d5c98fedda168bbf680e3d7,5.25,5.25,5.25,3.9802202144443404e-14,Elution 1,1.0,71.875,71.875,82.43500669018738,50.0,50.0,4.983486029792165e-17,3.0,6.0,1.6487001338009037,50.0,1.6487001338009037,1.4375,1.6510335077182468,1.6510335077182468,3.9802202144443404e-17,3.9802202144443404e-17,3.9802202144443404e-14
1,R16 independent salt regression,235a04840b0682396b9e6a7194bdf388ce5c71558d5c98fedda168bbf680e3d7,5.28,5.28,5.28,4.163261114190677e-14,Elution 1,1.0,71.5,71.5,82.06000288085365,50.0,50.0,5.212619391961771e-17,3.0,6.0,1.6412000576138006,50.0,1.6412000576138006,1.43,1.6435334188547912,1.6435334188547912,4.1632611141906774e-17,4.1632611141906774e-17,4.163261114190677e-14
1,R16 independent salt regression,235a04840b0682396b9e6a7194bdf388ce5c71558d5c98fedda168bbf680e3d7,5.3100000000000005,5.3100000000000005,5.3100000000000005,4.354715027501387e-14,Elution 1,1.0,71.125,71.125,81.68499890674988,50.0,50.0,5.452276093128408e-17,3.0,6.0,1.6336999781315789,50.0,1.6336999781315789,1.4224999999999999,1.6360333212469764,1.6360333212469764,4.3547150275013874e-17,4.3547150275013874e-17,4.354715027501387e-14
1,R16 independent salt regression,235a04840b0682396b9e6a7194bdf388ce5c71558d5c98fedda168bbf680e3d7,5.340000000000001,5.340000000000001,5.340000000000001,4.554967078274824e-14,Elution 1,1.0,70.74999999999999,70.74999999999999,81.30999575489784,50.0,50.0,5.702937144008977e-17,3.0,6.0,1.6261999150944648,50.0,1.6261999150944648,1.4149999999999998,1.628533244912854,1.628533244912854,4.554967078274824e-17,4.554967078274824e-17,4.554967078274824e-14
1,R16 independent salt regression,235a04840b0682396b9e6a7194bdf388ce5c71558d5c98fedda168bbf680e3d7,5.37,5.369999999999999,5.369999999999999,4.764416052090424e-14,Elution 1,1.0,70.37500000000001,70.37500000000001,80.93499363800652,50.0,50.0,5.965106676668337e-17,3.0,6.0,1.6186998727568631,50.0,1.6186998727568631,1.4075000000000002,1.6210331908573872,1.6210331908573872,4.764416052090424e-17,4.764416052090424e-17,4.764416052090424e-14
1,R16 independent salt regression,235a04840b0682396b9e6a7194bdf388ce5c71558d5c98fedda168bbf680e3d7,5.4,5.4,5.4,4.983486029792165e-14,Elution 1,1.0,70.0,70.0,80.55999313952785,50.0,50.0,6.239311414242002e-17,3.0,6.0,1.6111998627878816,50.0,1.6111998627878816,1.4,1.6135331729965072,1.6135331729965072,4.983486029792165e-17,4.983486029792165e-17,4.983486029792165e-14
1,R16 independent salt regression,235a04840b0682396b9e6a7194bdf388ce5c71558d5c98fedda168bbf680e3d7,5.430000000000001,5.43,5.43,5.212619391961764e-14,Elution 1,1.0,69.625,69.625,80.1849949040518,50.0,50.0,6.526101689561127e-17,3.0,6.0,1.6036998980793924,50.0,1.6036998980793924,1.3925,1.6060332068215122,1.6060332068215122,5.212619391961764e-17,5.212619391961764e-17,5.212619391961764e-14
1,R16 independent salt regression,235a04840b0682396b9e6a7194bdf388ce5c71558d5c98fedda168bbf680e3d7,5.46,5.460000000000001,5.460000000000001,5.452276093128408e-14,Elution 1,1.0,69.24999999999999,69.24999999999999,79.80999558375075,50.0,50.0,6.826054652040563e-17,3.0,6.0,1.5961999116741354,50.0,1.5961999116741354,1.3849999999999998,1.5985332178930975,1.5985332178930975,5.452276093128408e-17,5.452276093128408e-17,5.452276093128408e-14
1,R16 independent salt regression,235a04840b0682396b9e6a7194bdf388ce5c71558d5c98fedda168bbf680e3d7,5.49,5.49,5.49,5.702937144008969e-14,Elution 1,1.0,68.875,68.875,79.43499662090105,50.0,50.0,7.139773772738257e-17,3.0,6.0,1.5886999324178912,50.0,1.5886999324178912,1.3775,1.5910332390817057,1.5910332390817057,5.702937144008969e-17,5.702937144008969e-17,5.702937144008969e-14
1,R16 independent salt regression,235a04840b0682396b9e6a7194bdf388ce5c71558d5c98fedda168bbf680e3d7,5.52,5.52,5.52,5.965106676668336e-14,Elution 1,1.0,68.5,68.5,79.05999829966942,50.0,50.0,7.467887460157783e-17,3.0,6.0,1.5811999659940097,50.0,1.5811999659940097,1.37,1.5835332774423296,1.5835332774423296,5.965106676668337e-17,5.965106676668337e-17,5.965106676668336e-14
1,R16 independent salt regression,235a04840b0682396b9e6a7194bdf388ce5c71558d5c98fedda168bbf680e3d7,5.55,5.55,5.55,6.239311414241993e-14,Elution 1,1.0,68.125,68.125,78.68500064326719,50.0,50.0,7.811053626572718e-17,3.0,6.0,1.5737000128666816,50.0,1.5737000128666816,1.3625,1.576033334163592,1.576033334163592,6.239311414241994e-17,6.239311414241994e-17,6.239311414241993e-14
1,R16 independent salt regression,235a04840b0682396b9e6a7194bdf388ce5c71558d5c98fedda168bbf680e3d7,5.58,5.58,5.58,6.526101689561128e-14,Elution 1,1.0,67.75,67.75,78.31000234456577,50.0,50.0,8.169961618050814e-17,3.0,6.0,1.5662000468933162,50.0,1.5662000468933162,1.355,1.5685333737457745,1.5685333737457745,6.526101689561127e-17,6.526101689561127e-17,6.526101689561128e-14
1,R16 independent salt regression,235a04840b0682396b9e6a7194bdf388ce5c71558d5c98fedda168bbf680e3d7,5.61,5.61,5.61,6.826054652040554e-14,Elution 1,1.0,67.375,67.375,77.93500328589005,50.0,50.0,8.54533265445065e-17,3.0,6.0,1.5587000657203771,50.0,1.5587000657203771,1.3475,1.5610333934921088,1.5610333934921088,6.826054652040554e-17,6.826054652040554e-17,6.826054652040554e-14
1,R16 independent salt regression,235a04840b0682396b9e6a7194bdf388ce5c71558d5c98fedda168bbf680e3d7,5.640000000000001,5.640000000000001,5.640000000000001,7.139773772738258e-14,Elution 1,1.0,67.0,67.0,77.56000408274835,50.0,50.0,8.937917327437975e-17,3.0,6.0,1.5512000816579872,50.0,1.5512000816579872,1.3399999999999999,1.553533410925685,1.553533410925685,7.139773772738257e-17,7.139773772738257e-17,7.139773772738258e-14
1,R16 independent salt regression,235a04840b0682396b9e6a7194bdf388ce5c71558d5c98fedda168bbf680e3d7,5.67,5.67,5.67,7.467887460157783e-14,Elution 1,1.0,66.625,66.625,77.18500466612538,50.0,50.0,9.348501409409484e-17,3.0,6.0,1.5437000933258063,50.0,1.5437000933258063,1.3325,1.5460334246916847,1.5460334246916847,7.467887460157783e-17,7.467887460157783e-17,7.467887460157783e-14
1,R16 independent salt regression,235a04840b0682396b9e6a7194bdf388ce5c71558d5c98fedda168bbf680e3d7,5.7,5.7,5.7,7.811053626572718e-14,Elution 1,1.0,66.25,66.25,76.81000496700582,50.0,50.0,9.77790736225295e-17,3.0,6.0,1.5362000993434932,50.0,1.5362000993434932,1.325,1.5385334334352887,1.5385334334352887,7.811053626572718e-17,7.811053626572718e-17,7.811053626572718e-14
1,R16 independent salt regression,235a04840b0682396b9e6a7194bdf388ce5c71558d5c98fedda168bbf680e3d7,5.73,5.73,5.73,8.169961618050814e-14,Elution 1,1.0,65.875,65.875,76.43500491637442,50.0,50.0,1.0226994293071583e-16,3.0,6.0,1.5287000983307077,50.0,1.5287000983307077,1.3175,1.531033435801678,1.531033435801678,8.169961618050814e-17,8.169961618050814e-17,8.169961618050814e-14
1,R16 independent salt regression,235a04840b0682396b9e6a7194bdf388ce5c71558d5c98fedda168bbf680e3d7,5.760000000000001,5.76,5.76,8.545332654450638e-14,Elution 1,1.0,65.5,65.5,76.06000444521585,50.0,50.0,1.0696659890684343e-16,3.0,6.0,1.5212000889071091,50.0,1.5212000889071091,1.31,1.5235334304360337,1.5235334304360337,8.545332654450638e-17,8.545332654450638e-17,8.545332654450638e-14
1,R16 independent salt regression,235a04840b0682396b9e6a7194bdf388ce5c71558d5c98fedda168bbf680e3d7,5.790000000000001,5.790000000000001,5.790000000000001,8.937917327437974e-14,Elution 1,1.0,65.12499999999999,65.12499999999999,75.68500348451484,50.0,50.0,1.1187842645129481e-16,3.0,6.0,1.5137000696923568,50.0,1.5137000696923568,1.3024999999999998,1.5160334159835371,1.5160334159835371,8.937917327437975e-17,8.937917327437975e-17,8.937917327437974e-14
1,R16 independent salt regression,235a04840b0682396b9e6a7194bdf388ce5c71558d5c98fedda168bbf680e3d7,5.819999999999999,5.82,5.82,9.348501409409484e-14,Elution 1,1.0,64.75,64.75,75.31000300166458,50.0,50.0,1.1701522907624267e-16,3.0,6.0,1.5062000600349101,50.0,1.5062000600349101,1.295,1.5085334092218465,1.5085334092218465,9.348501409409484e-17,9.348501409409484e-17,9.348501409409484e-14
1,R16 independent salt regression,235a04840b0682396b9e6a7194bdf388ce5c71558d5c98fedda168bbf680e3d7,5.85,5.85,5.85,9.777907362252938e-14,Elution 1,1.0,64.375,64.375,74.93500278752074,50.0,50.0,1.2238724755935538e-16,3.0,6.0,1.4987000557517614,50.0,1.4987000557517614,1.2875,1.5010334063445159,1.5010334063445159,9.777907362252937e-17,9.777907362252937e-17,9.777907362252938e-14
1,R16 independent salt regression,235a04840b0682396b9e6a7194bdf388ce5c71558d5c98fedda168bbf680e3d7,5.88,5.880000000000001,5.880000000000001,1.0226994293071583e-13,Elution 1,1.0,63.99999999999999,63.99999999999999,74.56000247317046,50.0,50.0,1.280052007838934e-16,3.0,6.0,1.4912000494644366,50.0,1.4912000494644366,1.2799999999999998,1.4935334007498708,1.4935334007498708,1.0226994293071583e-16,1.0226994293071583e-16,1.0226994293071583e-13
1,R16 independent salt regression,235a04840b0682396b9e6a7194bdf388ce5c71558d5c98fedda168bbf680e3d7,5.91,5.91,5.91,1.0696659890684343e-13,Elution 1,1.0,63.625,63.625,74.1850020516114,50.0,50.0,1.3388028460868717e-16,3.0,6.0,1.4837000410328933,50.0,1.4837000410328933,1.2725,1.48603339216804,1.48603339216804,1.0696659890684343e-16,1.0696659890684343e-16,1.0696659890684343e-13
1,R16 independent salt regression,235a04840b0682396b9e6a7194bdf388ce5c71558d5c98fedda168bbf680e3d7,5.94,5.94,5.94,1.1187842645129467e-13,Elution 1,1.0,63.24999999999999,63.24999999999999,73.81000151584131,50.0,50.0,1.4002419226893016e-16,3.0,6.0,1.476200030317088,50.0,1.476200030317088,1.265,1.4785333803291527,1.4785333803291527,1.1187842645129467e-16,1.1187842645129467e-16,1.1187842645129467e-13
1,R16 independent salt regression,235a04840b0682396b9e6a7194bdf388ce5c71558d5c98fedda168bbf680e3d7,5.97,5.97,5.97,1.1701522907624252e-13,Elution 1,1.0,62.875,62.875,73.43500085885788,50.0,50.0,1.4644914405358417e-16,3.0,6.0,1.4687000171769782,50.0,1.4687000171769782,1.2575,1.471033364963338,1.471033364963338,1.1701522907624252e-16,1.1701522907624252e-16,1.1701522907624252e-13
1,R16 independent salt regression,235a04840b0682396b9e6a7194bdf388ce5c71558d5c98fedda168bbf680e3d7,6.0,6.0,6.0,1.2238724755935539e-13,Elution 1,1.0,62.5,62.5,73.06000007365878,50.0,50.0,1.5316790932093588e-16,3.0,6.0,1.4612000014725202,50.0,1.4612000014725202,1.25,1.4635333458007247,1.4635333458007247,1.2238724755935538e-16,1.2238724755935538e-16,1.2238724755935539e-13
1,R16 independent salt regression,235a04840b0682396b9e6a7194bdf388ce5c71558d5c98fedda168bbf680e3d7,6.03,6.03,6.03,1.2800520078389323e-13,Elution 1,1.0,62.125,62.125,72.68499915324176,50.0,50.0,1.6019382709102046e-16,3.0,6.0,1.4536999830636714,50.0,1.4536999830636714,1.2425,1.456033322571442,1.456033322571442,1.2800520078389324e-16,1.2800520078389324e-16,1.2800520078389323e-13
1,R16 independent salt regression,235a04840b0682396b9e6a7194bdf388ce5c71558d5c98fedda168bbf680e3d7,6.0600000000000005,6.0600000000000005,6.0600000000000005,1.3388028460868718e-13,Elution 1,1.0,61.74999999999999,61.74999999999999,72.30999860374118,50.0,50.0,1.6754082612319865e-16,3.0,6.0,1.4461999720733207,50.0,1.4461999720733207,1.2349999999999999,1.4485333088551322,1.4485333088551322,1.3388028460868717e-16,1.3388028460868717e-16,1.3388028460868718e-13
1,R16 independent salt regression,235a04840b0682396b9e6a7194bdf388ce5c71558d5c98fedda168bbf680e3d7,6.090000000000001,6.090000000000001,6.090000000000001,1.4002419226893015e-13,Elution 1,1.0,61.37499999999999,61.37499999999999,71.93499825210591,50.0,50.0,1.7522345668932074e-16,3.0,6.0,1.4386999650403844,50.0,1.4386999650403844,1.2274999999999998,1.4410332999002815,1.4410332999002815,1.4002419226893016e-16,1.4002419226893016e-16,1.4002419226893015e-13
1,R16 independent salt regression,235a04840b0682396b9e6a7194bdf388ce5c71558d5c98fedda168bbf680e3d7,6.12,6.119999999999999,6.119999999999999,1.4644914405358398e-13,Elution 1,1.0,61.00000000000001,61.00000000000001,71.55999800541642,50.0,50.0,1.8325693100027455e-16,3.0,6.0,1.4311999601064411,50.0,1.4311999601064411,1.2200000000000002,1.4335332931181193,1.4335332931181193,1.4644914405358397e-16,1.4644914405358397e-16,1.4644914405358398e-13
1,R16 independent salt regression,235a04840b0682396b9e6a7194bdf388ce5c71558d5c98fedda168bbf680e3d7,6.15,6.15,6.15,1.5316790932093586e-13,Elution 1,1.0,60.62499999999999,60.62499999999999,71.1849978835841,50.0,50.0,1.9165713190246542e-16,3.0,6.0,1.4236999576697327,50.0,1.4236999576697327,1.2125,1.426033288965174,1.426033288965174,1.5316790932093588e-16,1.5316790932093588e-16,1.5316790932093586e-13
1,R16 independent salt regression,235a04840b0682396b9e6a7194bdf388ce5c71558d5c98fedda168bbf680e3d7,6.180000000000001,6.18,6.18,1.6019382709102026e-13,Elution 1,1.0,60.25,60.25,70.80999790652042,50.0,50.0,2.0044064281712646e-16,3.0,6.0,1.4161999581285012,50.0,1.4161999581285012,1.205,1.4185332878979737,1.4185332878979737,1.6019382709102026e-16,1.6019382709102026e-16,1.6019382709102026e-13
1,R16 independent salt regression,235a04840b0682396b9e6a7194bdf388ce5c71558d5c98fedda168bbf680e3d7,6.21,6.210000000000001,6.210000000000001,1.6754082612319864e-13,Elution 1,1.0,59.874999999999986,59.874999999999986,70.43499809413682,50.0,50.0,2.0962478272485e-16,3.0,6.0,1.4086999618809888,50.0,1.4086999618809888,1.1974999999999998,1.4110332903730474,1.4110332903730474,1.6754082612319865e-16,1.6754082612319865e-16,1.6754082612319864e-13
1,R16 independent salt regression,235a04840b0682396b9e6a7194bdf388ce5c71558d5c98fedda168bbf680e3d7,6.24,6.24,6.24,1.752234566893205e-13,Elution 1,1.0,59.5,59.5,70.05999846634471,50.0,50.0,2.192276412869732e-16,3.0,6.0,1.4011999693254378,50.0,1.4011999693254378,1.19,1.4035332968469227,1.4035332968469227,1.7522345668932052e-16,1.7522345668932052e-16,1.752234566893205e-13
1,R16 independent salt regression,235a04840b0682396b9e6a7194bdf388ce5c71558d5c98fedda168bbf680e3d7,6.27,6.27,6.27,1.8325693100027455e-13,Elution 1,1.0,59.12500000000001,59.12500000000001,69.68499904305558,50.0,50.0,2.292681011160661e-16,3.0,6.0,1.3936999808600905,50.0,1.3936999808600905,1.1825,1.3960333077761287,1.3960333077761287,1.8325693100027455e-16,1.8325693100027455e-16,1.8325693100027455e-13
1,R16 independent salt regression,235a04840b0682396b9e6a7194bdf388ce5c71558d5c98fedda168bbf680e3d7,6.3,6.3,6.3,1.9165713190246516e-13,Elution 1,1.0,58.75,58.75,69.30999924263615,50.0,50.0,2.3976589138587306e-16,3.0,6.0,1.386199984851882,50.0,1.386199984851882,1.175,1.3885333115267533,1.3885333115267533,1.9165713190246517e-16,1.9165713190246517e-16,1.9165713190246516e-13
1,R16 independent salt regression,235a04840b0682396b9e6a7194bdf388ce5c71558d5c98fedda168bbf680e3d7,6.33,6.33,6.33,2.0044064281712646e-13,Elution 1,1.0,58.375,58.375,68.93499939546585,50.0,50.0,2.5074159213998323e-16,3.0,6.0,1.3786999879086288,50.0,1.3786999879086288,1.1675,1.381033314622807,1.381033314622807,2.0044064281712646e-16,2.0044064281712646e-16,2.0044064281712646e-13
1,R16 independent salt regression,235a04840b0682396b9e6a7194bdf388ce5c71558d5c98fedda168bbf680e3d7,6.36,6.36,6.36,2.0962478272484973e-13,Elution 1,1.0,57.99999999999999,57.99999999999999,68.55999957255327,50.0,50.0,2.6221668163988297e-16,3.0,6.0,1.3711999914505508,50.0,1.3711999914505508,1.16,1.373533318482558,1.373533318482558,2.0962478272484973e-16,2.0962478272484973e-16,2.0962478272484973e-13
1,R16 independent salt regression,235a04840b0682396b9e6a7194bdf388ce5c71558d5c98fedda168bbf680e3d7,6.390000000000001,6.390000000000001,6.390000000000001,2.192276412869732e-13,Elution 1,1.0,57.62499999999999,57.62499999999999,68.1849997738984,50.0,50.0,2.7421358318099825e-16,3.0,6.0,1.3636999954776485,50.0,1.3636999954776485,1.1524999999999999,1.3660333231060062,1.3660333231060062,2.192276412869732e-16,2.192276412869732e-16,2.192276412869732e-13
1,R16 independent salt regression,235a04840b0682396b9e6a7194bdf388ce5c71558d5c98fedda168bbf680e3d7,6.42,6.42,6.42,2.292681011160661e-13,Elution 1,1.0,57.25,57.25,67.80999999950126,50.0,50.0,2.86755697607818e-16,3.0,6.0,1.3561999999899217,50.0,1.3561999999899217,1.145,1.358533328493152,1.358533328493152,2.292681011160661e-16,2.292681011160661e-16,2.292681011160661e-13
1,R16 independent salt regression,235a04840b0682396b9e6a7194bdf388ce5c71558d5c98fedda168bbf680e3d7,6.45,6.45,6.45,2.397658913858731e-13,Elution 1,1.0,56.875,56.875,67.43500024936182,50.0,50.0,2.9986743975478106e-16,3.0,6.0,1.3487000049873703,50.0,1.3487000049873703,1.1375,1.3510333346439944,1.3510333346439944,2.3976589138587306e-16,2.3976589138587306e-16,2.397658913858731e-13
1,R16 independent salt regression,235a04840b0682396b9e6a7194bdf388ce5c71558d5c98fedda168bbf680e3d7,6.48,6.48,6.48,2.507415921399832e-13,Elution 1,1.0,56.49999999999999,56.49999999999999,67.0600005234801,50.0,50.0,3.1357428212160177e-16,3.0,6.0,1.3412000104699942,50.0,1.3412000104699942,1.13,1.3435333415585344,1.3435333415585344,2.5074159213998323e-16,2.5074159213998323e-16,2.507415921399832e-13
1,R16 independent salt regression,235a04840b0682396b9e6a7194bdf388ce5c71558d5c98fedda168bbf680e3d7,6.510000000000001,6.51,6.51,2.6221668163988265e-13,Elution 1,1.0,56.125,56.125,66.68500082185611,50.0,50.0,3.279027968857418e-16,3.0,6.0,1.3337000164377937,50.0,1.3337000164377937,1.1225,1.3360333492367715,1.3360333492367715,2.6221668163988263e-16,2.6221668163988263e-16,2.6221668163988265e-13
1,R16 independent salt regression,235a04840b0682396b9e6a7194bdf388ce5c71558d5c98fedda168bbf680e3d7,6.540000000000001,6.540000000000001,6.540000000000001,2.7421358318099826e-13,Elution 1,1.0,55.749999999999986,55.749999999999986,66.31000088371536,50.0,50.0,3.4288070637206383e-16,3.0,6.0,1.326200017675049,50.0,1.326200017675049,1.1149999999999998,1.3285333508113095,1.3285333508113095,2.7421358318099825e-16,2.7421358318099825e-16,2.7421358318099826e-13
1,R16 independent salt regression,235a04840b0682396b9e6a7194bdf388ce5c71558d5c98fedda168bbf680e3d7,6.569999999999999,6.57,6.57,2.86755697607818e-13,Elution 1,1.0,55.375,55.375,65.93500091466507,50.0,50.0,3.5853691332585515e-16,3.0,6.0,1.3187000182940856,50.0,1.3187000182940856,1.1075,1.3210333516967356,1.3210333516967356,2.86755697607818e-16,2.86755697607818e-16,2.86755697607818e-13
1,R16 independent salt regression,235a04840b0682396b9e6a7194bdf388ce5c71558d5c98fedda168bbf680e3d7,6.6,6.6,6.6,2.9986743975478065e-13,Elution 1,1.0,55.00000000000001,55.00000000000001,65.5600009233978,50.0,50.0,3.7490154142442277e-16,3.0,6.0,1.3112000184687629,50.0,1.3112000184687629,1.1,1.3135333521219656,1.3135333521219656,2.9986743975478066e-16,2.9986743975478066e-16,2.9986743975478065e-13
1,R16 independent salt regression,235a04840b0682396b9e6a7194bdf388ce5c71558d5c98fedda168bbf680e3d7,6.63,6.630000000000001,6.630000000000001,3.135742821216018e-13,Elution 1,1.0,54.62499999999999,54.62499999999999,65.18500090991355,50.0,50.0,3.920060077308846e-16,3.0,6.0,1.3037000181990808,50.0,1.3037000181990808,1.0924999999999998,1.3060333520869998,1.3060333520869998,3.1357428212160177e-16,3.1357428212160177e-16,3.135742821216018e-13
1,R16 independent salt regression,235a04840b0682396b9e6a7194bdf388ce5c71558d5c98fedda168bbf680e3d7,6.66,6.66,6.66,3.2790279688574183e-13,Elution 1,1.0,54.25,54.25,64.81000087421235,50.0,50.0,4.098830517074861e-16,3.0,6.0,1.2962000174850394,50.0,1.2962000174850394,1.085,1.2985333515918378,1.2985333515918378,3.279027968857418e-16,3.279027968857418e-16,3.2790279688574183e-13
1,R16 independent salt regression,235a04840b0682396b9e6a7194bdf388ce5c71558d5c98fedda168bbf680e3d7,6.69,6.69,6.69,3.4288070637206337e-13,Elution 1,1.0,53.87499999999999,53.87499999999999,64.43500081629418,50.0,50.0,4.285667927373737e-16,3.0,6.0,1.2887000163266389,50.0,1.2887000163266389,1.0775,1.2910333506364802,1.2910333506364802,3.428807063720634e-16,3.428807063720634e-16,3.4288070637206337e-13
1,R16 independent salt regression,235a04840b0682396b9e6a7194bdf388ce5c71558d5c98fedda168bbf680e3d7,6.72,6.72,6.72,3.585369133258547e-13,Elution 1,1.0,53.5,53.5,64.06000073615905,50.0,50.0,4.48092779303441e-16,3.0,6.0,1.2812000147238793,50.0,1.2812000147238793,1.07,1.2835333492209269,1.2835333492209269,3.585369133258547e-16,3.585369133258547e-16,3.585369133258547e-13
1,R16 independent salt regression,235a04840b0682396b9e6a7194bdf388ce5c71558d5c98fedda168bbf680e3d7,6.75,6.75,6.75,3.749015414244228e-13,Elution 1,1.0,53.125,53.125,63.68500063380694,50.0,50.0,4.684980323726658e-16,3.0,6.0,1.2737000126767604,50.0,1.2737000126767604,1.0625,1.2760333473451775,1.2760333473451775,3.7490154142442277e-16,3.7490154142442277e-16,3.749015414244228e-13
1,R16 independent salt regression,235a04840b0682396b9e6a7194bdf388ce5c71558d5c98fedda168bbf680e3d7,6.78,6.78,6.78,3.920060077308841e-13,Elution 1,1.0,52.75,52.75,63.31000050923788,50.0,50.0,4.898210984051459e-16,3.0,6.0,1.2662000101852822,50.0,1.2662000101852822,1.055,1.2685333450092322,1.2685333450092322,3.920060077308841e-16,3.920060077308841e-16,3.920060077308841e-13
1,R16 independent salt regression,235a04840b0682396b9e6a7194bdf388ce5c71558d5c98fedda168bbf680e3d7,6.8100000000000005,6.8100000000000005,6.8100000000000005,4.098830517074861e-13,Elution 1,1.0,52.37499999999999,52.37499999999999,62.935000362451845,50.0,50.0,5.121021306695504e-16,3.0,6.0,1.2587000072494448,50.0,1.2587000072494448,1.0474999999999999,1.261033342213091,1.261033342213091,4.098830517074861e-16,4.098830517074861e-16,4.098830517074861e-13
1,R16 independent salt regression,235a04840b0682396b9e6a7194bdf388ce5c71558d5c98fedda168bbf680e3d7,6.840000000000001,6.840000000000001,6.840000000000001,4.285667927373737e-13,Elution 1,1.0,51.99999999999999,51.99999999999999,62.560000232384425,50.0,50.0,5.353829053143429e-16,3.0,6.0,1.2512000046479907,50.0,1.2512000046479907,1.0399999999999998,1.2535333397057544,1.2535333397057544,4.285667927373737e-16,4.285667927373737e-16,4.285667927373737e-13
1,R16 independent salt regression,235a04840b0682396b9e6a7194bdf388ce5c71558d5c98fedda168bbf680e3d7,6.87,6.869999999999999,6.869999999999999,4.480927793034404e-13,Elution 1,1.0,51.62500000000001,51.62500000000001,62.185000187217206,50.0,50.0,5.597068880721851e-16,3.0,6.0,1.243700003744607,50.0,1.243700003744607,1.0325000000000002,1.2460333387988267,1.2460333387988267,4.480927793034404e-16,4.480927793034404e-16,4.480927793034404e-13
1,R16 independent salt regression,235a04840b0682396b9e6a7194bdf388ce5c71558d5c98fedda168bbf680e3d7,6.9,6.9,6.9,4.684980323726658e-13,Elution 1,1.0,51.24999999999999,51.24999999999999,61.81000014365315,50.0,50.0,5.851193027193918e-16,3.0,6.0,1.2362000028732862,50.0,1.2362000028732862,1.025,1.2385333378899288,1.2385333378899288,4.684980323726658e-16,4.684980323726658e-16,4.684980323726658e-13
1,R16 independent salt regression,235a04840b0682396b9e6a7194bdf388ce5c71558d5c98fedda168bbf680e3d7,6.930000000000001,6.93,6.93,4.898210984051453e-13,Elution 1,1.0,50.875,50.875,61.43500010169227,50.0,50.0,6.116671744739983e-16,3.0,6.0,1.228700002034028,50.0,1.228700002034028,1.0175,1.2310333369790614,1.2310333369790614,4.898210984051454e-16,4.898210984051454e-16,4.898210984051453e-13
1,R16 independent salt regression,235a04840b0682396b9e6a7194bdf388ce5c71558d5c98fedda168bbf680e3d7,6.96,6.960000000000001,6.960000000000001,5.121021306695504e-13,Elution 1,1.0,50.499999999999986,50.499999999999986,61.06000006133456,50.0,50.0,6.393993896267965e-16,3.0,6.0,1.2212000012268325,50.0,1.2212000012268325,1.0099999999999998,1.2235333360662242,1.2235333360662242,5.121021306695504e-16,5.121021306695504e-16,5.121021306695504e-13
1,R16 independent salt regression,235a04840b0682396b9e6a7194bdf388ce5c71558d5c98fedda168bbf680e3d7,6.99,6.99,6.99,5.353829053143423e-13,Elution 1,1.0,50.125,50.125,60.685000022580034,50.0,50.0,6.683668183313956e-16,3.0,6.0,1.2137000004516996,50.0,1.2137000004516996,1.0025,1.2160333351514172,1.2160333351514172,5.353829053143422e-16,5.353829053143422e-16,5.353829053143423e-13
1,R16 independent salt regression,235a04840b0682396b9e6a7194bdf388ce5c71558d5c98fedda168bbf680e3d7,7.02,7.02,7.02,5.597068880721851e-13,Elution 1,1.0,49.75000000000001,49.75000000000001,60.309999985428696,50.0,50.0,6.98622238454129e-16,3.0,6.0,1.20619999970863,50.0,1.20619999970863,0.9950000000000001,1.2085333342346407,1.2085333342346407,5.597068880721851e-16,5.597068880721851e-16,5.597068880721851e-13
1,R16 independent salt regression,235a04840b0682396b9e6a7194bdf388ce5c71558d5c98fedda168bbf680e3d7,7.05,7.05,7.05,5.85119302719391e-13,Elution 1,1.0,49.375,49.375,59.93499994988051,50.0,50.0,7.302204243245504e-16,3.0,6.0,1.1986999989976226,50.0,1.1986999989976226,0.9875,1.2010333333158945,1.2010333333158945,5.8511930271939105e-16,5.8511930271939105e-16,5.85119302719391e-13
1,R16 independent salt regression,235a04840b0682396b9e6a7194bdf388ce5c71558d5c98fedda168bbf680e3d7,7.08,7.08,7.08,6.116671744739984e-13,Elution 1,1.0,49.0,49.0,59.559999915935514,50.0,50.0,7.632190889985544e-16,3.0,6.0,1.191199998318678,50.0,1.191199998318678,0.98,1.1935333323951782,1.1935333323951782,6.116671744739983e-16,6.116671744739983e-16,6.116671744739984e-13
1,R16 independent salt regression,235a04840b0682396b9e6a7194bdf388ce5c71558d5c98fedda168bbf680e3d7,7.11,7.11,7.11,6.393993896267957e-13,Elution 1,1.0,48.62499999999999,48.62499999999999,59.18499988359368,50.0,50.0,7.976808234937775e-16,3.0,6.0,1.1836999976717963,50.0,1.1836999976717963,0.9724999999999999,1.1860333314724925,1.1860333314724925,6.393993896267957e-16,6.393993896267957e-16,6.393993896267957e-13
1,R16 independent salt regression,235a04840b0682396b9e6a7194bdf388ce5c71558d5c98fedda168bbf680e3d7,7.140000000000001,7.140000000000001,7.140000000000001,6.683668183313956e-13,Elution 1,1.0,48.24999999999999,48.24999999999999,58.809999852855036,50.0,50.0,8.336601099078573e-16,3.0,6.0,1.1761999970569772,50.0,1.1761999970569772,0.9649999999999999,1.178533330547837,1.178533330547837,6.683668183313956e-16,6.683668183313956e-16,6.683668183313956e-13
1,R16 independent salt regression,235a04840b0682396b9e6a7194bdf388ce5c71558d5c98fedda168bbf680e3d7,7.17,7.17,7.17,6.98622238454129e-13,Elution 1,1.0,47.875,47.875,58.43499984909762,50.0,50.0,8.712121433107169e-16,3.0,6.0,1.1686999969818175,50.0,1.1686999969818175,0.9575,1.1710333303305218,1.1710333303305218,6.98622238454129e-16,6.98622238454129e-16,6.98622238454129e-13
1,R16 independent salt regression,235a04840b0682396b9e6a7194bdf388ce5c71558d5c98fedda168bbf680e3d7,7.2,7.2,7.2,7.302204243245503e-13,Elution 1,1.0,47.5,47.5,58.05999986044572,50.0,50.0,9.104202038487477e-16,3.0,6.0,1.1611999972087879,50.0,1.1611999972087879,0.95,1.1635333305267823,1.1635333305267823,7.302204243245504e-16,7.302204243245504e-16,7.302204243245503e-13
1,R16 independent salt regression,235a04840b0682396b9e6a7194bdf388ce5c71558d5c98fedda168bbf680e3d7,7.23,7.23,7.23,7.632190889985543e-13,Elution 1,1.0,47.12499999999999,47.12499999999999,57.68499987179381,50.0,50.0,9.51344900281611e-16,3.0,6.0,1.1536999974357585,50.0,1.1536999974357585,0.9424999999999999,1.1560333307230426,1.1560333307230426,7.632190889985544e-16,7.632190889985544e-16,7.632190889985543e-13
1,R16 independent salt regression,235a04840b0682396b9e6a7194bdf388ce5c71558d5c98fedda168bbf680e3d7,7.260000000000001,7.260000000000001,7.260000000000001,7.976808234937775e-13,Elution 1,1.0,46.74999999999999,46.74999999999999,57.30999988314191,50.0,50.0,9.94056685591543e-16,3.0,6.0,1.1461999976627288,50.0,1.1461999976627288,0.9349999999999998,1.1485333309193029,1.1485333309193029,7.976808234937775e-16,7.976808234937775e-16,7.976808234937775e-13
1,R16 independent salt regression,235a04840b0682396b9e6a7194bdf388ce5c71558d5c98fedda168bbf680e3d7,7.290000000000001,7.290000000000001,7.290000000000001,8.336601099078573e-13,Elution 1,1.0,46.374999999999986,46.374999999999986,56.934999894490005,50.0,50.0,1.0386287373212898e-15,3.0,6.0,1.1386999978896994,50.0,1.1386999978896994,0.9274999999999998,1.1410333311155634,1.1410333311155634,8.336601099078573e-16,8.336601099078573e-16,8.336601099078573e-13
1,R16 independent salt regression,235a04840b0682396b9e6a7194bdf388ce5c71558d5c98fedda168bbf680e3d7,7.319999999999999,7.319999999999999,7.319999999999999,8.712121433107158e-13,Elution 1,1.0,46.00000000000001,46.00000000000001,56.55999990583811,50.0,50.0,1.08513586999246e-15,3.0,6.0,1.1311999981166703,50.0,1.1311999981166703,0.9200000000000002,1.1335333313118239,1.1335333313118239,8.712121433107158e-16,8.712121433107158e-16,8.712121433107158e-13
1,R16 independent salt regression,235a04840b0682396b9e6a7194bdf388ce5c71558d5c98fedda168bbf680e3d7,7.35,7.35,7.35,9.104202038487466e-13,Elution 1,1.0,45.62500000000001,45.62500000000001,56.184999917186204,50.0,50.0,1.1336557204014507e-15,3.0,6.0,1.1236999983436406,50.0,1.1236999983436406,0.9125000000000001,1.1260333315080844,1.1260333315080844,9.104202038487465e-16,9.104202038487465e-16,9.104202038487466e-13
1,R16 independent salt regression,235a04840b0682396b9e6a7194bdf388ce5c71558d5c98fedda168bbf680e3d7,7.38,7.38,7.38,9.513449002816098e-13,Elution 1,1.0,45.25,45.25,55.8099999285343,50.0,50.0,1.1842683299425204e-15,3.0,6.0,1.1161999985706113,50.0,1.1161999985706113,0.905,1.1185333317043447,1.1185333317043447,9.513449002816098e-16,9.513449002816098e-16,9.513449002816098e-13
1,R16 independent salt regression,235a04840b0682396b9e6a7194bdf388ce5c71558d5c98fedda168bbf680e3d7,7.41,7.41,7.41,9.940566855915419e-13,Elution 1,1.0,44.875,44.875,55.434999939882395,50.0,50.0,1.2370562230812705e-15,3.0,6.0,1.1086999987975816,50.0,1.1086999987975816,0.8975,1.1110333319006052,1.1110333319006052,9.940566855915418e-16,9.940566855915418e-16,9.940566855915419e-13
1,R16 independent salt regression,235a04840b0682396b9e6a7194bdf388ce5c71558d5c98fedda168bbf680e3d7,7.44,7.44,7.44,1.0386287373212885e-12,Elution 1,1.0,44.49999999999999,44.49999999999999,55.059999951230495,50.0,50.0,1.2921044066918982e-15,3.0,6.0,1.1011999990245522,50.0,1.1011999990245522,0.8899999999999999,1.1035333320968654,1.1035333320968654,1.0386287373212884e-15,1.0386287373212884e-15,1.0386287373212885e-12
1,R16 independent salt regression,235a04840b0682396b9e6a7194bdf388ce5c71558d5c98fedda168bbf680e3d7,7.47,7.47,7.47,1.08513586999246e-12,Elution 1,1.0,44.125,44.125,54.6849999625786,50.0,50.0,1.3495003524774132e-15,3.0,6.0,1.0936999992515228,50.0,1.0936999992515228,0.8825000000000001,1.0960333322931262,1.0960333322931262,1.08513586999246e-15,1.08513586999246e-15,1.08513586999246e-12
1,R16 independent salt regression,235a04840b0682396b9e6a7194bdf388ce5c71558d5c98fedda168bbf680e3d7,7.5,7.5,7.5,1.1336557204014507e-12,Elution 1,1.0,43.75,43.75,54.309999966927066,50.0,50.0,1.4093339866562681e-15,3.0,6.0,1.0861999993384979,50.0,1.0861999993384979,0.875,1.0885333324029693,1.0885333324029693,1.1336557204014507e-15,1.1336557204014507e-15,1.1336557204014507e-12
1,R16 independent salt regression,235a04840b0682396b9e6a7194bdf388ce5c71558d5c98fedda168bbf680e3d7,7.53,7.53,7.53,1.1842683299425203e-12,Elution 1,1.0,43.375,43.375,53.93499997102026,50.0,50.0,1.4716976569174843e-15,3.0,6.0,1.0786999994203672,50.0,1.0786999994203672,0.8674999999999999,1.0810333325096613,1.0810333325096613,1.1842683299425204e-15,1.1842683299425204e-15,1.1842683299425203e-12
1,R16 independent salt regression,235a04840b0682396b9e6a7194bdf388ce5c71558d5c98fedda168bbf680e3d7,7.5600000000000005,7.5600000000000005,7.5600000000000005,1.2370562230812706e-12,Elution 1,1.0,42.99999999999999,42.99999999999999,53.559999975113456,50.0,50.0,1.5366861189418492e-15,3.0,6.0,1.0711999995022365,50.0,1.0711999995022365,0.8599999999999999,1.073533332616353,1.073533332616353,1.2370562230812705e-15,1.2370562230812705e-15,1.2370562230812706e-12
1,R16 independent salt regression,235a04840b0682396b9e6a7194bdf388ce5c71558d5c98fedda168bbf680e3d7,7.590000000000001,7.590000000000001,7.590000000000001,1.2921044066918983e-12,Elution 1,1.0,42.62499999999999,42.62499999999999,53.18499997920665,50.0,50.0,1.604396474836087e-15,3.0,6.0,1.0636999995841059,50.0,1.0636999995841059,0.8524999999999998,1.0660333327230447,1.0660333327230447,1.2921044066918982e-15,1.2921044066918982e-15,1.2921044066918983e-12
1,R16 independent salt regression,235a04840b0682396b9e6a7194bdf388ce5c71558d5c98fedda168bbf680e3d7,7.62,7.62,7.62,1.3495003524774133e-12,Elution 1,1.0,42.25,42.25,52.80999998329986,50.0,50.0,1.6726709519090774e-15,3.0,6.0,1.0561999996659754,50.0,1.0561999996659754,0.845,1.0585333328297368,1.0585333328297368,1.3495003524774132e-15,1.3495003524774132e-15,1.3495003524774133e-12
1,R16 independent salt regression,235a04840b0682396b9e6a7194bdf388ce5c71558d5c98fedda168bbf680e3d7,7.65,7.65,7.65,1.4093339866562682e-12,Elution 1,1.0,41.87499999999999,41.87499999999999,52.434999987393056,50.0,50.0,1.736680062421495e-15,3.0,6.0,1.0486999997478448,50.0,1.0486999997478448,0.8374999999999999,1.0510333329364285,1.0510333329364285,1.4093339866562681e-15,1.4093339866562681e-15,1.4093339866562682e-12
1,R16 independent salt regression,235a04840b0682396b9e6a7194bdf388ce5c71558d5c98fedda168bbf680e3d7,7.680000000000001,7.680000000000001,7.680000000000001,1.4716976569174842e-12,Elution 1,1.0,41.49999999999999,41.49999999999999,52.05999999148625,50.0,50.0,1.8015887499721134e-15,3.0,6.0,1.0411999998297141,50.0,1.0411999998297141,0.8299999999999998,1.0435333330431205,1.0435333330431205,1.4716976569174843e-15,1.4716976569174843e-15,1.4716976569174842e-12
1,R16 independent salt regression,235a04840b0682396b9e6a7194bdf388ce5c71558d5c98fedda168bbf680e3d7,7.71,7.71,7.71,1.5366861189418473e-12,Elution 1,1.0,41.125,41.125,51.684999995579446,50.0,50.0,1.8672102377307897e-15,3.0,6.0,1.0336999999115835,50.0,1.0336999999115835,0.8225,1.0360333331498122,1.0360333331498122,1.5366861189418473e-15,1.5366861189418473e-15,1.5366861189418473e-12
1,R16 independent salt regression,235a04840b0682396b9e6a7194bdf388ce5c71558d5c98fedda168bbf680e3d7,7.74,7.74,7.74,1.604396474836085e-12,Elution 1,1.0,40.75,40.75,51.30999999967264,50.0,50.0,1.933437612843228e-15,3.0,6.0,1.0261999999934528,50.0,1.0261999999934528,0.815,1.0285333332565039,1.0285333332565039,1.604396474836085e-15,1.604396474836085e-15,1.604396474836085e-12
1,R16 independent salt regression,235a04840b0682396b9e6a7194bdf388ce5c71558d5c98fedda168bbf680e3d7,7.77,7.77,7.77,1.6726709519090754e-12,Elution 1,1.0,40.37500000000001,40.37500000000001,50.93500000376584,50.0,50.0,2.000252779079691e-15,3.0,6.0,1.0187000000753224,50.0,1.0187000000753224,0.8075000000000001,1.021033333363196,1.021033333363196,1.6726709519090754e-15,1.6726709519090754e-15,1.6726709519090754e-12
1,R16 independent salt regression,235a04840b0682396b9e6a7194bdf388ce5c71558d5c98fedda168bbf680e3d7,7.8,7.8,7.8,1.736680062421493e-12,Elution 1,1.0,40.0,40.0,50.560000006519395,50.0,50.0,2.067830039628757e-15,3.0,6.0,1.0112000001303971,50.0,1.0112000001303971,0.8,1.0135333334366956,1.0135333334366956,1.736680062421493e-15,1.736680062421493e-15,1.736680062421493e-12
1,R16 independent salt regression,235a04840b0682396b9e6a7194bdf388ce5c71558d5c98fedda168bbf680e3d7,7.83,7.83,7.83,1.8015887499721114e-12,Elution 1,1.0,39.625,39.625,50.18500000611935,50.0,50.0,2.1367087943206044e-15,3.0,6.0,1.0037000001223957,50.0,1.0037000001223957,0.7925,1.0060333334320586,1.0060333334320586,1.8015887499721114e-15,1.8015887499721114e-15,1.8015887499721114e-12
1,R16 independent salt regression,235a04840b0682396b9e6a7194bdf388ce5c71558d5c98fedda168bbf680e3d7,7.86,7.86,7.86,1.8672102377307897e-12,Elution 1,1.0,39.24999999999999,39.24999999999999,49.81000000571932,50.0,50.0,2.2407786244008987e-15,3.0,6.0,0.9962000001143944,50.0,0.9962000001143944,0.7849999999999999,0.9985333334274218,0.9985333334274218,1.8672102377307897e-15,1.8672102377307897e-15,1.8672102377307897e-12
1,R16 independent salt regression,235a04840b0682396b9e6a7194bdf388ce5c71558d5c98fedda168bbf680e3d7,7.890000000000001,7.890000000000001,7.890000000000001,1.933437612843228e-12,Elution 1,1.0,38.87499999999999,38.87499999999999,49.435000005319274,50.0,50.0,2.378404059451074e-15,3.0,6.0,0.988700000106393,50.0,0.988700000106393,0.7774999999999999,0.991033333422785,0.991033333422785,1.933437612843228e-15,1.933437612843228e-15,1.933437612843228e-12
1,R16 independent salt regression,235a04840b0682396b9e6a7194bdf388ce5c71558d5c98fedda168bbf680e3d7,7.92,7.92,7.92,2.000252779079691e-12,Elution 1,1.0,38.5,38.5,49.060000004919246,50.0,50.0,2.483415681802679e-15,3.0,6.0,0.9812000000983918,50.0,0.9812000000983918,0.77,0.9835333334181484,0.9835333334181484,2.000252779079691e-15,2.000252779079691e-15,2.000252779079691e-12
1,R16 independent salt regression,235a04840b0682396b9e6a7194bdf388ce5c71558d5c98fedda168bbf680e3d7,7.95,7.95,7.95,2.0678300396287567e-12,Elution 1,1.0,38.125,38.125,48.6850000045192,50.0,50.0,2.59093144234191e-15,3.0,6.0,0.9737000000903905,50.0,0.9737000000903905,0.7625,0.9760333334135116,0.9760333334135116,2.067830039628757e-15,2.067830039628757e-15,2.0678300396287567e-12
1,R16 independent salt regression,235a04840b0682396b9e6a7194bdf388ce5c71558d5c98fedda168bbf680e3d7,7.98,7.98,7.98,2.1367087943206044e-12,Elution 1,1.0,37.74999999999999,37.74999999999999,48.31000000411916,50.0,50.0,2.6991225994926894e-15,3.0,6.0,0.9662000000823892,50.0,0.9662000000823892,0.7549999999999999,0.9685333334088747,0.9685333334088747,2.1367087943206044e-15,2.1367087943206044e-15,2.1367087943206044e-12
1,R16 independent salt regression,235a04840b0682396b9e6a7194bdf388ce5c71558d5c98fedda168bbf680e3d7,8.01,8.010000000000002,8.010000000000002,2.240778624400903e-12,Elution 1,1.0,37.37499999999998,37.37499999999998,47.93500000371912,50.0,50.0,2.744927864882403e-15,3.0,6.0,0.9587000000743878,50.0,0.9587000000743878,0.7474999999999996,0.9610333334042379,0.9610333334042379,2.2407786244009027e-15,2.2407786244009027e-15,2.240778624400903e-12
1,R16 independent salt regression,235a04840b0682396b9e6a7194bdf388ce5c71558d5c98fedda168bbf680e3d7,8.040000000000001,8.040000000000001,8.040000000000001,2.378404059451074e-12,Elution 1,1.0,36.999999999999986,36.999999999999986,47.560000003319075,50.0,50.0,2.86309604556545e-15,3.0,6.0,0.9512000000663864,50.0,0.9512000000663864,0.7399999999999998,0.9535333333996011,0.9535333333996011,2.378404059451074e-15,2.378404059451074e-15,2.378404059451074e-12
1,R16 independent salt regression,235a04840b0682396b9e6a7194bdf388ce5c71558d5c98fedda168bbf680e3d7,8.07,8.07,8.07,2.483415681802679e-12,Elution 1,1.0,36.625,36.625,47.18500000291905,50.0,50.0,2.9765683830436514e-15,3.0,6.0,0.9437000000583853,50.0,0.9437000000583853,0.7324999999999999,0.9460333333949644,0.9460333333949644,2.483415681802679e-15,2.483415681802679e-15,2.483415681802679e-12
1,R16 independent salt regression,235a04840b0682396b9e6a7194bdf388ce5c71558d5c98fedda168bbf680e3d7,8.1,8.1,8.1,2.590931442341907e-12,Elution 1,1.0,36.25000000000001,36.25000000000001,46.810000002519004,50.0,50.0,3.0984239341215395e-15,3.0,6.0,0.936200000050384,50.0,0.936200000050384,0.7250000000000001,0.9385333333903276,0.9385333333903276,2.590931442341907e-15,2.590931442341907e-15,2.590931442341907e-12
1,R16 independent salt regression,235a04840b0682396b9e6a7194bdf388ce5c71558d5c98fedda168bbf680e3d7,8.13,8.129999999999999,8.129999999999999,2.6991225994926832e-12,Elution 1,1.0,35.875000000000014,35.875000000000014,46.435000002233174,50.0,50.0,3.2319607384179028e-15,3.0,6.0,0.928700000044667,50.0,0.928700000044667,0.7175000000000002,0.9310333333854786,0.9310333333854786,2.699122599492683e-15,2.699122599492683e-15,2.6991225994926832e-12
1,R16 independent salt regression,235a04840b0682396b9e6a7194bdf388ce5c71558d5c98fedda168bbf680e3d7,8.16,8.16,8.16,2.7449278648824e-12,Elution 1,1.0,35.5,35.5,46.060000002014,50.0,50.0,3.385179015258477e-15,3.0,6.0,0.9212000000402831,50.0,0.9212000000402831,0.71,0.9235333333805056,0.9235333333805056,2.7449278648824004e-15,2.7449278648824004e-15,2.7449278648824e-12
1,R16 independent salt regression,235a04840b0682396b9e6a7194bdf388ce5c71558d5c98fedda168bbf680e3d7,8.190000000000001,8.190000000000001,8.190000000000001,2.86309604556545e-12,Elution 1,1.0,35.124999999999986,35.124999999999986,45.685000001794826,50.0,50.0,3.5290239180226957e-15,3.0,6.0,0.9137000000358994,50.0,0.9137000000358994,0.7024999999999997,0.9160333333755327,0.9160333333755327,2.86309604556545e-15,2.86309604556545e-15,2.86309604556545e-12
1,R16 independent salt regression,235a04840b0682396b9e6a7194bdf388ce5c71558d5c98fedda168bbf680e3d7,8.22,8.219999999999999,8.219999999999999,2.976568383043645e-12,Elution 1,1.0,34.750000000000014,34.750000000000014,45.310000001575666,50.0,50.0,3.6788723280216174e-15,3.0,6.0,0.9062000000315157,50.0,0.9062000000315157,0.6950000000000003,0.90853333337056,0.90853333337056,2.9765683830436447e-15,2.9765683830436447e-15,2.976568383043645e-12
1,R16 independent salt regression,235a04840b0682396b9e6a7194bdf388ce5c71558d5c98fedda168bbf680e3d7,8.25,8.25,8.25,3.0984239341215394e-12,Elution 1,1.0,34.375,34.375,44.93500000135649,50.0,50.0,3.84278672105987e-15,3.0,6.0,0.8987000000271319,50.0,0.8987000000271319,0.6875,0.9010333333655871,0.9010333333655871,3.0984239341215395e-15,3.0984239341215395e-15,3.0984239341215394e-12
1,R16 independent salt regression,235a04840b0682396b9e6a7194bdf388ce5c71558d5c98fedda168bbf680e3d7,8.28,8.280000000000001,8.280000000000001,3.231960738417912e-12,Elution 1,1.0,33.999999999999986,33.999999999999986,44.56000000113732,50.0,50.0,4.0281027618443785e-15,3.0,6.0,0.891200000022748,50.0,0.891200000022748,0.6799999999999997,0.8935333333606141,0.8935333333606141,3.231960738417912e-15,3.231960738417912e-15,3.231960738417912e-12
1,R16 independent salt regression,235a04840b0682396b9e6a7194bdf388ce5c71558d5c98fedda168bbf680e3d7,8.31,8.31,8.31,3.385179015258477e-12,Elution 1,1.0,33.625,33.625,44.185000000918144,50.0,50.0,4.26498071543552e-15,3.0,6.0,0.8837000000183641,50.0,0.8837000000183641,0.6724999999999999,0.8860333333556412,0.8860333333556412,3.385179015258477e-15,3.385179015258477e-15,3.385179015258477e-12
1,R16 independent salt regression,235a04840b0682396b9e6a7194bdf388ce5c71558d5c98fedda168bbf680e3d7,8.34,8.34,8.34,3.529023918022687e-12,Elution 1,1.0,33.25,33.25,43.81000000069897,50.0,50.0,4.659958275361765e-15,3.0,6.0,0.8762000000139804,50.0,0.8762000000139804,0.665,0.8785333333506683,0.8785333333506683,3.529023918022687e-15,3.529023918022687e-15,3.529023918022687e-12
1,R16 independent salt regression,235a04840b0682396b9e6a7194bdf388ce5c71558d5c98fedda168bbf680e3d7,8.37,8.370000000000001,8.370000000000001,3.678872328021627e-12,Elution 1,1.0,32.874999999999986,32.874999999999986,43.43500000047981,50.0,50.0,5.51029369498154e-15,3.0,6.0,0.8687000000095967,50.0,0.8687000000095967,0.6574999999999998,0.8710333333456955,0.8710333333456955,3.678872328021627e-15,3.678872328021627e-15,3.678872328021627e-12
1,R16 independent salt regression,235a04840b0682396b9e6a7194bdf388ce5c71558d5c98fedda168bbf680e3d7,8.4,8.4,8.4,3.84278672105987e-12,Elution 1,1.0,32.5,32.5,43.06000000026064,50.0,50.0,7.570435548811295e-15,3.0,6.0,0.8612000000052129,50.0,0.8612000000052129,0.6499999999999999,0.8635333333407226,0.8635333333407226,3.84278672105987e-15,3.84278672105987e-15,3.84278672105987e-12
1,R16 independent salt regression,235a04840b0682396b9e6a7194bdf388ce5c71558d5c98fedda168bbf680e3d7,8.43,8.43,8.43,4.0281027618443674e-12,Elution 1,1.0,32.125,32.125,42.68500000004146,50.0,50.0,1.2625120388883112e-14,3.0,6.0,0.853700000000829,50.0,0.853700000000829,0.6425000000000001,0.8560333333357497,0.8560333333357497,4.0281027618443675e-15,4.0281027618443675e-15,4.0281027618443674e-12
1,R16 independent salt regression,235a04840b0682396b9e6a7194bdf388ce5c71558d5c98fedda168bbf680e3d7,8.46,8.46,8.46,4.26498071543552e-12,Elution 1,1.0,31.749999999999986,31.749999999999986,42.310000000024736,50.0,50.0,2.669862376694211e-14,3.0,6.0,0.8462000000004946,50.0,0.8462000000004946,0.6349999999999998,0.8485333333352385,0.8485333333352385,4.26498071543552e-15,4.26498071543552e-15,4.26498071543552e-12
1,R16 independent salt regression,235a04840b0682396b9e6a7194bdf388ce5c71558d5c98fedda168bbf680e3d7,8.49,8.49,8.49,4.659958275361765e-12,Elution 1,1.0,31.375,31.375,41.9350000000154,50.0,50.0,7.622697525277806e-14,3.0,6.0,0.8387000000003078,50.0,0.8387000000003078,0.6275,0.84103333333489,0.84103333333489,4.659958275361765e-15,4.659958275361765e-15,4.659958275361765e-12
1,R16 independent salt regression,235a04840b0682396b9e6a7194bdf388ce5c71558d5c98fedda168bbf680e3d7,8.52,8.52,8.52,5.510293694981489e-12,Elution 1,1.0,31.0,31.0,41.56000000000607,50.0,50.0,2.3819057447500547e-13,3.0,6.0,0.8312000000001212,50.0,0.8312000000001212,0.6200000000000001,0.8335333333345418,0.8335333333345418,5.510293694981489e-15,5.510293694981489e-15,5.510293694981489e-12
1,R16 independent salt regression,235a04840b0682396b9e6a7194bdf388ce5c71558d5c98fedda168bbf680e3d7,8.55,8.55,8.55,7.570435548811295e-12,Elution 1,1.0,30.624999999999986,30.624999999999986,41.18499999999673,50.0,50.0,7.096816320761866e-13,3.0,6.0,0.8236999999999343,50.0,0.8236999999999343,0.6124999999999998,0.8260333333341933,0.8260333333341933,7.570435548811295e-15,7.570435548811295e-15,7.570435548811295e-12
1,R16 independent salt regression,235a04840b0682396b9e6a7194bdf388ce5c71558d5c98fedda168bbf680e3d7,8.580000000000002,8.580000000000002,8.580000000000002,1.2625120388883945e-11,Elution 1,1.0,30.24999999999997,30.24999999999997,40.809999999987376,50.0,50.0,1.978470236589852e-12,3.0,6.0,0.8161999999997472,50.0,0.8161999999997472,0.6049999999999995,0.8185333333338446,0.8185333333338446,1.2625120388883945e-14,1.2625120388883945e-14,1.2625120388883945e-11
1,R16 independent salt regression,235a04840b0682396b9e6a7194bdf388ce5c71558d5c98fedda168bbf680e3d7,8.610000000000001,8.61,8.61,2.6698623766941274e-11,Elution 1,1.0,29.875,29.875,40.43499999997805,50.0,50.0,6.872357998939234e-12,3.0,6.0,0.8086999999995607,50.0,0.8086999999995607,0.5975000000000001,0.8110333333334964,0.8110333333334964,2.6698623766941273e-14,2.6698623766941273e-14,2.6698623766941274e-11
1,R16 independent salt regression,235a04840b0682396b9e6a7194bdf388ce5c71558d5c98fedda168bbf680e3d7,8.639999999999999,8.64,8.64,7.622697525277806e-11,Elution 1,1.0,29.5,29.5,40.05999999996872,50.0,50.0,2.5968045612144745e-11,3.0,6.0,0.8011999999993741,50.0,0.8011999999993741,0.5899999999999999,0.8035333333331481,0.8035333333331481,7.622697525277806e-14,7.622697525277806e-14,7.622697525277806e-11
1,R16 independent salt regression,235a04840b0682396b9e6a7194bdf388ce5c71558d5c98fedda168bbf680e3d7,8.67,8.670000000000002,8.670000000000002,2.381905744750334e-10,Elution 1,1.0,29.12499999999997,29.12499999999997,39.684999999959366,50.0,50.0,8.692344985243166e-11,3.0,6.0,0.7936999999991871,50.0,0.7936999999991871,0.5824999999999996,0.7960333333327994,0.7960333333327994,2.381905744750334e-13,2.381905744750334e-13,2.381905744750334e-10
1,R16 independent salt regression,235a04840b0682396b9e6a7194bdf388ce5c71558d5c98fedda168bbf680e3d7,8.7,8.7,8.7,7.096816320761587e-10,Elution 1,1.0,28.750000000000014,28.750000000000014,39.30999999995004,50.0,50.0,2.549200365137436e-10,3.0,6.0,0.7861999999990005,50.0,0.7861999999990005,0.5750000000000002,0.7885333333324511,0.7885333333324511,7.096816320761587e-13,7.096816320761587e-13,7.096816320761587e-10
1,R16 independent salt regression,235a04840b0682396b9e6a7194bdf388ce5c71558d5c98fedda168bbf680e3d7,8.73,8.73,8.73,1.978470236589777e-09,Elution 1,1.0,28.375,28.375,38.93499999994068,50.0,50.0,9.649255442407617e-10,3.0,6.0,0.7786999999988135,50.0,0.7786999999988135,0.5674999999999999,0.7810333333321025,0.7810333333321025,1.978470236589777e-12,1.978470236589777e-12,1.978470236589777e-09
1,R16 independent salt regression,235a04840b0682396b9e6a7194bdf388ce5c71558d5c98fedda168bbf680e3d7,8.76,8.760000000000002,8.760000000000002,6.872357998940365e-09,Elution 1,1.0,27.999999999999986,27.999999999999986,38.55999999993584,50.0,50.0,4.191774707967114e-09,3.0,6.0,0.7711999999987166,50.0,0.7711999999987166,0.5599999999999996,0.7735333333318947,0.7735333333318947,6.872357998940365e-12,6.872357998940365e-12,6.872357998940365e-09
1,R16 independent salt regression,235a04840b0682396b9e6a7194bdf388ce5c71558d5c98fedda168bbf680e3d7,8.79,8.79,8.79,2.5968045612143613e-08,Elution 1,1.0,27.625000000000014,27.625000000000014,38.18499999994156,50.0,50.0,1.4665289556676472e-08,3.0,6.0,0.7636999999988311,50.0,0.7636999999988311,0.5525000000000002,0.7660333333320178,0.7660333333320178,2.5968045612143614e-11,2.5968045612143614e-11,2.5968045612143613e-08
1,R16 independent salt regression,235a04840b0682396b9e6a7194bdf388ce5c71558d5c98fedda168bbf680e3d7,8.82,8.82,8.82,8.692344985242805e-08,Elution 1,1.0,27.25,27.25,37.80999999994726,50.0,50.0,4.2732222559326844e-08,3.0,6.0,0.756199999998945,50.0,0.756199999998945,0.5449999999999999,0.7585333333321405,0.7585333333321405,8.692344985242805e-11,8.692344985242805e-11,8.692344985242805e-08
1,R16 independent salt regression,235a04840b0682396b9e6a7194bdf388ce5c71558d5c98fedda168bbf680e3d7,8.85,8.85,8.85,2.549200365137436e-07,Elution 1,1.0,26.875,26.875,37.434999999952986,50.0,50.0,2.126498465083744e-07,3.0,6.0,0.7486999999990596,50.0,0.7486999999990596,0.5375000000000001,0.7510333333322636,0.7510333333322636,2.549200365137436e-10,2.549200365137436e-10,2.549200365137436e-07
1,R16 independent salt regression,235a04840b0682396b9e6a7194bdf388ce5c71558d5c98fedda168bbf680e3d7,8.88,8.88,8.88,9.649255442407617e-07,Elution 1,1.0,26.499999999999986,26.499999999999986,37.059999999958684,50.0,50.0,9.691732307513767e-07,3.0,6.0,0.7411999999991735,50.0,0.7411999999991735,0.5299999999999998,0.7435333333323862,0.7435333333323862,9.649255442407617e-10,9.649255442407617e-10,9.649255442407617e-07
1,R16 independent salt regression,235a04840b0682396b9e6a7194bdf388ce5c71558d5c98fedda168bbf680e3d7,8.91,8.91,8.91,4.191774707966923e-06,Elution 1,1.0,26.125,26.125,36.684999999964404,50.0,50.0,3.1483825189685408e-06,3.0,6.0,0.733699999999288,50.0,0.733699999999288,0.5225,0.7360333333325094,0.7360333333325094,4.191774707966923e-09,4.191774707966923e-09,4.191774707966923e-06
1,R16 independent salt regression,235a04840b0682396b9e6a7194bdf388ce5c71558d5c98fedda168bbf680e3d7,8.94,8.94,8.94,1.4665289556676472e-05,Elution 1,1.0,25.75,25.75,36.30999999997013,50.0,50.0,9.668200844098581e-06,3.0,6.0,0.7261999999994024,50.0,0.7261999999994024,0.5150000000000001,0.7285333333326326,0.7285333333326326,1.4665289556676472e-08,1.4665289556676472e-08,1.4665289556676472e-05
1,R16 independent salt regression,235a04840b0682396b9e6a7194bdf388ce5c71558d5c98fedda168bbf680e3d7,8.97,8.97,8.97,4.273222255932685e-05,Elution 1,1.0,25.374999999999986,25.374999999999986,35.93499999997583,50.0,50.0,7.466115469407941e-05,3.0,6.0,0.7186999999995165,50.0,0.7186999999995165,0.5074999999999998,0.7210333333327552,0.7210333333327552,4.2732222559326844e-08,4.2732222559326844e-08,4.273222255932685e-05
1,R16 independent salt regression,235a04840b0682396b9e6a7194bdf388ce5c71558d5c98fedda168bbf680e3d7,9.0,9.0,9.0,0.00021264984650837439,Elution 1,1.0,25.0,25.0,35.55999999998155,50.0,50.0,0.0002723590920351458,3.0,6.0,0.711199999999631,50.0,0.711199999999631,0.5,0.7135333333328784,0.7135333333328784,2.126498465083744e-07,2.126498465083744e-07,0.00021264984650837439
1,R16 independent salt regression,235a04840b0682396b9e6a7194bdf388ce5c71558d5c98fedda168bbf680e3d7,9.030000000000001,9.030000000000001,9.030000000000001,0.0009691732307513767,Elution 1,1.0,24.624999999999986,24.624999999999986,35.18499999998725,50.0,50.0,0.0007077701906142525,3.0,6.0,0.703699999999745,50.0,0.703699999999745,0.4924999999999997,0.706033333333001,0.706033333333001,9.691732307513767e-07,9.691732307513767e-07,0.0009691732307513767
1,R16 independent salt regression,235a04840b0682396b9e6a7194bdf388ce5c71558d5c98fedda168bbf680e3d7,9.06,9.06,9.06,0.003148382518968541,Elution 1,1.0,24.25,24.25,34.80999999999297,50.0,50.0,0.007226843665858307,3.0,6.0,0.6961999999998595,50.0,0.6961999999998595,0.4849999999999999,0.6985333333331242,0.6985333333331242,3.1483825189685408e-06,3.1483825189685408e-06,0.003148382518968541
1,R16 independent salt regression,235a04840b0682396b9e6a7194bdf388ce5c71558d5c98fedda168bbf680e3d7,9.09,9.09,9.09,0.009668200844098581,Elution 1,1.0,23.875,23.875,34.43499999999546,50.0,50.0,0.029926540129510723,3.0,6.0,0.6886999999999093,50.0,0.6886999999999093,0.47750000000000004,0.6910333333331811,0.6910333333331811,9.668200844098581e-06,9.668200844098581e-06,0.009668200844098581
1,R16 independent salt regression,235a04840b0682396b9e6a7194bdf388ce5c71558d5c98fedda168bbf680e3d7,9.120000000000001,9.120000000000001,9.120000000000001,0.07466115469407941,Elution 1,1.0,23.499999999999986,23.499999999999986,34.05999999999604,50.0,50.0,0.07126208822656953,3.0,6.0,0.6811999999999209,50.0,0.6811999999999209,0.46999999999999975,0.6835333333331989,0.6835333333331989,7.466115469407941e-05,7.466115469407941e-05,0.07466115469407941
1,R16 independent salt regression,235a04840b0682396b9e6a7194bdf388ce5c71558d5c98fedda168bbf680e3d7,9.15,9.15,9.15,0.2723590920351458,Elution 1,1.0,23.125,23.125,33.68499999999665,50.0,50.0,0.13557120874124445,3.0,6.0,0.6736999999999329,50.0,0.6736999999999329,0.4624999999999999,0.6760333333332171,0.6760333333332171,0.0002723590920351458,0.0002723590920351458,0.2723590920351458
1,R16 independent salt regression,235a04840b0682396b9e6a7194bdf388ce5c71558d5c98fedda168bbf680e3d7,9.180000000000001,9.180000000000001,9.180000000000001,0.7077701906142525,Elution 1,1.0,22.749999999999986,22.749999999999986,33.309999999997224,50.0,50.0,0.22670892335712203,3.0,6.0,0.6661999999999446,50.0,0.6661999999999446,0.4549999999999996,0.668533333333235,0.668533333333235,0.0007077701906142525,0.0007077701906142525,0.7077701906142525
1,R16 independent salt regression,235a04840b0682396b9e6a7194bdf388ce5c71558d5c98fedda168bbf680e3d7,9.21,9.21,9.21,7.226843665858307,Elution 1,1.0,22.374999999999986,22.374999999999986,32.93499999999783,50.0,50.0,0.34713916975458736,3.0,6.0,0.6586999999999567,50.0,0.6586999999999567,0.4474999999999998,0.6610333333332531,0.6610333333332531,0.007226843665858307,0.007226843665858307,7.226843665858307
1,R16 independent salt regression,235a04840b0682396b9e6a7194bdf388ce5c71558d5c98fedda168bbf680e3d7,9.24,9.239999999999998,9.239999999999998,29.92654012950938,Elution 1,1.0,22.000000000000014,22.000000000000014,32.55999999999843,50.0,50.0,0.4971448440969623,3.0,6.0,0.6511999999999687,50.0,0.6511999999999687,0.4400000000000004,0.6535333333332713,0.6535333333332713,0.02992654012950938,0.02992654012950938,29.92654012950938
1,R16 independent salt regression,235a04840b0682396b9e6a7194bdf388ce5c71558d5c98fedda168bbf680e3d7,9.270000000000001,9.27,9.27,71.26208822656707,Elution 1,1.0,21.625,21.625,32.184999999999015,50.0,50.0,0.6750540435814183,3.0,6.0,0.6436999999999803,50.0,0.6436999999999803,0.4325000000000001,0.6460333333332892,0.6460333333332892,0.07126208822656707,0.07126208822656707,71.26208822656707
1,R16 independent salt regression,235a04840b0682396b9e6a7194bdf388ce5c71558d5c98fedda168bbf680e3d7,9.3,9.3,9.3,135.57120874124445,Elution 1,1.0,21.249999999999986,21.249999999999986,31.80999999999962,50.0,50.0,0.8847568137227809,3.0,6.0,0.6361999999999923,50.0,0.6361999999999923,0.4249999999999998,0.6385333333333074,0.6385333333333074,0.13557120874124445,0.13557120874124445,135.57120874124445
1,R16 independent salt regression,235a04840b0682396b9e6a7194bdf388ce5c71558d5c98fedda168bbf680e3d7,9.330000000000002,9.330000000000002,9.330000000000002,226.70892335712205,Elution 1,1.0,20.87499999999997,20.87499999999997,31.435000000000198,50.0,50.0,1.1105635754594072,3.0,6.0,0.6287000000000039,50.0,0.6287000000000039,0.41749999999999954,0.6310333333333251,0.6310333333333251,0.22670892335712203,0.22670892335712203,226.70892335712205
1,R16 independent salt regression,235a04840b0682396b9e6a7194bdf388ce5c71558d5c98fedda168bbf680e3d7,9.360000000000001,9.36,9.36,347.1391697545803,Elution 1,1.0,20.5,20.5,31.0600000000008,50.0,50.0,1.3341839624630973,3.0,6.0,0.6212000000000161,50.0,0.6212000000000161,0.41000000000000014,0.6235333333333434,0.6235333333333434,0.34713916975458026,0.34713916975458026,347.1391697545803
1,R16 independent salt regression,235a04840b0682396b9e6a7194bdf388ce5c71558d5c98fedda168bbf680e3d7,9.389999999999999,9.39,9.39,497.14484409697286,Elution 1,1.0,20.125,20.125,30.685000000001406,50.0,50.0,1.545366652544082,3.0,6.0,0.6137000000000281,50.0,0.6137000000000281,0.40249999999999986,0.6160333333333616,0.6160333333333616,0.49714484409697285,0.49714484409697285,497.14484409697286
1,R16 independent salt regression,235a04840b0682396b9e6a7194bdf388ce5c71558d5c98fedda168bbf680e3d7,9.42,9.420000000000002,9.420000000000002,675.0540435814307,Elution 1,1.0,19.74999999999997,19.74999999999997,30.310000000001285,50.0,50.0,1.724721356244882,3.0,6.0,0.6062000000000257,50.0,0.6062000000000257,0.3949999999999996,0.6085333333333597,0.6085333333333597,0.6750540435814307,0.6750540435814307,675.0540435814307
1,R16 independent salt regression,235a04840b0682396b9e6a7194bdf388ce5c71558d5c98fedda168bbf680e3d7,9.45,9.45,9.45,884.7568137227685,Elution 1,1.0,19.375000000000014,19.375000000000014,29.93500000000116,50.0,50.0,1.87476714166362,3.0,6.0,0.5987000000000233,50.0,0.5987000000000233,0.3875000000000002,0.6010333333333574,0.6010333333333574,0.8847568137227685,0.8847568137227685,884.7568137227685
1,R16 independent salt regression,235a04840b0682396b9e6a7194bdf388ce5c71558d5c98fedda168bbf680e3d7,9.48,9.48,9.48,1110.5635754593939,Elution 1,1.0,19.0,19.0,29.56000000000102,50.0,50.0,1.9866978004963196,3.0,6.0,0.5912000000000204,50.0,0.5912000000000204,0.3799999999999999,0.5935333333333547,0.5935333333333547,1.1105635754593939,1.1105635754593939,1110.5635754593939
1,R16 independent salt regression,235a04840b0682396b9e6a7194bdf388ce5c71558d5c98fedda168bbf680e3d7,9.51,9.510000000000002,9.510000000000002,1334.1839624631098,Elution 1,1.0,18.624999999999986,18.624999999999986,29.185000000000898,50.0,50.0,2.055308702322667,3.0,6.0,0.583700000000018,50.0,0.583700000000018,0.3724999999999996,0.5860333333333524,0.5860333333333524,1.3341839624631098,1.3341839624631098,1334.1839624631098
1,R16 independent salt regression,235a04840b0682396b9e6a7194bdf388ce5c71558d5c98fedda168bbf680e3d7,9.54,9.54,9.54,1545.3666525440694,Elution 1,1.0,18.250000000000014,18.250000000000014,28.810000000000773,50.0,50.0,2.1009829987238113,3.0,6.0,0.5762000000000156,50.0,0.5762000000000156,0.3650000000000002,0.5785333333333501,0.5785333333333501,1.5453666525440695,1.5453666525440695,1545.3666525440694
1,R16 independent salt regression,235a04840b0682396b9e6a7194bdf388ce5c71558d5c98fedda168bbf680e3d7,9.57,9.57,9.57,1724.7213562448712,Elution 1,1.0,17.875,17.875,28.435000000000628,50.0,50.0,2.1261831198504475,3.0,6.0,0.5687000000000126,50.0,0.5687000000000126,0.35749999999999993,0.5710333333333473,0.5710333333333473,1.7247213562448713,1.7247213562448713,1724.7213562448712
1,R16 independent salt regression,235a04840b0682396b9e6a7194bdf388ce5c71558d5c98fedda168bbf680e3d7,9.6,9.6,9.6,1874.7671416636201,Elution 1,1.0,17.5,17.5,28.060000000000507,50.0,50.0,2.0840687271866387,3.0,6.0,0.5612000000000102,50.0,0.5612000000000102,0.3500000000000001,0.563533333333345,0.563533333333345,1.87476714166362,1.87476714166362,1874.7671416636201
1,R16 independent salt regression,235a04840b0682396b9e6a7194bdf388ce5c71558d5c98fedda168bbf680e3d7,9.63,9.63,9.63,1986.6978004963196,Elution 1,1.0,17.124999999999986,17.124999999999986,27.685000000000365,50.0,50.0,1.9859677943360485,3.0,6.0,0.5537000000000074,50.0,0.5537000000000074,0.3424999999999998,0.5560333333333423,0.5560333333333423,1.9866978004963196,1.9866978004963196,1986.6978004963196
1,R16 independent salt regression,235a04840b0682396b9e6a7194bdf388ce5c71558d5c98fedda168bbf680e3d7,9.66,9.66,9.66,2055.3087023226626,Elution 1,1.0,16.75,16.75,27.31000000000024,50.0,50.0,1.8419298109721893,3.0,6.0,0.5462000000000049,50.0,0.5462000000000049,0.33499999999999996,0.54853333333334,0.54853333333334,2.055308702322663,2.055308702322663,2055.3087023226626
1,R16 independent salt regression,235a04840b0682396b9e6a7194bdf388ce5c71558d5c98fedda168bbf680e3d7,9.69,9.69,9.69,2100.9829987238113,Elution 1,1.0,16.375,16.375,26.93500000000012,50.0,50.0,1.6638512112734136,3.0,6.0,0.5387000000000025,50.0,0.5387000000000025,0.3275000000000001,0.5410333333333377,0.5410333333333377,2.1009829987238113,2.1009829987238113,2100.9829987238113
1,R16 independent salt regression,235a04840b0682396b9e6a7194bdf388ce5c71558d5c98fedda168bbf680e3d7,9.72,9.72,9.72,2126.1831198504474,Elution 1,1.0,15.999999999999986,15.999999999999986,26.560000000000013,50.0,50.0,1.4642930979588518,3.0,6.0,0.5312000000000003,50.0,0.5312000000000003,0.31999999999999984,0.5335333333333356,0.5335333333333356,2.1261831198504475,2.1261831198504475,2126.1831198504474
1,R16 independent salt regression,235a04840b0682396b9e6a7194bdf388ce5c71558d5c98fedda168bbf680e3d7,9.75,9.75,9.75,2084.0687271866386,Elution 1,1.0,15.625,15.625,26.18500000000001,50.0,50.0,1.250166995216569,3.0,6.0,0.5237000000000003,50.0,0.5237000000000003,0.3125,0.5260333333333354,0.5260333333333354,2.0840687271866387,2.0840687271866387,2084.0687271866386
1,R16 independent salt regression,235a04840b0682396b9e6a7194bdf388ce5c71558d5c98fedda168bbf680e3d7,9.780000000000001,9.780000000000001,9.780000000000001,1985.9677943360484,Elution 1,1.0,15.249999999999986,15.249999999999986,25.809999999999985,50.0,50.0,1.032523835001762,3.0,6.0,0.5161999999999998,50.0,0.5161999999999998,0.3049999999999997,0.5185333333333346,0.5185333333333346,1.9859677943360485,1.9859677943360485,1985.9677943360484
1,R16 independent salt regression,235a04840b0682396b9e6a7194bdf388ce5c71558d5c98fedda168bbf680e3d7,9.81,9.81,9.81,1841.9298109721894,Elution 1,1.0,14.875,14.875,25.43499999999998,50.0,50.0,0.8298657965195239,3.0,6.0,0.5086999999999997,50.0,0.5086999999999997,0.2974999999999999,0.5110333333333344,0.5110333333333344,1.8419298109721893,1.8419298109721893,1841.9298109721894
1,R16 independent salt regression,235a04840b0682396b9e6a7194bdf388ce5c71558d5c98fedda168bbf680e3d7,9.84,9.84,9.84,1663.8512112734136,Elution 1,1.0,14.5,14.5,25.05999999999998,50.0,50.0,0.6510112843789735,3.0,6.0,0.5011999999999996,50.0,0.5011999999999996,0.29000000000000004,0.5035333333333342,0.5035333333333342,1.6638512112734136,1.6638512112734136,1663.8512112734136
1,R16 independent salt regression,235a04840b0682396b9e6a7194bdf388ce5c71558d5c98fedda168bbf680e3d7,9.870000000000001,9.870000000000001,9.870000000000001,1464.2930979588518,Elution 1,1.0,14.124999999999986,14.124999999999986,24.684999999999956,50.0,50.0,0.499202852559153,3.0,6.0,0.49369999999999914,50.0,0.49369999999999914,0.28249999999999975,0.4960333333333335,0.4960333333333335,1.4642930979588518,1.4642930979588518,1464.2930979588518
1,R16 independent salt regression,235a04840b0682396b9e6a7194bdf388ce5c71558d5c98fedda168bbf680e3d7,9.9,9.9,9.9,1250.1669952165691,Elution 1,1.0,13.75,13.75,24.309999999999953,50.0,50.0,0.3747514512849486,3.0,6.0,0.4861999999999991,50.0,0.4861999999999991,0.2749999999999999,0.48853333333333326,0.48853333333333326,1.250166995216569,1.250166995216569,1250.1669952165691
1,R16 independent salt regression,235a04840b0682396b9e6a7194bdf388ce5c71558d5c98fedda168bbf680e3d7,9.930000000000001,9.930000000000001,9.930000000000001,1032.523835001762,Elution 1,1.0,13.374999999999986,13.374999999999986,23.934999999999928,50.0,50.0,0.27586430802756506,3.0,6.0,0.47869999999999857,50.0,0.47869999999999857,0.2674999999999996,0.4810333333333326,0.4810333333333326,1.032523835001762,1.032523835001762,1032.523835001762
1,R16 independent salt regression,235a04840b0682396b9e6a7194bdf388ce5c71558d5c98fedda168bbf680e3d7,9.96,9.96,9.96,829.8657965195239,Elution 1,1.0,12.999999999999986,12.999999999999986,23.559999999999928,50.0,50.0,0.19943115688547444,3.0,6.0,0.4711999999999985,50.0,0.4711999999999985,0.2599999999999998,0.47353333333333236,0.47353333333333236,0.8298657965195239,0.8298657965195239,829.8657965195239
1,R16 independent salt regression,235a04840b0682396b9e6a7194bdf388ce5c71558d5c98fedda168bbf680e3d7,9.99,9.989999999999998,9.989999999999998,651.011284378984,Elution 1,1.0,12.625000000000014,12.625000000000014,23.184999999999924,50.0,50.0,0.1417851984413468,3.0,6.0,0.46369999999999845,50.0,0.46369999999999845,0.2525000000000004,0.46603333333333213,0.46603333333333213,0.651011284378984,0.651011284378984,651.011284378984
1,R16 independent salt regression,235a04840b0682396b9e6a7194bdf388ce5c71558d5c98fedda168bbf680e3d7,10.020000000000001,10.02,10.02,499.20285255916195,Elution 1,1.0,12.25,12.25,22.8099999999999,50.0,50.0,0.09925245739863942,3.0,6.0,0.45619999999999794,50.0,0.45619999999999794,0.2450000000000001,0.4585333333333314,0.4585333333333314,0.49920285255916197,0.49920285255916197,499.20285255916195
1,R16 independent salt regression,235a04840b0682396b9e6a7194bdf388ce5c71558d5c98fedda168bbf680e3d7,10.05,10.05,10.05,374.7514512849486,Elution 1,1.0,11.874999999999986,11.874999999999986,22.434999999999913,50.0,50.0,0.06848549425174422,3.0,6.0,0.44869999999999816,50.0,0.44869999999999816,0.23749999999999982,0.4510333333333315,0.4510333333333315,0.3747514512849486,0.3747514512849486,374.7514512849486
1,R16 independent salt regression,235a04840b0682396b9e6a7194bdf388ce5c71558d5c98fedda168bbf680e3d7,10.080000000000002,10.080000000000002,10.080000000000002,275.8643080275651,Elution 1,1.0,11.499999999999972,11.499999999999972,22.059999999999906,50.0,50.0,0.04662583925107322,3.0,6.0,0.44119999999999804,50.0,0.44119999999999804,0.22999999999999954,0.4435333333333314,0.4435333333333314,0.27586430802756506,0.27586430802756506,275.8643080275651
1,R16 independent salt regression,235a04840b0682396b9e6a7194bdf388ce5c71558d5c98fedda168bbf680e3d7,10.110000000000001,10.11,10.11,199.43115688547897,Elution 1,1.0,11.125,11.125,21.684999999999924,50.0,50.0,0.03134761119389197,3.0,6.0,0.43369999999999836,50.0,0.43369999999999836,0.22250000000000014,0.4360333333333317,0.4360333333333317,0.19943115688547897,0.19943115688547897,199.43115688547897
1,R16 independent salt regression,235a04840b0682396b9e6a7194bdf388ce5c71558d5c98fedda168bbf680e3d7,10.139999999999999,10.14,10.14,141.78519844134428,Elution 1,1.0,10.75,10.75,21.309999999999942,50.0,50.0,0.020829130485611563,3.0,6.0,0.4261999999999987,50.0,0.4261999999999987,0.21499999999999986,0.42853333333333204,0.42853333333333204,0.14178519844134427,0.14178519844134427,141.78519844134428
1,R16 independent salt regression,235a04840b0682396b9e6a7194bdf388ce5c71558d5c98fedda168bbf680e3d7,10.17,10.170000000000002,10.170000000000002,99.2524573986376,Elution 1,1.0,10.374999999999972,10.374999999999972,20.934999999999935,50.0,50.0,0.013687697777637845,3.0,6.0,0.41869999999999863,50.0,0.41869999999999863,0.20749999999999957,0.4210333333333319,0.4210333333333319,0.0992524573986376,0.0992524573986376,99.2524573986376
1,R16 independent salt regression,235a04840b0682396b9e6a7194bdf388ce5c71558d5c98fedda168bbf680e3d7,10.2,10.2,10.2,68.48549425174603,Elution 1,1.0,10.000000000000014,10.000000000000014,20.559999999999953,50.0,50.0,0.00890131395579084,3.0,6.0,0.41119999999999896,50.0,0.41119999999999896,0.20000000000000018,0.41353333333333225,0.41353333333333225,0.06848549425174603,0.06848549425174603,68.48549425174603
1,R16 independent salt regression,235a04840b0682396b9e6a7194bdf388ce5c71558d5c98fedda168bbf680e3d7,10.23,10.23,10.23,46.62583925107451,Elution 1,1.0,9.625,9.625,20.18499999999995,50.0,50.0,0.005731732502797995,3.0,6.0,0.40369999999999884,50.0,0.40369999999999884,0.1924999999999999,0.40603333333333214,0.40603333333333214,0.04662583925107451,0.04662583925107451,46.62583925107451
1,R16 independent salt regression,235a04840b0682396b9e6a7194bdf388ce5c71558d5c98fedda168bbf680e3d7,10.26,10.260000000000002,10.260000000000002,31.347611193891346,Elution 1,1.0,9.249999999999986,9.249999999999986,19.809999999999967,50.0,50.0,0.0036563132484010914,3.0,6.0,0.39619999999999916,50.0,0.39619999999999916,0.1849999999999996,0.39853333333333246,0.39853333333333246,0.031347611193891345,0.031347611193891345,31.347611193891346
1,R16 independent salt regression,235a04840b0682396b9e6a7194bdf388ce5c71558d5c98fedda168bbf680e3d7,10.29,10.29,10.29,20.829130485612183,Elution 1,1.0,8.875000000000014,8.875000000000014,19.434999999999985,50.0,50.0,0.0023116459457923127,3.0,6.0,0.38869999999999955,50.0,0.38869999999999955,0.1775000000000002,0.3910333333333328,0.3910333333333328,0.020829130485612184,0.020829130485612184,20.829130485612183
1,R16 independent salt regression,235a04840b0682396b9e6a7194bdf388ce5c71558d5c98fedda168bbf680e3d7,10.32,10.32,10.32,13.687697777638268,Elution 1,1.0,8.5,8.5,19.059999999999977,50.0,50.0,0.0014490897655607031,3.0,6.0,0.38119999999999943,50.0,0.38119999999999943,0.16999999999999993,0.38353333333333267,0.38353333333333267,0.013687697777638268,0.013687697777638268,13.687697777638268
1,R16 independent salt regression,235a04840b0682396b9e6a7194bdf388ce5c71558d5c98fedda168bbf680e3d7,10.35,10.35,10.35,8.90131395579084,Elution 1,1.0,8.125,8.125,18.684999999999995,50.0,50.0,0.000900998792634302,3.0,6.0,0.37369999999999975,50.0,0.37369999999999975,0.1625000000000001,0.376033333333333,0.376033333333333,0.00890131395579084,0.00890131395579084,8.90131395579084
1,R16 independent salt regression,235a04840b0682396b9e6a7194bdf388ce5c71558d5c98fedda168bbf680e3d7,10.38,10.38,10.38,5.731732502797995,Elution 1,1.0,7.749999999999986,7.749999999999986,18.30999999999998,50.0,50.0,0.0005558389136486648,3.0,6.0,0.3661999999999995,50.0,0.3661999999999995,0.1549999999999998,0.36853333333333277,0.36853333333333277,0.005731732502797995,0.005731732502797995,5.731732502797995
1,R16 independent salt regression,235a04840b0682396b9e6a7194bdf388ce5c71558d5c98fedda168bbf680e3d7,10.41,10.41,10.41,3.656313248401214,Elution 1,1.0,7.375,7.375,17.93499999999999,50.0,50.0,0.0003403290535611948,3.0,6.0,0.35869999999999974,50.0,0.35869999999999974,0.14749999999999996,0.361033333333333,0.361033333333333,0.003656313248401214,0.003656313248401214,3.656313248401214
1,R16 independent salt regression,235a04840b0682396b9e6a7194bdf388ce5c71558d5c98fedda168bbf680e3d7,10.44,10.44,10.44,2.311645945792313,Elution 1,1.0,7.0,7.0,17.560000000000002,50.0,50.0,0.00020686750410048806,3.0,6.0,0.35119999999999996,50.0,0.35119999999999996,0.14000000000000012,0.3535333333333332,0.3535333333333332,0.0023116459457923127,0.0023116459457923127,2.311645945792313
1,R16 independent salt regression,235a04840b0682396b9e6a7194bdf388ce5c71558d5c98fedda168bbf680e3d7,10.47,10.47,10.47,1.4490897655607031,Elution 1,1.0,6.624999999999986,6.624999999999986,17.184999999999988,50.0,50.0,0.0001248655051755418,3.0,6.0,0.34369999999999973,50.0,0.34369999999999973,0.13249999999999984,0.34603333333333297,0.34603333333333297,0.0014490897655607031,0.0014490897655607031,1.4490897655607031
1,R16 independent salt regression,235a04840b0682396b9e6a7194bdf388ce5c71558d5c98fedda168bbf680e3d7,10.5,10.5,10.5,0.900998792634302,Elution 1,1.0,6.25,6.25,16.81,50.0,50.0,7.485910919108887e-05,3.0,6.0,0.33619999999999994,50.0,0.33619999999999994,0.125,0.3385333333333332,0.3385333333333332,0.000900998792634302,0.000900998792634302,0.900998792634302
1,R16 independent salt regression,235a04840b0682396b9e6a7194bdf388ce5c71558d5c98fedda168bbf680e3d7,10.530000000000001,10.530000000000001,10.530000000000001,0.5558389136486648,Elution 1,1.0,5.874999999999986,5.874999999999986,16.434999999999985,50.0,50.0,4.4586649635368906e-05,3.0,6.0,0.32869999999999966,50.0,0.32869999999999966,0.11749999999999972,0.33103333333333296,0.33103333333333296,0.0005558389136486648,0.0005558389136486648,0.5558389136486648
1,R16 independent salt regression,235a04840b0682396b9e6a7194bdf388ce5c71558d5c98fedda168bbf680e3d7,10.56,10.56,10.56,0.3403290535611948,Elution 1,1.0,5.5,5.5,16.059999999999995,50.0,50.0,2.638845002441443e-05,3.0,6.0,0.32119999999999993,50.0,0.32119999999999993,0.10999999999999988,0.3235333333333332,0.3235333333333332,0.0003403290535611948,0.0003403290535611948,0.3403290535611948
1,R16 independent salt regression,235a04840b0682396b9e6a7194bdf388ce5c71558d5c98fedda168bbf680e3d7,10.59,10.59,10.59,0.20686750410048807,Elution 1,1.0,5.125,5.125,15.685000000000006,50.0,50.0,1.552164880916744e-05,3.0,6.0,0.31370000000000015,50.0,0.31370000000000015,0.10250000000000004,0.3160333333333334,0.3160333333333334,0.00020686750410048806,0.00020686750410048806,0.20686750410048807
1,R16 independent salt regression,235a04840b0682396b9e6a7194bdf388ce5c71558d5c98fedda168bbf680e3d7,10.620000000000001,10.620000000000001,10.620000000000001,0.12486550517554179,Elution 1,1.0,4.749999999999986,4.749999999999986,15.309999999999992,50.0,50.0,9.078897234432113e-06,3.0,6.0,0.30619999999999986,50.0,0.30619999999999986,0.09499999999999975,0.30853333333333316,0.30853333333333316,0.0001248655051755418,0.0001248655051755418,0.12486550517554179
1,R16 independent salt regression,235a04840b0682396b9e6a7194bdf388ce5c71558d5c98fedda168bbf680e3d7,10.65,10.65,10.65,0.07485910919108886,Elution 1,1.0,4.375,4.375,14.935000000000002,50.0,50.0,5.282622166583504e-06,3.0,6.0,0.2987000000000001,50.0,0.2987000000000001,0.08749999999999991,0.3010333333333334,0.3010333333333334,7.485910919108887e-05,7.485910919108887e-05,0.07485910919108886
1,R16 independent salt regression,235a04840b0682396b9e6a7194bdf388ce5c71558d5c98fedda168bbf680e3d7,10.680000000000001,10.680000000000001,10.680000000000001,0.0445866496353689,Elution 1,1.0,3.999999999999986,3.999999999999986,14.559999999999988,50.0,50.0,3.0559306642665105e-06,3.0,6.0,0.29119999999999985,50.0,0.29119999999999985,0.07999999999999963,0.2935333333333331,0.2935333333333331,4.4586649635368906e-05,4.4586649635368906e-05,0.0445866496353689
1,R16 independent salt regression,235a04840b0682396b9e6a7194bdf388ce5c71558d5c98fedda168bbf680e3d7,10.71,10.71,10.71,0.02638845002441443,Elution 1,1.0,3.624999999999986,3.624999999999986,14.184999999999997,50.0,50.0,1.7581582436051663e-06,3.0,6.0,0.2837,50.0,0.2837,0.07249999999999979,0.2860333333333333,0.2860333333333333,2.638845002441443e-05,2.638845002441443e-05,0.02638845002441443
1,R16 independent salt regression,235a04840b0682396b9e6a7194bdf388ce5c71558d5c98fedda168bbf680e3d7,10.74,10.739999999999998,10.739999999999998,0.015521648809168082,Elution 1,1.0,3.250000000000014,3.250000000000014,13.810000000000006,50.0,50.0,1.0089837721396764e-06,3.0,6.0,0.2762000000000002,50.0,0.2762000000000002,0.06500000000000039,0.27853333333333347,0.27853333333333347,1.5521648809168083e-05,1.5521648809168083e-05,0.015521648809168082
1,R16 independent salt regression,235a04840b0682396b9e6a7194bdf388ce5c71558d5c98fedda168bbf680e3d7,10.770000000000001,10.77,10.77,0.009078897234432495,Elution 1,1.0,2.875,2.875,13.434999999999992,50.0,50.0,5.788590201742912e-07,3.0,6.0,0.26869999999999994,50.0,0.26869999999999994,0.05750000000000011,0.2710333333333332,0.2710333333333332,9.078897234432495e-06,9.078897234432495e-06,0.009078897234432495
1,R16 independent salt regression,235a04840b0682396b9e6a7194bdf388ce5c71558d5c98fedda168bbf680e3d7,10.8,10.8,10.8,0.005282622166583505,Elution 1,1.0,2.499999999999986,2.499999999999986,13.060000000000002,50.0,50.0,3.3036334443999413e-07,3.0,6.0,0.2612000000000001,50.0,0.2612000000000001,0.04999999999999982,0.2635333333333334,0.2635333333333334,5.282622166583504e-06,5.282622166583504e-06,0.005282622166583505
1,R16 independent salt regression,235a04840b0682396b9e6a7194bdf388ce5c71558d5c98fedda168bbf680e3d7,10.830000000000002,10.830000000000002,10.830000000000002,0.0030559306642665104,Elution 1,1.0,2.1249999999999716,2.1249999999999716,12.684999999999988,50.0,50.0,1.868064282338995e-07,3.0,6.0,0.2536999999999998,50.0,0.2536999999999998,0.04249999999999954,0.2560333333333331,0.2560333333333331,3.0559306642665105e-06,3.0559306642665105e-06,0.0030559306642665104
1,R16 independent salt regression,235a04840b0682396b9e6a7194bdf388ce5c71558d5c98fedda168bbf680e3d7,10.860000000000001,10.86,10.86,0.001758158243605243,Elution 1,1.0,1.75,1.75,12.309999999999997,50.0,50.0,1.0541375588001393e-07,3.0,6.0,0.2462,50.0,0.2462,0.03500000000000014,0.24853333333333327,0.24853333333333327,1.7581582436052432e-06,1.7581582436052432e-06,0.001758158243605243
1,R16 independent salt regression,235a04840b0682396b9e6a7194bdf388ce5c71558d5c98fedda168bbf680e3d7,10.889999999999999,10.89,10.89,0.001008983772139651,Elution 1,1.0,1.375,1.375,11.935000000000006,50.0,50.0,6.009609922280675e-08,3.0,6.0,0.2387000000000002,50.0,0.2387000000000002,0.027499999999999858,0.24103333333333346,0.24103333333333346,1.008983772139651e-06,1.008983772139651e-06,0.001008983772139651
1,R16 independent salt regression,235a04840b0682396b9e6a7194bdf388ce5c71558d5c98fedda168bbf680e3d7,10.92,10.920000000000002,10.920000000000002,0.0005788590201742765,Elution 1,1.0,0.9999999999999716,0.9999999999999716,11.559999999999992,50.0,50.0,3.4466806964470384e-08,3.0,6.0,0.23119999999999988,50.0,0.23119999999999988,0.019999999999999574,0.23353333333333318,0.23353333333333318,5.788590201742765e-07,5.788590201742765e-07,0.0005788590201742765
1,R16 independent salt regression,235a04840b0682396b9e6a7194bdf388ce5c71558d5c98fedda168bbf680e3d7,10.95,10.95,10.95,0.00033036334444000887,Elution 1,1.0,0.6250000000000142,0.6250000000000142,11.185,50.0,50.0,1.9406834739749134e-08,3.0,6.0,0.22370000000000007,50.0,0.22370000000000007,0.012500000000000178,0.22603333333333336,0.22603333333333336,3.3036334444000885e-07,3.3036334444000885e-07,0.00033036334444000887
1,R16 independent salt regression,235a04840b0682396b9e6a7194bdf388ce5c71558d5c98fedda168bbf680e3d7,10.98,10.98,10.98,0.000186806428233908,Elution 1,1.0,0.25,0.25,10.809999999999986,50.0,50.0,1.0628316050683484e-08,3.0,6.0,0.21619999999999978,50.0,0.21619999999999978,0.004999999999999893,0.21853333333333308,0.21853333333333308,1.86806428233908e-07,1.86806428233908e-07,0.000186806428233908
1,R16 independent salt regression,235a04840b0682396b9e6a7194bdf388ce5c71558d5c98fedda168bbf680e3d7,11.01,11.01,11.01,0.00010541375588001392,Elution 2,1.0,0.0,0.0,10.434999999999995,50.0,50.0,5.8854683524801785e-09,4.0,6.0,0.2087,50.0,0.2087,0.0,0.21103333333333332,0.21103333333333332,1.0541375588001393e-07,1.0541375588001393e-07,0.00010541375588001392
1,R16 independent salt regression,235a04840b0682396b9e6a7194bdf388ce5c71558d5c98fedda168bbf680e3d7,11.04,11.04,11.04,6.0096099222809434e-05,Elution 2,1.0,0.0,0.0,10.059999999998375,50.0,50.0,3.41134531451466e-09,4.0,6.0,0.20119999999996765,50.0,0.20119999999996765,0.0,0.20353333333332518,0.20353333333332518,6.009609922280944e-08,6.009609922280944e-08,6.0096099222809434e-05
1,R16 independent salt regression,235a04840b0682396b9e6a7194bdf388ce5c71558d5c98fedda168bbf680e3d7,11.07,11.07,11.07,3.446680696447191e-05,Elution 2,1.0,0.0,0.0,9.684999999845566,50.0,50.0,2.0217483430506413e-09,4.0,6.0,0.19369999999691148,50.0,0.19369999999691148,0.0,0.19603333333153872,0.19603333333153872,3.4466806964471906e-08,3.4466806964471906e-08,3.446680696447191e-05
1,R16 independent salt regression,235a04840b0682396b9e6a7194bdf388ce5c71558d5c98fedda168bbf680e3d7,11.1,11.1,11.1,1.9406834739749135e-05,Elution 2,1.0,0.0,0.0,9.310000005324413,50.0,50.0,1.0895913222957238e-09,4.0,6.0,0.1862000001064884,50.0,0.1862000001064884,0.0,0.18853333337874645,0.18853333337874645,1.9406834739749134e-08,1.9406834739749134e-08,1.9406834739749135e-05
1,R16 independent salt regression,235a04840b0682396b9e6a7194bdf388ce5c71558d5c98fedda168bbf680e3d7,11.13,11.13,11.13,1.0628316050683485e-05,Elution 2,1.0,0.0,0.0,8.935000054977657,50.0,50.0,5.167314143587248e-10,4.0,6.0,0.17870000109955322,50.0,0.17870000109955322,0.0,0.18103333405398114,0.18103333405398114,1.0628316050683484e-08,1.0628316050683484e-08,1.0628316050683485e-05
1,R16 independent salt regression,235a04840b0682396b9e6a7194bdf388ce5c71558d5c98fedda168bbf680e3d7,11.16,11.16,11.16,5.885468352480178e-06,Elution 2,1.0,0.0,0.0,8.559999988870214,50.0,50.0,2.475986004058035e-10,4.0,6.0,0.17119999977740438,50.0,0.17119999977740438,0.0,0.17353333417977013,0.17353333417977013,5.8854683524801785e-09,5.8854683524801785e-09,5.885468352480178e-06
1,R16 independent salt regression,235a04840b0682396b9e6a7194bdf388ce5c71558d5c98fedda168bbf680e3d7,11.19,11.19,11.19,3.4113453145146603e-06,Elution 2,1.0,0.0,0.0,8.184998623251994,50.0,50.0,1.5842242109902544e-10,4.0,6.0,0.16369997246503995,50.0,0.16369997246503995,0.0,0.16603331735537086,0.16603331735537086,3.41134531451466e-09,3.41134531451466e-09,3.4113453145146603e-06
1,R16 independent salt regression,235a04840b0682396b9e6a7194bdf388ce5c71558d5c98fedda168bbf680e3d7,11.22,11.22,11.22,2.0217483430506413e-06,Elution 2,1.0,0.0,0.0,7.809994360853991,50.0,50.0,1.1458942701784523e-10,4.0,6.0,0.15619988721707984,50.0,0.15619988721707984,0.0,0.158533250127985,0.158533250127985,2.0217483430506413e-09,2.0217483430506413e-09,2.0217483430506413e-06
1,R16 independent salt regression,235a04840b0682396b9e6a7194bdf388ce5c71558d5c98fedda168bbf680e3d7,11.25,11.25,11.25,1.0895913222957237e-06,Elution 2,1.0,0.0,0.0,7.4349914799572145,50.0,50.0,6.339935985839263e-11,4.0,6.0,0.1486998295991443,50.0,0.1486998295991443,0.0,0.1510331690090782,0.1510331690090782,1.0895913222957238e-09,1.0895913222957238e-09,1.0895913222957237e-06
1,R16 independent salt regression,235a04840b0682396b9e6a7194bdf388ce5c71558d5c98fedda168bbf680e3d7,11.280000000000001,11.280000000000001,11.280000000000001,5.167314143587249e-07,Elution 2,1.0,0.0,0.0,7.0600106409812335,50.0,50.0,2.9283109246893314e-11,4.0,6.0,0.1412002128196247,50.0,0.1412002128196247,0.0,0.14353337548713072,0.14353337548713072,5.167314143587248e-10,5.167314143587248e-10,5.167314143587249e-07
1,R16 independent salt regression,235a04840b0682396b9e6a7194bdf388ce5c71558d5c98fedda168bbf680e3d7,11.31,11.31,11.31,2.475986004058035e-07,Elution 2,1.0,0.0,0.0,6.6850887654241244,50.0,50.0,1.2741931053665082e-11,4.0,6.0,0.13370177530848254,50.0,0.13370177530848254,0.0,0.13603452620096937,0.13603452620096937,2.475986004058035e-10,2.475986004058035e-10,2.475986004058035e-07
1,R16 independent salt regression,235a04840b0682396b9e6a7194bdf388ce5c71558d5c98fedda168bbf680e3d7,11.34,11.34,11.34,1.5842242109902544e-07,Elution 2,1.0,0.0,0.0,6.310246944325523,50.0,50.0,5.650083395887188e-12,4.0,6.0,0.12620493888651046,50.0,0.12620493888651046,0.0,0.12853720978125546,0.12853720978125546,1.5842242109902544e-10,1.5842242109902544e-10,1.5842242109902544e-07
1,R16 independent salt regression,235a04840b0682396b9e6a7194bdf388ce5c71558d5c98fedda168bbf680e3d7,11.370000000000001,11.370000000000001,11.370000000000001,1.1458942701784523e-07,Elution 2,1.0,0.0,0.0,5.93542079622863,50.0,50.0,2.6404248279169605e-12,4.0,6.0,0.11870841592457261,50.0,0.11870841592457261,0.0,0.12104077022837488,0.12104077022837488,1.1458942701784523e-10,1.1458942701784523e-10,1.1458942701784523e-07
1,R16 independent salt regression,235a04840b0682396b9e6a7194bdf388ce5c71558d5c98fedda168bbf680e3d7,11.4,11.4,11.4,6.339935985839263e-08,Elution 2,1.0,0.0,0.0,5.560383560275998,50.0,50.0,1.6292687262668934e-12,4.0,6.0,0.11120767120552,50.0,0.11120767120552,0.0,0.1135417493440517,0.1135417493440517,6.339935985839263e-11,6.339935985839263e-11,6.339935985839263e-08
1,R16 independent salt regression,235a04840b0682396b9e6a7194bdf388ce5c71558d5c98fedda168bbf680e3d7,11.430000000000001,11.430000000000001,11.430000000000001,2.9283109246893316e-08,Elution 2,1.0,0.0,0.0,5.184725179877593,50.0,50.0,9.754862095534043e-13,4.0,6.0,0.10369450359755189,50.0,0.10369450359755189,0.0,0.10603303367325213,0.10603303367325213,2.9283109246893314e-11,2.9283109246893314e-11,2.9283109246893316e-08
1,R16 independent salt regression,235a04840b0682396b9e6a7194bdf388ce5c71558d5c98fedda168bbf680e3d7,11.46,11.46,11.46,1.2741931053665081e-08,Elution 2,1.0,0.0,0.0,4.8079533727805925,50.0,50.0,5.76683072301569e-13,4.0,6.0,0.0961590674556119,50.0,0.0961590674556119,0.0,0.09850505832699025,0.09850505832699025,1.2741931053665082e-11,1.2741931053665082e-11,1.2741931053665081e-08
1,R16 independent salt regression,235a04840b0682396b9e6a7194bdf388ce5c71558d5c98fedda168bbf680e3d7,11.49,11.49,11.49,5.650083395887188e-09,Elution 2,1.0,0.0,0.0,4.429744478044366,50.0,50.0,3.2352853210114916e-13,4.0,6.0,0.08859488956088733,50.0,0.08859488956088733,0.0,0.09094990485214552,0.09094990485214552,5.650083395887188e-12,5.650083395887188e-12,5.650083395887188e-09
1,R16 independent salt regression,235a04840b0682396b9e6a7194bdf388ce5c71558d5c98fedda168bbf680e3d7,11.520000000000001,11.520000000000001,11.520000000000001,2.6404248279169604e-09,Elution 2,1.0,0.0,0.0,4.05030679390959,50.0,50.0,1.7929872235816998e-13,4.0,6.0,0.0810061358781918,50.0,0.0810061358781918,0.0,0.0833679617766272,0.0833679617766272,2.6404248279169605e-12,2.6404248279169605e-12,2.6404248279169604e-09
1,R16 independent salt regression,235a04840b0682396b9e6a7194bdf388ce5c71558d5c98fedda168bbf680e3d7,11.55,11.55,11.55,1.6292687262668934e-09,Elution 2,1.0,0.0,0.0,3.6707587659729146,50.0,50.0,9.96358194584903e-14,4.0,6.0,0.07341517531945826,50.0,0.07341517531945826,0.0,0.0757755417144257,0.0757755417144257,1.6292687262668934e-12,1.6292687262668934e-12,1.6292687262668934e-09
1,R16 independent salt regression,235a04840b0682396b9e6a7194bdf388ce5c71558d5c98fedda168bbf680e3d7,11.580000000000002,11.580000000000002,11.580000000000002,9.754862095534043e-10,Elution 2,1.0,0.0,0.0,3.2933978578800396,50.0,50.0,5.551075372139757e-14,4.0,6.0,0.06586795715760077,50.0,0.06586795715760077,0.0,0.06821108058270398,0.06821108058270398,9.754862095534043e-13,9.754862095534043e-13,9.754862095534043e-10
1,R16 independent salt regression,235a04840b0682396b9e6a7194bdf388ce5c71558d5c98fedda168bbf680e3d7,11.610000000000001,11.610000000000001,11.610000000000001,5.76683072301569e-10,Elution 2,1.0,0.0,0.0,2.9217566158516677,50.0,50.0,3.088592979634995e-14,4.0,6.0,0.05843513231703331,50.0,0.05843513231703331,0.0,0.06073766771791655,0.06073766771791655,5.76683072301569e-13,5.76683072301569e-13,5.76683072301569e-10
1,R16 independent salt regression,235a04840b0682396b9e6a7194bdf388ce5c71558d5c98fedda168bbf680e3d7,11.639999999999999,11.639999999999999,11.639999999999999,3.2352853210116416e-10,Elution 2,1.0,0.0,0.0,2.56040128447521,50.0,50.0,1.713110041365688e-14,4.0,6.0,0.05120802568950416,50.0,0.05120802568950416,0.0,0.05344061844268585,0.05344061844268585,3.2352853210116415e-13,3.2352853210116415e-13,3.2352853210116416e-10
1,R16 independent salt regression,235a04840b0682396b9e6a7194bdf388ce5c71558d5c98fedda168bbf680e3d7,11.67,11.67,11.67,1.7929872235817853e-10,Elution 2,1.0,0.0,0.0,2.2145014055874914,50.0,50.0,9.473704693093857e-15,4.0,6.0,0.044290028111749785,50.0,0.044290028111749785,0.0,0.04642020612501119,0.04642020612501119,1.7929872235817851e-13,1.7929872235817851e-13,1.7929872235817853e-10
1,R16 independent salt regression,235a04840b0682396b9e6a7194bdf388ce5c71558d5c98fedda168bbf680e3d7,11.7,11.7,11.7,9.963581945849501e-11,Elution 2,1.0,0.0,0.0,1.8892599772792378,50.0,50.0,5.226582285205508e-15,4.0,6.0,0.03778519954558473,50.0,0.03778519954558473,0.0,0.03978099700329401,0.03978099700329401,9.963581945849501e-14,9.963581945849501e-14,9.963581945849501e-11
1,R16 independent salt regression,235a04840b0682396b9e6a7194bdf388ce5c71558d5c98fedda168bbf680e3d7,11.73,11.73,11.73,5.551075372140018e-11,Elution 2,1.0,0.0,0.0,1.5893238027273051,50.0,50.0,2.877489788432338e-15,4.0,6.0,0.03178647605454607,50.0,0.03178647605454607,0.0,0.03362003530297342,0.03362003530297342,5.551075372140018e-14,5.551075372140018e-14,5.551075372140018e-11
1,R16 independent salt regression,235a04840b0682396b9e6a7194bdf388ce5c71558d5c98fedda168bbf680e3d7,11.76,11.76,11.76,3.088592979635141e-11,Elution 2,1.0,0.0,0.0,1.3172024855389823,50.0,50.0,1.581075473887237e-15,4.0,6.0,0.026344049710779614,50.0,0.026344049710779614,0.0,0.028006378830561746,0.028006378830561746,3.088592979635141e-14,3.088592979635141e-14,3.088592979635141e-11
1,R16 independent salt regression,235a04840b0682396b9e6a7194bdf388ce5c71558d5c98fedda168bbf680e3d7,11.79,11.79,11.79,1.713110041365688e-11,Elution 2,1.0,0.0,0.0,1.074967682762816,50.0,50.0,8.671261484793995e-16,4.0,6.0,0.021499353655256296,50.0,0.021499353655256296,0.0,0.02296715923707198,0.02296715923707198,1.713110041365688e-14,1.713110041365688e-14,1.713110041365688e-11
1,R16 independent salt regression,235a04840b0682396b9e6a7194bdf388ce5c71558d5c98fedda168bbf680e3d7,11.82,11.82,11.82,9.473704693093858e-12,Elution 2,1.0,0.0,0.0,0.8662058652947666,50.0,50.0,4.747696585816051e-16,4.0,6.0,0.017324117305895313,50.0,0.017324117305895313,0.0,0.018583874895944996,0.018583874895944996,9.473704693093857e-15,9.473704693093857e-15,9.473704693093858e-12
1,R16 independent salt regression,235a04840b0682396b9e6a7194bdf388ce5c71558d5c98fedda168bbf680e3d7,11.85,11.85,11.85,5.226582285205508e-12,Elution 2,1.0,0.0,0.0,0.6899774888711738,50.0,50.0,2.5956997764123637e-16,4.0,6.0,0.013799549777423457,50.0,0.013799549777423457,0.0,0.014859496263506966,0.014859496263506966,5.226582285205508e-15,5.226582285205508e-15,5.226582285205508e-12
1,R16 independent salt regression,235a04840b0682396b9e6a7194bdf388ce5c71558d5c98fedda168bbf680e3d7,11.88,11.88,11.88,2.877489788432338e-12,Elution 2,1.0,0.0,0.0,0.5437396210699188,50.0,50.0,1.417430455493638e-16,4.0,6.0,0.01087479242139836,50.0,0.01087479242139836,0.0,0.01175174922972261,0.01175174922972261,2.877489788432338e-15,2.877489788432338e-15,2.877489788432338e-12
1,R16 independent salt regression,235a04840b0682396b9e6a7194bdf388ce5c71558d5c98fedda168bbf680e3d7,11.91,11.91,11.91,1.581075473887237e-12,Elution 2,1.0,0.0,0.0,0.4242780074327671,50.0,50.0,7.732503358496852e-17,4.0,6.0,0.008485560148655329,50.0,0.008485560148655329,0.0,0.009199952001119982,0.009199952001119982,1.581075473887237e-15,1.581075473887237e-15,1.581075473887237e-12
1,R16 independent salt regression,235a04840b0682396b9e6a7194bdf388ce5c71558d5c98fedda168bbf680e3d7,11.94,11.94,11.94,8.671261484793995e-13,Elution 2,1.0,0.0,0.0,0.32811416657149484,50.0,50.0,4.21489977329941e-17,4.0,6.0,0.0065622833314298865,50.0,0.0065622833314298865,0.0,0.0071358650012780895,0.0071358650012780895,8.671261484793995e-16,8.671261484793995e-16,8.671261484793995e-13
1,R16 independent salt regression,235a04840b0682396b9e6a7194bdf388ce5c71558d5c98fedda168bbf680e3d7,11.97,11.97,11.97,4.747696585816051e-13,Elution 2,1.0,0.0,0.0,0.2517500634701966,50.0,50.0,2.2959767449964817e-17,4.0,6.0,0.0050350012694039235,50.0,0.0050350012694039235,0.0,0.005489413850304922,0.005489413850304922,4.747696585816051e-16,4.747696585816051e-16,4.747696585816051e-13
1,R16 independent salt regression,235a04840b0682396b9e6a7194bdf388ce5c71558d5c98fedda168bbf680e3d7,12.0,12.0,12.0,2.595699776412364e-13,Elution 2,1.0,0.0,0.0,0.19184927548001976,50.0,50.0,1.2500231287480966e-17,4.0,6.0,0.003836985509600391,50.0,0.003836985509600391,0.0,0.004192689951528893,0.004192689951528893,2.5956997764123637e-16,2.5956997764123637e-16,2.595699776412364e-13
1,R16 independent salt regression,235a04840b0682396b9e6a7194bdf388ce5c71558d5c98fedda168bbf680e3d7,12.030000000000001,12.030000000000001,12.030000000000001,1.417430455493638e-13,Elution 2,1.0,0.0,0.0,0.1453672637926191,50.0,50.0,6.802815615231522e-18,4.0,6.0,0.0029073452758523782,50.0,0.0029073452758523782,0.0,0.0031828715387609324,0.0031828715387609324,1.417430455493638e-16,1.417430455493638e-16,1.417430455493638e-13
1,R16 independent salt regression,235a04840b0682396b9e6a7194bdf388ce5c71558d5c98fedda168bbf680e3d7,12.06,12.06,12.06,7.732503358496852e-14,Elution 2,1.0,0.0,0.0,0.10963017290961516,50.0,50.0,3.701008279674173e-18,4.0,6.0,0.0021926034581923005,50.0,0.0021926034581923005,0.0,0.0024041197797099816,0.0024041197797099816,7.732503358496852e-17,7.732503358496852e-17,7.732503358496852e-14
1,R16 independent salt regression,235a04840b0682396b9e6a7194bdf388ce5c71558d5c98fedda168bbf680e3d7,12.09,12.09,12.09,4.21489977329941e-14,Elution 2,1.0,0.0,0.0,0.08236568892891603,50.0,50.0,2.0130036221807767e-18,4.0,6.0,0.0016473137785783184,50.0,0.0016473137785783184,0.0,0.0018084847313036894,0.0018084847313036894,4.21489977329941e-17,4.21489977329941e-17,4.21489977329941e-14
1,R16 independent salt regression,235a04840b0682396b9e6a7194bdf388ce5c71558d5c98fedda168bbf680e3d7,12.120000000000001,12.120000000000001,12.120000000000001,2.2959767449964817e-14,Elution 2,1.0,0.0,0.0,0.0616958409544385,50.0,50.0,1.0946794297929431e-18,4.0,6.0,0.0012339168190887689,50.0,0.0012339168190887689,0.0,0.001355983715054333,0.001355983715054333,2.2959767449964817e-17,2.2959767449964817e-17,2.2959767449964817e-14
1,R16 independent salt regression,235a04840b0682396b9e6a7194bdf388ce5c71558d5c98fedda168bbf680e3d7,12.15,12.15,12.15,1.2500231287480967e-14,Elution 2,1.0,0.0,0.0,0.046104257453080326,50.0,50.0,5.952045588652516e-19,4.0,6.0,0.0009220851490616056,50.0,0.0009220851490616056,0.0,0.001014090620072031,0.001014090620072031,1.2500231287480966e-17,1.2500231287480966e-17,1.2500231287480967e-14
1,R16 independent salt regression,235a04840b0682396b9e6a7194bdf388ce5c71558d5c98fedda168bbf680e3d7,12.180000000000001,12.180000000000001,12.180000000000001,6.802815615231522e-15,Elution 2,1.0,0.0,0.0,0.03438967347867355,50.0,50.0,3.235917264852437e-19,4.0,6.0,0.0006877934695734703,50.0,0.0006877934695734703,0.0,0.0007568792932405953,0.0007568792932405953,6.802815615231522e-18,6.802815615231522e-18,6.802815615231522e-15
1,R16 independent salt regression,235a04840b0682396b9e6a7194bdf388ce5c71558d5c98fedda168bbf680e3d7,12.21,12.21,12.21,3.701008279674173e-15,Elution 2,1.0,0.0,0.0,0.02561494512338939,50.0,50.0,1.7591082079322306e-19,4.0,6.0,0.0005122989024677871,50.0,0.0005122989024677871,0.0,0.0005640232188679795,0.0005640232188679795,3.701008279674173e-18,3.701008279674173e-18,3.701008279674173e-15
1,R16 independent salt regression,235a04840b0682396b9e6a7194bdf388ce5c71558d5c98fedda168bbf680e3d7,12.24,12.24,12.24,2.0130036221807767e-15,Elution 2,1.0,0.0,0.0,0.01905777603052653,50.0,50.0,9.562273644371498e-20,4.0,6.0,0.00038115552061053016,50.0,0.00038115552061053016,0.0,0.00041979427149056454,0.00041979427149056454,2.0130036221807767e-18,2.0130036221807767e-18,2.0130036221807767e-15
1,R16 independent salt regression,235a04840b0682396b9e6a7194bdf388ce5c71558d5c98fedda168bbf680e3d7,12.270000000000001,12.270000000000001,12.270000000000001,1.0946794297929431e-15,Elution 2,1.0,0.0,0.0,0.014166639558014806,50.0,50.0,5.197684613770101e-20,4.0,6.0,0.0002833327911602958,50.0,0.0002833327911602958,0.0,0.00031214635176467486,0.00031214635176467486,1.0946794297929431e-18,1.0946794297929431e-18,1.0946794297929431e-15
1,R16 independent salt regression,235a04840b0682396b9e6a7194bdf388ce5c71558d5c98fedda168bbf680e3d7,12.3,12.3,12.3,5.952045588652516e-16,Elution 2,1.0,0.0,0.0,0.010523385578243614,50.0,50.0,2.825162312078751e-20,4.0,6.0,0.00021046771156487206,50.0,0.00021046771156487206,0.0,0.00023192541226304208,0.00023192541226304208,5.952045588652516e-19,5.952045588652516e-19,5.952045588652516e-16
1,R16 independent salt regression,235a04840b0682396b9e6a7194bdf388ce5c71558d5c98fedda168bbf680e3d7,12.330000000000002,12.330000000000002,12.330000000000002,3.235917264852437e-16,Elution 2,1.0,0.0,0.0,0.00781265393266732,50.0,50.0,1.5355541361411676e-20,4.0,6.0,0.00015625307865334623,50.0,0.00015625307865334623,0.0,0.00017221575912214365,0.00017221575912214365,3.235917264852437e-19,3.235917264852437e-19,3.235917264852437e-16
1,R16 independent salt regression,235a04840b0682396b9e6a7194bdf388ce5c71558d5c98fedda168bbf680e3d7,12.360000000000001,12.36,12.36,1.759108207932318e-16,Elution 2,1.0,0.0,0.0,0.005797546881798581,50.0,50.0,8.345992471875147e-21,4.0,6.0,0.00011595093763597154,50.0,0.00011595093763597154,0.0,0.00012781566794840116,0.00012781566794840116,1.759108207932318e-19,1.759108207932318e-19,1.759108207932318e-16
1,R16 independent salt regression,235a04840b0682396b9e6a7194bdf388ce5c71558d5c98fedda168bbf680e3d7,12.389999999999999,12.39,12.39,9.562273644371498e-17,Elution 2,1.0,0.0,0.0,0.0043006238612408,50.0,50.0,4.5361184969201146e-21,4.0,6.0,8.601247722481594e-05,50.0,8.601247722481594e-05,0.0,9.482521635452246e-05,9.482521635452246e-05,9.562273644371498e-20,9.562273644371498e-20,9.562273644371498e-17
1,R16 independent salt regression,235a04840b0682396b9e6a7194bdf388ce5c71558d5c98fedda168bbf680e3d7,12.42,12.420000000000002,12.420000000000002,5.1976846137701006e-17,Elution 2,1.0,0.0,0.0,0.003189277357551423,50.0,50.0,2.4653932829573114e-21,4.0,6.0,6.378554715102841e-05,50.0,6.378554715102841e-05,0.0,7.032771948687231e-05,7.032771948687231e-05,5.197684613770101e-20,5.197684613770101e-20,5.1976846137701006e-17
1,R16 independent salt regression,235a04840b0682396b9e6a7194bdf388ce5c71558d5c98fedda168bbf680e3d7,12.45,12.45,12.45,2.825162312078891e-17,Elution 2,1.0,0.0,0.0,0.002364576624612081,50.0,50.0,1.339937763836282e-21,4.0,6.0,4.729153249224159e-05,50.0,4.729153249224159e-05,0.0,5.214596012098799e-05,5.214596012098799e-05,2.8251623120788915e-20,2.8251623120788915e-20,2.825162312078891e-17
1,R16 independent salt regression,235a04840b0682396b9e6a7194bdf388ce5c71558d5c98fedda168bbf680e3d7,12.48,12.48,12.48,1.535554136141244e-17,Elution 2,1.0,0.0,0.0,0.0017528161469536805,50.0,50.0,7.282498213894358e-22,4.0,6.0,3.505632293907358e-05,50.0,3.505632293907358e-05,0.0,3.865711605998286e-05,3.865711605998286e-05,1.535554136141244e-20,1.535554136141244e-20,1.535554136141244e-17
1,R16 independent salt regression,235a04840b0682396b9e6a7194bdf388ce5c71558d5c98fedda168bbf680e3d7,12.51,12.51,12.51,8.345992471875147e-18,Elution 2,1.0,0.0,0.0,0.001299149360107066,50.0,50.0,3.957984171811609e-22,4.0,6.0,2.5982987202141302e-05,50.0,2.5982987202141302e-05,0.0,2.865313656561635e-05,2.865313656561635e-05,8.345992471875147e-21,8.345992471875147e-21,8.345992471875147e-18
1,R16 independent salt regression,235a04840b0682396b9e6a7194bdf388ce5c71558d5c98fedda168bbf680e3d7,12.54,12.54,12.54,4.5361184969203405e-18,Elution 2,1.0,0.0,0.0,0.0009627981986968953,50.0,50.0,2.1511272365026023e-22,4.0,6.0,1.9255963973937885e-05,50.0,1.9255963973937885e-05,0.0,2.123556309740131e-05,2.123556309740131e-05,4.53611849692034e-21,4.53611849692034e-21,4.5361184969203405e-18
1,R16 independent salt regression,235a04840b0682396b9e6a7194bdf388ce5c71558d5c98fedda168bbf680e3d7,12.57,12.57,12.57,2.465393282957434e-18,Elution 2,1.0,0.0,0.0,0.0007134693003055286,50.0,50.0,1.1691141554314183e-22,4.0,6.0,1.4269386006110553e-05,50.0,1.4269386006110553e-05,0.0,1.5736773649383854e-05,1.5736773649383854e-05,2.465393282957434e-21,2.465393282957434e-21,2.465393282957434e-18
1,R16 independent salt regression,235a04840b0682396b9e6a7194bdf388ce5c71558d5c98fedda168bbf680e3d7,12.6,12.6,12.6,1.339937763836282e-18,Elution 2,1.0,0.0,0.0,0.0005286747750018297,50.0,50.0,6.35399515543244e-23,4.0,6.0,1.0573495500036582e-05,50.0,1.0573495500036582e-05,0.0,1.1661064507052432e-05,1.1661064507052432e-05,1.339937763836282e-21,1.339937763836282e-21,1.339937763836282e-18
1,R16 independent salt regression,235a04840b0682396b9e6a7194bdf388ce5c71558d5c98fedda168bbf680e3d7,12.63,12.63,12.63,7.282498213894358e-19,Elution 2,1.0,0.0,0.0,0.00039172430215055943,50.0,50.0,3.453315481788864e-23,4.0,6.0,7.834486043011177e-06,50.0,7.834486043011177e-06,0.0,8.640468505371197e-06,8.640468505371197e-06,7.282498213894358e-22,7.282498213894358e-22,7.282498213894358e-19
1,R16 independent salt regression,235a04840b0682396b9e6a7194bdf388ce5c71558d5c98fedda168bbf680e3d7,12.66,12.66,12.66,3.9579841718116087e-19,Elution 2,1.0,0.0,0.0,0.0002902386114745299,50.0,50.0,1.8768309478799013e-23,4.0,6.0,5.804772229490589e-06,50.0,5.804772229490589e-06,0.0,6.402028246053517e-06,6.402028246053517e-06,3.957984171811609e-22,3.957984171811609e-22,3.9579841718116087e-19
1,R16 independent salt regression,235a04840b0682396b9e6a7194bdf388ce5c71558d5c98fedda168bbf680e3d7,12.69,12.69,12.69,2.1511272365026024e-19,Elution 2,1.0,0.0,0.0,0.00021503958703391812,50.0,50.0,1.0200316371290378e-23,4.0,6.0,4.300791740678355e-06,50.0,4.300791740678355e-06,0.0,4.743350758060623e-06,4.743350758060623e-06,2.1511272365026023e-22,2.1511272365026023e-22,2.1511272365026024e-19
1,R16 independent salt regression,235a04840b0682396b9e6a7194bdf388ce5c71558d5c98fedda168bbf680e3d7,12.72,12.72,12.72,1.1691141554314183e-19,Elution 2,1.0,0.0,0.0,0.0001593209229301835,50.0,50.0,5.543726370969125e-24,4.0,6.0,3.1864184586036646e-06,50.0,3.1864184586036646e-06,0.0,3.514334728483809e-06,3.514334728483809e-06,1.1691141554314183e-22,1.1691141554314183e-22,1.1691141554314183e-19
1,R16 independent salt regression,235a04840b0682396b9e6a7194bdf388ce5c71558d5c98fedda168bbf680e3d7,12.75,12.75,12.75,6.353995155432439e-20,Elution 2,1.0,0.0,0.0,0.00011803709330157727,50.0,50.0,3.012934218533272e-24,4.0,6.0,2.3607418660315424e-06,50.0,2.3607418660315424e-06,0.0,2.6037036963173295e-06,2.6037036963173295e-06,6.35399515543244e-23,6.35399515543244e-23,6.353995155432439e-20
1,R16 independent salt regression,235a04840b0682396b9e6a7194bdf388ce5c71558d5c98fedda168bbf680e3d7,12.780000000000001,12.780000000000001,12.780000000000001,3.453315481788864e-20,Elution 2,1.0,0.0,0.0,8.744968701909532e-05,50.0,50.0,1.637484950397062e-24,4.0,6.0,1.7489937403819037e-06,50.0,1.7489937403819037e-06,0.0,1.929005433341275e-06,1.929005433341275e-06,3.453315481788864e-23,3.453315481788864e-23,3.453315481788864e-20
1,R16 independent salt regression,235a04840b0682396b9e6a7194bdf388ce5c71558d5c98fedda168bbf680e3d7,12.81,12.81,12.81,1.8768309478799014e-20,Elution 2,1.0,0.0,0.0,6.478897643253412e-05,50.0,50.0,8.899485315822204e-25,4.0,6.0,1.295779528650681e-06,50.0,1.295779528650681e-06,0.0,1.4291504703863789e-06,1.4291504703863789e-06,1.8768309478799013e-23,1.8768309478799013e-23,1.8768309478799014e-20
1,R16 independent salt regression,235a04840b0682396b9e6a7194bdf388ce5c71558d5c98fedda168bbf680e3d7,12.84,12.84,12.84,1.0200316371290379e-20,Elution 2,1.0,0.0,0.0,4.799991794367466e-05,50.0,50.0,4.836736304147447e-25,4.0,6.0,9.599983588734916e-07,50.0,9.599983588734916e-07,0.0,1.05881137468919e-06,1.05881137468919e-06,1.0200316371290378e-23,1.0200316371290378e-23,1.0200316371290379e-20
1,R16 independent salt regression,235a04840b0682396b9e6a7194bdf388ce5c71558d5c98fedda168bbf680e3d7,12.870000000000001,12.870000000000001,12.870000000000001,5.543726370969125e-21,Elution 2,1.0,0.0,0.0,3.5561159980911494e-05,50.0,50.0,2.6286929780728505e-25,4.0,6.0,7.112231996182291e-07,50.0,7.112231996182291e-07,0.0,7.844314365222915e-07,7.844314365222915e-07,5.543726370969125e-24,5.543726370969125e-24,5.543726370969125e-21
1,R16 independent salt regression,235a04840b0682396b9e6a7194bdf388ce5c71558d5c98fedda168bbf680e3d7,12.9,12.9,12.9,3.012934218533272e-21,Elution 2,1.0,0.0,0.0,2.6345605849926996e-05,50.0,50.0,1.428654661089079e-25,4.0,6.0,5.269121169985391e-07,50.0,5.269121169985391e-07,0.0,5.811496706104442e-07,5.811496706104442e-07,3.012934218533272e-24,3.012934218533272e-24,3.012934218533272e-21
1,R16 independent salt regression,235a04840b0682396b9e6a7194bdf388ce5c71558d5c98fedda168bbf680e3d7,12.930000000000001,12.930000000000001,12.930000000000001,1.637484950397062e-21,Elution 2,1.0,0.0,0.0,1.9519013156064194e-05,50.0,50.0,7.764519982477226e-26,4.0,6.0,3.9038026312128313e-07,50.0,3.9038026312128313e-07,0.0,4.305644971771079e-07,4.305644971771079e-07,1.637484950397062e-24,1.637484950397062e-24,1.637484950397062e-21
1,R16 independent salt regression,235a04840b0682396b9e6a7194bdf388ce5c71558d5c98fedda168bbf680e3d7,12.96,12.96,12.96,8.899485315822204e-22,Elution 2,1.0,0.0,0.0,1.4461882253360836e-05,50.0,50.0,4.219897617769051e-26,4.0,6.0,2.892376450672162e-07,50.0,2.892376450672162e-07,0.0,3.1901096156479626e-07,3.1901096156479626e-07,8.899485315822204e-25,8.899485315822204e-25,8.899485315822204e-22
1,R16 independent salt regression,235a04840b0682396b9e6a7194bdf388ce5c71558d5c98fedda168bbf680e3d7,12.99,12.99,12.99,4.836736304147447e-22,Elution 2,1.0,0.0,0.0,1.0714857993983238e-05,50.0,50.0,2.2934496252572328e-26,4.0,6.0,2.142971598796645e-07,50.0,2.142971598796645e-07,0.0,2.3635649450948923e-07,2.3635649450948923e-07,4.836736304147447e-25,4.836736304147447e-25,4.836736304147447e-22
1,R16 independent salt regression,235a04840b0682396b9e6a7194bdf388ce5c71558d5c98fedda168bbf680e3d7,13.020000000000001,13.020000000000001,13.020000000000001,2.6286929780728505e-22,Elution 2,1.0,0.0,0.0,7.938471189854523e-06,50.0,50.0,1.2464547564531833e-26,4.0,6.0,1.587694237970902e-07,50.0,1.587694237970902e-07,0.0,1.7511294698838573e-07,1.7511294698838573e-07,2.6286929780728505e-25,2.6286929780728505e-25,2.6286929780728505e-22
1,R16 independent salt regression,235a04840b0682396b9e6a7194bdf388ce5c71558d5c98fedda168bbf680e3d7,13.05,13.05,13.05,1.428654661089079e-22,Elution 2,1.0,0.0,0.0,5.88153320571674e-06,50.0,50.0,6.774290658020103e-27,4.0,6.0,1.1763066411433461e-07,50.0,1.1763066411433461e-07,0.0,1.2973947604282273e-07,1.2973947604282273e-07,1.428654661089079e-25,1.428654661089079e-25,1.428654661089079e-22
1,R16 independent salt regression,235a04840b0682396b9e6a7194bdf388ce5c71558d5c98fedda168bbf680e3d7,13.080000000000002,13.080000000000002,13.080000000000002,7.764519982477227e-23,Elution 2,1.0,0.0,0.0,4.358228276526393e-06,50.0,50.0,3.681722930109456e-27,4.0,6.0,8.716456553052777e-08,50.0,8.716456553052777e-08,0.0,9.61372535712148e-08,9.61372535712148e-08,7.764519982477226e-26,7.764519982477226e-26,7.764519982477227e-23
1,R16 independent salt regression,235a04840b0682396b9e6a7194bdf388ce5c71558d5c98fedda168bbf680e3d7,13.110000000000001,13.11,13.11,4.2198976177692616e-23,Elution 2,1.0,0.0,0.0,3.23000194701834e-06,50.0,50.0,2.000959732797877e-27,4.0,6.0,6.460003894036672e-08,50.0,6.460003894036672e-08,0.0,7.124996208110794e-08,7.124996208110794e-08,4.2198976177692613e-26,4.2198976177692613e-26,4.2198976177692616e-23
1,R16 independent salt regression,235a04840b0682396b9e6a7194bdf388ce5c71558d5c98fedda168bbf680e3d7,13.139999999999999,13.14,13.14,2.2934496252572328e-23,Elution 2,1.0,0.0,0.0,2.3939390802558166e-06,50.0,50.0,1.0874907195640077e-27,4.0,6.0,4.787878160511625e-08,50.0,4.787878160511625e-08,0.0,5.280743149076694e-08,5.280743149076694e-08,2.2934496252572328e-26,2.2934496252572328e-26,2.2934496252572328e-23
1,R16 independent salt regression,235a04840b0682396b9e6a7194bdf388ce5c71558d5c98fedda168bbf680e3d7,13.17,13.170000000000002,13.170000000000002,1.2464547564531833e-23,Elution 2,1.0,0.0,0.0,1.7741172778246488e-06,50.0,50.0,5.9103438714032095e-28,4.0,6.0,3.548234555649293e-08,50.0,3.548234555649293e-08,0.0,3.913491136226742e-08,3.913491136226742e-08,1.2464547564531833e-26,1.2464547564531833e-26,1.2464547564531833e-23
1,R16 independent salt regression,235a04840b0682396b9e6a7194bdf388ce5c71558d5c98fedda168bbf680e3d7,13.2,13.2,13.2,6.774290658020438e-24,Elution 2,1.0,0.0,0.0,1.314655085723965e-06,50.0,50.0,3.2121806641577145e-28,4.0,6.0,2.6293101714479284e-08,50.0,2.6293101714479284e-08,0.0,2.8999727292265917e-08,2.8999727292265917e-08,6.774290658020439e-27,6.774290658020439e-27,6.774290658020438e-24
1,R16 independent salt regression,235a04840b0682396b9e6a7194bdf388ce5c71558d5c98fedda168bbf680e3d7,13.23,13.23,13.23,3.681722930109639e-24,Elution 2,1.0,0.0,0.0,9.742152168319033e-07,50.0,50.0,1.7457707221203162e-28,4.0,6.0,1.9484304336638043e-08,50.0,1.9484304336638043e-08,0.0,2.1490030764070354e-08,2.1490030764070354e-08,3.681722930109639e-27,3.681722930109639e-27,3.681722930109639e-24
1,R16 independent salt regression,235a04840b0682396b9e6a7194bdf388ce5c71558d5c98fedda168bbf680e3d7,13.26,13.26,13.26,2.0009597327978772e-24,Elution 2,1.0,0.0,0.0,7.221585012498716e-07,50.0,50.0,9.487995091736593e-29,4.0,6.0,1.4443170024997405e-08,50.0,1.4443170024997405e-08,0.0,1.5929959986451796e-08,1.5929959986451796e-08,2.000959732797877e-27,2.000959732797877e-27,2.0009597327978772e-24
1,R16 independent salt regression,235a04840b0682396b9e6a7194bdf388ce5c71558d5c98fedda168bbf680e3d7,13.29,13.29,13.29,1.0874907195640617e-24,Elution 2,1.0,0.0,0.0,5.358109652404181e-07,50.0,50.0,5.156579203235828e-29,4.0,6.0,1.0716219304808335e-08,50.0,1.0716219304808335e-08,0.0,1.1819354858511036e-08,1.1819354858511036e-08,1.0874907195640616e-27,1.0874907195640616e-27,1.0874907195640617e-24
1,R16 independent salt regression,235a04840b0682396b9e6a7194bdf388ce5c71558d5c98fedda168bbf680e3d7,13.32,13.32,13.32,5.9103438714035025e-25,Elution 2,1.0,0.0,0.0,3.9798674578377095e-07,50.0,50.0,2.802521281198113e-29,4.0,6.0,7.959734915675411e-09,50.0,7.959734915675411e-09,0.0,8.779116325918051e-09,8.779116325918051e-09,5.910343871403503e-28,5.910343871403503e-28,5.9103438714035025e-25
1,R16 independent salt regression,235a04840b0682396b9e6a7194bdf388ce5c71558d5c98fedda168bbf680e3d7,13.35,13.35,13.35,3.2121806641577145e-25,Elution 2,1.0,0.0,0.0,2.955865279540058e-07,50.0,50.0,1.5231270474331724e-29,4.0,6.0,5.911730559080121e-09,50.0,5.911730559080121e-09,0.0,6.520289113202603e-09,6.520289113202603e-09,3.2121806641577145e-28,3.2121806641577145e-28,3.2121806641577145e-25
1,R16 independent salt regression,235a04840b0682396b9e6a7194bdf388ce5c71558d5c98fedda168bbf680e3d7,13.38,13.38,13.38,1.745770722120316e-25,Elution 2,1.0,0.0,0.0,2.1954202473678224e-07,50.0,50.0,8.277960716513816e-30,4.0,6.0,4.39084049473565e-09,50.0,4.39084049473565e-09,0.0,4.842837579017233e-09,4.842837579017233e-09,1.7457707221203162e-28,1.7457707221203162e-28,1.745770722120316e-25
1,R16 independent salt regression,235a04840b0682396b9e6a7194bdf388ce5c71558d5c98fedda168bbf680e3d7,13.41,13.41,13.41,9.487995091736593e-26,Elution 2,1.0,0.0,0.0,1.6293709914946033e-07,50.0,50.0,4.4989444067884664e-30,4.0,6.0,3.2587419829892024e-09,50.0,3.2587419829892024e-09,0.0,3.5941999513468087e-09,3.5941999513468087e-09,9.487995091736593e-29,9.487995091736593e-29,9.487995091736593e-26
1,R16 independent salt regression,235a04840b0682396b9e6a7194bdf388ce5c71558d5c98fedda168bbf680e3d7,13.44,13.44,13.44,5.1565792032358276e-26,Elution 2,1.0,0.0,0.0,1.2082351920187336e-07,50.0,50.0,2.4451071301719302e-30,4.0,6.0,2.4164703840374583e-09,50.0,2.4164703840374583e-09,0.0,2.6652242047751132e-09,2.6652242047751132e-09,5.156579203235828e-29,5.156579203235828e-29,5.1565792032358276e-26
1,R16 independent salt regression,235a04840b0682396b9e6a7194bdf388ce5c71558d5c98fedda168bbf680e3d7,13.47,13.47,13.47,2.802521281198113e-26,Elution 2,1.0,0.0,0.0,8.959433393454476e-08,50.0,50.0,1.3288780720719863e-30,4.0,6.0,1.791886678690886e-09,50.0,1.791886678690886e-09,0.0,1.9763453133085046e-09,1.9763453133085046e-09,2.802521281198113e-29,2.802521281198113e-29,2.802521281198113e-26
1,R16 independent salt regression,235a04840b0682396b9e6a7194bdf388ce5c71558d5c98fedda168bbf680e3d7,13.5,13.5,13.5,1.5231270474331725e-26,Elution 2,1.0,0.0,0.0,6.655173720694591e-08,50.0,50.0,7.2222472595554165e-31,4.0,6.0,1.3310347441389133e-09,50.0,1.3310347441389133e-09,0.0,1.4680528750492352e-09,1.4680528750492352e-09,1.5231270474331724e-29,1.5231270474331724e-29,1.5231270474331725e-26
1,R16 independent salt regression,235a04840b0682396b9e6a7194bdf388ce5c71558d5c98fedda168bbf680e3d7,13.530000000000001,13.530000000000001,13.530000000000001,8.277960716513816e-27,Elution 2,1.0,0.0,0.0,4.9649281330470795e-08,50.0,50.0,3.9251796528459555e-31,4.0,6.0,9.929856266094182e-10,50.0,9.929856266094182e-10,0.0,1.0952046876487376e-09,1.0952046876487376e-09,8.277960716513816e-30,8.277960716513816e-30,8.277960716513816e-27
1,R16 independent salt regression,235a04840b0682396b9e6a7194bdf388ce5c71558d5c98fedda168bbf680e3d7,13.56,13.56,13.56,4.4989444067884665e-27,Elution 2,1.0,0.0,0.0,3.744785046842414e-08,50.0,50.0,2.133274368513091e-31,4.0,6.0,7.489570093684949e-10,50.0,7.489570093684949e-10,0.0,8.260555383979548e-10,8.260555383979548e-10,4.4989444067884664e-30,4.4989444067884664e-30,4.4989444067884665e-27
1,R16 independent salt regression,235a04840b0682396b9e6a7194bdf388ce5c71558d5c98fedda168bbf680e3d7,13.59,13.59,13.59,2.4451071301719302e-27,Elution 2,1.0,0.0,0.0,2.8277935700329626e-08,50.0,50.0,1.159401658879841e-31,4.0,6.0,5.655587140066045e-10,50.0,5.655587140066045e-10,0.0,6.237779613576283e-10,6.237779613576283e-10,2.4451071301719302e-30,2.4451071301719302e-30,2.4451071301719302e-27
1,R16 independent salt regression,235a04840b0682396b9e6a7194bdf388ce5c71558d5c98fedda168bbf680e3d7,13.620000000000001,13.620000000000001,13.620000000000001,1.3288780720719863e-27,Elution 2,1.0,0.0,0.0,2.1767469570875427e-08,50.0,50.0,6.301169173758113e-32,4.0,6.0,4.3534939141752124e-10,50.0,4.3534939141752124e-10,0.0,4.80164700655762e-10,4.80164700655762e-10,1.3288780720719863e-30,1.3288780720719863e-30,1.3288780720719863e-27
1,R16 independent salt regression,235a04840b0682396b9e6a7194bdf388ce5c71558d5c98fedda168bbf680e3d7,13.65,13.65,13.65,7.222247259555416e-28,Elution 2,1.0,0.0,0.0,1.6564436181179664e-08,50.0,50.0,3.424588224913946e-32,4.0,6.0,3.3128872362360145e-10,50.0,3.3128872362360145e-10,0.0,3.6539186370647704e-10,3.6539186370647704e-10,7.2222472595554165e-31,7.2222472595554165e-31,7.222247259555416e-28
1,R16 independent salt regression,235a04840b0682396b9e6a7194bdf388ce5c71558d5c98fedda168bbf680e3d7,13.680000000000001,13.680000000000001,13.680000000000001,3.9251796528459555e-28,Elution 2,1.0,0.0,0.0,1.2726616251662375e-08,50.0,50.0,1.8612107964097285e-32,4.0,6.0,2.5453232503324787e-10,50.0,2.5453232503324787e-10,0.0,2.8073405069327793e-10,2.8073405069327793e-10,3.9251796528459555e-31,3.9251796528459555e-31,3.9251796528459555e-28
1,R16 independent salt regression,235a04840b0682396b9e6a7194bdf388ce5c71558d5c98fedda168bbf680e3d7,13.71,13.71,13.71,2.133274368513091e-28,Elution 2,1.0,0.0,0.0,9.608397864671765e-09,50.0,50.0,1.0115392557964528e-32,4.0,6.0,1.9216795729342947e-10,50.0,1.9216795729342947e-10,0.0,2.1194988967688767e-10,2.1194988967688767e-10,2.133274368513091e-31,2.133274368513091e-31,2.133274368513091e-28
1,R16 independent salt regression,235a04840b0682396b9e6a7194bdf388ce5c71558d5c98fedda168bbf680e3d7,13.74,13.74,13.74,1.1594016588798408e-28,Elution 2,1.0,0.0,0.0,7.1735667155947925e-09,50.0,50.0,5.497559093567625e-33,4.0,6.0,1.4347133431188403e-10,50.0,1.4347133431188403e-10,0.0,1.5824046089617355e-10,1.5824046089617355e-10,1.159401658879841e-31,1.159401658879841e-31,1.1594016588798408e-28
1,R16 independent salt regression,235a04840b0682396b9e6a7194bdf388ce5c71558d5c98fedda168bbf680e3d7,13.770000000000001,13.770000000000001,13.770000000000001,6.301169173758112e-29,Elution 2,1.0,0.0,0.0,5.298745277204959e-09,50.0,50.0,2.9878383185619402e-33,4.0,6.0,1.0597490554408623e-10,50.0,1.0597490554408623e-10,0.0,1.168841831984389e-10,1.168841831984389e-10,6.301169173758113e-32,6.301169173758113e-32,6.301169173758112e-29
1,R16 independent salt regression,235a04840b0682396b9e6a7194bdf388ce5c71558d5c98fedda168bbf680e3d7,13.8,13.8,13.8,3.424588224913946e-29,Elution 2,1.0,0.0,0.0,3.892550616555166e-09,50.0,50.0,1.6238440151799924e-33,4.0,6.0,7.78510123310937e-11,50.0,7.78510123310937e-11,0.0,8.58652396113361e-11,8.58652396113361e-11,3.424588224913946e-32,3.424588224913946e-32,3.424588224913946e-29
1,R16 independent salt regression,235a04840b0682396b9e6a7194bdf388ce5c71558d5c98fedda168bbf680e3d7,13.830000000000002,13.830000000000002,13.830000000000002,1.8612107964097286e-29,Elution 2,1.0,0.0,0.0,2.8750193548589123e-09,50.0,50.0,8.825341625252164e-34,4.0,6.0,5.750038709717533e-11,50.0,5.750038709717533e-11,0.0,6.34196795569423e-11,6.34196795569423e-11,1.8612107964097285e-32,1.8612107964097285e-32,1.8612107964097286e-29
1,R16 independent salt regression,235a04840b0682396b9e6a7194bdf388ce5c71558d5c98fedda168bbf680e3d7,13.860000000000001,13.86,13.86,1.0115392557965031e-29,Elution 2,1.0,0.0,0.0,2.154752275988542e-09,50.0,50.0,4.796436682628246e-34,4.0,6.0,4.309504551977593e-11,50.0,4.309504551977593e-11,0.0,4.753135928868939e-11,4.753135928868939e-11,1.0115392557965032e-32,1.0115392557965032e-32,1.0115392557965031e-29
1,R16 independent salt regression,235a04840b0682396b9e6a7194bdf388ce5c71558d5c98fedda168bbf680e3d7,13.889999999999999,13.89,13.89,5.497559093567625e-30,Elution 2,1.0,0.0,0.0,1.6758675896732264e-09,50.0,50.0,2.6067889455878076e-34,4.0,6.0,3.3517351793475775e-11,50.0,3.3517351793475775e-11,0.0,3.696763273507801e-11,3.696763273507801e-11,5.497559093567625e-33,5.497559093567625e-33,5.497559093567625e-30
1,R16 independent salt regression,235a04840b0682396b9e6a7194bdf388ce5c71558d5c98fedda168bbf680e3d7,13.92,13.920000000000002,13.920000000000002,2.9878383185619403e-30,Elution 2,1.0,0.0,0.0,1.3587969829630431e-09,50.0,50.0,1.4167492839745187e-34,4.0,6.0,2.7175939659277332e-11,50.0,2.7175939659277332e-11,0.0,2.997331605378925e-11,2.997331605378925e-11,2.9878383185619402e-33,2.9878383185619402e-33,2.9878383185619403e-30
1,R16 independent salt regression,235a04840b0682396b9e6a7194bdf388ce5c71558d5c98fedda168bbf680e3d7,13.95,13.95,13.95,1.623844015180073e-30,Elution 2,1.0,0.0,0.0,1.1300014677624464e-09,50.0,50.0,7.699812264787023e-35,4.0,6.0,2.2600029355271e-11,50.0,2.2600029355271e-11,0.0,2.4926251244982194e-11,2.4926251244982194e-11,1.623844015180073e-33,1.623844015180073e-33,1.623844015180073e-30
1,R16 independent salt regression,235a04840b0682396b9e6a7194bdf388ce5c71558d5c98fedda168bbf680e3d7,13.98,13.98,13.98,8.825341625252604e-31,Elution 2,1.0,0.0,0.0,9.45283753824268e-10,50.0,50.0,4.1847285404128334e-35,4.0,6.0,1.890567507650738e-11,50.0,1.890567507650738e-11,0.0,2.0851545343637608e-11,2.0851545343637608e-11,8.825341625252604e-34,8.825341625252604e-34,8.825341625252604e-31
1,R16 independent salt regression,235a04840b0682396b9e6a7194bdf388ce5c71558d5c98fedda168bbf680e3d7,14.01,14.01,14.01,4.796436682628246e-31,Elution 2,1.0,0.0,0.0,7.574700091980175e-10,50.0,50.0,2.2743350923719799e-35,4.0,6.0,1.5149400183972917e-11,50.0,1.5149400183972917e-11,0.0,1.6708652868365247e-11,1.6708652868365247e-11,4.796436682628246e-34,4.796436682628246e-34,4.796436682628246e-31
1,R16 independent salt regression,235a04840b0682396b9e6a7194bdf388ce5c71558d5c98fedda168bbf680e3d7,14.04,14.04,14.04,2.6067889455879374e-31,Elution 2,1.0,0.0,0.0,6.013893271531106e-10,50.0,50.0,1.2360658227340772e-35,4.0,6.0,1.2027786543067428e-11,50.0,1.2027786543067428e-11,0.0,1.3265733659350677e-11,1.3265733659350677e-11,2.6067889455879376e-34,2.6067889455879376e-34,2.6067889455879374e-31
1,R16 independent salt regression,235a04840b0682396b9e6a7194bdf388ce5c71558d5c98fedda168bbf680e3d7,14.07,14.07,14.07,1.4167492839745894e-31,Elution 2,1.0,0.0,0.0,4.5799375941625087e-10,50.0,50.0,6.717825485295409e-36,4.0,6.0,9.159875188322962e-12,50.0,9.159875188322962e-12,0.0,1.010265129512877e-11,1.010265129512877e-11,1.4167492839745893e-34,1.4167492839745893e-34,1.4167492839745894e-31
1,R16 independent salt regression,235a04840b0682396b9e6a7194bdf388ce5c71558d5c98fedda168bbf680e3d7,14.1,14.1,14.1,7.699812264787023e-32,Elution 2,1.0,0.0,0.0,3.2565997911066876e-10,50.0,50.0,3.651033481940297e-36,4.0,6.0,6.5131995822036735e-12,50.0,6.5131995822036735e-12,0.0,7.183619905847214e-12,7.183619905847214e-12,7.699812264787023e-35,7.699812264787023e-35,7.699812264787023e-32
1,R16 independent salt regression,235a04840b0682396b9e6a7194bdf388ce5c71558d5c98fedda168bbf680e3d7,14.13,14.13,14.13,4.1847285404128337e-32,Elution 2,1.0,0.0,0.0,2.1232601063016882e-10,50.0,50.0,1.9842797877665125e-36,4.0,6.0,4.246520212586948e-12,50.0,4.246520212586948e-12,0.0,4.6837358258087734e-12,4.6837358258087734e-12,4.1847285404128334e-35,4.1847285404128334e-35,4.1847285404128337e-32
1,R16 independent salt regression,235a04840b0682396b9e6a7194bdf388ce5c71558d5c98fedda168bbf680e3d7,14.16,14.16,14.16,2.2743350923719798e-32,Elution 2,1.0,0.0,0.0,8.411900903462475e-11,50.0,50.0,1.078425160565869e-36,4.0,6.0,1.6823801806712578e-12,50.0,1.6823801806712578e-12,0.0,1.855734324000244e-12,1.855734324000244e-12,2.2743350923719799e-35,2.2743350923719799e-35,2.2743350923719798e-32
1,R16 independent salt regression,235a04840b0682396b9e6a7194bdf388ce5c71558d5c98fedda168bbf680e3d7,14.19,14.19,14.19,1.2360658227340773e-32,Elution 2,1.0,0.0,0.0,-1.775315904786658e-11,50.0,50.0,5.861072929492676e-37,4.0,6.0,0.0,50.0,0.0,0.0,0.0,0.0,1.2360658227340772e-35,1.2360658227340772e-35,1.2360658227340773e-32
1,R16 independent salt regression,235a04840b0682396b9e6a7194bdf388ce5c71558d5c98fedda168bbf680e3d7,14.22,14.22,14.22,6.717825485295409e-33,Elution 2,1.0,0.0,0.0,-6.734976453681769e-11,50.0,50.0,3.1854018852408078e-37,4.0,6.0,0.0,50.0,0.0,0.0,0.0,0.0,6.717825485295409e-36,6.717825485295409e-36,6.717825485295409e-33
1,R16 independent salt regression,235a04840b0682396b9e6a7194bdf388ce5c71558d5c98fedda168bbf680e3d7,14.25,14.25,14.25,3.6510334819402966e-33,Elution 2,1.0,0.0,0.0,-8.617533066991628e-11,50.0,50.0,1.7312162427762563e-37,4.0,6.0,0.0,50.0,0.0,0.0,0.0,0.0,3.651033481940297e-36,3.651033481940297e-36,3.6510334819402966e-33
1,R16 independent salt regression,235a04840b0682396b9e6a7194bdf388ce5c71558d5c98fedda168bbf680e3d7,14.280000000000001,14.280000000000001,14.280000000000001,1.9842797877665125e-33,Elution 2,1.0,0.0,0.0,-1.1606828616569798e-10,50.0,50.0,9.408889796437135e-38,4.0,6.0,0.0,50.0,0.0,0.0,0.0,0.0,1.9842797877665125e-36,1.9842797877665125e-36,1.9842797877665125e-33
1,R16 independent salt regression,235a04840b0682396b9e6a7194bdf388ce5c71558d5c98fedda168bbf680e3d7,14.31,14.31,14.31,1.078425160565869e-33,Elution 2,1.0,0.0,0.0,-1.1949133921953347e-10,50.0,50.0,5.113584504884748e-38,4.0,6.0,0.0,50.0,0.0,0.0,0.0,0.0,1.078425160565869e-36,1.078425160565869e-36,1.078425160565869e-33
1,R16 independent salt regression,235a04840b0682396b9e6a7194bdf388ce5c71558d5c98fedda168bbf680e3d7,14.34,14.34,14.34,5.861072929492676e-34,Elution 2,1.0,0.0,0.0,-9.056398252286076e-11,50.0,50.0,2.7791532575179695e-38,4.0,6.0,0.0,50.0,0.0,0.0,0.0,0.0,5.861072929492676e-37,5.861072929492676e-37,5.861072929492676e-34
1,R16 independent salt regression,235a04840b0682396b9e6a7194bdf388ce5c71558d5c98fedda168bbf680e3d7,14.370000000000001,14.370000000000001,14.370000000000001,3.185401885240808e-34,Elution 2,1.0,0.0,0.0,-6.469488920163932e-11,50.0,50.0,1.5104263848855716e-38,4.0,6.0,0.0,50.0,0.0,0.0,0.0,0.0,3.1854018852408078e-37,3.1854018852408078e-37,3.185401885240808e-34
1,R16 independent salt regression,235a04840b0682396b9e6a7194bdf388ce5c71558d5c98fedda168bbf680e3d7,14.4,14.4,14.4,1.7312162427762563e-34,Elution 2,1.0,0.0,0.0,-3.9275515562705194e-11,50.0,50.0,8.208931498869855e-39,4.0,6.0,0.0,50.0,0.0,0.0,0.0,0.0,1.7312162427762563e-37,1.7312162427762563e-37,1.7312162427762563e-34
1,R16 independent salt regression,235a04840b0682396b9e6a7194bdf388ce5c71558d5c98fedda168bbf680e3d7,14.430000000000001,14.430000000000001,14.430000000000001,9.408889796437135e-35,Elution 2,1.0,0.0,0.0,-1.1808965469802347e-11,50.0,50.0,4.4614259840848306e-39,4.0,6.0,0.0,50.0,0.0,0.0,0.0,0.0,9.408889796437135e-38,9.408889796437135e-38,9.408889796437135e-35
1,R16 independent salt regression,235a04840b0682396b9e6a7194bdf388ce5c71558d5c98fedda168bbf680e3d7,14.46,14.46,14.46,5.113584504884748e-35,Elution 2,1.0,0.0,0.0,1.4968346416678032e-11,50.0,50.0,2.4247152487193898e-39,4.0,6.0,2.9936692834312275e-13,50.0,2.9936692834312275e-13,0.0,3.300377276737284e-13,3.300377276737284e-13,5.113584504884748e-38,5.113584504884748e-38,5.113584504884748e-35
1,R16 independent salt regression,235a04840b0682396b9e6a7194bdf388ce5c71558d5c98fedda168bbf680e3d7,14.49,14.49,14.49,2.7791532575179696e-35,Elution 2,1.0,0.0,0.0,4.237551428127179e-11,50.0,50.0,1.3177948041863048e-39,4.0,6.0,8.475102856336229e-13,50.0,8.475102856336229e-13,0.0,9.345903916691851e-13,9.345903916691851e-13,2.7791532575179695e-38,2.7791532575179695e-38,2.7791532575179696e-35
1,R16 independent salt regression,235a04840b0682396b9e6a7194bdf388ce5c71558d5c98fedda168bbf680e3d7,14.520000000000001,14.520000000000001,14.520000000000001,1.5104263848855715e-35,Elution 2,1.0,0.0,0.0,6.46119280141122e-11,50.0,50.0,7.1620086212238946e-40,4.0,6.0,1.292238560288046e-12,50.0,1.292238560288046e-12,0.0,1.4250995267635442e-12,1.4250995267635442e-12,1.5104263848855716e-38,1.5104263848855716e-38,1.5104263848855715e-35
1,R16 independent salt regression,235a04840b0682396b9e6a7194bdf388ce5c71558d5c98fedda168bbf680e3d7,14.55,14.55,14.55,8.208931498869855e-36,Elution 2,1.0,0.0,0.0,7.874092509347906e-11,50.0,50.0,3.89243968891244e-40,4.0,6.0,1.5748185018719042e-12,50.0,1.5748185018719042e-12,0.0,1.7367896264131875e-12,1.7367896264131875e-12,8.208931498869855e-39,8.208931498869855e-39,8.208931498869855e-36
1,R16 independent salt regression,235a04840b0682396b9e6a7194bdf388ce5c71558d5c98fedda168bbf680e3d7,14.580000000000002,14.580000000000002,14.580000000000002,4.461425984084831e-36,Elution 2,1.0,0.0,0.0,8.182584299765648e-11,50.0,50.0,2.1154801145591523e-40,4.0,6.0,1.636516859950796e-12,50.0,1.636516859950796e-12,0.0,1.8048851840745936e-12,1.8048851840745936e-12,4.4614259840848306e-39,4.4614259840848306e-39,4.461425984084831e-36
1,R16 independent salt regression,235a04840b0682396b9e6a7194bdf388ce5c71558d5c98fedda168bbf680e3d7,14.610000000000001,14.61,14.61,2.42471524871951e-36,Elution 2,1.0,0.0,0.0,7.093001920492668e-11,50.0,50.0,1.1497303607189275e-40,4.0,6.0,1.4186003840902816e-12,50.0,1.4186003840902816e-12,0.0,1.5646106932041987e-12,1.5646106932041987e-12,2.4247152487195102e-39,2.4247152487195102e-39,2.42471524871951e-36
1,R16 independent salt regression,235a04840b0682396b9e6a7194bdf388ce5c71558d5c98fedda168bbf680e3d7,14.639999999999999,14.64,14.64,1.3177948041863049e-36,Elution 2,1.0,0.0,0.0,6.831959462088607e-11,50.0,50.0,6.248604637475185e-41,4.0,6.0,1.3663918924060117e-12,50.0,1.3663918924060117e-12,0.0,1.5070722175740236e-12,1.5070722175740236e-12,1.3177948041863048e-39,1.3177948041863048e-39,1.3177948041863049e-36
1,R16 independent salt regression,235a04840b0682396b9e6a7194bdf388ce5c71558d5c98fedda168bbf680e3d7,14.67,14.670000000000002,14.670000000000002,7.162008621223894e-37,Elution 2,1.0,0.0,0.0,6.652530542422043e-11,50.0,50.0,3.3960188346380885e-41,4.0,6.0,1.3305061084709338e-12,50.0,1.3305061084709338e-12,0.0,1.4675216608728343e-12,1.4675216608728343e-12,7.1620086212238946e-40,7.1620086212238946e-40,7.162008621223894e-37
1,R16 independent salt regression,235a04840b0682396b9e6a7194bdf388ce5c71558d5c98fedda168bbf680e3d7,14.7,14.7,14.7,3.892439688912635e-37,Elution 2,1.0,0.0,0.0,6.079729271558529e-11,50.0,50.0,1.845683091512796e-41,4.0,6.0,1.2159458542978006e-12,50.0,1.2159458542978006e-12,0.0,1.341191042997824e-12,1.341191042997824e-12,3.8924396889126345e-40,3.8924396889126345e-40,3.892439688912635e-37
1,R16 independent salt regression,235a04840b0682396b9e6a7194bdf388ce5c71558d5c98fedda168bbf680e3d7,14.73,14.73,14.73,2.1154801145592578e-37,Elution 2,1.0,0.0,0.0,5.08378603902348e-11,50.0,50.0,1.0030998812547759e-41,4.0,6.0,1.0167572077920093e-12,50.0,1.0167572077920093e-12,0.0,1.1215107946975717e-12,1.1215107946975717e-12,2.115480114559258e-40,2.115480114559258e-40,2.1154801145592578e-37
1,R16 independent salt regression,235a04840b0682396b9e6a7194bdf388ce5c71558d5c98fedda168bbf680e3d7,14.76,14.76,14.76,1.1497303607189276e-37,Elution 2,1.0,0.0,0.0,3.6349312343425085e-11,50.0,50.0,5.451690928012616e-42,4.0,6.0,7.269862468589979e-13,50.0,7.269862468589979e-13,0.0,8.019113467207002e-13,8.019113467207002e-13,1.1497303607189275e-40,1.1497303607189275e-40,1.1497303607189276e-37
1,R16 independent salt regression,235a04840b0682396b9e6a7194bdf388ce5c71558d5c98fedda168bbf680e3d7,14.79,14.79,14.79,6.248604637475494e-38,Elution 2,1.0,0.0,0.0,2.1939058380770083e-11,50.0,50.0,2.9629087335561765e-42,4.0,6.0,4.387811676093296e-13,50.0,4.387811676093296e-13,0.0,4.840340978677293e-13,4.840340978677293e-13,6.248604637475495e-41,6.248604637475495e-41,6.248604637475494e-38
1,R16 independent salt regression,235a04840b0682396b9e6a7194bdf388ce5c71558d5c98fedda168bbf680e3d7,14.82,14.82,14.82,3.396018834638257e-38,Elution 2,1.0,0.0,0.0,1.1939667193810897e-11,50.0,50.0,1.6102945378143128e-42,4.0,6.0,2.3879334387222517e-13,50.0,2.3879334387222517e-13,0.0,2.6345720925220445e-13,2.6345720925220445e-13,3.396018834638257e-41,3.396018834638257e-41,3.396018834638257e-38
1,R16 independent salt regression,235a04840b0682396b9e6a7194bdf388ce5c71558d5c98fedda168bbf680e3d7,14.85,14.85,14.85,1.845683091512796e-38,Elution 2,1.0,0.0,0.0,2.980036600721585e-12,50.0,50.0,8.751698821304306e-43,4.0,6.0,5.960073201275235e-14,50.0,5.960073201275235e-14,0.0,6.580905945597359e-14,6.580905945597359e-14,1.845683091512796e-41,1.845683091512796e-41,1.845683091512796e-38
1,R16 independent salt regression,235a04840b0682396b9e6a7194bdf388ce5c71558d5c98fedda168bbf680e3d7,14.88,14.88,14.88,1.0030998812547758e-38,Elution 2,1.0,0.0,0.0,-4.288952133297895e-12,50.0,50.0,4.756411350467731e-43,4.0,6.0,0.0,50.0,0.0,0.0,0.0,0.0,1.0030998812547759e-41,1.0030998812547759e-41,1.0030998812547758e-38
1,R16 independent salt regression,235a04840b0682396b9e6a7194bdf388ce5c71558d5c98fedda168bbf680e3d7,14.91,14.91,14.91,5.451690928012616e-39,Elution 2,1.0,0.0,0.0,-9.216417743045602e-12,50.0,50.0,2.5850351347003804e-43,4.0,6.0,0.0,50.0,0.0,0.0,0.0,0.0,5.451690928012616e-42,5.451690928012616e-42,5.451690928012616e-39
1,R16 independent salt regression,235a04840b0682396b9e6a7194bdf388ce5c71558d5c98fedda168bbf680e3d7,14.94,14.94,14.94,2.962908733556176e-39,Elution 2,1.0,0.0,0.0,-1.1300945733234588e-11,50.0,50.0,1.4049261428992149e-43,4.0,6.0,0.0,50.0,0.0,0.0,0.0,0.0,2.9629087335561765e-42,2.9629087335561765e-42,2.962908733556176e-39
1,R16 independent salt regression,235a04840b0682396b9e6a7194bdf388ce5c71558d5c98fedda168bbf680e3d7,14.97,14.97,14.97,1.610294537814313e-39,Elution 2,1.0,0.0,0.0,-1.1513268923266756e-11,50.0,50.0,7.635553737280474e-44,4.0,6.0,0.0,50.0,0.0,0.0,0.0,0.0,1.6102945378143128e-42,1.6102945378143128e-42,1.610294537814313e-39
1,R16 independent salt regression,235a04840b0682396b9e6a7194bdf388ce5c71558d5c98fedda168bbf680e3d7,15.0,15.0,15.0,8.751698821304306e-40,Elution 2,1.0,0.0,0.0,-9.425523373697491e-12,50.0,50.0,3.807300451791748e-44,4.0,6.0,0.0,50.0,0.0,0.0,0.0,0.0,8.751698821304306e-43,8.751698821304306e-43,8.751698821304306e-40
