run_number,run_name,settings_fingerprint,time_min,CV,volume_mL,uv_mAU,program_stage,flow_mL_min,percent_B,programmed_percent_B,column_percent_B,programmed_conductivity_mS_cm,column_conductivity_mS_cm,column_total_protein_g_L,stage_index,pH,salt_concentration_M,conductivity_mS_cm,ionic_strength_M,total_protein_g_L,Target protein_g_L,Target protein_uv_mAU
1,Synthetic HIC 100-to-0% B validation,a40be568534792c3ddfd308707df936df545dce5596e4d41f071d8fbb0077b49,0.0,0.0,0.0,0.0,Load,1.0,100.0,100.0,100.0,100.0,100.0,0.0,1.0,6.0,2.0,100.0,2.0,0.0,0.0,0.0
1,Synthetic HIC 100-to-0% B validation,a40be568534792c3ddfd308707df936df545dce5596e4d41f071d8fbb0077b49,0.05,0.05,0.05,0.0,Load,1.0,100.0,100.0,100.0,100.0,100.0,1.3409848753740416e-21,1.0,6.0,2.0,100.0,2.0,0.0,0.0,0.0
1,Synthetic HIC 100-to-0% B validation,a40be568534792c3ddfd308707df936df545dce5596e4d41f071d8fbb0077b49,0.1,0.1,0.1,0.0,Load,1.0,100.0,100.0,100.0,100.0,100.0,0.0,1.0,6.0,2.0,100.0,2.0,0.0,0.0,0.0
1,Synthetic HIC 100-to-0% B validation,a40be568534792c3ddfd308707df936df545dce5596e4d41f071d8fbb0077b49,0.15,0.15,0.15,0.0,Load,1.0,100.0,100.0,100.0,100.0,100.0,2.2452432127358505e-20,1.0,6.0,2.0,100.0,2.0,0.0,0.0,0.0
1,Synthetic HIC 100-to-0% B validation,a40be568534792c3ddfd308707df936df545dce5596e4d41f071d8fbb0077b49,0.2,0.2,0.2,1.3409848753740413e-18,Load,1.0,100.0,100.0,100.0,100.0,100.0,0.0,1.0,6.0,2.0,100.0,2.0,1.3409848753740412e-21,1.3409848753740412e-21,1.3409848753740413e-18
1,Synthetic HIC 100-to-0% B validation,a40be568534792c3ddfd308707df936df545dce5596e4d41f071d8fbb0077b49,0.25,0.25,0.25,0.0,Load,1.0,100.0,100.0,100.0,100.0,100.0,2.6679187814203633e-17,1.0,6.0,2.0,100.0,2.0,0.0,0.0,0.0
1,Synthetic HIC 100-to-0% B validation,a40be568534792c3ddfd308707df936df545dce5596e4d41f071d8fbb0077b49,0.3,0.3,0.3,2.2452432127358505e-17,Load,1.0,100.0,100.0,100.0,100.0,100.0,2.331979130232365e-17,1.0,6.0,2.0,100.0,2.0,2.2452432127358505e-20,2.2452432127358505e-20,2.2452432127358505e-17
1,Synthetic HIC 100-to-0% B validation,a40be568534792c3ddfd308707df936df545dce5596e4d41f071d8fbb0077b49,0.35,0.35,0.35,1.504632769052528e-32,Load,1.0,100.0,100.0,100.0,100.0,100.0,0.0,1.0,6.0,2.0,100.0,2.0,1.504632769052528e-35,1.504632769052528e-35,1.504632769052528e-32
1,Synthetic HIC 100-to-0% B validation,a40be568534792c3ddfd308707df936df545dce5596e4d41f071d8fbb0077b49,0.4,0.4,0.4,2.6679187814203634e-14,Load,1.0,100.0,100.0,100.0,100.0,100.0,0.0,1.0,6.0,2.0,100.0,2.0,2.6679187814203633e-17,2.6679187814203633e-17,2.6679187814203634e-14
1,Synthetic HIC 100-to-0% B validation,a40be568534792c3ddfd308707df936df545dce5596e4d41f071d8fbb0077b49,0.45,0.45,0.45,2.3319791302323623e-14,Load,1.0,100.0,100.0,100.0,100.0,100.0,7.004515095897214e-17,1.0,6.0,2.0,100.0,2.0,2.3319791302323624e-17,2.3319791302323624e-17,2.3319791302323623e-14
1,Synthetic HIC 100-to-0% B validation,a40be568534792c3ddfd308707df936df545dce5596e4d41f071d8fbb0077b49,0.5,0.5,0.5,0.0,Load,1.0,100.0,100.0,100.0,100.0,100.0,9.109214020092201e-17,1.0,6.0,2.0,100.0,2.0,0.0,0.0,0.0
1,Synthetic HIC 100-to-0% B validation,a40be568534792c3ddfd308707df936df545dce5596e4d41f071d8fbb0077b49,0.55,0.55,0.55,0.0,Load,1.0,100.0,100.0,100.0,100.0,100.0,0.0,1.0,6.0,2.0,100.0,2.0,0.0,0.0,0.0
1,Synthetic HIC 100-to-0% B validation,a40be568534792c3ddfd308707df936df545dce5596e4d41f071d8fbb0077b49,0.6,0.6,0.6,7.004515095897206e-14,Load,1.0,100.0,100.0,100.0,100.0,100.0,0.0,1.0,6.0,2.0,100.0,2.0,7.004515095897206e-17,7.004515095897206e-17,7.004515095897206e-14
1,Synthetic HIC 100-to-0% B validation,a40be568534792c3ddfd308707df936df545dce5596e4d41f071d8fbb0077b49,0.65,0.65,0.65,9.109214020092201e-14,Load,1.0,100.0,100.0,100.0,100.0,100.0,9.050897841588418e-17,1.0,6.0,2.0,100.0,2.0,9.109214020092201e-17,9.109214020092201e-17,9.109214020092201e-14
1,Synthetic HIC 100-to-0% B validation,a40be568534792c3ddfd308707df936df545dce5596e4d41f071d8fbb0077b49,0.7,0.7,0.7,2.0954117794933126e-28,Load,1.0,100.0,100.0,100.0,100.0,100.0,6.063822463820059e-17,1.0,6.0,2.0,100.0,2.0,2.0954117794933126e-31,2.0954117794933126e-31,2.0954117794933126e-28
1,Synthetic HIC 100-to-0% B validation,a40be568534792c3ddfd308707df936df545dce5596e4d41f071d8fbb0077b49,0.75,0.75,0.75,0.0,Load,1.0,100.0,100.0,100.0,100.0,100.0,0.0,1.0,6.0,2.0,100.0,2.0,0.0,0.0,0.0
1,Synthetic HIC 100-to-0% B validation,a40be568534792c3ddfd308707df936df545dce5596e4d41f071d8fbb0077b49,0.8,0.8,0.8,9.050897841588418e-14,Load,1.0,100.0,100.0,100.0,100.0,100.0,0.0,1.0,6.0,2.0,100.0,2.0,9.050897841588418e-17,9.050897841588418e-17,9.050897841588418e-14
1,Synthetic HIC 100-to-0% B validation,a40be568534792c3ddfd308707df936df545dce5596e4d41f071d8fbb0077b49,0.85,0.85,0.85,6.063822463820059e-14,Load,1.0,100.0,100.0,100.0,100.0,100.0,2.7056524041553716e-16,1.0,6.0,2.0,100.0,2.0,6.063822463820059e-17,6.063822463820059e-17,6.063822463820059e-14
1,Synthetic HIC 100-to-0% B validation,a40be568534792c3ddfd308707df936df545dce5596e4d41f071d8fbb0077b49,0.9,0.9,0.9,0.0,Load,1.0,100.0,100.0,100.0,100.0,100.0,6.5254543297989205e-18,1.0,6.0,2.0,100.0,2.0,0.0,0.0,0.0
1,Synthetic HIC 100-to-0% B validation,a40be568534792c3ddfd308707df936df545dce5596e4d41f071d8fbb0077b49,0.95,0.95,0.95,0.0,Load,1.0,100.0,100.0,100.0,100.0,100.0,0.0,1.0,6.0,2.0,100.0,2.0,0.0,0.0,0.0
1,Synthetic HIC 100-to-0% B validation,a40be568534792c3ddfd308707df936df545dce5596e4d41f071d8fbb0077b49,1.0,1.0,1.0,2.7056524041553717e-13,PLW 1,1.0,100.0,100.0,100.0,100.0,100.0,0.0,2.0,6.0,2.0,100.0,2.0,2.7056524041553716e-16,2.7056524041553716e-16,2.7056524041553717e-13
1,Synthetic HIC 100-to-0% B validation,a40be568534792c3ddfd308707df936df545dce5596e4d41f071d8fbb0077b49,1.05,1.05,1.05,6.5254543297989205e-15,PLW 1,1.0,100.0,100.0,100.0,100.0,100.0,1.2935996809896486e-19,2.0,6.0,2.0,100.0,2.0,6.5254543297989205e-18,6.5254543297989205e-18,6.5254543297989205e-15
1,Synthetic HIC 100-to-0% B validation,a40be568534792c3ddfd308707df936df545dce5596e4d41f071d8fbb0077b49,1.1,1.1,1.1,0.0,PLW 1,1.0,100.0,100.0,100.0,100.0,100.0,1.292893395716677e-19,2.0,6.0,2.0,100.0,2.0,0.0,0.0,0.0
1,Synthetic HIC 100-to-0% B validation,a40be568534792c3ddfd308707df936df545dce5596e4d41f071d8fbb0077b49,1.15,1.15,1.15,0.0,PLW 1,1.0,100.0,100.0,100.0,100.0,100.0,1.2937558226676492e-19,2.0,6.0,2.0,100.0,2.0,0.0,0.0,0.0
1,Synthetic HIC 100-to-0% B validation,a40be568534792c3ddfd308707df936df545dce5596e4d41f071d8fbb0077b49,1.2,1.2,1.2,1.2935996809896486e-16,PLW 1,1.0,100.0,100.0,100.0,100.0,100.0,1.2923592141143821e-19,2.0,6.0,2.0,100.0,2.0,1.2935996809896486e-19,1.2935996809896486e-19,1.2935996809896486e-16
1,Synthetic HIC 100-to-0% B validation,a40be568534792c3ddfd308707df936df545dce5596e4d41f071d8fbb0077b49,1.25,1.25,1.25,1.292893395716677e-16,PLW 1,1.0,100.0,100.0,100.0,100.0,100.0,1.2924884048906731e-19,2.0,6.0,2.0,100.0,2.0,1.292893395716677e-19,1.292893395716677e-19,1.292893395716677e-16
1,Synthetic HIC 100-to-0% B validation,a40be568534792c3ddfd308707df936df545dce5596e4d41f071d8fbb0077b49,1.3,1.3,1.3,1.2937558226676492e-16,PLW 1,1.0,100.0,100.0,100.0,100.0,100.0,1.292424842753132e-19,2.0,6.0,2.0,100.0,2.0,1.2937558226676492e-19,1.2937558226676492e-19,1.2937558226676492e-16
1,Synthetic HIC 100-to-0% B validation,a40be568534792c3ddfd308707df936df545dce5596e4d41f071d8fbb0077b49,1.35,1.35,1.35,1.2923592141143822e-16,PLW 1,1.0,100.0,100.0,100.0,100.0,100.0,1.2920388480315879e-19,2.0,6.0,2.0,100.0,2.0,1.2923592141143821e-19,1.2923592141143821e-19,1.2923592141143822e-16
1,Synthetic HIC 100-to-0% B validation,a40be568534792c3ddfd308707df936df545dce5596e4d41f071d8fbb0077b49,1.4,1.4,1.4,1.2924884048906733e-16,PLW 1,1.0,100.0,100.0,100.0,100.0,100.0,1.2919531949221304e-19,2.0,6.0,2.0,100.0,2.0,1.2924884048906731e-19,1.2924884048906731e-19,1.2924884048906733e-16
1,Synthetic HIC 100-to-0% B validation,a40be568534792c3ddfd308707df936df545dce5596e4d41f071d8fbb0077b49,1.45,1.45,1.45,1.292424842753132e-16,PLW 1,1.0,100.0,100.0,100.0,100.0,100.0,1.2918531978589257e-19,2.0,6.0,2.0,100.0,2.0,1.292424842753132e-19,1.292424842753132e-19,1.292424842753132e-16
1,Synthetic HIC 100-to-0% B validation,a40be568534792c3ddfd308707df936df545dce5596e4d41f071d8fbb0077b49,1.5,1.5,1.5,1.292038848031588e-16,PLW 1,1.0,100.0,100.0,100.0,100.0,100.0,1.2916718450921637e-19,2.0,6.0,2.0,100.0,2.0,1.2920388480315879e-19,1.2920388480315879e-19,1.292038848031588e-16
1,Synthetic HIC 100-to-0% B validation,a40be568534792c3ddfd308707df936df545dce5596e4d41f071d8fbb0077b49,1.55,1.55,1.55,1.2919531949221303e-16,PLW 1,1.0,100.0,100.0,100.0,100.0,100.0,1.2914740802220796e-19,2.0,6.0,2.0,100.0,2.0,1.2919531949221304e-19,1.2919531949221304e-19,1.2919531949221303e-16
1,Synthetic HIC 100-to-0% B validation,a40be568534792c3ddfd308707df936df545dce5596e4d41f071d8fbb0077b49,1.6,1.6,1.6,1.2918531978589256e-16,PLW 1,1.0,100.0,100.0,100.0,100.0,100.0,1.2913059806976032e-19,2.0,6.0,2.0,100.0,2.0,1.2918531978589257e-19,1.2918531978589257e-19,1.2918531978589256e-16
1,Synthetic HIC 100-to-0% B validation,a40be568534792c3ddfd308707df936df545dce5596e4d41f071d8fbb0077b49,1.65,1.65,1.65,1.2916718450921638e-16,PLW 1,1.0,100.0,100.0,100.0,100.0,100.0,1.2911535351167874e-19,2.0,6.0,2.0,100.0,2.0,1.2916718450921637e-19,1.2916718450921637e-19,1.2916718450921638e-16
1,Synthetic HIC 100-to-0% B validation,a40be568534792c3ddfd308707df936df545dce5596e4d41f071d8fbb0077b49,1.7,1.7,1.7,1.2914740802220796e-16,PLW 1,1.0,100.0,100.0,100.0,100.0,100.0,1.2909916406622047e-19,2.0,6.0,2.0,100.0,2.0,1.2914740802220796e-19,1.2914740802220796e-19,1.2914740802220796e-16
1,Synthetic HIC 100-to-0% B validation,a40be568534792c3ddfd308707df936df545dce5596e4d41f071d8fbb0077b49,1.75,1.75,1.75,1.2913059806976032e-16,PLW 1,1.0,100.0,100.0,100.0,100.0,100.0,1.2908196286870163e-19,2.0,6.0,2.0,100.0,2.0,1.2913059806976032e-19,1.2913059806976032e-19,1.2913059806976032e-16
1,Synthetic HIC 100-to-0% B validation,a40be568534792c3ddfd308707df936df545dce5596e4d41f071d8fbb0077b49,1.8,1.8,1.8,1.2911535351167875e-16,PLW 1,1.0,100.0,100.0,100.0,100.0,100.0,1.2906494421751143e-19,2.0,6.0,2.0,100.0,2.0,1.2911535351167874e-19,1.2911535351167874e-19,1.2911535351167875e-16
1,Synthetic HIC 100-to-0% B validation,a40be568534792c3ddfd308707df936df545dce5596e4d41f071d8fbb0077b49,1.85,1.85,1.85,1.2909916406622049e-16,PLW 1,1.0,100.0,100.0,100.0,100.0,100.0,1.2904863951234912e-19,2.0,6.0,2.0,100.0,2.0,1.2909916406622047e-19,1.2909916406622047e-19,1.2909916406622049e-16
1,Synthetic HIC 100-to-0% B validation,a40be568534792c3ddfd308707df936df545dce5596e4d41f071d8fbb0077b49,1.9,1.9,1.9,1.2908196286870164e-16,PLW 1,1.0,100.0,100.0,100.0,100.0,100.0,1.290322521559479e-19,2.0,6.0,2.0,100.0,2.0,1.2908196286870163e-19,1.2908196286870163e-19,1.2908196286870164e-16
1,Synthetic HIC 100-to-0% B validation,a40be568534792c3ddfd308707df936df545dce5596e4d41f071d8fbb0077b49,1.95,1.95,1.95,1.2906494421751143e-16,PLW 1,1.0,100.0,100.0,100.0,100.0,100.0,1.2901525341776692e-19,2.0,6.0,2.0,100.0,2.0,1.2906494421751143e-19,1.2906494421751143e-19,1.2906494421751143e-16
1,Synthetic HIC 100-to-0% B validation,a40be568534792c3ddfd308707df936df545dce5596e4d41f071d8fbb0077b49,2.0,2.0,2.0,1.290486395123491e-16,PLW 1,1.0,100.0,100.0,100.0,100.0,100.0,1.2899832906702488e-19,2.0,6.0,2.0,100.0,2.0,1.2904863951234912e-19,1.2904863951234912e-19,1.290486395123491e-16
1,Synthetic HIC 100-to-0% B validation,a40be568534792c3ddfd308707df936df545dce5596e4d41f071d8fbb0077b49,2.05,2.05,2.05,1.290322521559479e-16,PLW 1,1.0,100.0,100.0,100.0,100.0,100.0,1.2898196388950526e-19,2.0,6.0,2.0,100.0,2.0,1.290322521559479e-19,1.290322521559479e-19,1.290322521559479e-16
1,Synthetic HIC 100-to-0% B validation,a40be568534792c3ddfd308707df936df545dce5596e4d41f071d8fbb0077b49,2.1,2.1,2.1,1.2901525341776693e-16,PLW 1,1.0,100.0,100.0,100.0,100.0,100.0,1.2896557677703e-19,2.0,6.0,2.0,100.0,2.0,1.2901525341776692e-19,1.2901525341776692e-19,1.2901525341776693e-16
1,Synthetic HIC 100-to-0% B validation,a40be568534792c3ddfd308707df936df545dce5596e4d41f071d8fbb0077b49,2.15,2.15,2.15,1.2899832906702489e-16,PLW 1,1.0,100.0,100.0,100.0,100.0,100.0,1.289487046481357e-19,2.0,6.0,2.0,100.0,2.0,1.2899832906702488e-19,1.2899832906702488e-19,1.2899832906702489e-16
1,Synthetic HIC 100-to-0% B validation,a40be568534792c3ddfd308707df936df545dce5596e4d41f071d8fbb0077b49,2.2,2.2,2.2,1.2898196388950526e-16,PLW 1,1.0,100.0,100.0,100.0,100.0,100.0,1.289318245895407e-19,2.0,6.0,2.0,100.0,2.0,1.2898196388950526e-19,1.2898196388950526e-19,1.2898196388950526e-16
1,Synthetic HIC 100-to-0% B validation,a40be568534792c3ddfd308707df936df545dce5596e4d41f071d8fbb0077b49,2.25,2.25,2.25,1.2896557677703e-16,PLW 1,1.0,100.0,100.0,100.0,100.0,100.0,1.2891537183871985e-19,2.0,6.0,2.0,100.0,2.0,1.2896557677703e-19,1.2896557677703e-19,1.2896557677703e-16
1,Synthetic HIC 100-to-0% B validation,a40be568534792c3ddfd308707df936df545dce5596e4d41f071d8fbb0077b49,2.3,2.3,2.3,1.289487046481357e-16,PLW 1,1.0,100.0,100.0,100.0,100.0,100.0,1.288989565322741e-19,2.0,6.0,2.0,100.0,2.0,1.289487046481357e-19,1.289487046481357e-19,1.289487046481357e-16
1,Synthetic HIC 100-to-0% B validation,a40be568534792c3ddfd308707df936df545dce5596e4d41f071d8fbb0077b49,2.35,2.35,2.35,1.289318245895407e-16,PLW 1,1.0,100.0,100.0,100.0,100.0,100.0,1.2888217238318515e-19,2.0,6.0,2.0,100.0,2.0,1.289318245895407e-19,1.289318245895407e-19,1.289318245895407e-16
1,Synthetic HIC 100-to-0% B validation,a40be568534792c3ddfd308707df936df545dce5596e4d41f071d8fbb0077b49,2.4,2.4,2.4,1.2891537183871985e-16,PLW 1,1.0,100.0,100.0,100.0,100.0,100.0,1.2886533490886176e-19,2.0,6.0,2.0,100.0,2.0,1.2891537183871985e-19,1.2891537183871985e-19,1.2891537183871985e-16
1,Synthetic HIC 100-to-0% B validation,a40be568534792c3ddfd308707df936df545dce5596e4d41f071d8fbb0077b49,2.45,2.45,2.45,1.288989565322741e-16,PLW 1,1.0,100.0,100.0,100.0,100.0,100.0,1.2884882038255195e-19,2.0,6.0,2.0,100.0,2.0,1.288989565322741e-19,1.288989565322741e-19,1.288989565322741e-16
1,Synthetic HIC 100-to-0% B validation,a40be568534792c3ddfd308707df936df545dce5596e4d41f071d8fbb0077b49,2.5,2.5,2.5,1.2888217238318515e-16,PLW 1,1.0,100.0,100.0,100.0,100.0,100.0,1.2883237648462445e-19,2.0,6.0,2.0,100.0,2.0,1.2888217238318515e-19,1.2888217238318515e-19,1.2888217238318515e-16
1,Synthetic HIC 100-to-0% B validation,a40be568534792c3ddfd308707df936df545dce5596e4d41f071d8fbb0077b49,2.55,2.55,2.55,1.2886533490886175e-16,PLW 1,1.0,100.0,100.0,100.0,100.0,100.0,1.2881565733004539e-19,2.0,6.0,2.0,100.0,2.0,1.2886533490886176e-19,1.2886533490886176e-19,1.2886533490886175e-16
1,Synthetic HIC 100-to-0% B validation,a40be568534792c3ddfd308707df936df545dce5596e4d41f071d8fbb0077b49,2.6,2.6,2.6,1.2884882038255194e-16,PLW 1,1.0,100.0,100.0,100.0,100.0,100.0,1.2879886183874855e-19,2.0,6.0,2.0,100.0,2.0,1.2884882038255195e-19,1.2884882038255195e-19,1.2884882038255194e-16
1,Synthetic HIC 100-to-0% B validation,a40be568534792c3ddfd308707df936df545dce5596e4d41f071d8fbb0077b49,2.65,2.65,2.65,1.2883237648462445e-16,PLW 1,1.0,100.0,100.0,100.0,100.0,100.0,1.2878230584190924e-19,2.0,6.0,2.0,100.0,2.0,1.2883237648462445e-19,1.2883237648462445e-19,1.2883237648462445e-16
1,Synthetic HIC 100-to-0% B validation,a40be568534792c3ddfd308707df936df545dce5596e4d41f071d8fbb0077b49,2.7,2.7,2.7,1.2881565733004537e-16,PLW 1,1.0,100.0,100.0,100.0,100.0,100.0,1.287658352791678e-19,2.0,6.0,2.0,100.0,2.0,1.2881565733004539e-19,1.2881565733004539e-19,1.2881565733004537e-16
1,Synthetic HIC 100-to-0% B validation,a40be568534792c3ddfd308707df936df545dce5596e4d41f071d8fbb0077b49,2.75,2.75,2.75,1.2879886183874854e-16,PLW 1,1.0,100.0,100.0,100.0,100.0,100.0,1.2874916220778897e-19,2.0,6.0,2.0,100.0,2.0,1.2879886183874855e-19,1.2879886183874855e-19,1.2879886183874854e-16
1,Synthetic HIC 100-to-0% B validation,a40be568534792c3ddfd308707df936df545dce5596e4d41f071d8fbb0077b49,2.8,2.8,2.8,1.2878230584190924e-16,PLW 1,1.0,100.0,100.0,100.0,100.0,100.0,1.2873240730227955e-19,2.0,6.0,2.0,100.0,2.0,1.2878230584190924e-19,1.2878230584190924e-19,1.2878230584190924e-16
1,Synthetic HIC 100-to-0% B validation,a40be568534792c3ddfd308707df936df545dce5596e4d41f071d8fbb0077b49,2.85,2.85,2.85,1.287658352791678e-16,PLW 1,1.0,100.0,100.0,100.0,100.0,100.0,1.2871588855954424e-19,2.0,6.0,2.0,100.0,2.0,1.287658352791678e-19,1.287658352791678e-19,1.287658352791678e-16
1,Synthetic HIC 100-to-0% B validation,a40be568534792c3ddfd308707df936df545dce5596e4d41f071d8fbb0077b49,2.9,2.9,2.9,1.2874916220778896e-16,PLW 1,1.0,100.0,100.0,100.0,100.0,100.0,1.2869942488469168e-19,2.0,6.0,2.0,100.0,2.0,1.2874916220778897e-19,1.2874916220778897e-19,1.2874916220778896e-16
1,Synthetic HIC 100-to-0% B validation,a40be568534792c3ddfd308707df936df545dce5596e4d41f071d8fbb0077b49,2.95,2.95,2.95,1.2873240730227954e-16,PLW 1,1.0,100.0,100.0,100.0,100.0,100.0,1.2868261843491793e-19,2.0,6.0,2.0,100.0,2.0,1.2873240730227955e-19,1.2873240730227955e-19,1.2873240730227954e-16
1,Synthetic HIC 100-to-0% B validation,a40be568534792c3ddfd308707df936df545dce5596e4d41f071d8fbb0077b49,3.0,3.0,3.0,1.2871588855954423e-16,Elution 1,1.0,100.0,100.0,100.0,100.0,100.0,1.2866581434924482e-19,3.0,6.0,2.0,100.0,2.0,1.2871588855954424e-19,1.2871588855954424e-19,1.2871588855954423e-16
1,Synthetic HIC 100-to-0% B validation,a40be568534792c3ddfd308707df936df545dce5596e4d41f071d8fbb0077b49,3.05,3.05,3.05,1.286994248846917e-16,Elution 1,1.0,99.375,99.375,99.99999999999999,99.375,99.99999999999999,1.286494217045127e-19,3.0,6.0,1.9999999999999998,100.0,1.9999999999999991,1.2869942488469168e-19,1.2869942488469168e-19,1.286994248846917e-16
1,Synthetic HIC 100-to-0% B validation,a40be568534792c3ddfd308707df936df545dce5596e4d41f071d8fbb0077b49,3.1,3.1,3.1,1.2868261843491793e-16,Elution 1,1.0,98.75,98.75,99.9999999999954,98.75,99.9999999999954,1.2863289892993645e-19,3.0,6.0,1.9999999999999079,100.0,1.9999999999999076,1.2868261843491793e-19,1.2868261843491793e-19,1.2868261843491793e-16
1,Synthetic HIC 100-to-0% B validation,a40be568534792c3ddfd308707df936df545dce5596e4d41f071d8fbb0077b49,3.15,3.15,3.15,1.2866581434924482e-16,Elution 1,1.0,98.125,98.125,99.99999999996881,98.125,99.99999999996881,1.2861654549165148e-19,3.0,6.0,1.9999999999993763,100.0,1.999999999999376,1.2866581434924482e-19,1.2866581434924482e-19,1.2866581434924482e-16
1,Synthetic HIC 100-to-0% B validation,a40be568534792c3ddfd308707df936df545dce5596e4d41f071d8fbb0077b49,3.2,3.2,3.2,1.286494217045127e-16,Elution 1,1.0,97.5,97.5,99.99999999990013,97.5,99.99999999990013,1.2860024359483086e-19,3.0,6.0,1.9999999999980025,100.0,1.9999999999980032,1.286494217045127e-19,1.286494217045127e-19,1.286494217045127e-16
1,Synthetic HIC 100-to-0% B validation,a40be568534792c3ddfd308707df936df545dce5596e4d41f071d8fbb0077b49,3.25,3.25,3.25,1.2863289892993644e-16,Elution 1,1.0,96.875,96.875,99.99999999990615,96.875,99.99999999990615,1.285838814035874e-19,3.0,6.0,1.999999999998123,100.0,1.999999999998124,1.2863289892993645e-19,1.2863289892993645e-19,1.2863289892993644e-16
1,Synthetic HIC 100-to-0% B validation,a40be568534792c3ddfd308707df936df545dce5596e4d41f071d8fbb0077b49,3.3,3.3,3.3,1.2861654549165148e-16,Elution 1,1.0,96.25,96.25,100.00000000658461,96.25,100.00000000658461,1.2856740749390173e-19,3.0,6.0,2.0000000001316924,100.0,2.0000000001316987,1.2861654549165148e-19,1.2861654549165148e-19,1.2861654549165148e-16
1,Synthetic HIC 100-to-0% B validation,a40be568534792c3ddfd308707df936df545dce5596e4d41f071d8fbb0077b49,3.35,3.35,3.35,1.2860024359483085e-16,Elution 1,1.0,95.625,95.625,100.0000000270741,95.625,100.0000000270741,1.285508066484884e-19,3.0,6.0,2.000000000541482,99.99999999999999,2.0000000005415433,1.2860024359483086e-19,1.2860024359483086e-19,1.2860024359483085e-16
1,Synthetic HIC 100-to-0% B validation,a40be568534792c3ddfd308707df936df545dce5596e4d41f071d8fbb0077b49,3.4,3.4,3.4,1.285838814035874e-16,Elution 1,1.0,95.0,95.0,100.00000005167348,95.0,100.00000005167348,1.2853408207744279e-19,3.0,6.0,2.0000000010334698,99.9999999999954,2.000000001033584,1.285838814035874e-19,1.285838814035874e-19,1.285838814035874e-16
1,Synthetic HIC 100-to-0% B validation,a40be568534792c3ddfd308707df936df545dce5596e4d41f071d8fbb0077b49,3.45,3.45,3.45,1.2856740749390172e-16,Elution 1,1.0,94.375,94.375,100.0000000646791,94.375,100.0000000646791,1.285172371280979e-19,3.0,6.0,2.000000001293582,99.99999999996881,2.000000001293395,1.2856740749390173e-19,1.2856740749390173e-19,1.2856740749390172e-16
1,Synthetic HIC 100-to-0% B validation,a40be568534792c3ddfd308707df936df545dce5596e4d41f071d8fbb0077b49,3.5,3.5,3.5,1.285508066484884e-16,Elution 1,1.0,93.75,93.75,100.00000006337218,93.75,100.00000006337218,1.2850030129126108e-19,3.0,6.0,2.000000001267444,99.99999999990013,2.000000001267468,1.285508066484884e-19,1.285508066484884e-19,1.285508066484884e-16
1,Synthetic HIC 100-to-0% B validation,a40be568534792c3ddfd308707df936df545dce5596e4d41f071d8fbb0077b49,3.55,3.55,3.55,1.2853408207744278e-16,Elution 1,1.0,93.125,93.125,99.99999985160126,93.125,99.99999985160126,1.284885318314444e-19,3.0,6.0,1.9999999970320252,99.99999999990615,1.999999997032017,1.2853408207744279e-19,1.2853408207744279e-19,1.2853408207744278e-16
1,Synthetic HIC 100-to-0% B validation,a40be568534792c3ddfd308707df936df545dce5596e4d41f071d8fbb0077b49,3.6,3.6,3.6,1.285172371280979e-16,Elution 1,1.0,92.5,92.5,99.99994639331514,92.5,99.99994639331514,1.2867292216695773e-19,3.0,6.0,1.9999989278663028,100.00000000658461,1.9999989278662778,1.285172371280979e-19,1.285172371280979e-19,1.285172371280979e-16
1,Synthetic HIC 100-to-0% B validation,a40be568534792c3ddfd308707df936df545dce5596e4d41f071d8fbb0077b49,3.65,3.65,3.65,1.2850030129126109e-16,Elution 1,1.0,91.875,91.875,99.98501943320343,91.875,99.98501943320343,1.3013605998523804e-19,3.0,6.0,1.9997003886640687,100.0000000270741,1.9997003886638074,1.2850030129126108e-19,1.2850030129126108e-19,1.2850030129126109e-16
1,Synthetic HIC 100-to-0% B validation,a40be568534792c3ddfd308707df936df545dce5596e4d41f071d8fbb0077b49,3.7,3.7,3.7,1.284885318314444e-16,Elution 1,1.0,91.25,91.25,99.90317844881356,91.25,99.90317844881356,1.3347087103195855e-19,3.0,6.0,1.9980635689762714,100.00000005167348,1.9980635689763937,1.284885318314444e-19,1.284885318314444e-19,1.284885318314444e-16
1,Synthetic HIC 100-to-0% B validation,a40be568534792c3ddfd308707df936df545dce5596e4d41f071d8fbb0077b49,3.75,3.75,3.75,1.2867292216695774e-16,Elution 1,1.0,90.625,90.625,99.74316946170683,90.625,99.74316946170683,1.3817409693860426e-19,3.0,6.0,1.9948633892341365,100.0000000646791,1.9948633892348295,1.2867292216695773e-19,1.2867292216695773e-19,1.2867292216695774e-16
1,Synthetic HIC 100-to-0% B validation,a40be568534792c3ddfd308707df936df545dce5596e4d41f071d8fbb0077b49,3.8,3.8,3.8,1.3013605998523805e-16,Elution 1,1.0,90.0,90.0,99.5017653479524,90.0,99.5017653479524,1.442976632053146e-19,3.0,6.0,1.990035306959048,100.00000006337218,1.990035306959251,1.3013605998523804e-19,1.3013605998523804e-19,1.3013605998523805e-16
1,Synthetic HIC 100-to-0% B validation,a40be568534792c3ddfd308707df936df545dce5596e4d41f071d8fbb0077b49,3.85,3.85,3.85,1.3347087103195854e-16,Elution 1,1.0,89.375,89.375,99.18131972760159,89.375,99.18131972760159,1.5214968288629331e-19,3.0,6.0,1.9836263945520318,99.99999985160126,1.9836263945515002,1.3347087103195855e-19,1.3347087103195855e-19,1.3347087103195854e-16
1,Synthetic HIC 100-to-0% B validation,a40be568534792c3ddfd308707df936df545dce5596e4d41f071d8fbb0077b49,3.9,3.9,3.9,1.3817409693860426e-16,Elution 1,1.0,88.75,88.75,98.7887809103261,88.75,98.7887809103261,1.6157305306679126e-19,3.0,6.0,1.975775618206522,99.99994639331514,1.975775618205907,1.3817409693860426e-19,1.3817409693860426e-19,1.3817409693860426e-16
1,Synthetic HIC 100-to-0% B validation,a40be568534792c3ddfd308707df936df545dce5596e4d41f071d8fbb0077b49,3.95,3.95,3.95,1.442976632053147e-16,Elution 1,1.0,88.125,88.125,98.33438953031337,88.125,98.33438953031337,1.7237909399081416e-19,3.0,6.0,1.9666877906062674,99.98501943320343,1.9666877906062923,1.4429766320531468e-19,1.4429766320531468e-19,1.442976632053147e-16
1,Synthetic HIC 100-to-0% B validation,a40be568534792c3ddfd308707df936df545dce5596e4d41f071d8fbb0077b49,4.0,4.0,4.0,1.521496828862933e-16,Elution 1,1.0,87.5,87.5,97.82998452528254,87.5,97.82998452528254,1.8461478990242162e-19,3.0,6.0,1.9565996905056509,99.90317844881356,1.9565996905059961,1.5214968288629331e-19,1.5214968288629331e-19,1.521496828862933e-16
1,Synthetic HIC 100-to-0% B validation,a40be568534792c3ddfd308707df936df545dce5596e4d41f071d8fbb0077b49,4.05,4.05,4.05,1.6157305306679126e-16,Elution 1,1.0,86.875,86.875,97.28729851196762,86.875,97.28729851196762,1.9823912548469388e-19,3.0,6.0,1.9457459702393525,99.74316946170683,1.9457459702396438,1.6157305306679126e-19,1.6157305306679126e-19,1.6157305306679126e-16
1,Synthetic HIC 100-to-0% B validation,a40be568534792c3ddfd308707df936df545dce5596e4d41f071d8fbb0077b49,4.1,4.1,4.1,1.7237909399081406e-16,Elution 1,1.0,86.25,86.25,96.71677220522028,86.25,96.71677220522028,2.131746285199207e-19,3.0,6.0,1.9343354441044056,99.5017653479524,1.9343354441044922,1.7237909399081406e-19,1.7237909399081406e-19,1.7237909399081406e-16
1,Synthetic HIC 100-to-0% B validation,a40be568534792c3ddfd308707df936df545dce5596e4d41f071d8fbb0077b49,4.15,4.15,4.15,1.846147899024216e-16,Elution 1,1.0,85.625,85.625,96.12690624993813,85.625,96.12690624993813,2.294409851228244e-19,3.0,6.0,1.9225381249987628,99.18131972760159,1.9225381249988527,1.8461478990242162e-19,1.8461478990242162e-19,1.846147899024216e-16
1,Synthetic HIC 100-to-0% B validation,a40be568534792c3ddfd308707df936df545dce5596e4d41f071d8fbb0077b49,4.2,4.2,4.2,1.9823912548469387e-16,Elution 1,1.0,85.0,85.0,95.5241085228025,85.0,95.5241085228025,2.4708108878662427e-19,3.0,6.0,1.9104821704560502,98.7887809103261,1.9104821704560973,1.9823912548469388e-19,1.9823912548469388e-19,1.9823912548469387e-16
1,Synthetic HIC 100-to-0% B validation,a40be568534792c3ddfd308707df936df545dce5596e4d41f071d8fbb0077b49,4.25,4.25,4.25,2.131746285199207e-16,Elution 1,1.0,84.375,84.375,94.91292895421411,84.375,94.91292895421411,2.6614808893688305e-19,3.0,6.0,1.8982585790842823,98.33438953031337,1.8982585790840791,2.131746285199207e-19,2.131746285199207e-19,2.131746285199207e-16
1,Synthetic HIC 100-to-0% B validation,a40be568534792c3ddfd308707df936df545dce5596e4d41f071d8fbb0077b49,4.3,4.3,4.3,2.294409851228241e-16,Elution 1,1.0,83.75,83.75,94.29645471047876,83.75,94.29645471047876,2.8672442812822536e-19,3.0,6.0,1.8859290942095752,97.82998452528254,1.885929094209274,2.294409851228241e-19,2.294409851228241e-19,2.294409851228241e-16
1,Synthetic HIC 100-to-0% B validation,a40be568534792c3ddfd308707df936df545dce5596e4d41f071d8fbb0077b49,4.35,4.35,4.35,2.4708108878662397e-16,Elution 1,1.0,83.125,83.125,93.67669333779226,83.125,93.67669333779226,3.0891434495680694e-19,3.0,6.0,1.8735338667558452,97.28729851196762,1.8735338667556716,2.47081088786624e-19,2.47081088786624e-19,2.4708108878662397e-16
1,Synthetic HIC 100-to-0% B validation,a40be568534792c3ddfd308707df936df545dce5596e4d41f071d8fbb0077b49,4.4,4.4,4.4,2.6614808893688307e-16,Elution 1,1.0,82.5,82.5,93.05490585866502,82.5,93.05490585866502,3.328310261533696e-19,3.0,6.0,1.8610981171733005,96.71677220522027,1.8610981171732137,2.6614808893688305e-19,2.6614808893688305e-19,2.6614808893688307e-16
1,Synthetic HIC 100-to-0% B validation,a40be568534792c3ddfd308707df936df545dce5596e4d41f071d8fbb0077b49,4.45,4.45,4.45,2.8672442812822535e-16,Elution 1,1.0,81.875,81.875,92.43187349645898,81.875,92.43187349645898,3.586012100664365e-19,3.0,6.0,1.8486374699291797,96.12690624993813,1.8486374699290282,2.8672442812822536e-19,2.8672442812822536e-19,2.8672442812822535e-16
1,Synthetic HIC 100-to-0% B validation,a40be568534792c3ddfd308707df936df545dce5596e4d41f071d8fbb0077b49,4.5,4.5,4.5,3.0891434495680694e-16,Elution 1,1.0,81.25,81.25,91.8080800538931,81.25,91.8080800538931,3.8636309364040816e-19,3.0,6.0,1.8361616010778619,95.5241085228025,1.8361616010777144,3.0891434495680694e-19,3.0891434495680694e-19,3.0891434495680694e-16
1,Synthetic HIC 100-to-0% B validation,a40be568534792c3ddfd308707df936df545dce5596e4d41f071d8fbb0077b49,4.55,4.55,4.55,3.3283102615336916e-16,Elution 1,1.0,80.625,80.625,91.18382416645356,80.625,91.18382416645356,4.162647571492795e-19,3.0,6.0,1.8236764833290713,94.91292895421411,1.8236764833291144,3.3283102615336916e-19,3.3283102615336916e-19,3.3283102615336916e-16
1,Synthetic HIC 100-to-0% B validation,a40be568534792c3ddfd308707df936df545dce5596e4d41f071d8fbb0077b49,4.6,4.6,4.6,3.58601210066436e-16,Elution 1,1.0,80.0,80.0,90.55928600755816,80.0,90.55928600755816,4.484695822419368e-19,3.0,6.0,1.8111857201511632,94.29645471047876,1.8111857201514303,3.58601210066436e-19,3.58601210066436e-19,3.58601210066436e-16
1,Synthetic HIC 100-to-0% B validation,a40be568534792c3ddfd308707df936df545dce5596e4d41f071d8fbb0077b49,4.65,4.65,4.65,3.8636309364040816e-16,Elution 1,1.0,79.375,79.375,89.93457339707238,79.375,89.93457339707238,4.831523555178673e-19,3.0,6.0,1.7986914679414476,93.67669333779224,1.7986914679418533,3.8636309364040816e-19,3.8636309364040816e-19,3.8636309364040816e-16
1,Synthetic HIC 100-to-0% B validation,a40be568534792c3ddfd308707df936df545dce5596e4d41f071d8fbb0077b49,4.7,4.7,4.7,4.162647571492795e-16,Elution 1,1.0,78.75,78.75,89.30974774911903,78.75,89.30974774911903,5.204960704472581e-19,3.0,6.0,1.7861949549823806,93.05490585866502,1.7861949549826872,4.162647571492795e-19,4.162647571492795e-19,4.162647571492795e-16
1,Synthetic HIC 100-to-0% B validation,a40be568534792c3ddfd308707df936df545dce5596e4d41f071d8fbb0077b49,4.75,4.75,4.75,4.484695822419368e-16,Elution 1,1.0,78.125,78.125,88.68485073939438,78.125,88.68485073939438,5.607022951825391e-19,3.0,6.0,1.7736970147878877,92.43187349645898,1.7736970147879667,4.484695822419368e-19,4.484695822419368e-19,4.484695822419368e-16
1,Synthetic HIC 100-to-0% B validation,a40be568534792c3ddfd308707df936df545dce5596e4d41f071d8fbb0077b49,4.8,4.8,4.8,4.831523555178667e-16,Elution 1,1.0,77.5,77.5,88.05990840189939,77.5,88.05990840189939,6.039914452206342e-19,3.0,6.0,1.7611981680379878,91.8080800538931,1.7611981680378663,4.831523555178667e-19,4.831523555178667e-19,4.831523555178667e-16
1,Synthetic HIC 100-to-0% B validation,a40be568534792c3ddfd308707df936df545dce5596e4d41f071d8fbb0077b49,4.85,4.85,4.85,5.204960704472574e-16,Elution 1,1.0,76.875,76.875,87.43494281860404,76.875,87.43494281860404,6.505902356688988e-19,3.0,6.0,1.748698856372081,91.18382416645356,1.7486988563719168,5.204960704472574e-19,5.204960704472574e-19,5.204960704472574e-16
1,Synthetic HIC 100-to-0% B validation,a40be568534792c3ddfd308707df936df545dce5596e4d41f071d8fbb0077b49,4.9,4.9,4.9,5.607022951825392e-16,Elution 1,1.0,76.25,76.25,86.80996632478326,76.25,86.80996632478326,7.007416077343005e-19,3.0,6.0,1.7361993264956652,90.55928600755814,1.736199326495599,5.607022951825391e-19,5.607022951825391e-19,5.607022951825392e-16
1,Synthetic HIC 100-to-0% B validation,a40be568534792c3ddfd308707df936df545dce5596e4d41f071d8fbb0077b49,4.95,4.95,4.95,6.039914452206343e-16,Elution 1,1.0,75.625,75.625,86.18498579915439,75.625,86.18498579915439,7.5472005770941205e-19,3.0,6.0,1.7236997159830878,89.93457339707238,1.723699715983228,6.039914452206342e-19,6.039914452206342e-19,6.039914452206343e-16
1,Synthetic HIC 100-to-0% B validation,a40be568534792c3ddfd308707df936df545dce5596e4d41f071d8fbb0077b49,5.0,5.0,5.0,6.505902356688988e-16,Elution 1,1.0,75.0,75.0,85.5599966979279,75.0,85.5599966979279,8.128122053915007e-19,3.0,6.0,1.711199933958558,89.30974774911903,1.711199933958895,6.505902356688988e-19,6.505902356688988e-19,6.505902356688988e-16
1,Synthetic HIC 100-to-0% B validation,a40be568534792c3ddfd308707df936df545dce5596e4d41f071d8fbb0077b49,5.05,5.05,5.05,7.007416077342996e-16,Elution 1,1.0,74.375,74.375,84.93500980621633,74.375,84.93500980621633,8.753087620882779e-19,3.0,6.0,1.6987001961243267,88.68485073939438,1.6987001961248787,7.007416077342996e-19,7.007416077342996e-19,7.007416077342996e-16
1,Synthetic HIC 100-to-0% B validation,a40be568534792c3ddfd308707df936df545dce5596e4d41f071d8fbb0077b49,5.1,5.1,5.1,7.547200577094111e-16,Elution 1,1.0,73.75,73.75,84.31001602082777,73.75,84.31001602082777,9.425403991304143e-19,3.0,6.0,1.6862003204165554,88.05990840189939,1.6862003204171871,7.547200577094111e-19,7.547200577094111e-19,7.547200577094111e-16
1,Synthetic HIC 100-to-0% B validation,a40be568534792c3ddfd308707df936df545dce5596e4d41f071d8fbb0077b49,5.15,5.15,5.15,8.128122053915007e-16,Elution 1,1.0,73.125,73.125,83.6850146645247,73.125,83.6850146645247,1.0148728322261308e-18,3.0,6.0,1.673700293290494,87.43494281860403,1.6737002932910308,8.128122053915007e-19,8.128122053915007e-19,8.128122053915007e-16
1,Synthetic HIC 100-to-0% B validation,a40be568534792c3ddfd308707df936df545dce5596e4d41f071d8fbb0077b49,5.2,5.2,5.2,8.753087620882779e-16,Elution 1,1.0,72.5,72.5,83.06001376297084,72.5,83.06001376297084,1.0926611280757414e-18,3.0,6.0,1.6612002752594168,86.80996632478326,1.6612002752597668,8.753087620882779e-19,8.753087620882779e-19,8.753087620882779e-16
1,Synthetic HIC 100-to-0% B validation,a40be568534792c3ddfd308707df936df545dce5596e4d41f071d8fbb0077b49,5.25,5.25,5.25,9.425403991304144e-16,Elution 1,1.0,71.875,71.875,82.43500720439972,71.875,82.43500720439972,1.1762876813276441e-18,3.0,6.0,1.6487001440879945,86.18498579915439,1.6487001440880051,9.425403991304143e-19,9.425403991304143e-19,9.425403991304144e-16
1,Synthetic HIC 100-to-0% B validation,a40be568534792c3ddfd308707df936df545dce5596e4d41f071d8fbb0077b49,5.3,5.3,5.3,1.0148728322261293e-15,Elution 1,1.0,71.25,71.25,81.81000186920473,71.25,81.81000186920473,1.2662089316898018e-18,3.0,6.0,1.6362000373840946,85.5599966979279,1.6362000373837993,1.0148728322261294e-18,1.0148728322261294e-18,1.0148728322261293e-15
1,Synthetic HIC 100-to-0% B validation,a40be568534792c3ddfd308707df936df545dce5596e4d41f071d8fbb0077b49,5.35,5.35,5.35,1.09266112807574e-15,Elution 1,1.0,70.625,70.625,81.18499780790407,70.625,81.18499780790407,1.3628794929740358e-18,3.0,6.0,1.6236999561580814,84.93500980621633,1.6236999561575929,1.09266112807574e-18,1.09266112807574e-18,1.09266112807574e-15
1,Synthetic HIC 100-to-0% B validation,a40be568534792c3ddfd308707df936df545dce5596e4d41f071d8fbb0077b49,5.4,5.4,5.4,1.176287681327644e-15,Elution 1,1.0,70.0,70.0,80.5599954169865,70.0,80.5599954169865,1.4667325201092942e-18,3.0,6.0,1.61119990833973,84.31001602082776,1.6111999083391886,1.1762876813276441e-18,1.1762876813276441e-18,1.176287681327644e-15
1,Synthetic HIC 100-to-0% B validation,a40be568534792c3ddfd308707df936df545dce5596e4d41f071d8fbb0077b49,5.45,5.45,5.45,1.2662089316898017e-15,Elution 1,1.0,69.375,69.375,79.93499476792368,69.375,79.93499476792368,1.5783028137019367e-18,3.0,6.0,1.5986998953584737,83.6850146645247,1.5986998953580223,1.2662089316898018e-18,1.2662089316898018e-18,1.2662089316898017e-15
1,Synthetic HIC 100-to-0% B validation,a40be568534792c3ddfd308707df936df545dce5596e4d41f071d8fbb0077b49,5.5,5.5,5.5,1.3628794929740358e-15,Elution 1,1.0,68.75,68.75,79.30999582980927,68.75,79.30999582980927,1.6981896265387562e-18,3.0,6.0,1.5861999165961853,83.06001376297084,1.5861999165959488,1.3628794929740358e-18,1.3628794929740358e-18,1.3628794929740358e-15
1,Synthetic HIC 100-to-0% B validation,a40be568534792c3ddfd308707df936df545dce5596e4d41f071d8fbb0077b49,5.55,5.55,5.55,1.4667325201092922e-15,Elution 1,1.0,68.125,68.125,78.68499302477889,68.125,78.68499302477889,1.826906534704914e-18,3.0,6.0,1.5736998604955779,82.43500720439972,1.5736998604952985,1.4667325201092922e-18,1.4667325201092922e-18,1.4667325201092922e-15
1,Synthetic HIC 100-to-0% B validation,a40be568534792c3ddfd308707df936df545dce5596e4d41f071d8fbb0077b49,5.6,5.6,5.6,1.5783028137019348e-15,Elution 1,1.0,67.5,67.5,78.05999115503555,67.5,78.05999115503555,1.9650217722662397e-18,3.0,6.0,1.561199823100711,81.81000186920473,1.5611998231004407,1.5783028137019347e-18,1.5783028137019347e-18,1.5783028137019348e-15
1,Synthetic HIC 100-to-0% B validation,a40be568534792c3ddfd308707df936df545dce5596e4d41f071d8fbb0077b49,5.65,5.65,5.65,1.6981896265387562e-15,Elution 1,1.0,66.875,66.875,77.43499059895403,66.875,77.43499059895403,2.11329750185558e-18,3.0,6.0,1.5486998119790807,81.18499780790405,1.5486998119788866,1.6981896265387562e-18,1.6981896265387562e-18,1.6981896265387562e-15
1,Synthetic HIC 100-to-0% B validation,a40be568534792c3ddfd308707df936df545dce5596e4d41f071d8fbb0077b49,5.7,5.7,5.7,1.826906534704914e-15,Elution 1,1.0,66.25,66.25,76.80999173490916,66.25,76.80999173490916,2.272414719708232e-18,3.0,6.0,1.5361998346981833,80.5599954169865,1.5361998346981476,1.826906534704914e-18,1.826906534704914e-18,1.826906534704914e-15
1,Synthetic HIC 100-to-0% B validation,a40be568534792c3ddfd308707df936df545dce5596e4d41f071d8fbb0077b49,5.75,5.75,5.75,1.96502177226624e-15,Elution 1,1.0,65.625,65.625,76.18499494127578,65.625,76.18499494127578,2.4429316297792103e-18,3.0,6.0,1.5236998988255155,79.93499476792368,1.5236998988257346,1.9650217722662397e-18,1.9650217722662397e-18,1.96502177226624e-15
1,Synthetic HIC 100-to-0% B validation,a40be568534792c3ddfd308707df936df545dce5596e4d41f071d8fbb0077b49,5.8,5.8,5.8,2.1132975018555775e-15,Elution 1,1.0,65.0,65.0,75.55999811708016,65.0,75.55999811708016,2.6257019402360373e-18,3.0,6.0,1.5111999623416033,79.30999582980927,1.5111999623420511,2.1132975018555775e-18,2.1132975018555775e-18,2.1132975018555775e-15
1,Synthetic HIC 100-to-0% B validation,a40be568534792c3ddfd308707df936df545dce5596e4d41f071d8fbb0077b49,5.85,5.85,5.85,2.2724147197082293e-15,Elution 1,1.0,64.375,64.375,74.93499904177678,64.375,74.93499904177678,2.821700567974604e-18,3.0,6.0,1.4986999808355357,78.68499302477889,1.4986999808360562,2.2724147197082293e-18,2.2724147197082293e-18,2.2724147197082293e-15
1,Synthetic HIC 100-to-0% B validation,a40be568534792c3ddfd308707df936df545dce5596e4d41f071d8fbb0077b49,5.9,5.9,5.9,2.4429316297792102e-15,Elution 1,1.0,63.74999999999999,63.74999999999999,74.30999997555709,63.74999999999999,74.30999997555709,3.0315253695239184e-18,3.0,6.0,1.486199999511142,78.05999115503553,1.486199999511699,2.4429316297792103e-18,2.4429316297792103e-18,2.4429316297792102e-15
1,Synthetic HIC 100-to-0% B validation,a40be568534792c3ddfd308707df936df545dce5596e4d41f071d8fbb0077b49,5.95,5.95,5.95,2.625701940236037e-15,Elution 1,1.0,63.125,63.125,73.68500085401003,63.125,73.68500085401003,3.2559248844639937e-18,3.0,6.0,1.4737000170802006,77.43499059895403,1.4737000170807482,2.6257019402360373e-18,2.6257019402360373e-18,2.625701940236037e-15
1,Synthetic HIC 100-to-0% B validation,a40be568534792c3ddfd308707df936df545dce5596e4d41f071d8fbb0077b49,6.0,6.0,6.0,2.8217005679746043e-15,Elution 1,1.0,62.5,62.5,73.0600016127245,62.5,73.0600016127245,3.4962120086756444e-18,3.0,6.0,1.4612000322544902,76.80999173490916,1.4612000322549725,2.821700567974604e-18,2.821700567974604e-18,2.8217005679746043e-15
1,Synthetic HIC 100-to-0% B validation,a40be568534792c3ddfd308707df936df545dce5596e4d41f071d8fbb0077b49,6.05,6.05,6.05,3.0315253695239144e-15,Elution 1,1.0,61.875,61.875,72.43500218728946,61.875,72.43500218728946,3.753274095583832e-18,3.0,6.0,1.448700043745789,76.18499494127578,1.4487000437461406,3.0315253695239146e-18,3.0315253695239146e-18,3.0315253695239144e-15
1,Synthetic HIC 100-to-0% B validation,a40be568534792c3ddfd308707df936df545dce5596e4d41f071d8fbb0077b49,6.1,6.1,6.1,3.2559248844639897e-15,Elution 1,1.0,61.25000000000001,61.25000000000001,71.81000265828531,61.25000000000001,71.81000265828531,4.0275320240836285e-18,3.0,6.0,1.4362000531657062,75.55999811708016,1.4362000531659491,3.25592488446399e-18,3.25592488446399e-18,3.2559248844639897e-15
1,Synthetic HIC 100-to-0% B validation,a40be568534792c3ddfd308707df936df545dce5596e4d41f071d8fbb0077b49,6.15,6.15,6.15,3.4962120086756442e-15,Elution 1,1.0,60.62499999999999,60.62499999999999,71.18500297300297,60.62499999999999,71.18500297300297,4.3203697428018594e-18,3.0,6.0,1.4237000594600593,74.93499904177676,1.4237000594602134,3.4962120086756444e-18,3.4962120086756444e-18,3.4962120086756442e-15
1,Synthetic HIC 100-to-0% B validation,a40be568534792c3ddfd308707df936df545dce5596e4d41f071d8fbb0077b49,6.2,6.2,6.2,3.753274095583832e-15,Elution 1,1.0,60.0,60.0,70.5600030308477,60.0,70.5600030308477,4.633380081546186e-18,3.0,6.0,1.411200060616954,74.30999997555709,1.4112000606170056,3.753274095583832e-18,3.753274095583832e-18,3.753274095583832e-15
1,Synthetic HIC 100-to-0% B validation,a40be568534792c3ddfd308707df936df545dce5596e4d41f071d8fbb0077b49,6.25,6.25,6.25,4.027532024083628e-15,Elution 1,1.0,59.375,59.375,69.9350027835828,59.375,69.9350027835828,4.96670738125996e-18,3.0,6.0,1.398700055671656,73.68500085401003,1.3987000556715923,4.0275320240836285e-18,4.0275320240836285e-18,4.027532024083628e-15
1,Synthetic HIC 100-to-0% B validation,a40be568534792c3ddfd308707df936df545dce5596e4d41f071d8fbb0077b49,6.3,6.3,6.3,4.320369742801854e-15,Elution 1,1.0,58.75,58.75,69.31000218297156,58.75,69.31000218297156,5.32098577059349e-18,3.0,6.0,1.3862000436594313,73.0600016127245,1.3862000436592405,4.320369742801854e-18,4.320369742801854e-18,4.320369742801854e-15
1,Synthetic HIC 100-to-0% B validation,a40be568534792c3ddfd308707df936df545dce5596e4d41f071d8fbb0077b49,6.35,6.35,6.35,4.63338008154618e-15,Elution 1,1.0,58.12500000000001,58.12500000000001,68.68500118077725,58.12500000000001,68.68500118077725,5.6992151652965406e-18,3.0,6.0,1.373700023615545,72.43500218728946,1.373700023615217,4.6333800815461804e-18,4.6333800815461804e-18,4.63338008154618e-15
1,Synthetic HIC 100-to-0% B validation,a40be568534792c3ddfd308707df936df545dce5596e4d41f071d8fbb0077b49,6.4,6.4,6.4,4.96670738125996e-15,Elution 1,1.0,57.49999999999999,57.49999999999999,68.06000086319551,57.49999999999999,68.06000086319551,6.1012597879235675e-18,3.0,6.0,1.3612000172639103,71.8100026582853,1.3612000172635386,4.96670738125996e-18,4.96670738125996e-18,4.96670738125996e-15
1,Synthetic HIC 100-to-0% B validation,a40be568534792c3ddfd308707df936df545dce5596e4d41f071d8fbb0077b49,6.45,6.45,6.45,5.32098577059349e-15,Elution 1,1.0,56.875,56.875,67.43500062787135,56.875,67.43500062787135,6.5266119208662864e-18,3.0,6.0,1.3487000125574269,71.18500297300297,1.348700012557043,5.32098577059349e-18,5.32098577059349e-18,5.32098577059349e-15
1,Synthetic HIC 100-to-0% B validation,a40be568534792c3ddfd308707df936df545dce5596e4d41f071d8fbb0077b49,6.5,6.5,6.5,5.69921516529654e-15,Elution 1,1.0,56.25,56.25,66.81000038807142,56.25,66.81000038807142,6.979216634304562e-18,3.0,6.0,1.3362000077614284,70.5600030308477,1.3362000077610547,5.6992151652965406e-18,5.6992151652965406e-18,5.69921516529654e-15
1,Synthetic HIC 100-to-0% B validation,a40be568534792c3ddfd308707df936df545dce5596e4d41f071d8fbb0077b49,6.55,6.55,6.55,6.1012597879235604e-15,Elution 1,1.0,55.625,55.625,66.1850001437957,55.625,66.1850001437957,7.458582304977827e-18,3.0,6.0,1.323700002875914,69.9350027835828,1.3237000028755737,6.1012597879235605e-18,6.1012597879235605e-18,6.1012597879235604e-15
1,Synthetic HIC 100-to-0% B validation,a40be568534792c3ddfd308707df936df545dce5596e4d41f071d8fbb0077b49,6.6,6.6,6.6,6.526611920866278e-15,Elution 1,1.0,55.00000000000001,55.00000000000001,65.55999989504423,55.00000000000001,65.55999989504423,7.96408160273401e-18,3.0,6.0,1.3111999979008846,69.31000218297156,1.3111999979006,6.526611920866279e-18,6.526611920866279e-18,6.526611920866278e-15
1,Synthetic HIC 100-to-0% B validation,a40be568534792c3ddfd308707df936df545dce5596e4d41f071d8fbb0077b49,6.65,6.65,6.65,6.979216634304562e-15,Elution 1,1.0,54.37499999999999,54.37499999999999,64.93499966449663,54.37499999999999,64.93499966449663,8.499378011551008e-18,3.0,6.0,1.2986999932899326,68.68500118077723,1.2986999932897185,6.979216634304562e-18,6.979216634304562e-18,6.979216634304562e-15
1,Synthetic HIC 100-to-0% B validation,a40be568534792c3ddfd308707df936df545dce5596e4d41f071d8fbb0077b49,6.7,6.7,6.7,7.458582304977826e-15,Elution 1,1.0,53.75,53.75,64.30999958956592,53.75,64.30999958956592,9.063053859418135e-18,3.0,6.0,1.2861999917913185,68.06000086319551,1.2861999917911386,7.458582304977827e-18,7.458582304977827e-18,7.458582304977826e-15
1,Synthetic HIC 100-to-0% B validation,a40be568534792c3ddfd308707df936df545dce5596e4d41f071d8fbb0077b49,6.75,6.75,6.75,7.964081602734011e-15,Elution 1,1.0,53.125,53.125,63.68499955768451,53.125,63.68499955768451,9.656450188548026e-18,3.0,6.0,1.2736999911536904,67.43500062787135,1.2736999911535503,7.96408160273401e-18,7.96408160273401e-18,7.964081602734011e-15
1,Synthetic HIC 100-to-0% B validation,a40be568534792c3ddfd308707df936df545dce5596e4d41f071d8fbb0077b49,6.8,6.8,6.8,8.499378011550998e-15,Elution 1,1.0,52.5,52.5,63.05999956885241,52.5,63.05999956885241,1.028067582964693e-17,3.0,6.0,1.2611999913770482,66.81000038807142,1.2611999913769534,8.499378011550999e-18,8.499378011550999e-18,8.499378011550998e-15
1,Synthetic HIC 100-to-0% B validation,a40be568534792c3ddfd308707df936df545dce5596e4d41f071d8fbb0077b49,6.85,6.85,6.85,9.063053859418124e-15,Elution 1,1.0,51.87500000000001,51.87500000000001,62.434999623069615,51.87500000000001,62.434999623069615,1.0936523959318765e-17,3.0,6.0,1.2486999924613924,66.1850001437957,1.2486999924613478,9.063053859418124e-18,9.063053859418124e-18,9.063053859418124e-15
1,Synthetic HIC 100-to-0% B validation,a40be568534792c3ddfd308707df936df545dce5596e4d41f071d8fbb0077b49,6.9,6.9,6.9,9.656450188548026e-15,Elution 1,1.0,51.24999999999999,51.24999999999999,61.80999972033612,51.24999999999999,61.80999972033612,1.1625074700863818e-17,3.0,6.0,1.2361999944067226,65.55999989504421,1.236199994406734,9.656450188548026e-18,9.656450188548026e-18,9.656450188548026e-15
1,Synthetic HIC 100-to-0% B validation,a40be568534792c3ddfd308707df936df545dce5596e4d41f071d8fbb0077b49,6.95,6.95,6.95,1.028067582964693e-14,Elution 1,1.0,50.625,50.625,61.184999860651935,50.625,61.184999860651935,1.2348711669289054e-17,3.0,6.0,1.2236999972130387,64.93499966449663,1.2236999972131113,1.028067582964693e-17,1.028067582964693e-17,1.028067582964693e-14
1,Synthetic HIC 100-to-0% B validation,a40be568534792c3ddfd308707df936df545dce5596e4d41f071d8fbb0077b49,7.0,7.0,7.0,1.0936523959318765e-14,Elution 1,1.0,50.0,50.0,60.55999992127105,50.0,60.55999992127105,1.3115264569330427e-17,3.0,6.0,1.211199998425421,64.30999958956592,1.2111999984255248,1.0936523959318765e-17,1.0936523959318765e-17,1.0936523959318765e-14
1,Synthetic HIC 100-to-0% B validation,a40be568534792c3ddfd308707df936df545dce5596e4d41f071d8fbb0077b49,7.05,7.05,7.05,1.1625074700863806e-14,Elution 1,1.0,49.375,49.375,59.93499994289495,49.375,59.93499994289495,1.3930712378051688e-17,3.0,6.0,1.198699998857899,63.68499955768451,1.1986999988580158,1.1625074700863806e-17,1.1625074700863806e-17,1.1625074700863806e-14
1,Synthetic HIC 100-to-0% B validation,a40be568534792c3ddfd308707df936df545dce5596e4d41f071d8fbb0077b49,7.1,7.1,7.1,1.2348711669289041e-14,Elution 1,1.0,48.75000000000001,48.75000000000001,59.30999996150442,48.75000000000001,59.30999996150442,1.4808812237676208e-17,3.0,6.0,1.1861999992300885,63.05999956885241,1.1861999992302104,1.2348711669289041e-17,1.2348711669289041e-17,1.2348711669289041e-14
1,Synthetic HIC 100-to-0% B validation,a40be568534792c3ddfd308707df936df545dce5596e4d41f071d8fbb0077b49,7.15,7.15,7.15,1.3115264569330427e-14,Elution 1,1.0,48.12499999999999,48.12499999999999,58.68499997709945,48.12499999999999,58.68499997709945,1.5773840585580633e-17,3.0,6.0,1.173699999541989,62.4349996230696,1.1736999995421085,1.3115264569330427e-17,1.3115264569330427e-17,1.3115264569330427e-14
1,Synthetic HIC 100-to-0% B validation,a40be568534792c3ddfd308707df936df545dce5596e4d41f071d8fbb0077b49,7.2,7.2,7.2,1.3930712378051687e-14,Elution 1,1.0,47.5,47.5,58.05999998968005,47.5,58.05999998968005,1.686756958724623e-17,3.0,6.0,1.1611999997936011,61.80999972033612,1.1611999997937097,1.3930712378051688e-17,1.3930712378051688e-17,1.3930712378051687e-14
1,Synthetic HIC 100-to-0% B validation,a40be568534792c3ddfd308707df936df545dce5596e4d41f071d8fbb0077b49,7.25,7.25,7.25,1.480881223767621e-14,Elution 1,1.0,46.875,46.875,57.434999999246216,46.875,57.434999999246216,1.8161724374348743e-17,3.0,6.0,1.1486999999849243,61.184999860651935,1.1486999999850147,1.4808812237676208e-17,1.4808812237676208e-17,1.480881223767621e-14
1,Synthetic HIC 100-to-0% B validation,a40be568534792c3ddfd308707df936df545dce5596e4d41f071d8fbb0077b49,7.3,7.3,7.3,1.5773840585580615e-14,Elution 1,1.0,46.25,46.25,56.810000002419436,46.25,56.810000002419436,1.9778813849812434e-17,3.0,6.0,1.1362000000483887,60.55999992127105,1.1362000000484578,1.5773840585580615e-17,1.5773840585580615e-17,1.5773840585580615e-14
1,Synthetic HIC 100-to-0% B validation,a40be568534792c3ddfd308707df936df545dce5596e4d41f071d8fbb0077b49,7.35,7.35,7.35,1.686756958724621e-14,Elution 1,1.0,45.62500000000001,45.62500000000001,56.18499999821524,45.62500000000001,56.18499999821524,2.1412898090852817e-17,3.0,6.0,1.123699999964305,59.93499994289495,1.12369999996436,1.686756958724621e-17,1.686756958724621e-17,1.686756958724621e-14
1,Synthetic HIC 100-to-0% B validation,a40be568534792c3ddfd308707df936df545dce5596e4d41f071d8fbb0077b49,7.4,7.4,7.4,1.8161724374348743e-14,Elution 1,1.0,44.99999999999999,44.99999999999999,55.55999999401104,44.99999999999999,55.55999999401104,1.2290647096510014e-17,3.0,6.0,1.1111999998802207,59.3099999615044,1.111199999880262,1.8161724374348743e-17,1.8161724374348743e-17,1.8161724374348743e-14
1,Synthetic HIC 100-to-0% B validation,a40be568534792c3ddfd308707df936df545dce5596e4d41f071d8fbb0077b49,7.45,7.45,7.45,1.9778813849812433e-14,Elution 1,1.0,44.375,44.375,54.93499998980684,44.375,54.93499998980684,6.212623177739276e-19,3.0,6.0,1.0986999997961369,58.68499997709945,1.098699999796164,1.9778813849812434e-17,1.9778813849812434e-17,1.9778813849812433e-14
1,Synthetic HIC 100-to-0% B validation,a40be568534792c3ddfd308707df936df545dce5596e4d41f071d8fbb0077b49,7.5,7.5,7.5,2.1412898090852816e-14,Elution 1,1.0,43.75,43.75,54.30999998560264,43.75,54.30999998560264,4.878354595060581e-19,3.0,6.0,1.0861999997120528,58.05999998968005,1.086199999712066,2.1412898090852817e-17,2.1412898090852817e-17,2.1412898090852816e-14
1,Synthetic HIC 100-to-0% B validation,a40be568534792c3ddfd308707df936df545dce5596e4d41f071d8fbb0077b49,7.55,7.55,7.55,1.2290647096510175e-14,Elution 1,1.0,43.125,43.125,53.68499998139844,43.125,53.68499998139844,5.656042085248158e-19,3.0,6.0,1.0736999996279688,57.434999999246216,1.073699999627968,1.2290647096510175e-17,1.2290647096510175e-17,1.2290647096510175e-14
1,Synthetic HIC 100-to-0% B validation,a40be568534792c3ddfd308707df936df545dce5596e4d41f071d8fbb0077b49,7.6,7.6,7.6,6.212623177741344e-16,Elution 1,1.0,42.50000000000001,42.50000000000001,53.05999997719424,42.50000000000001,53.05999997719424,6.772412365270853e-19,3.0,6.0,1.0611999995438848,56.810000002419436,1.06119999954387,6.212623177741344e-19,6.212623177741344e-19,6.212623177741344e-16
1,Synthetic HIC 100-to-0% B validation,a40be568534792c3ddfd308707df936df545dce5596e4d41f071d8fbb0077b49,7.65,7.65,7.65,4.878354595060581e-16,Elution 1,1.0,41.87499999999999,41.87499999999999,52.43499997938396,41.87499999999999,52.43499997938396,8.520062035721444e-19,3.0,6.0,1.0486999995876791,56.184999998215226,1.0486999995876645,4.878354595060581e-19,4.878354595060581e-19,4.878354595060581e-16
1,Synthetic HIC 100-to-0% B validation,a40be568534792c3ddfd308707df936df545dce5596e4d41f071d8fbb0077b49,7.7,7.7,7.7,5.656042085248158e-16,Elution 1,1.0,41.25,41.25,51.80999998194004,41.25,51.80999998194004,1.1483876380138278e-18,3.0,6.0,1.0361999996388007,55.55999999401104,1.0361999996387867,5.656042085248158e-19,5.656042085248158e-19,5.656042085248158e-16
1,Synthetic HIC 100-to-0% B validation,a40be568534792c3ddfd308707df936df545dce5596e4d41f071d8fbb0077b49,7.75,7.75,7.75,6.772412365270852e-16,Elution 1,1.0,40.625,40.625,51.184999984496116,40.625,51.184999984496116,1.785505836862609e-18,3.0,6.0,1.0236999996899223,54.93499998980684,1.0236999996899092,6.772412365270853e-19,6.772412365270853e-19,6.772412365270852e-16
1,Synthetic HIC 100-to-0% B validation,a40be568534792c3ddfd308707df936df545dce5596e4d41f071d8fbb0077b49,7.8,7.8,7.8,8.520062035721413e-16,Elution 1,1.0,40.0,40.0,50.559999987052194,40.0,50.559999987052194,3.745479978856936e-18,3.0,6.0,1.011199999741044,54.30999998560264,1.0111999997410315,8.520062035721413e-19,8.520062035721413e-19,8.520062035721413e-16
1,Synthetic HIC 100-to-0% B validation,a40be568534792c3ddfd308707df936df545dce5596e4d41f071d8fbb0077b49,7.85,7.85,7.85,1.1483876380138227e-15,Elution 1,1.0,39.37500000000001,39.37500000000001,49.93499998960828,39.37500000000001,49.93499998960828,9.521177647713074e-18,3.0,6.0,0.9986999997921656,53.68499998139844,0.998699999792154,1.1483876380138226e-18,1.1483876380138226e-18,1.1483876380138227e-15
1,Synthetic HIC 100-to-0% B validation,a40be568534792c3ddfd308707df936df545dce5596e4d41f071d8fbb0077b49,7.9,7.9,7.9,1.785505836862609e-15,Elution 1,1.0,38.74999999999999,38.74999999999999,49.30999999216436,38.74999999999999,49.30999999216436,2.5367203820835082e-17,3.0,6.0,0.9861999998432872,53.059999977194224,0.9861999998432763,1.785505836862609e-18,1.785505836862609e-18,1.785505836862609e-15
1,Synthetic HIC 100-to-0% B validation,a40be568534792c3ddfd308707df936df545dce5596e4d41f071d8fbb0077b49,7.95,7.95,7.95,3.745479978856936e-15,Elution 1,1.0,38.125,38.125,48.68499999394526,38.125,48.68499999394526,6.618051473644137e-17,3.0,6.0,0.9736999998789052,52.43499997938396,0.9736999998788958,3.745479978856936e-18,3.745479978856936e-18,3.745479978856936e-15
1,Synthetic HIC 100-to-0% B validation,a40be568534792c3ddfd308707df936df545dce5596e4d41f071d8fbb0077b49,8.0,8.0,8.0,9.521177647713074e-15,Elution 1,1.0,37.5,37.5,48.05999999508112,37.5,48.05999999508112,2.0702000414462077e-16,3.0,6.0,0.9611999999016224,51.80999998194004,0.9611999999016143,9.521177647713074e-18,9.521177647713074e-18,9.521177647713074e-15
1,Synthetic HIC 100-to-0% B validation,a40be568534792c3ddfd308707df936df545dce5596e4d41f071d8fbb0077b49,8.05,8.05,8.05,2.536720382083508e-14,Elution 1,1.0,36.87499999999999,36.87499999999999,47.43499999621698,36.87499999999999,47.43499999621698,6.551228183521694e-16,3.0,6.0,0.9486999999243396,51.1849999844961,0.9486999999243328,2.5367203820835082e-17,2.5367203820835082e-17,2.536720382083508e-14
1,Synthetic HIC 100-to-0% B validation,a40be568534792c3ddfd308707df936df545dce5596e4d41f071d8fbb0077b49,8.1,8.1,8.1,6.618051473644064e-14,Elution 1,1.0,36.25000000000001,36.25000000000001,46.80999999735284,36.25000000000001,46.80999999735284,2.5881403106184396e-15,3.0,6.0,0.9361999999470568,50.559999987052194,0.9361999999470514,6.618051473644064e-17,6.618051473644064e-17,6.618051473644064e-14
1,Synthetic HIC 100-to-0% B validation,a40be568534792c3ddfd308707df936df545dce5596e4d41f071d8fbb0077b49,8.15,8.15,8.15,2.0702000414462078e-13,Elution 1,1.0,35.625,35.625,46.1849999984887,35.625,46.1849999984887,9.783494626269582e-15,3.0,6.0,0.923699999969774,49.934999989608265,0.9236999999697699,2.0702000414462077e-16,2.0702000414462077e-16,2.0702000414462078e-13
1,Synthetic HIC 100-to-0% B validation,a40be568534792c3ddfd308707df936df545dce5596e4d41f071d8fbb0077b49,8.2,8.2,8.2,6.551228183521535e-13,Elution 1,1.0,35.000000000000014,35.000000000000014,45.55999999962455,35.000000000000014,45.55999999962455,3.305014085379956e-14,3.0,6.0,0.911199999992491,49.30999999216437,0.9111999999924885,6.551228183521536e-16,6.551228183521536e-16,6.551228183521535e-13
1,Synthetic HIC 100-to-0% B validation,a40be568534792c3ddfd308707df936df545dce5596e4d41f071d8fbb0077b49,8.25,8.25,8.25,2.5881403106184397e-12,Elution 1,1.0,34.375,34.375,44.93500000059391,34.375,44.93500000059391,1.0085973966486976e-13,3.0,6.0,0.8987000000118782,48.68499999394526,0.8987000000118767,2.5881403106184396e-15,2.5881403106184396e-15,2.5881403106184397e-12
1,Synthetic HIC 100-to-0% B validation,a40be568534792c3ddfd308707df936df545dce5596e4d41f071d8fbb0077b49,8.3,8.3,8.3,9.783494626269581e-12,Elution 1,1.0,33.749999999999986,33.749999999999986,44.31000000058781,33.749999999999986,44.31000000058781,3.919590418589419e-13,3.0,6.0,0.8862000000117563,48.05999999508112,0.886200000011755,9.783494626269582e-15,9.783494626269582e-15,9.783494626269581e-12
1,Synthetic HIC 100-to-0% B validation,a40be568534792c3ddfd308707df936df545dce5596e4d41f071d8fbb0077b49,8.35,8.35,8.35,3.305014085379956e-11,Elution 1,1.0,33.125,33.125,43.68500000058172,33.125,43.68500000058172,1.937394656026759e-12,3.0,6.0,0.8737000000116344,47.434999996217,0.8737000000116334,3.305014085379956e-14,3.305014085379956e-14,3.305014085379956e-11
1,Synthetic HIC 100-to-0% B validation,a40be568534792c3ddfd308707df936df545dce5596e4d41f071d8fbb0077b49,8.4,8.4,8.4,1.0085973966486976e-10,Elution 1,1.0,32.5,32.5,43.06000000057562,32.5,43.06000000057562,8.082510165452095e-12,3.0,6.0,0.8612000000115124,46.80999999735284,0.8612000000115118,1.0085973966486976e-13,1.0085973966486976e-13,1.0085973966486976e-10
1,Synthetic HIC 100-to-0% B validation,a40be568534792c3ddfd308707df936df545dce5596e4d41f071d8fbb0077b49,8.45,8.45,8.45,3.9195904185893154e-10,Elution 1,1.0,31.875000000000014,31.875000000000014,42.435000000569524,31.875000000000014,42.435000000569524,2.8259726769164192e-11,3.0,6.0,0.8487000000113905,46.18499999848872,0.8487000000113901,3.9195904185893156e-13,3.9195904185893156e-13,3.9195904185893154e-10
1,Synthetic HIC 100-to-0% B validation,a40be568534792c3ddfd308707df936df545dce5596e4d41f071d8fbb0077b49,8.5,8.5,8.5,1.9373946560267593e-09,Elution 1,1.0,31.25,31.25,41.81000000056343,31.25,41.81000000056343,1.3428933495471547e-10,3.0,6.0,0.8362000000112686,45.55999999962455,0.8362000000112685,1.937394656026759e-12,1.937394656026759e-12,1.9373946560267593e-09
1,Synthetic HIC 100-to-0% B validation,a40be568534792c3ddfd308707df936df545dce5596e4d41f071d8fbb0077b49,8.55,8.55,8.55,8.082510165452095e-09,Elution 1,1.0,30.624999999999986,30.624999999999986,41.18500000055733,30.624999999999986,41.18500000055733,8.328178807578557e-10,3.0,6.0,0.8237000000111466,44.93500000059391,0.8237000000111468,8.082510165452095e-12,8.082510165452095e-12,8.082510165452095e-09
1,Synthetic HIC 100-to-0% B validation,a40be568534792c3ddfd308707df936df545dce5596e4d41f071d8fbb0077b49,8.6,8.6,8.6,2.825972676916419e-08,Elution 1,1.0,30.0,30.0,40.56000000049935,30.0,40.56000000049935,3.695255777532529e-09,3.0,6.0,0.811200000009987,44.310000000587834,0.8112000000099873,2.8259726769164192e-11,2.8259726769164192e-11,2.825972676916419e-08
1,Synthetic HIC 100-to-0% B validation,a40be568534792c3ddfd308707df936df545dce5596e4d41f071d8fbb0077b49,8.65,8.65,8.65,1.3428933495471546e-07,Elution 1,1.0,29.375,29.375,39.935000000423685,29.375,39.935000000423685,1.32725507505072e-08,3.0,6.0,0.7987000000084737,43.68500000058172,0.798700000008474,1.3428933495471547e-10,1.3428933495471547e-10,1.3428933495471546e-07
1,Synthetic HIC 100-to-0% B validation,a40be568534792c3ddfd308707df936df545dce5596e4d41f071d8fbb0077b49,8.7,8.7,8.7,8.328178807578309e-07,Elution 1,1.0,28.750000000000014,28.750000000000014,39.31000000034802,28.750000000000014,39.31000000034802,1.2472974527208157e-07,3.0,6.0,0.7862000000069604,43.06000000057564,0.7862000000069606,8.328178807578309e-10,8.328178807578309e-10,8.328178807578309e-07
1,Synthetic HIC 100-to-0% B validation,a40be568534792c3ddfd308707df936df545dce5596e4d41f071d8fbb0077b49,8.75,8.75,8.75,3.695255777532529e-06,Elution 1,1.0,28.125,28.125,38.68500000027235,28.125,38.68500000027235,6.806145779749142e-07,3.0,6.0,0.773700000005447,42.435000000569524,0.7737000000054473,3.695255777532529e-09,3.695255777532529e-09,3.695255777532529e-06
1,Synthetic HIC 100-to-0% B validation,a40be568534792c3ddfd308707df936df545dce5596e4d41f071d8fbb0077b49,8.8,8.8,8.8,1.3272550750507199e-05,Elution 1,1.0,27.499999999999986,27.499999999999986,38.06000000019668,27.499999999999986,38.06000000019668,2.4926940659030767e-06,3.0,6.0,0.7612000000039336,41.81000000056343,0.761200000003934,1.32725507505072e-08,1.32725507505072e-08,1.3272550750507199e-05
1,Synthetic HIC 100-to-0% B validation,a40be568534792c3ddfd308707df936df545dce5596e4d41f071d8fbb0077b49,8.85,8.85,8.85,0.0001247297452720816,Elution 1,1.0,26.875,26.875,37.435000000121015,26.875,37.435000000121015,3.06127340518072e-05,3.0,6.0,0.7487000000024203,41.18500000055735,0.7487000000024205,1.2472974527208157e-07,1.2472974527208157e-07,0.0001247297452720816
1,Synthetic HIC 100-to-0% B validation,a40be568534792c3ddfd308707df936df545dce5596e4d41f071d8fbb0077b49,8.9,8.9,8.9,0.0006806145779749142,Elution 1,1.0,26.25,26.25,36.81000000006695,26.25,36.81000000006695,0.00017447615958658314,3.0,6.0,0.736200000001339,40.56000000049935,0.7362000000013392,6.806145779749142e-07,6.806145779749142e-07,0.0006806145779749142
1,Synthetic HIC 100-to-0% B validation,a40be568534792c3ddfd308707df936df545dce5596e4d41f071d8fbb0077b49,8.95,8.95,8.95,0.0024926940659030124,Elution 1,1.0,25.625000000000014,25.625000000000014,36.18500000005375,25.625000000000014,36.18500000005375,0.0005747870237825216,3.0,6.0,0.7237000000010749,39.935000000423706,0.7237000000010753,2.4926940659030123e-06,2.4926940659030123e-06,0.0024926940659030124
1,Synthetic HIC 100-to-0% B validation,a40be568534792c3ddfd308707df936df545dce5596e4d41f071d8fbb0077b49,9.0,9.0,9.0,0.030612734051807197,Elution 1,1.0,25.0,25.0,35.56000000004055,25.0,35.56000000004055,0.01353431475108163,3.0,6.0,0.7112000000008111,39.31000000034802,0.7112000000008112,3.06127340518072e-05,3.06127340518072e-05,0.030612734051807197
1,Synthetic HIC 100-to-0% B validation,a40be568534792c3ddfd308707df936df545dce5596e4d41f071d8fbb0077b49,9.05,9.05,9.05,0.17447615958658313,Elution 1,1.0,24.374999999999986,24.374999999999986,34.93500000002735,24.374999999999986,34.93500000002735,0.05554910474321422,3.0,6.0,0.698700000000547,38.68500000027235,0.6987000000005472,0.00017447615958658314,0.00017447615958658314,0.17447615958658313
1,Synthetic HIC 100-to-0% B validation,a40be568534792c3ddfd308707df936df545dce5596e4d41f071d8fbb0077b49,9.1,9.1,9.1,0.5747870237825217,Elution 1,1.0,23.75,23.75,34.310000000014156,23.75,34.310000000014156,0.1360071156972206,3.0,6.0,0.6862000000002831,38.0600000001967,0.6862000000002831,0.0005747870237825216,0.0005747870237825216,0.5747870237825217
1,Synthetic HIC 100-to-0% B validation,a40be568534792c3ddfd308707df936df545dce5596e4d41f071d8fbb0077b49,9.15,9.15,9.15,13.534314751081629,Elution 1,1.0,23.125,23.125,33.685000000000954,23.125,33.685000000000954,0.26326130952821797,3.0,6.0,0.6737000000000191,37.435000000121015,0.6737000000000192,0.01353431475108163,0.01353431475108163,13.534314751081629
1,Synthetic HIC 100-to-0% B validation,a40be568534792c3ddfd308707df936df545dce5596e4d41f071d8fbb0077b49,9.2,9.2,9.2,55.54910474321273,Elution 1,1.0,22.500000000000014,22.500000000000014,33.05999999998776,22.500000000000014,33.05999999998776,0.44262094871732877,3.0,6.0,0.6611999999997552,36.81000000006697,0.6611999999997551,0.05554910474321273,0.05554910474321273,55.54910474321273
1,Synthetic HIC 100-to-0% B validation,a40be568534792c3ddfd308707df936df545dce5596e4d41f071d8fbb0077b49,9.25,9.25,9.25,136.0071156972206,Elution 1,1.0,21.875,21.875,32.43499999998828,21.875,32.43499999998828,0.676191637189109,3.0,6.0,0.6486999999997656,36.18500000005375,0.6486999999997655,0.1360071156972206,0.1360071156972206,136.0071156972206
1,Synthetic HIC 100-to-0% B validation,a40be568534792c3ddfd308707df936df545dce5596e4d41f071d8fbb0077b49,9.3,9.3,9.3,263.26130952821796,Elution 1,1.0,21.249999999999986,21.249999999999986,31.80999999998958,21.249999999999986,31.80999999998958,0.9456426265797377,3.0,6.0,0.6361999999997916,35.56000000004055,0.6361999999997915,0.26326130952821797,0.26326130952821797,263.26130952821796
1,Synthetic HIC 100-to-0% B validation,a40be568534792c3ddfd308707df936df545dce5596e4d41f071d8fbb0077b49,9.35,9.35,9.35,442.62094871732876,Elution 1,1.0,20.625,20.625,31.184999999990882,20.625,31.184999999990882,1.2181739742885078,3.0,6.0,0.6236999999998176,34.93500000002737,0.6236999999998175,0.44262094871732877,0.44262094871732877,442.62094871732876
1,Synthetic HIC 100-to-0% B validation,a40be568534792c3ddfd308707df936df545dce5596e4d41f071d8fbb0077b49,9.4,9.4,9.4,676.191637189109,Elution 1,1.0,20.0,20.0,30.559999999992186,20.0,30.559999999992186,1.4531119945698971,3.0,6.0,0.6111999999998438,34.310000000014156,0.6111999999998436,0.676191637189109,0.676191637189109,676.191637189109
1,Synthetic HIC 100-to-0% B validation,a40be568534792c3ddfd308707df936df545dce5596e4d41f071d8fbb0077b49,9.45,9.45,9.45,945.6426265797282,Elution 1,1.0,19.375000000000014,19.375000000000014,29.934999999993487,19.375000000000014,29.934999999993487,1.6393376119288299,3.0,6.0,0.5986999999998698,33.685000000000976,0.5986999999998697,0.9456426265797282,0.9456426265797282,945.6426265797282
1,Synthetic HIC 100-to-0% B validation,a40be568534792c3ddfd308707df936df545dce5596e4d41f071d8fbb0077b49,9.5,9.5,9.5,1218.173974288508,Elution 1,1.0,18.75,18.75,29.30999999999479,18.75,29.30999999999479,1.7565784375938884,3.0,6.0,0.5861999999998958,33.05999999998776,0.5861999999998957,1.2181739742885078,1.2181739742885078,1218.173974288508
1,Synthetic HIC 100-to-0% B validation,a40be568534792c3ddfd308707df936df545dce5596e4d41f071d8fbb0077b49,9.55,9.55,9.55,1453.1119945698972,Elution 1,1.0,18.124999999999986,18.124999999999986,28.684999999995767,18.124999999999986,28.684999999995767,1.8256963926475958,3.0,6.0,0.5736999999999154,32.43499999998828,0.5736999999999153,1.4531119945698971,1.4531119945698971,1453.1119945698972
1,Synthetic HIC 100-to-0% B validation,a40be568534792c3ddfd308707df936df545dce5596e4d41f071d8fbb0077b49,9.6,9.6,9.6,1639.3376119288298,Elution 1,1.0,17.5,17.5,28.05999999999647,17.5,28.05999999999647,1.8368291951356366,3.0,6.0,0.5611999999999294,31.8099999999896,0.5611999999999294,1.6393376119288299,1.6393376119288299,1639.3376119288298
1,Synthetic HIC 100-to-0% B validation,a40be568534792c3ddfd308707df936df545dce5596e4d41f071d8fbb0077b49,9.65,9.65,9.65,1756.5784375938883,Elution 1,1.0,16.875,16.875,27.434999999997174,16.875,27.434999999997174,1.7338781290420398,3.0,6.0,0.5486999999999435,31.184999999990882,0.5486999999999436,1.7565784375938884,1.7565784375938884,1756.5784375938883
1,Synthetic HIC 100-to-0% B validation,a40be568534792c3ddfd308707df936df545dce5596e4d41f071d8fbb0077b49,9.7,9.7,9.7,1825.6963926475933,Elution 1,1.0,16.250000000000014,16.250000000000014,26.809999999997878,16.250000000000014,26.809999999997878,1.5420901760181522,3.0,6.0,0.5361999999999576,30.559999999992208,0.5361999999999576,1.8256963926475933,1.8256963926475933,1825.6963926475933
1,Synthetic HIC 100-to-0% B validation,a40be568534792c3ddfd308707df936df545dce5596e4d41f071d8fbb0077b49,9.75,9.75,9.75,1836.8291951356366,Elution 1,1.0,15.625,15.625,26.184999999998585,15.625,26.184999999998585,1.2908626924465978,3.0,6.0,0.5236999999999717,29.934999999993487,0.5236999999999717,1.8368291951356366,1.8368291951356366,1836.8291951356366
1,Synthetic HIC 100-to-0% B validation,a40be568534792c3ddfd308707df936df545dce5596e4d41f071d8fbb0077b49,9.8,9.8,9.8,1733.8781290420397,Elution 1,1.0,14.999999999999986,14.999999999999986,25.559999999999288,14.999999999999986,25.559999999999288,1.0028739598338574,3.0,6.0,0.5111999999999858,29.30999999999479,0.5111999999999858,1.7338781290420398,1.7338781290420398,1733.8781290420397
1,Synthetic HIC 100-to-0% B validation,a40be568534792c3ddfd308707df936df545dce5596e4d41f071d8fbb0077b49,9.85,9.85,9.85,1542.0901760181523,Elution 1,1.0,14.375,14.375,24.934999999999896,14.375,24.934999999999896,0.7346514450212036,3.0,6.0,0.4986999999999979,28.68499999999579,0.4986999999999979,1.5420901760181522,1.5420901760181522,1542.0901760181523
1,Synthetic HIC 100-to-0% B validation,a40be568534792c3ddfd308707df936df545dce5596e4d41f071d8fbb0077b49,9.9,9.9,9.9,1290.8626924465977,Elution 1,1.0,13.75,13.75,24.30999999999993,13.75,24.30999999999993,0.5137442940483667,3.0,6.0,0.48619999999999863,28.05999999999647,0.4861999999999987,1.2908626924465978,1.2908626924465978,1290.8626924465977
1,Synthetic HIC 100-to-0% B validation,a40be568534792c3ddfd308707df936df545dce5596e4d41f071d8fbb0077b49,9.95,9.95,9.95,1002.8739598338676,Elution 1,1.0,13.125000000000014,13.125000000000014,23.684999999999967,13.125000000000014,23.684999999999967,0.3455265639577598,3.0,6.0,0.47369999999999934,27.434999999997196,0.4736999999999994,1.0028739598338676,1.0028739598338676,1002.8739598338676
1,Synthetic HIC 100-to-0% B validation,a40be568534792c3ddfd308707df936df545dce5596e4d41f071d8fbb0077b49,10.0,10.0,10.0,734.6514450212036,Elution 1,1.0,12.5,12.5,23.060000000000002,12.5,23.060000000000002,0.22463312559257667,3.0,6.0,0.46120000000000005,26.809999999997878,0.46120000000000017,0.7346514450212036,0.7346514450212036,734.6514450212036
1,Synthetic HIC 100-to-0% B validation,a40be568534792c3ddfd308707df936df545dce5596e4d41f071d8fbb0077b49,10.05,10.05,10.05,513.7442940483668,Elution 1,1.0,11.874999999999986,11.874999999999986,22.43500000000004,11.874999999999986,22.43500000000004,0.14169305656451867,3.0,6.0,0.4487000000000008,26.184999999998585,0.4487000000000009,0.5137442940483667,0.5137442940483667,513.7442940483668
1,Synthetic HIC 100-to-0% B validation,a40be568534792c3ddfd308707df936df545dce5596e4d41f071d8fbb0077b49,10.1,10.1,10.1,345.52656395775983,Elution 1,1.0,11.25,11.25,21.810000000000077,11.25,21.810000000000077,0.08697513019454282,3.0,6.0,0.43620000000000153,25.55999999999931,0.4362000000000016,0.3455265639577598,0.3455265639577598,345.52656395775983
1,Synthetic HIC 100-to-0% B validation,a40be568534792c3ddfd308707df936df545dce5596e4d41f071d8fbb0077b49,10.15,10.15,10.15,224.63312559257668,Elution 1,1.0,10.625,10.625,21.185000000000112,10.625,21.185000000000112,0.05208111432342763,3.0,6.0,0.42370000000000224,24.934999999999896,0.42370000000000235,0.22463312559257667,0.22463312559257667,224.63312559257668
1,Synthetic HIC 100-to-0% B validation,a40be568534792c3ddfd308707df936df545dce5596e4d41f071d8fbb0077b49,10.2,10.2,10.2,141.6930565645216,Elution 1,1.0,10.000000000000014,10.000000000000014,20.56000000000011,10.000000000000014,20.56000000000011,0.030486473893606057,3.0,6.0,0.4112000000000022,24.309999999999953,0.41120000000000223,0.1416930565645216,0.1416930565645216,141.6930565645216
1,Synthetic HIC 100-to-0% B validation,a40be568534792c3ddfd308707df936df545dce5596e4d41f071d8fbb0077b49,10.25,10.25,10.25,86.97513019454283,Elution 1,1.0,9.375,9.375,19.935000000000095,9.375,19.935000000000095,0.017476278018596157,3.0,6.0,0.3987000000000019,23.684999999999967,0.3987000000000019,0.08697513019454282,0.08697513019454282,86.97513019454283
1,Synthetic HIC 100-to-0% B validation,a40be568534792c3ddfd308707df936df545dce5596e4d41f071d8fbb0077b49,10.3,10.3,10.3,52.08111432342763,Elution 1,1.0,8.749999999999986,8.749999999999986,19.310000000000077,8.749999999999986,19.310000000000077,0.009825881973469345,3.0,6.0,0.38620000000000154,23.060000000000002,0.3862000000000015,0.05208111432342763,0.05208111432342763,52.08111432342763
1,Synthetic HIC 100-to-0% B validation,a40be568534792c3ddfd308707df936df545dce5596e4d41f071d8fbb0077b49,10.35,10.35,10.35,30.486473893606057,Elution 1,1.0,8.125,8.125,18.68500000000006,8.125,18.68500000000006,0.005425650364695324,3.0,6.0,0.3737000000000012,22.435000000000063,0.37370000000000114,0.030486473893606057,0.030486473893606057,30.486473893606057
1,Synthetic HIC 100-to-0% B validation,a40be568534792c3ddfd308707df936df545dce5596e4d41f071d8fbb0077b49,10.4,10.4,10.4,17.476278018596158,Elution 1,1.0,7.5,7.5,18.06000000000004,7.5,18.06000000000004,0.0029457341029780764,3.0,6.0,0.36120000000000085,21.810000000000077,0.36120000000000074,0.017476278018596157,0.017476278018596157,17.476278018596158
1,Synthetic HIC 100-to-0% B validation,a40be568534792c3ddfd308707df936df545dce5596e4d41f071d8fbb0077b49,10.45,10.45,10.45,9.825881973469617,Elution 1,1.0,6.875000000000014,6.875000000000014,17.435000000000024,6.875000000000014,17.435000000000024,0.0015741196935217462,3.0,6.0,0.34870000000000045,21.185000000000134,0.3487000000000004,0.009825881973469617,0.009825881973469617,9.825881973469617
1,Synthetic HIC 100-to-0% B validation,a40be568534792c3ddfd308707df936df545dce5596e4d41f071d8fbb0077b49,10.5,10.5,10.5,5.425650364695324,Elution 1,1.0,6.25,6.25,16.81000000000001,6.25,16.81000000000001,0.0008286632791827582,3.0,6.0,0.3362000000000002,20.56000000000011,0.3362000000000001,0.005425650364695324,0.005425650364695324,5.425650364695324
1,Synthetic HIC 100-to-0% B validation,a40be568534792c3ddfd308707df936df545dce5596e4d41f071d8fbb0077b49,10.55,10.55,10.55,2.945734102978076,Elution 1,1.0,5.624999999999986,5.624999999999986,16.18500000000001,5.624999999999986,16.18500000000001,0.00043009851127033294,3.0,6.0,0.3237000000000002,19.935000000000095,0.3237000000000001,0.0029457341029780764,0.0029457341029780764,2.945734102978076
1,Synthetic HIC 100-to-0% B validation,a40be568534792c3ddfd308707df936df545dce5596e4d41f071d8fbb0077b49,10.6,10.6,10.6,1.5741196935217463,Elution 1,1.0,5.0,5.0,15.56000000000001,5.0,15.56000000000001,0.00022025910365069596,3.0,6.0,0.3112000000000002,19.310000000000098,0.3112000000000001,0.0015741196935217462,0.0015741196935217462,1.5741196935217463
1,Synthetic HIC 100-to-0% B validation,a40be568534792c3ddfd308707df936df545dce5596e4d41f071d8fbb0077b49,10.65,10.65,10.65,0.8286632791827582,Elution 1,1.0,4.375,4.375,14.935000000000008,4.375,14.935000000000008,0.00011137417873638548,3.0,6.0,0.29870000000000013,18.68500000000006,0.2987000000000001,0.0008286632791827582,0.0008286632791827582,0.8286632791827582
1,Synthetic HIC 100-to-0% B validation,a40be568534792c3ddfd308707df936df545dce5596e4d41f071d8fbb0077b49,10.7,10.7,10.7,0.43009851127034715,Elution 1,1.0,3.750000000000014,3.750000000000014,14.310000000000006,3.750000000000014,14.310000000000006,5.5642358588811246e-05,3.0,6.0,0.2862000000000001,18.060000000000063,0.2862,0.00043009851127034715,0.00043009851127034715,0.43009851127034715
1,Synthetic HIC 100-to-0% B validation,a40be568534792c3ddfd308707df936df545dce5596e4d41f071d8fbb0077b49,10.75,10.75,10.75,0.22025910365069595,Elution 1,1.0,3.125,3.125,13.685000000000004,3.125,13.685000000000004,2.748407441277549e-05,3.0,6.0,0.2737000000000001,17.435000000000024,0.2737,0.00022025910365069596,0.00022025910365069596,0.22025910365069595
1,Synthetic HIC 100-to-0% B validation,a40be568534792c3ddfd308707df936df545dce5596e4d41f071d8fbb0077b49,10.8,10.8,10.8,0.11137417873638548,Elution 1,1.0,2.499999999999986,2.499999999999986,13.060000000000004,2.499999999999986,13.060000000000004,1.3429889976174001e-05,3.0,6.0,0.2612000000000001,16.81000000000001,0.2612,0.00011137417873638548,0.00011137417873638548,0.11137417873638548
1,Synthetic HIC 100-to-0% B validation,a40be568534792c3ddfd308707df936df545dce5596e4d41f071d8fbb0077b49,10.85,10.85,10.85,0.055642358588811246,Elution 1,1.0,1.875,1.875,12.435000000000004,1.875,12.435000000000004,6.497446304204597e-06,3.0,6.0,0.2487000000000001,16.18500000000003,0.2487,5.5642358588811246e-05,5.5642358588811246e-05,0.055642358588811246
1,Synthetic HIC 100-to-0% B validation,a40be568534792c3ddfd308707df936df545dce5596e4d41f071d8fbb0077b49,10.9,10.9,10.9,0.02748407441277549,Elution 1,1.0,1.25,1.25,11.810000000000004,1.25,11.810000000000004,3.112769989769329e-06,3.0,6.0,0.23620000000000008,15.56000000000001,0.23620000000000002,2.748407441277549e-05,2.748407441277549e-05,0.02748407441277549
1,Synthetic HIC 100-to-0% B validation,a40be568534792c3ddfd308707df936df545dce5596e4d41f071d8fbb0077b49,10.95,10.95,10.95,0.0134298899761745,Elution 1,1.0,0.6250000000000142,0.6250000000000142,11.185000000000004,0.6250000000000142,11.185000000000004,1.4789786219139032e-06,3.0,6.0,0.2237000000000001,14.93500000000003,0.22370000000000004,1.3429889976174499e-05,1.3429889976174499e-05,0.0134298899761745
1,Synthetic HIC 100-to-0% B validation,a40be568534792c3ddfd308707df936df545dce5596e4d41f071d8fbb0077b49,11.0,11.0,11.0,0.006497446304204597,Elution 2,1.0,0.0,0.0,10.560000000000004,0.0,10.560000000000004,6.969806226252038e-07,4.0,6.0,0.21120000000000008,14.310000000000006,0.21120000000000005,6.497446304204597e-06,6.497446304204597e-06,0.006497446304204597
1,Synthetic HIC 100-to-0% B validation,a40be568534792c3ddfd308707df936df545dce5596e4d41f071d8fbb0077b49,11.05,11.05,11.05,0.003112769989769329,Elution 2,1.0,0.0,0.0,9.935000001261722,0.0,9.935000001261722,3.254965542584648e-07,4.0,6.0,0.19870000002523444,13.685000000000004,0.19870000002523447,3.112769989769329e-06,3.112769989769329e-06,0.003112769989769329
1,Synthetic HIC 100-to-0% B validation,a40be568534792c3ddfd308707df936df545dce5596e4d41f071d8fbb0077b49,11.1,11.1,11.1,0.0014789786219139033,Elution 2,1.0,0.0,0.0,9.309999824782382,0.0,9.309999824782382,1.500639085170643e-07,4.0,6.0,0.18619999649564764,13.060000000000027,0.18619999649564764,1.4789786219139032e-06,1.4789786219139032e-06,0.0014789786219139033
1,Synthetic HIC 100-to-0% B validation,a40be568534792c3ddfd308707df936df545dce5596e4d41f071d8fbb0077b49,11.15,11.15,11.15,0.0006969806226252038,Elution 2,1.0,0.0,0.0,8.684997063602736,0.0,8.684997063602736,6.72861181822623e-08,4.0,6.0,0.17369994127205474,12.435000000000004,0.17369994127205476,6.969806226252038e-07,6.969806226252038e-07,0.0006969806226252038
1,Synthetic HIC 100-to-0% B validation,a40be568534792c3ddfd308707df936df545dce5596e4d41f071d8fbb0077b49,11.2,11.2,11.2,0.000325496554258478,Elution 2,1.0,0.0,0.0,8.060007650540177,0.0,8.060007650540177,3.0290564261626166e-08,4.0,6.0,0.16120015301080354,11.810000000000027,0.1612001530108036,3.25496554258478e-07,3.25496554258478e-07,0.000325496554258478
1,Synthetic HIC 100-to-0% B validation,a40be568534792c3ddfd308707df936df545dce5596e4d41f071d8fbb0077b49,11.25,11.25,11.25,0.0001500639085170643,Elution 2,1.0,0.0,0.0,7.435132131340679,0.0,7.435132131340679,1.3981533412793097e-08,4.0,6.0,0.1487026426268136,11.185000000000004,0.1487026426268136,1.500639085170643e-07,1.500639085170643e-07,0.0001500639085170643
1,Synthetic HIC 100-to-0% B validation,a40be568534792c3ddfd308707df936df545dce5596e4d41f071d8fbb0077b49,11.3,11.3,11.3,6.728611818226231e-05,Elution 2,1.0,0.0,0.0,6.810419100192495,0.0,6.810419100192495,6.642500363062434e-09,4.0,6.0,0.1362083820038499,10.560000000000004,0.1362083820038499,6.72861181822623e-08,6.72861181822623e-08,6.728611818226231e-05
1,Synthetic HIC 100-to-0% B validation,a40be568534792c3ddfd308707df936df545dce5596e4d41f071d8fbb0077b49,11.35,11.35,11.35,3.0290564261626166e-05,Elution 2,1.0,0.0,0.0,6.185286997655663,0.0,6.185286997655663,2.8698761865140076e-09,4.0,6.0,0.12370573995311325,9.935000001261745,0.12370573995311325,3.0290564261626166e-08,3.0290564261626166e-08,3.0290564261626166e-05
1,Synthetic HIC 100-to-0% B validation,a40be568534792c3ddfd308707df936df545dce5596e4d41f071d8fbb0077b49,11.4,11.4,11.4,1.3981533412793098e-05,Elution 2,1.0,0.0,0.0,5.558093264867534,0.0,5.558093264867534,1.2445353899497337e-09,4.0,6.0,0.11116186529735067,9.309999824782382,0.11116186529735063,1.3981533412793097e-08,1.3981533412793097e-08,1.3981533412793098e-05
1,Synthetic HIC 100-to-0% B validation,a40be568534792c3ddfd308707df936df545dce5596e4d41f071d8fbb0077b49,11.45,11.45,11.45,6.642500363062696e-06,Elution 2,1.0,0.0,0.0,4.927009059874231,0.0,4.927009059874231,6.064965156765839e-10,4.0,6.0,0.09854018119748462,8.684997063602758,0.09854018119748459,6.6425003630626955e-09,6.6425003630626955e-09,6.642500363062696e-06
1,Synthetic HIC 100-to-0% B validation,a40be568534792c3ddfd308707df936df545dce5596e4d41f071d8fbb0077b49,11.5,11.5,11.5,2.8698761865140076e-06,Elution 2,1.0,0.0,0.0,4.2925401346199665,0.0,4.2925401346199665,3.0048897163256256e-10,4.0,6.0,0.08585080269239934,8.060007650540177,0.08585080269239934,2.8698761865140076e-09,2.8698761865140076e-09,2.8698761865140076e-06
1,Synthetic HIC 100-to-0% B validation,a40be568534792c3ddfd308707df936df545dce5596e4d41f071d8fbb0077b49,11.55,11.55,11.55,1.2445353899497338e-06,Elution 2,1.0,0.0,0.0,3.660461362221447,0.0,3.660461362221447,1.4914303553616807e-10,4.0,6.0,0.07320922724442894,7.435132131340679,0.07320922724442892,1.2445353899497337e-09,1.2445353899497337e-09,1.2445353899497338e-06
1,Synthetic HIC 100-to-0% B validation,a40be568534792c3ddfd308707df936df545dce5596e4d41f071d8fbb0077b49,11.6,11.6,11.6,6.064965156765839e-07,Elution 2,1.0,0.0,0.0,3.0431821495840627,0.0,3.0431821495840627,7.390547249857942e-11,4.0,6.0,0.060863642991681254,6.810419100192517,0.06086364299168123,6.064965156765839e-10,6.064965156765839e-10,6.064965156765839e-07
1,Synthetic HIC 100-to-0% B validation,a40be568534792c3ddfd308707df936df545dce5596e4d41f071d8fbb0077b49,11.65,11.65,11.65,3.0048897163256255e-07,Elution 2,1.0,0.0,0.0,2.4583381110236453,0.0,2.4583381110236453,3.6520934404778626e-11,4.0,6.0,0.04916676222047291,6.185286997655663,0.04916676222047287,3.0048897163256256e-10,3.0048897163256256e-10,3.0048897163256255e-07
1,Synthetic HIC 100-to-0% B validation,a40be568534792c3ddfd308707df936df545dce5596e4d41f071d8fbb0077b49,11.7,11.7,11.7,1.4914303553617344e-07,Elution 2,1.0,0.0,0.0,1.924422387945511,0.0,1.924422387945511,1.799550382004471e-11,4.0,6.0,0.03848844775891022,5.558093264867556,0.0384884477589102,1.4914303553617345e-10,1.4914303553617345e-10,1.4914303553617344e-07
1,Synthetic HIC 100-to-0% B validation,a40be568534792c3ddfd308707df936df545dce5596e4d41f071d8fbb0077b49,11.75,11.75,11.75,7.390547249857943e-08,Elution 2,1.0,0.0,0.0,1.4521623055453143,0.0,1.4521623055453143,8.843864219943827e-12,4.0,6.0,0.029043246110906286,4.927009059874231,0.02904324611090627,7.390547249857942e-11,7.390547249857942e-11,7.390547249857943e-08
1,Synthetic HIC 100-to-0% B validation,a40be568534792c3ddfd308707df936df545dce5596e4d41f071d8fbb0077b49,11.8,11.8,11.8,3.652093440477863e-08,Elution 2,1.0,0.0,0.0,1.0617836697701966,0.0,1.0617836697701966,4.3361881559265565e-12,4.0,6.0,0.021235673395403932,4.2925401346199665,0.021235673395403918,3.6520934404778626e-11,3.6520934404778626e-11,3.652093440477863e-08
1,Synthetic HIC 100-to-0% B validation,a40be568534792c3ddfd308707df936df545dce5596e4d41f071d8fbb0077b49,11.85,11.85,11.85,1.7995503820044712e-08,Elution 2,1.0,0.0,0.0,0.7546044050477246,0.0,0.7546044050477246,2.1219501445867745e-12,4.0,6.0,0.015092088100954493,3.6604613622214695,0.015092088100954483,1.799550382004471e-11,1.799550382004471e-11,1.7995503820044712e-08
1,Synthetic HIC 100-to-0% B validation,a40be568534792c3ddfd308707df936df545dce5596e4d41f071d8fbb0077b49,11.9,11.9,11.9,8.843864219943827e-09,Elution 2,1.0,0.0,0.0,0.5223029663236073,0.0,0.5223029663236073,1.0368083520856262e-12,4.0,6.0,0.010446059326472147,3.0431821495840627,0.010446059326472136,8.843864219943827e-12,8.843864219943827e-12,8.843864219943827e-09
1,Synthetic HIC 100-to-0% B validation,a40be568534792c3ddfd308707df936df545dce5596e4d41f071d8fbb0077b49,11.95,11.95,11.95,4.336188155926716e-09,Elution 2,1.0,0.0,0.0,0.35291162518926084,0.0,0.35291162518926084,5.060060660021338e-13,4.0,6.0,0.007058232503785217,2.458338111023666,0.00705823250378521,4.3361881559267164e-12,4.3361881559267164e-12,4.336188155926716e-09
1,Synthetic HIC 100-to-0% B validation,a40be568534792c3ddfd308707df936df545dce5596e4d41f071d8fbb0077b49,12.0,12.0,12.0,2.1219501445867747e-09,Elution 2,1.0,0.0,0.0,0.23347224191347116,0.0,0.23347224191347116,2.467398134947429e-13,4.0,6.0,0.0046694448382694235,1.924422387945511,0.004669444838269419,2.1219501445867745e-12,2.1219501445867745e-12,2.1219501445867747e-09
1,Synthetic HIC 100-to-0% B validation,a40be568534792c3ddfd308707df936df545dce5596e4d41f071d8fbb0077b49,12.05,12.05,12.05,1.0368083520856263e-09,Elution 2,1.0,0.0,0.0,0.1517371217091395,0.0,0.1517371217091395,1.2024162760552026e-13,4.0,6.0,0.00303474243418279,1.4521623055453143,0.0030347424341827865,1.0368083520856262e-12,1.0368083520856262e-12,1.0368083520856263e-09
1,Synthetic HIC 100-to-0% B validation,a40be568534792c3ddfd308707df936df545dce5596e4d41f071d8fbb0077b49,12.1,12.1,12.1,5.060060660021338e-10,Elution 2,1.0,0.0,0.0,0.0972139413003776,0.0,0.0972139413003776,5.857114114955539e-14,4.0,6.0,0.0019442788260075519,1.0617836697702105,0.0019442788260075495,5.060060660021338e-13,5.060060660021338e-13,5.060060660021338e-10
1,Synthetic HIC 100-to-0% B validation,a40be568534792c3ddfd308707df936df545dce5596e4d41f071d8fbb0077b49,12.15,12.15,12.15,2.467398134947429e-10,Elution 2,1.0,0.0,0.0,0.06159228274525184,0.0,0.06159228274525184,2.85223693768362e-14,4.0,6.0,0.0012318456549050367,0.7546044050477246,0.001231845654905035,2.467398134947429e-13,2.467398134947429e-13,2.467398134947429e-10
1,Synthetic HIC 100-to-0% B validation,a40be568534792c3ddfd308707df936df545dce5596e4d41f071d8fbb0077b49,12.2,12.2,12.2,1.2024162760552475e-10,Elution 2,1.0,0.0,0.0,0.0386941227035652,0.0,0.0386941227035652,1.3886833425060145e-14,4.0,6.0,0.0007738824540713039,0.5223029663236155,0.0007738824540713027,1.2024162760552475e-13,1.2024162760552475e-13,1.2024162760552475e-10
1,Synthetic HIC 100-to-0% B validation,a40be568534792c3ddfd308707df936df545dce5596e4d41f071d8fbb0077b49,12.25,12.25,12.25,5.85711411495554e-11,Elution 2,1.0,0.0,0.0,0.02415292388451036,0.0,0.02415292388451036,6.7603007009544e-15,4.0,6.0,0.00048305847769020724,0.35291162518926084,0.00048305847769020653,5.857114114955539e-14,5.857114114955539e-14,5.85711411495554e-11
1,Synthetic HIC 100-to-0% B validation,a40be568534792c3ddfd308707df936df545dce5596e4d41f071d8fbb0077b49,12.3,12.3,12.3,2.8522369376836203e-11,Elution 2,1.0,0.0,0.0,0.015000915782589216,0.0,0.015000915782589216,3.2907414850587465e-15,4.0,6.0,0.0003000183156517843,0.23347224191347116,0.00030001831565178394,2.85223693768362e-14,2.85223693768362e-14,2.8522369376836203e-11
1,Synthetic HIC 100-to-0% B validation,a40be568534792c3ddfd308707df936df545dce5596e4d41f071d8fbb0077b49,12.35,12.35,12.35,1.3886833425060145e-11,Elution 2,1.0,0.0,0.0,0.009278854752353478,0.0,0.009278854752353478,1.6017675645384442e-15,4.0,6.0,0.00018557709504706956,0.15173712170914241,0.0001855770950470693,1.3886833425060145e-14,1.3886833425060145e-14,1.3886833425060145e-11
1,Synthetic HIC 100-to-0% B validation,a40be568534792c3ddfd308707df936df545dce5596e4d41f071d8fbb0077b49,12.4,12.4,12.4,6.7603007009544e-12,Elution 2,1.0,0.0,0.0,0.005719657318313082,0.0,0.005719657318313082,7.796354433748207e-16,4.0,6.0,0.00011439314636626164,0.0972139413003776,0.00011439314636626146,6.7603007009544e-15,6.7603007009544e-15,6.7603007009544e-12
1,Synthetic HIC 100-to-0% B validation,a40be568534792c3ddfd308707df936df545dce5596e4d41f071d8fbb0077b49,12.45,12.45,12.45,3.29074148505887e-12,Elution 2,1.0,0.0,0.0,0.0035152152186547097,0.0,0.0035152152186547097,3.7946811010468497e-16,4.0,6.0,7.030430437309419e-05,0.0615922827452531,7.030430437309408e-05,3.29074148505887e-15,3.29074148505887e-15,3.29074148505887e-12
1,Synthetic HIC 100-to-0% B validation,a40be568534792c3ddfd308707df936df545dce5596e4d41f071d8fbb0077b49,12.5,12.5,12.5,1.6017675645384442e-12,Elution 2,1.0,0.0,0.0,0.002154916878675993,0.0,0.002154916878675993,1.846944645210527e-16,4.0,6.0,4.309833757351986e-05,0.0386941227035652,4.309833757351979e-05,1.6017675645384442e-15,1.6017675645384442e-15,1.6017675645384442e-12
1,Synthetic HIC 100-to-0% B validation,a40be568534792c3ddfd308707df936df545dce5596e4d41f071d8fbb0077b49,12.55,12.55,12.55,7.796354433748208e-13,Elution 2,1.0,0.0,0.0,0.001318243356532556,0.0,0.001318243356532556,8.989371253854489e-17,4.0,6.0,2.636486713065112e-05,0.02415292388451036,2.6364867130651077e-05,7.796354433748207e-16,7.796354433748207e-16,7.796354433748208e-13
1,Synthetic HIC 100-to-0% B validation,a40be568534792c3ddfd308707df936df545dce5596e4d41f071d8fbb0077b49,12.6,12.6,12.6,3.79468110104685e-13,Elution 2,1.0,0.0,0.0,0.0008050642360227094,0.0,0.0008050642360227094,4.3752486959112804e-17,4.0,6.0,1.6101284720454187e-05,0.01500091578258954,1.6101284720454167e-05,3.7946811010468497e-16,3.7946811010468497e-16,3.79468110104685e-13
1,Synthetic HIC 100-to-0% B validation,a40be568534792c3ddfd308707df936df545dce5596e4d41f071d8fbb0077b49,12.65,12.65,12.65,1.846944645210527e-13,Elution 2,1.0,0.0,0.0,0.0004910183921039801,0.0,0.0004910183921039801,2.1294861691564667e-17,4.0,6.0,9.820367842079602e-06,0.009278854752353478,9.82036784207959e-06,1.846944645210527e-16,1.846944645210527e-16,1.846944645210527e-13
1,Synthetic HIC 100-to-0% B validation,a40be568534792c3ddfd308707df936df545dce5596e4d41f071d8fbb0077b49,12.7,12.7,12.7,8.989371253854826e-14,Elution 2,1.0,0.0,0.0,0.00029917472536535603,0.0,0.00029917472536535603,1.0364442489957516e-17,4.0,6.0,5.983494507307121e-06,0.005719657318313209,5.983494507307113e-06,8.989371253854826e-17,8.989371253854826e-17,8.989371253854826e-14
1,Synthetic HIC 100-to-0% B validation,a40be568534792c3ddfd308707df936df545dce5596e4d41f071d8fbb0077b49,12.75,12.75,12.75,4.3752486959112806e-14,Elution 2,1.0,0.0,0.0,0.00018214022727059076,0.0,0.00018214022727059076,5.0444795059616834e-18,4.0,6.0,3.6428045454118155e-06,0.0035152152186547097,3.6428045454118096e-06,4.3752486959112804e-17,4.3752486959112804e-17,4.3752486959112806e-14
1,Synthetic HIC 100-to-0% B validation,a40be568534792c3ddfd308707df936df545dce5596e4d41f071d8fbb0077b49,12.8,12.8,12.8,2.1294861691564668e-14,Elution 2,1.0,0.0,0.0,0.00011081558726211166,0.0,0.00011081558726211166,2.4551965225367947e-18,4.0,6.0,2.2163117452422332e-06,0.002154916878675993,2.21631174524223e-06,2.1294861691564667e-17,2.1294861691564667e-17,2.1294861691564668e-14
1,Synthetic HIC 100-to-0% B validation,a40be568534792c3ddfd308707df936df545dce5596e4d41f071d8fbb0077b49,12.85,12.85,12.85,1.0364442489957516e-14,Elution 2,1.0,0.0,0.0,6.738457142289639e-05,0.0,6.738457142289639e-05,1.1949667104442268e-18,4.0,6.0,1.3476914284579279e-06,0.0013182433565325858,1.3476914284579258e-06,1.0364442489957516e-17,1.0364442489957516e-17,1.0364442489957516e-14
1,Synthetic HIC 100-to-0% B validation,a40be568534792c3ddfd308707df936df545dce5596e4d41f071d8fbb0077b49,12.9,12.9,12.9,5.044479505961683e-15,Elution 2,1.0,0.0,0.0,4.095582581574683e-05,0.0,4.095582581574683e-05,5.816010176730008e-19,4.0,6.0,8.191165163149366e-07,0.0008050642360227094,8.191165163149354e-07,5.0444795059616834e-18,5.0444795059616834e-18,5.044479505961683e-15
1,Synthetic HIC 100-to-0% B validation,a40be568534792c3ddfd308707df936df545dce5596e4d41f071d8fbb0077b49,12.95,12.95,12.95,2.4551965225368863e-15,Elution 2,1.0,0.0,0.0,2.4883879622864844e-05,0.0,2.4883879622864844e-05,2.830703998179482e-19,4.0,6.0,4.976775924572969e-07,0.0004910183921039912,4.976775924572963e-07,2.4551965225368863e-18,2.4551965225368863e-18,2.4551965225368863e-15
1,Synthetic HIC 100-to-0% B validation,a40be568534792c3ddfd308707df936df545dce5596e4d41f071d8fbb0077b49,13.0,13.0,13.0,1.1949667104442269e-15,Elution 2,1.0,0.0,0.0,1.5114503423469266e-05,0.0,1.5114503423469266e-05,1.377729107070096e-19,4.0,6.0,3.0229006846938534e-07,0.00029917472536535603,3.022900684693848e-07,1.1949667104442268e-18,1.1949667104442268e-18,1.1949667104442269e-15
1,Synthetic HIC 100-to-0% B validation,a40be568534792c3ddfd308707df936df545dce5596e4d41f071d8fbb0077b49,13.05,13.05,13.05,5.816010176730009e-16,Elution 2,1.0,0.0,0.0,9.178551929791922e-06,0.0,9.178551929791922e-06,6.705534173982131e-20,4.0,6.0,1.8357103859583845e-07,0.00018214022727059076,1.835710385958383e-07,5.816010176730008e-19,5.816010176730008e-19,5.816010176730009e-16
1,Synthetic HIC 100-to-0% B validation,a40be568534792c3ddfd308707df936df545dce5596e4d41f071d8fbb0077b49,13.1,13.1,13.1,2.8307039981794817e-16,Elution 2,1.0,0.0,0.0,5.573688293142072e-06,0.0,5.573688293142072e-06,3.263646845149115e-20,4.0,6.0,1.1147376586284144e-07,0.0001108155872621142,1.1147376586284126e-07,2.830703998179482e-19,2.830703998179482e-19,2.8307039981794817e-16
1,Synthetic HIC 100-to-0% B validation,a40be568534792c3ddfd308707df936df545dce5596e4d41f071d8fbb0077b49,13.15,13.15,13.15,1.377729107070096e-16,Elution 2,1.0,0.0,0.0,3.3842109602049304e-06,0.0,3.3842109602049304e-06,1.588448694104829e-20,4.0,6.0,6.768421920409861e-08,6.738457142289639e-05,6.768421920409854e-08,1.377729107070096e-19,1.377729107070096e-19,1.377729107070096e-16
1,Synthetic HIC 100-to-0% B validation,a40be568534792c3ddfd308707df936df545dce5596e4d41f071d8fbb0077b49,13.2,13.2,13.2,6.705534173982381e-17,Elution 2,1.0,0.0,0.0,2.0545143245916206e-06,0.0,2.0545143245916206e-06,7.731138840497128e-21,4.0,6.0,4.109028649183241e-08,4.0955825815747765e-05,4.109028649183234e-08,6.705534173982382e-20,6.705534173982382e-20,6.705534173982381e-17
1,Synthetic HIC 100-to-0% B validation,a40be568534792c3ddfd308707df936df545dce5596e4d41f071d8fbb0077b49,13.25,13.25,13.25,3.263646845149115e-17,Elution 2,1.0,0.0,0.0,1.2477202132076043e-06,0.0,1.2477202132076043e-06,3.762824525889702e-21,4.0,6.0,2.4954404264152085e-08,2.4883879622864844e-05,2.4954404264152038e-08,3.263646845149115e-20,3.263646845149115e-20,3.263646845149115e-17
1,Synthetic HIC 100-to-0% B validation,a40be568534792c3ddfd308707df936df545dce5596e4d41f071d8fbb0077b49,13.3,13.3,13.3,1.588448694104829e-17,Elution 2,1.0,0.0,0.0,7.581360267360149e-07,0.0,7.581360267360149e-07,1.8314059556321095e-21,4.0,6.0,1.5162720534720298e-08,1.5114503423469266e-05,1.5162720534720288e-08,1.588448694104829e-20,1.588448694104829e-20,1.588448694104829e-17
1,Synthetic HIC 100-to-0% B validation,a40be568534792c3ddfd308707df936df545dce5596e4d41f071d8fbb0077b49,13.35,13.35,13.35,7.731138840497129e-18,Elution 2,1.0,0.0,0.0,4.603913905535915e-07,0.0,4.603913905535915e-07,8.91364607183773e-22,4.0,6.0,9.20782781107183e-09,9.178551929792132e-06,9.207827811071818e-09,7.731138840497128e-21,7.731138840497128e-21,7.731138840497129e-18
1,Synthetic HIC 100-to-0% B validation,a40be568534792c3ddfd308707df936df545dce5596e4d41f071d8fbb0077b49,13.4,13.4,13.4,3.7628245258897024e-18,Elution 2,1.0,0.0,0.0,2.795539256766434e-07,0.0,2.795539256766434e-07,4.338366191198578e-22,4.0,6.0,5.591078513532868e-09,5.573688293142072e-06,5.591078513532862e-09,3.762824525889702e-21,3.762824525889702e-21,3.7628245258897024e-18
1,Synthetic HIC 100-to-0% B validation,a40be568534792c3ddfd308707df936df545dce5596e4d41f071d8fbb0077b49,13.45,13.45,13.45,1.831405955632178e-18,Elution 2,1.0,0.0,0.0,1.701271001400176e-07,0.0,1.701271001400176e-07,2.1115289867875525e-22,4.0,6.0,3.402542002800352e-09,3.3842109602050083e-06,3.402542002800347e-09,1.831405955632178e-21,1.831405955632178e-21,1.831405955632178e-18
1,Synthetic HIC 100-to-0% B validation,a40be568534792c3ddfd308707df936df545dce5596e4d41f071d8fbb0077b49,13.5,13.5,13.5,8.913646071837732e-19,Elution 2,1.0,0.0,0.0,1.039864299277232e-07,0.0,1.039864299277232e-07,1.0277036199496247e-22,4.0,6.0,2.079728598554464e-09,2.0545143245916206e-06,2.07972859855446e-09,8.91364607183773e-22,8.91364607183773e-22,8.913646071837732e-19
1,Synthetic HIC 100-to-0% B validation,a40be568534792c3ddfd308707df936df545dce5596e4d41f071d8fbb0077b49,13.55,13.55,13.55,4.338366191198578e-19,Elution 2,1.0,0.0,0.0,6.365230819010813e-08,0.0,6.365230819010813e-08,5.0019427466449805e-23,4.0,6.0,1.2730461638021625e-09,1.2477202132076043e-06,1.2730461638021677e-09,4.338366191198578e-22,4.338366191198578e-22,4.338366191198578e-19
1,Synthetic HIC 100-to-0% B validation,a40be568534792c3ddfd308707df936df545dce5596e4d41f071d8fbb0077b49,13.6,13.6,13.6,2.1115289867875525e-19,Elution 2,1.0,0.0,0.0,3.881652084047719e-08,0.0,3.881652084047719e-08,2.4344986826269931e-23,4.0,6.0,7.763304168095439e-10,7.581360267360323e-07,7.763304168095465e-10,2.1115289867875525e-22,2.1115289867875525e-22,2.1115289867875525e-19
1,Synthetic HIC 100-to-0% B validation,a40be568534792c3ddfd308707df936df545dce5596e4d41f071d8fbb0077b49,13.65,13.65,13.65,1.0277036199496247e-19,Elution 2,1.0,0.0,0.0,2.3601633993761008e-08,0.0,2.3601633993761008e-08,1.1848964042123212e-23,4.0,6.0,4.720326798752201e-10,4.603913905535915e-07,4.720326798752149e-10,1.0277036199496247e-22,1.0277036199496247e-22,1.0277036199496247e-19
1,Synthetic HIC 100-to-0% B validation,a40be568534792c3ddfd308707df936df545dce5596e4d41f071d8fbb0077b49,13.7,13.7,13.7,5.001942746645167e-20,Elution 2,1.0,0.0,0.0,1.4418195528363343e-08,0.0,1.4418195528363343e-08,5.767017173820481e-24,4.0,6.0,2.883639105672669e-10,2.795539256766498e-07,2.8836391056726275e-10,5.0019427466451674e-23,5.0019427466451674e-23,5.001942746645167e-20
1,Synthetic HIC 100-to-0% B validation,a40be568534792c3ddfd308707df936df545dce5596e4d41f071d8fbb0077b49,13.75,13.75,13.75,2.434498682626993e-20,Elution 2,1.0,0.0,0.0,9.143901063959958e-09,0.0,9.143901063959958e-09,2.8068690282760894e-24,4.0,6.0,1.8287802127919916e-10,1.701271001400176e-07,1.828780212792045e-10,2.4344986826269931e-23,2.4344986826269931e-23,2.434498682626993e-20
1,Synthetic HIC 100-to-0% B validation,a40be568534792c3ddfd308707df936df545dce5596e4d41f071d8fbb0077b49,13.8,13.8,13.8,1.1848964042123212e-20,Elution 2,1.0,0.0,0.0,6.009558214801516e-09,0.0,6.009558214801516e-09,1.3661333894989895e-24,4.0,6.0,1.201911642960303e-10,1.039864299277232e-07,1.201911642960409e-10,1.1848964042123212e-23,1.1848964042123212e-23,1.1848964042123212e-20
1,Synthetic HIC 100-to-0% B validation,a40be568534792c3ddfd308707df936df545dce5596e4d41f071d8fbb0077b49,13.85,13.85,13.85,5.767017173820481e-21,Elution 2,1.0,0.0,0.0,4.250635517772733e-09,0.0,4.250635517772733e-09,6.649119349759821e-25,4.0,6.0,8.501271035545467e-11,6.365230819010956e-08,8.501271035546701e-11,5.767017173820481e-24,5.767017173820481e-24,5.767017173820481e-21
1,Synthetic HIC 100-to-0% B validation,a40be568534792c3ddfd308707df936df545dce5596e4d41f071d8fbb0077b49,13.9,13.9,13.9,2.8068690282760893e-21,Elution 2,1.0,0.0,0.0,2.8950332586379513e-09,0.0,2.8950332586379513e-09,3.2361990336141024e-25,4.0,6.0,5.790066517275903e-11,3.881652084047719e-08,5.790066517276286e-11,2.8068690282760894e-24,2.8068690282760894e-24,2.8068690282760893e-21
1,Synthetic HIC 100-to-0% B validation,a40be568534792c3ddfd308707df936df545dce5596e4d41f071d8fbb0077b49,13.95,13.95,13.95,1.3661333894990405e-21,Elution 2,1.0,0.0,0.0,1.8656511752791077e-09,0.0,1.8656511752791077e-09,1.5750937056096074e-25,4.0,6.0,3.731302350558215e-11,2.3601633993761547e-08,3.7313023505578276e-11,1.3661333894990406e-24,1.3661333894990406e-24,1.3661333894990405e-21
1,Synthetic HIC 100-to-0% B validation,a40be568534792c3ddfd308707df936df545dce5596e4d41f071d8fbb0077b49,14.0,14.0,14.0,6.649119349759821e-22,Elution 2,1.0,0.0,0.0,1.087107275527262e-09,0.0,1.087107275527262e-09,7.666155841704712e-26,4.0,6.0,2.1742145510545243e-11,1.4418195528363343e-08,2.1742145510536292e-11,6.649119349759821e-25,6.649119349759821e-25,6.649119349759821e-22
1,Synthetic HIC 100-to-0% B validation,a40be568534792c3ddfd308707df936df545dce5596e4d41f071d8fbb0077b49,14.05,14.05,14.05,3.2361990336141025e-22,Elution 2,1.0,0.0,0.0,6.114985495475356e-10,0.0,6.114985495475356e-10,3.7312037087574217e-26,4.0,6.0,1.2229970990950712e-11,9.143901063959958e-09,1.2229970990944794e-11,3.2361990336141024e-25,3.2361990336141024e-25,3.2361990336141025e-22
1,Synthetic HIC 100-to-0% B validation,a40be568534792c3ddfd308707df936df545dce5596e4d41f071d8fbb0077b49,14.1,14.1,14.1,1.5750937056096074e-22,Elution 2,1.0,0.0,0.0,3.666247853632848e-10,0.0,3.666247853632848e-10,1.81601878609349e-26,4.0,6.0,7.332495707265696e-12,6.009558214801627e-09,7.332495707265358e-12,1.5750937056096074e-25,1.5750937056096074e-25,1.5750937056096074e-22
1,Synthetic HIC 100-to-0% B validation,a40be568534792c3ddfd308707df936df545dce5596e4d41f071d8fbb0077b49,14.15,14.15,14.15,7.666155841704711e-23,Elution 2,1.0,0.0,0.0,2.8681575499056565e-10,0.0,2.8681575499056565e-10,8.838768559561556e-27,4.0,6.0,5.736315099811313e-12,4.250635517772733e-09,5.73631509981665e-12,7.666155841704712e-26,7.666155841704712e-26,7.666155841704711e-23
1,Synthetic HIC 100-to-0% B validation,a40be568534792c3ddfd308707df936df545dce5596e4d41f071d8fbb0077b49,14.2,14.2,14.2,3.7312037087575616e-23,Elution 2,1.0,0.0,0.0,3.2139645465763043e-10,0.0,3.2139645465763043e-10,4.30192888937929e-27,4.0,6.0,6.4279290931526085e-12,2.8950332586379993e-09,6.42792909316356e-12,3.731203708757562e-26,3.731203708757562e-26,3.7312037087575616e-23
1,Synthetic HIC 100-to-0% B validation,a40be568534792c3ddfd308707df936df545dce5596e4d41f071d8fbb0077b49,14.25,14.25,14.25,1.81601878609349e-23,Elution 2,1.0,0.0,0.0,3.8545586659848395e-10,0.0,3.8545586659848395e-10,2.0937977340007053e-27,4.0,6.0,7.709117331969679e-12,1.8656511752791077e-09,7.709117331984602e-12,1.81601878609349e-26,1.81601878609349e-26,1.81601878609349e-23
1,Synthetic HIC 100-to-0% B validation,a40be568534792c3ddfd308707df936df545dce5596e4d41f071d8fbb0077b49,14.3,14.3,14.3,8.838768559561556e-24,Elution 2,1.0,0.0,0.0,3.205471089193042e-10,0.0,3.205471089193042e-10,1.0190752462552918e-27,4.0,6.0,6.410942178386084e-12,1.087107275527262e-09,6.410942178394952e-12,8.838768559561556e-27,8.838768559561556e-27,8.838768559561556e-24
1,Synthetic HIC 100-to-0% B validation,a40be568534792c3ddfd308707df936df545dce5596e4d41f071d8fbb0077b49,14.35,14.35,14.35,4.30192888937929e-24,Elution 2,1.0,0.0,0.0,3.0819735881454633e-10,0.0,3.0819735881454633e-10,4.95995578851784e-28,4.0,6.0,6.163947176290927e-12,6.114985495475524e-10,6.163947176295936e-12,4.30192888937929e-27,4.30192888937929e-27,4.30192888937929e-24
1,Synthetic HIC 100-to-0% B validation,a40be568534792c3ddfd308707df936df545dce5596e4d41f071d8fbb0077b49,14.4,14.4,14.4,2.0937977340007053e-24,Elution 2,1.0,0.0,0.0,2.4028168156294914e-10,0.0,2.4028168156294914e-10,2.414067342426644e-28,4.0,6.0,4.805633631258983e-12,3.666247853632848e-10,4.805633631258107e-12,2.0937977340007053e-27,2.0937977340007053e-27,2.0937977340007053e-24
1,Synthetic HIC 100-to-0% B validation,a40be568534792c3ddfd308707df936df545dce5596e4d41f071d8fbb0077b49,14.45,14.45,14.45,1.01907524625533e-24,Elution 2,1.0,0.0,0.0,1.2160418796716384e-10,0.0,1.2160418796716384e-10,1.1749543043327965e-28,4.0,6.0,2.432083759343277e-12,2.868157549905685e-10,2.432083759336006e-12,1.01907524625533e-27,1.01907524625533e-27,1.01907524625533e-24
1,Synthetic HIC 100-to-0% B validation,a40be568534792c3ddfd308707df936df545dce5596e4d41f071d8fbb0077b49,14.5,14.5,14.5,4.95995578851784e-25,Elution 2,1.0,0.0,0.0,1.4911644529464115e-11,0.0,1.4911644529464115e-11,5.718637803863314e-29,4.0,6.0,2.982328905892823e-13,3.2139645465763043e-10,2.98232890577903e-13,4.95995578851784e-28,4.95995578851784e-28,4.95995578851784e-25
1,Synthetic HIC 100-to-0% B validation,a40be568534792c3ddfd308707df936df545dce5596e4d41f071d8fbb0077b49,14.55,14.55,14.55,2.4140673424266437e-25,Elution 2,1.0,0.0,0.0,-4.989229025303342e-11,0.0,0.0,2.7833269513815286e-29,4.0,6.0,0.0,3.8545586659848395e-10,0.0,2.414067342426644e-28,2.414067342426644e-28,2.4140673424266437e-25
1,Synthetic HIC 100-to-0% B validation,a40be568534792c3ddfd308707df936df545dce5596e4d41f071d8fbb0077b49,14.6,14.6,14.6,1.1749543043327965e-25,Elution 2,1.0,0.0,0.0,-8.798521013401537e-11,0.0,0.0,1.3546773911803682e-29,4.0,6.0,0.0,3.2054710891930646e-10,0.0,1.1749543043327965e-28,1.1749543043327965e-28,1.1749543043327965e-25
1,Synthetic HIC 100-to-0% B validation,a40be568534792c3ddfd308707df936df545dce5596e4d41f071d8fbb0077b49,14.65,14.65,14.65,5.718637803863314e-26,Elution 2,1.0,0.0,0.0,-1.0817315084575052e-10,0.0,0.0,6.593371856401723e-30,4.0,6.0,0.0,3.0819735881454633e-10,0.0,5.718637803863314e-29,5.718637803863314e-29,5.718637803863314e-26
1,Synthetic HIC 100-to-0% B validation,a40be568534792c3ddfd308707df936df545dce5596e4d41f071d8fbb0077b49,14.7,14.7,14.7,2.783326951381633e-26,Elution 2,1.0,0.0,0.0,-7.637311248659043e-11,0.0,0.0,3.209070752984992e-30,4.0,6.0,0.0,2.402816815629515e-10,0.0,2.783326951381633e-29,2.783326951381633e-29,2.783326951381633e-26
1,Synthetic HIC 100-to-0% B validation,a40be568534792c3ddfd308707df936df545dce5596e4d41f071d8fbb0077b49,14.75,14.75,14.75,1.3546773911803684e-26,Elution 2,1.0,0.0,0.0,-5.3425085246576986e-11,0.0,0.0,1.561892192038902e-30,4.0,6.0,0.0,1.2160418796716384e-10,0.0,1.3546773911803682e-29,1.3546773911803682e-29,1.3546773911803684e-26
1,Synthetic HIC 100-to-0% B validation,a40be568534792c3ddfd308707df936df545dce5596e4d41f071d8fbb0077b49,14.8,14.8,14.8,6.593371856401723e-27,Elution 2,1.0,0.0,0.0,-1.9792038013121538e-11,0.0,0.0,7.601912310195368e-31,4.0,6.0,0.0,1.4911644529464115e-11,0.0,6.593371856401723e-30,6.593371856401723e-30,6.593371856401723e-27
1,Synthetic HIC 100-to-0% B validation,a40be568534792c3ddfd308707df936df545dce5596e4d41f071d8fbb0077b49,14.85,14.85,14.85,3.209070752984992e-27,Elution 2,1.0,0.0,0.0,1.6435094899630165e-11,0.0,1.6435094899630165e-11,3.6999401376627087e-31,4.0,6.0,3.2870189799260334e-13,5.299125799167834e-25,3.287018982547749e-13,3.209070752984992e-30,3.209070752984992e-30,3.209070752984992e-27
1,Synthetic HIC 100-to-0% B validation,a40be568534792c3ddfd308707df936df545dce5596e4d41f071d8fbb0077b49,14.9,14.9,14.9,1.5618921920389021e-27,Elution 2,1.0,0.0,0.0,4.132641447763775e-11,0.0,4.132641447763775e-11,1.8008045517038857e-31,4.0,6.0,8.26528289552755e-13,0.0,8.265282898795176e-13,1.561892192038902e-30,1.561892192038902e-30,1.5618921920389021e-27
1,Synthetic HIC 100-to-0% B validation,a40be568534792c3ddfd308707df936df545dce5596e4d41f071d8fbb0077b49,14.95,14.95,14.95,7.601912310195654e-28,Elution 2,1.0,0.0,0.0,5.2114599977190825e-11,0.0,5.2114599977190825e-11,8.764729222841414e-32,4.0,6.0,1.0422919995438165e-12,0.0,1.042291999909174e-12,7.601912310195654e-31,7.601912310195654e-31,7.601912310195654e-28
1,Synthetic HIC 100-to-0% B validation,a40be568534792c3ddfd308707df936df545dce5596e4d41f071d8fbb0077b49,15.0,15.0,15.0,3.6999401376627085e-28,Elution 2,1.0,0.0,0.0,4.206715348666786e-11,0.0,4.206715348666786e-11,4.225070807746235e-32,4.0,6.0,8.413430697333573e-13,0.0,8.413430700923436e-13,3.6999401376627087e-31,3.6999401376627087e-31,3.6999401376627085e-28
