run_number,run_name,settings_fingerprint,time_min,CV,volume_mL,uv_mAU,program_stage,flow_mL_min,percent_B,programmed_percent_B,column_percent_B,programmed_conductivity_mS_cm,column_conductivity_mS_cm,column_total_protein_g_L,stage_index,pH,salt_concentration_M,conductivity_mS_cm,ionic_strength_M,programmed_salt_concentration_M,binding_salt_concentration_M,binding_ionic_strength_M,total_protein_g_L,Target protein_g_L,Target protein_uv_mAU
1,R16 independent salt regression,1845118b1a30d8077c03bedb8de1c2d563fdf170149595a41d4a823027599db6,0.0,0.0,0.0,0.0,Load,1.0,100.0,100.0,100.0,50.0,50.0,0.0,1.0,6.0,2.0,50.0,2.0,2.0,2.0,2.0,0.0,0.0,0.0
1,R16 independent salt regression,1845118b1a30d8077c03bedb8de1c2d563fdf170149595a41d4a823027599db6,0.030000000000000002,0.030000000000000002,0.030000000000000002,0.0,Load,1.0,100.0,100.0,100.0,50.0,50.0,0.0,1.0,6.0,2.0,50.0,2.0,2.0,2.0,2.0,0.0,0.0,0.0
1,R16 independent salt regression,1845118b1a30d8077c03bedb8de1c2d563fdf170149595a41d4a823027599db6,0.060000000000000005,0.060000000000000005,0.060000000000000005,0.0,Load,1.0,100.0,100.0,100.0,50.0,50.0,1.909536964323251e-72,1.0,6.0,2.0,50.0,2.0,2.0,2.0,2.0,0.0,0.0,0.0
1,R16 independent salt regression,1845118b1a30d8077c03bedb8de1c2d563fdf170149595a41d4a823027599db6,0.09000000000000001,0.09000000000000001,0.09000000000000001,0.0,Load,1.0,100.0,100.0,100.0,50.0,50.0,0.0,1.0,6.0,2.0,50.0,2.0,2.0,2.0,2.0,0.0,0.0,0.0
1,R16 independent salt regression,1845118b1a30d8077c03bedb8de1c2d563fdf170149595a41d4a823027599db6,0.12000000000000001,0.12000000000000001,0.12000000000000001,0.0,Load,1.0,100.0,100.0,100.0,50.0,50.0,0.0,1.0,6.0,2.0,50.0,2.0,2.0,2.0,2.0,0.0,0.0,0.0
1,R16 independent salt regression,1845118b1a30d8077c03bedb8de1c2d563fdf170149595a41d4a823027599db6,0.15,0.15,0.15,0.0,Load,1.0,100.0,100.0,100.0,50.0,50.0,3.076597815246779e-69,1.0,6.0,2.0,50.0,2.0,2.0,2.0,2.0,0.0,0.0,0.0
1,R16 independent salt regression,1845118b1a30d8077c03bedb8de1c2d563fdf170149595a41d4a823027599db6,0.18000000000000002,0.18000000000000002,0.18000000000000002,1.5458420134532808e-84,Load,1.0,100.0,100.0,100.0,50.0,50.0,7.839947227181938e-68,1.0,6.0,2.0,50.0,2.0,2.0,2.0,2.0,1.5458420134532807e-87,1.5458420134532807e-87,1.5458420134532808e-84
1,R16 independent salt regression,1845118b1a30d8077c03bedb8de1c2d563fdf170149595a41d4a823027599db6,0.21,0.21,0.21,1.9095369643232507e-69,Load,1.0,100.0,100.0,100.0,50.0,50.0,7.811386974491442e-68,1.0,6.0,2.0,50.0,2.0,2.0,2.0,2.0,1.9095369643232508e-72,1.9095369643232508e-72,1.9095369643232507e-69
1,R16 independent salt regression,1845118b1a30d8077c03bedb8de1c2d563fdf170149595a41d4a823027599db6,0.24000000000000002,0.24000000000000002,0.24000000000000002,0.0,Load,1.0,100.0,100.0,100.0,50.0,50.0,0.0,1.0,6.0,2.0,50.0,2.0,2.0,2.0,2.0,0.0,0.0,0.0
1,R16 independent salt regression,1845118b1a30d8077c03bedb8de1c2d563fdf170149595a41d4a823027599db6,0.26999999999999996,0.26999999999999996,0.26999999999999996,0.0,Load,1.0,100.0,100.0,100.0,50.0,50.0,0.0,1.0,6.0,2.0,50.0,2.0,2.0,2.0,2.0,0.0,0.0,0.0
1,R16 independent salt regression,1845118b1a30d8077c03bedb8de1c2d563fdf170149595a41d4a823027599db6,0.3,0.3,0.3,3.0765978152467785e-66,Load,1.0,100.0,100.0,100.0,50.0,50.0,4.508011168193015e-67,1.0,6.0,2.0,50.0,2.0,2.0,2.0,2.0,3.076597815246779e-69,3.076597815246779e-69,3.0765978152467785e-66
1,R16 independent salt regression,1845118b1a30d8077c03bedb8de1c2d563fdf170149595a41d4a823027599db6,0.33,0.33,0.33,7.839947227181938e-65,Load,1.0,100.0,100.0,100.0,50.0,50.0,8.560353886897798e-67,1.0,6.0,2.0,50.0,2.0,2.0,2.0,2.0,7.839947227181938e-68,7.839947227181938e-68,7.839947227181938e-65
1,R16 independent salt regression,1845118b1a30d8077c03bedb8de1c2d563fdf170149595a41d4a823027599db6,0.36000000000000004,0.36000000000000004,0.36000000000000004,7.811386974491427e-65,Load,1.0,100.0,100.0,100.0,50.0,50.0,0.0,1.0,6.0,2.0,50.0,2.0,2.0,2.0,2.0,7.811386974491427e-68,7.811386974491427e-68,7.811386974491427e-65
1,R16 independent salt regression,1845118b1a30d8077c03bedb8de1c2d563fdf170149595a41d4a823027599db6,0.39,0.39,0.39,0.0,Load,1.0,100.0,100.0,100.0,50.0,50.0,0.0,1.0,6.0,2.0,50.0,2.0,2.0,2.0,2.0,0.0,0.0,0.0
1,R16 independent salt regression,1845118b1a30d8077c03bedb8de1c2d563fdf170149595a41d4a823027599db6,0.42,0.42,0.42,8.341496323658717e-79,Load,1.0,100.0,100.0,100.0,50.0,50.0,0.0,1.0,6.0,2.0,50.0,2.0,2.0,2.0,2.0,8.341496323658716e-82,8.341496323658716e-82,8.341496323658717e-79
1,R16 independent salt regression,1845118b1a30d8077c03bedb8de1c2d563fdf170149595a41d4a823027599db6,0.45,0.45,0.45,4.508011168193022e-64,Load,1.0,100.0,100.0,100.0,50.0,50.0,1.0895480070392686e-66,1.0,6.0,2.0,50.0,2.0,2.0,2.0,2.0,4.508011168193022e-67,4.508011168193022e-67,4.508011168193022e-64
1,R16 independent salt regression,1845118b1a30d8077c03bedb8de1c2d563fdf170149595a41d4a823027599db6,0.48000000000000004,0.48000000000000004,0.48000000000000004,8.560353886897782e-64,Load,1.0,100.0,100.0,100.0,50.0,50.0,5.973541321921843e-67,1.0,6.0,2.0,50.0,2.0,2.0,2.0,2.0,8.560353886897782e-67,8.560353886897782e-67,8.560353886897782e-64
1,R16 independent salt regression,1845118b1a30d8077c03bedb8de1c2d563fdf170149595a41d4a823027599db6,0.51,0.51,0.51,1.5813296914845785e-78,Load,1.0,100.0,100.0,100.0,50.0,50.0,0.0,1.0,6.0,2.0,50.0,2.0,2.0,2.0,2.0,1.5813296914845785e-81,1.5813296914845785e-81,1.5813296914845785e-78
1,R16 independent salt regression,1845118b1a30d8077c03bedb8de1c2d563fdf170149595a41d4a823027599db6,0.5399999999999999,0.5399999999999999,0.5399999999999999,0.0,Load,1.0,100.0,100.0,100.0,50.0,50.0,0.0,1.0,6.0,2.0,50.0,2.0,2.0,2.0,2.0,0.0,0.0,0.0
1,R16 independent salt regression,1845118b1a30d8077c03bedb8de1c2d563fdf170149595a41d4a823027599db6,0.5700000000000001,0.5700000000000001,0.5700000000000001,2.0160688064157452e-78,Load,1.0,100.0,100.0,100.0,50.0,50.0,1.4566017074694563e-66,1.0,6.0,2.0,50.0,2.0,2.0,2.0,2.0,2.0160688064157451e-81,2.0160688064157451e-81,2.0160688064157452e-78
1,R16 independent salt regression,1845118b1a30d8077c03bedb8de1c2d563fdf170149595a41d4a823027599db6,0.6,0.6,0.6,1.0895480070392665e-63,Load,1.0,100.0,100.0,100.0,50.0,50.0,1.782813011416416e-66,1.0,6.0,2.0,50.0,2.0,2.0,2.0,2.0,1.0895480070392666e-66,1.0895480070392666e-66,1.0895480070392665e-63
1,R16 independent salt regression,1845118b1a30d8077c03bedb8de1c2d563fdf170149595a41d4a823027599db6,0.6300000000000001,0.6300000000000001,0.6300000000000001,5.9735413219218326e-64,Load,1.0,100.0,100.0,100.0,50.0,50.0,0.0,1.0,6.0,2.0,50.0,2.0,2.0,2.0,2.0,5.973541321921833e-67,5.973541321921833e-67,5.9735413219218326e-64
1,R16 independent salt regression,1845118b1a30d8077c03bedb8de1c2d563fdf170149595a41d4a823027599db6,0.66,0.66,0.66,0.0,Load,1.0,100.0,100.0,100.0,50.0,50.0,0.0,1.0,6.0,2.0,50.0,2.0,2.0,2.0,2.0,0.0,0.0,0.0
1,R16 independent salt regression,1845118b1a30d8077c03bedb8de1c2d563fdf170149595a41d4a823027599db6,0.69,0.69,0.69,0.0,Load,1.0,100.0,100.0,100.0,50.0,50.0,0.0,1.0,6.0,2.0,50.0,2.0,2.0,2.0,2.0,0.0,0.0,0.0
1,R16 independent salt regression,1845118b1a30d8077c03bedb8de1c2d563fdf170149595a41d4a823027599db6,0.7200000000000001,0.7200000000000001,0.7200000000000001,1.4566017074694564e-63,Load,1.0,100.0,100.0,100.0,50.0,50.0,1.2367447108509671e-66,1.0,6.0,2.0,50.0,2.0,2.0,2.0,2.0,1.4566017074694563e-66,1.4566017074694563e-66,1.4566017074694564e-63
1,R16 independent salt regression,1845118b1a30d8077c03bedb8de1c2d563fdf170149595a41d4a823027599db6,0.75,0.75,0.75,1.782813011416416e-63,Load,1.0,100.0,100.0,100.0,50.0,50.0,0.0,1.0,6.0,2.0,50.0,2.0,2.0,2.0,2.0,1.782813011416416e-66,1.782813011416416e-66,1.782813011416416e-63
1,R16 independent salt regression,1845118b1a30d8077c03bedb8de1c2d563fdf170149595a41d4a823027599db6,0.78,0.78,0.78,6.85242866309984e-78,Load,1.0,100.0,100.0,100.0,50.0,50.0,0.0,1.0,6.0,2.0,50.0,2.0,2.0,2.0,2.0,6.85242866309984e-81,6.85242866309984e-81,6.85242866309984e-78
1,R16 independent salt regression,1845118b1a30d8077c03bedb8de1c2d563fdf170149595a41d4a823027599db6,0.81,0.81,0.81,0.0,Load,1.0,100.0,100.0,100.0,50.0,50.0,0.0,1.0,6.0,2.0,50.0,2.0,2.0,2.0,2.0,0.0,0.0,0.0
1,R16 independent salt regression,1845118b1a30d8077c03bedb8de1c2d563fdf170149595a41d4a823027599db6,0.84,0.84,0.84,0.0,Load,1.0,100.0,100.0,100.0,50.0,50.0,0.0,1.0,6.0,2.0,50.0,2.0,2.0,2.0,2.0,0.0,0.0,0.0
1,R16 independent salt regression,1845118b1a30d8077c03bedb8de1c2d563fdf170149595a41d4a823027599db6,0.87,0.87,0.87,1.2367447108509625e-63,Load,1.0,100.0,100.0,100.0,50.0,50.0,1.2027709127695782e-66,1.0,6.0,2.0,50.0,2.0,2.0,2.0,2.0,1.2367447108509627e-66,1.2367447108509627e-66,1.2367447108509625e-63
1,R16 independent salt regression,1845118b1a30d8077c03bedb8de1c2d563fdf170149595a41d4a823027599db6,0.9,0.9,0.9,0.0,Load,1.0,100.0,100.0,100.0,50.0,50.0,1.2060107770095918e-66,1.0,6.0,2.0,50.0,2.0,2.0,2.0,2.0,0.0,0.0,0.0
1,R16 independent salt regression,1845118b1a30d8077c03bedb8de1c2d563fdf170149595a41d4a823027599db6,0.93,0.93,0.93,0.0,Load,1.0,100.0,100.0,100.0,50.0,50.0,1.0281766375544738e-66,1.0,6.0,2.0,50.0,2.0,2.0,2.0,2.0,0.0,0.0,0.0
1,R16 independent salt regression,1845118b1a30d8077c03bedb8de1c2d563fdf170149595a41d4a823027599db6,0.9600000000000001,0.9600000000000001,0.9600000000000001,0.0,Load,1.0,100.0,100.0,100.0,50.0,50.0,1.142446789069819e-66,1.0,6.0,2.0,50.0,2.0,2.0,2.0,2.0,0.0,0.0,0.0
1,R16 independent salt regression,1845118b1a30d8077c03bedb8de1c2d563fdf170149595a41d4a823027599db6,0.99,0.99,0.99,0.0,Load,1.0,100.0,100.0,100.0,50.0,50.0,9.427157573395995e-67,1.0,6.0,2.0,50.0,2.0,2.0,2.0,2.0,0.0,0.0,0.0
1,R16 independent salt regression,1845118b1a30d8077c03bedb8de1c2d563fdf170149595a41d4a823027599db6,1.02,1.02,1.02,1.2027709127695782e-63,PLW 1,1.0,100.0,100.0,100.0,50.0,50.0,8.288075241852973e-67,2.0,6.0,2.0,50.0,2.0,2.0,2.0,2.0,1.2027709127695782e-66,1.2027709127695782e-66,1.2027709127695782e-63
1,R16 independent salt regression,1845118b1a30d8077c03bedb8de1c2d563fdf170149595a41d4a823027599db6,1.05,1.05,1.05,1.2060107770095919e-63,PLW 1,1.0,100.0,100.0,100.0,50.0,50.0,8.196450727687128e-67,2.0,6.0,2.0,50.0,2.0,2.0,2.0,2.0,1.2060107770095918e-66,1.2060107770095918e-66,1.2060107770095919e-63
1,R16 independent salt regression,1845118b1a30d8077c03bedb8de1c2d563fdf170149595a41d4a823027599db6,1.0799999999999998,1.0799999999999998,1.0799999999999998,1.028176637554475e-63,PLW 1,1.0,100.0,100.0,100.0,50.0,50.0,7.849501285398049e-67,2.0,6.0,2.0,50.0,2.0,2.0,2.0,2.0,1.0281766375544751e-66,1.0281766375544751e-66,1.028176637554475e-63
1,R16 independent salt regression,1845118b1a30d8077c03bedb8de1c2d563fdf170149595a41d4a823027599db6,1.11,1.11,1.11,1.142446789069819e-63,PLW 1,1.0,100.0,100.0,100.0,50.0,50.0,6.312329262315053e-67,2.0,6.0,2.0,50.0,2.0,2.0,2.0,2.0,1.142446789069819e-66,1.142446789069819e-66,1.142446789069819e-63
1,R16 independent salt regression,1845118b1a30d8077c03bedb8de1c2d563fdf170149595a41d4a823027599db6,1.1400000000000001,1.1400000000000001,1.1400000000000001,9.427157573395991e-64,PLW 1,1.0,100.0,100.0,100.0,50.0,50.0,1.0630455641917664e-67,2.0,6.0,2.0,50.0,2.0,2.0,2.0,2.0,9.427157573395992e-67,9.427157573395992e-67,9.427157573395991e-64
1,R16 independent salt regression,1845118b1a30d8077c03bedb8de1c2d563fdf170149595a41d4a823027599db6,1.1700000000000002,1.17,1.17,8.288075241852973e-64,PLW 1,1.0,100.0,100.0,100.0,50.0,50.0,0.0,2.0,6.0,2.0,50.0,2.0,2.0,2.0,2.0,8.288075241852973e-67,8.288075241852973e-67,8.288075241852973e-64
1,R16 independent salt regression,1845118b1a30d8077c03bedb8de1c2d563fdf170149595a41d4a823027599db6,1.2,1.2,1.2,8.196450727687127e-64,PLW 1,1.0,100.0,100.0,100.0,50.0,50.0,0.0,2.0,6.0,2.0,50.0,2.0,2.0,2.0,2.0,8.196450727687128e-67,8.196450727687128e-67,8.196450727687127e-64
1,R16 independent salt regression,1845118b1a30d8077c03bedb8de1c2d563fdf170149595a41d4a823027599db6,1.23,1.23,1.23,7.849501285398037e-64,PLW 1,1.0,100.0,100.0,100.0,50.0,50.0,0.0,2.0,6.0,2.0,50.0,2.0,2.0,2.0,2.0,7.849501285398037e-67,7.849501285398037e-67,7.849501285398037e-64
1,R16 independent salt regression,1845118b1a30d8077c03bedb8de1c2d563fdf170149595a41d4a823027599db6,1.2600000000000002,1.2600000000000002,1.2600000000000002,6.312329262315015e-64,PLW 1,1.0,100.0,100.0,100.0,50.0,50.0,0.0,2.0,6.0,2.0,50.0,2.0,2.0,2.0,2.0,6.312329262315015e-67,6.312329262315015e-67,6.312329262315015e-64
1,R16 independent salt regression,1845118b1a30d8077c03bedb8de1c2d563fdf170149595a41d4a823027599db6,1.29,1.29,1.29,1.0630455641917664e-64,PLW 1,1.0,100.0,100.0,100.0,50.0,50.0,0.0,2.0,6.0,2.0,50.0,2.0,2.0,2.0,2.0,1.0630455641917664e-67,1.0630455641917664e-67,1.0630455641917664e-64
1,R16 independent salt regression,1845118b1a30d8077c03bedb8de1c2d563fdf170149595a41d4a823027599db6,1.32,1.32,1.32,0.0,PLW 1,1.0,100.0,100.0,100.0,50.0,50.0,0.0,2.0,6.0,2.0,50.0,2.0,2.0,2.0,2.0,0.0,0.0,0.0
1,R16 independent salt regression,1845118b1a30d8077c03bedb8de1c2d563fdf170149595a41d4a823027599db6,1.35,1.35,1.35,0.0,PLW 1,1.0,100.0,100.0,100.0,50.0,50.0,0.0,2.0,6.0,2.0,50.0,2.0,2.0,2.0,2.0,0.0,0.0,0.0
1,R16 independent salt regression,1845118b1a30d8077c03bedb8de1c2d563fdf170149595a41d4a823027599db6,1.38,1.38,1.38,0.0,PLW 1,1.0,100.0,100.0,100.0,50.0,50.0,0.0,2.0,6.0,2.0,50.0,2.0,2.0,2.0,2.0,0.0,0.0,0.0
1,R16 independent salt regression,1845118b1a30d8077c03bedb8de1c2d563fdf170149595a41d4a823027599db6,1.4100000000000001,1.4100000000000001,1.4100000000000001,0.0,PLW 1,1.0,100.0,100.0,100.0,50.0,50.0,0.0,2.0,6.0,2.0,50.0,2.0,2.0,2.0,2.0,0.0,0.0,0.0
1,R16 independent salt regression,1845118b1a30d8077c03bedb8de1c2d563fdf170149595a41d4a823027599db6,1.4400000000000002,1.4400000000000002,1.4400000000000002,0.0,PLW 1,1.0,100.0,100.0,100.0,50.0,50.0,0.0,2.0,6.0,2.0,50.0,2.0,2.0,2.0,2.0,0.0,0.0,0.0
1,R16 independent salt regression,1845118b1a30d8077c03bedb8de1c2d563fdf170149595a41d4a823027599db6,1.47,1.47,1.47,0.0,PLW 1,1.0,100.0,100.0,100.0,50.0,50.0,0.0,2.0,6.0,2.0,50.0,2.0,2.0,2.0,2.0,0.0,0.0,0.0
1,R16 independent salt regression,1845118b1a30d8077c03bedb8de1c2d563fdf170149595a41d4a823027599db6,1.5,1.5,1.5,0.0,PLW 1,1.0,100.0,100.0,100.0,50.0,50.0,0.0,2.0,6.0,2.0,50.0,2.0,2.0,2.0,2.0,0.0,0.0,0.0
1,R16 independent salt regression,1845118b1a30d8077c03bedb8de1c2d563fdf170149595a41d4a823027599db6,1.53,1.5299999999999998,1.5299999999999998,0.0,PLW 1,1.0,100.0,100.0,100.0,50.0,50.0,0.0,2.0,6.0,2.0,50.0,2.0,2.0,2.0,2.0,0.0,0.0,0.0
1,R16 independent salt regression,1845118b1a30d8077c03bedb8de1c2d563fdf170149595a41d4a823027599db6,1.56,1.56,1.56,0.0,PLW 1,1.0,100.0,100.0,100.0,50.0,50.0,0.0,2.0,6.0,2.0,50.0,2.0,2.0,2.0,2.0,0.0,0.0,0.0
1,R16 independent salt regression,1845118b1a30d8077c03bedb8de1c2d563fdf170149595a41d4a823027599db6,1.59,1.59,1.59,0.0,PLW 1,1.0,100.0,100.0,100.0,50.0,50.0,0.0,2.0,6.0,2.0,50.0,2.0,2.0,2.0,2.0,0.0,0.0,0.0
1,R16 independent salt regression,1845118b1a30d8077c03bedb8de1c2d563fdf170149595a41d4a823027599db6,1.62,1.62,1.62,0.0,PLW 1,1.0,100.0,100.0,100.0,50.0,50.0,0.0,2.0,6.0,2.0,50.0,2.0,2.0,2.0,2.0,0.0,0.0,0.0
1,R16 independent salt regression,1845118b1a30d8077c03bedb8de1c2d563fdf170149595a41d4a823027599db6,1.65,1.65,1.65,0.0,PLW 1,1.0,100.0,100.0,100.0,50.0,50.0,0.0,2.0,6.0,2.0,50.0,2.0,2.0,2.0,2.0,0.0,0.0,0.0
1,R16 independent salt regression,1845118b1a30d8077c03bedb8de1c2d563fdf170149595a41d4a823027599db6,1.68,1.68,1.68,0.0,PLW 1,1.0,100.0,100.0,100.0,50.0,50.0,0.0,2.0,6.0,2.0,50.0,2.0,2.0,2.0,2.0,0.0,0.0,0.0
1,R16 independent salt regression,1845118b1a30d8077c03bedb8de1c2d563fdf170149595a41d4a823027599db6,1.7100000000000002,1.7100000000000002,1.7100000000000002,0.0,PLW 1,1.0,100.0,100.0,100.0,50.0,50.0,0.0,2.0,6.0,2.0,50.0,2.0,2.0,2.0,2.0,0.0,0.0,0.0
1,R16 independent salt regression,1845118b1a30d8077c03bedb8de1c2d563fdf170149595a41d4a823027599db6,1.74,1.7400000000000002,1.7400000000000002,0.0,PLW 1,1.0,100.0,100.0,100.0,50.0,50.0,0.0,2.0,6.0,2.0,50.0,2.0,2.0,2.0,2.0,0.0,0.0,0.0
1,R16 independent salt regression,1845118b1a30d8077c03bedb8de1c2d563fdf170149595a41d4a823027599db6,1.77,1.77,1.77,0.0,PLW 1,1.0,100.0,100.0,100.0,50.0,50.0,0.0,2.0,6.0,2.0,50.0,2.0,2.0,2.0,2.0,0.0,0.0,0.0
1,R16 independent salt regression,1845118b1a30d8077c03bedb8de1c2d563fdf170149595a41d4a823027599db6,1.8,1.8,1.8,0.0,PLW 1,1.0,100.0,100.0,100.0,50.0,50.0,0.0,2.0,6.0,2.0,50.0,2.0,2.0,2.0,2.0,0.0,0.0,0.0
1,R16 independent salt regression,1845118b1a30d8077c03bedb8de1c2d563fdf170149595a41d4a823027599db6,1.8299999999999998,1.83,1.83,0.0,PLW 1,1.0,100.0,100.0,100.0,50.0,50.0,0.0,2.0,6.0,2.0,50.0,2.0,2.0,2.0,2.0,0.0,0.0,0.0
1,R16 independent salt regression,1845118b1a30d8077c03bedb8de1c2d563fdf170149595a41d4a823027599db6,1.86,1.86,1.86,0.0,PLW 1,1.0,100.0,100.0,100.0,50.0,50.0,0.0,2.0,6.0,2.0,50.0,2.0,2.0,2.0,2.0,0.0,0.0,0.0
1,R16 independent salt regression,1845118b1a30d8077c03bedb8de1c2d563fdf170149595a41d4a823027599db6,1.8900000000000001,1.8900000000000001,1.8900000000000001,0.0,PLW 1,1.0,100.0,100.0,100.0,50.0,50.0,0.0,2.0,6.0,2.0,50.0,2.0,2.0,2.0,2.0,0.0,0.0,0.0
1,R16 independent salt regression,1845118b1a30d8077c03bedb8de1c2d563fdf170149595a41d4a823027599db6,1.9200000000000002,1.92,1.92,0.0,PLW 1,1.0,100.0,100.0,100.0,50.0,50.0,0.0,2.0,6.0,2.0,50.0,2.0,2.0,2.0,2.0,0.0,0.0,0.0
1,R16 independent salt regression,1845118b1a30d8077c03bedb8de1c2d563fdf170149595a41d4a823027599db6,1.95,1.95,1.95,0.0,PLW 1,1.0,100.0,100.0,100.0,50.0,50.0,0.0,2.0,6.0,2.0,50.0,2.0,2.0,2.0,2.0,0.0,0.0,0.0
1,R16 independent salt regression,1845118b1a30d8077c03bedb8de1c2d563fdf170149595a41d4a823027599db6,1.98,1.98,1.98,0.0,PLW 1,1.0,100.0,100.0,100.0,50.0,50.0,0.0,2.0,6.0,2.0,50.0,2.0,2.0,2.0,2.0,0.0,0.0,0.0
1,R16 independent salt regression,1845118b1a30d8077c03bedb8de1c2d563fdf170149595a41d4a823027599db6,2.0100000000000002,2.0100000000000002,2.0100000000000002,0.0,PLW 1,1.0,100.0,100.0,100.0,50.0,50.0,0.0,2.0,6.0,2.0,50.0,2.0,2.0,2.0,2.0,0.0,0.0,0.0
1,R16 independent salt regression,1845118b1a30d8077c03bedb8de1c2d563fdf170149595a41d4a823027599db6,2.04,2.04,2.04,0.0,PLW 1,1.0,100.0,100.0,100.0,50.0,50.0,0.0,2.0,6.0,2.0,50.0,2.0,2.0,2.0,2.0,0.0,0.0,0.0
1,R16 independent salt regression,1845118b1a30d8077c03bedb8de1c2d563fdf170149595a41d4a823027599db6,2.07,2.0700000000000003,2.0700000000000003,0.0,PLW 1,1.0,100.0,100.0,100.0,50.0,50.0,0.0,2.0,6.0,2.0,50.0,2.0,2.0,2.0,2.0,0.0,0.0,0.0
1,R16 independent salt regression,1845118b1a30d8077c03bedb8de1c2d563fdf170149595a41d4a823027599db6,2.1,2.1,2.1,0.0,PLW 1,1.0,100.0,100.0,100.0,50.0,50.0,0.0,2.0,6.0,2.0,50.0,2.0,2.0,2.0,2.0,0.0,0.0,0.0
1,R16 independent salt regression,1845118b1a30d8077c03bedb8de1c2d563fdf170149595a41d4a823027599db6,2.13,2.13,2.13,0.0,PLW 1,1.0,100.0,100.0,100.0,50.0,50.0,0.0,2.0,6.0,2.0,50.0,2.0,2.0,2.0,2.0,0.0,0.0,0.0
1,R16 independent salt regression,1845118b1a30d8077c03bedb8de1c2d563fdf170149595a41d4a823027599db6,2.1599999999999997,2.16,2.16,0.0,PLW 1,1.0,100.0,100.0,100.0,50.0,50.0,0.0,2.0,6.0,2.0,50.0,2.0,2.0,2.0,2.0,0.0,0.0,0.0
1,R16 independent salt regression,1845118b1a30d8077c03bedb8de1c2d563fdf170149595a41d4a823027599db6,2.19,2.1900000000000004,2.1900000000000004,0.0,PLW 1,1.0,100.0,100.0,100.0,50.0,50.0,0.0,2.0,6.0,2.0,50.0,2.0,2.0,2.0,2.0,0.0,0.0,0.0
1,R16 independent salt regression,1845118b1a30d8077c03bedb8de1c2d563fdf170149595a41d4a823027599db6,2.22,2.22,2.22,0.0,PLW 1,1.0,100.0,100.0,100.0,50.0,50.0,0.0,2.0,6.0,2.0,50.0,2.0,2.0,2.0,2.0,0.0,0.0,0.0
1,R16 independent salt regression,1845118b1a30d8077c03bedb8de1c2d563fdf170149595a41d4a823027599db6,2.25,2.25,2.25,0.0,PLW 1,1.0,100.0,100.0,100.0,50.0,50.0,0.0,2.0,6.0,2.0,50.0,2.0,2.0,2.0,2.0,0.0,0.0,0.0
1,R16 independent salt regression,1845118b1a30d8077c03bedb8de1c2d563fdf170149595a41d4a823027599db6,2.2800000000000002,2.2800000000000002,2.2800000000000002,0.0,PLW 1,1.0,100.0,100.0,100.0,50.0,50.0,0.0,2.0,6.0,2.0,50.0,2.0,2.0,2.0,2.0,0.0,0.0,0.0
1,R16 independent salt regression,1845118b1a30d8077c03bedb8de1c2d563fdf170149595a41d4a823027599db6,2.31,2.3099999999999996,2.3099999999999996,0.0,PLW 1,1.0,100.0,100.0,100.0,50.0,50.0,0.0,2.0,6.0,2.0,50.0,2.0,2.0,2.0,2.0,0.0,0.0,0.0
1,R16 independent salt regression,1845118b1a30d8077c03bedb8de1c2d563fdf170149595a41d4a823027599db6,2.3400000000000003,2.34,2.34,0.0,PLW 1,1.0,100.0,100.0,100.0,50.0,50.0,0.0,2.0,6.0,2.0,50.0,2.0,2.0,2.0,2.0,0.0,0.0,0.0
1,R16 independent salt regression,1845118b1a30d8077c03bedb8de1c2d563fdf170149595a41d4a823027599db6,2.37,2.37,2.37,0.0,PLW 1,1.0,100.0,100.0,100.0,50.0,50.0,0.0,2.0,6.0,2.0,50.0,2.0,2.0,2.0,2.0,0.0,0.0,0.0
1,R16 independent salt regression,1845118b1a30d8077c03bedb8de1c2d563fdf170149595a41d4a823027599db6,2.4,2.4,2.4,0.0,PLW 1,1.0,100.0,100.0,100.0,50.0,50.0,0.0,2.0,6.0,2.0,50.0,2.0,2.0,2.0,2.0,0.0,0.0,0.0
1,R16 independent salt regression,1845118b1a30d8077c03bedb8de1c2d563fdf170149595a41d4a823027599db6,2.43,2.43,2.43,0.0,PLW 1,1.0,100.0,100.0,100.0,50.0,50.0,0.0,2.0,6.0,2.0,50.0,2.0,2.0,2.0,2.0,0.0,0.0,0.0
1,R16 independent salt regression,1845118b1a30d8077c03bedb8de1c2d563fdf170149595a41d4a823027599db6,2.46,2.46,2.46,0.0,PLW 1,1.0,100.0,100.0,100.0,50.0,50.0,0.0,2.0,6.0,2.0,50.0,2.0,2.0,2.0,2.0,0.0,0.0,0.0
1,R16 independent salt regression,1845118b1a30d8077c03bedb8de1c2d563fdf170149595a41d4a823027599db6,2.49,2.49,2.49,0.0,PLW 1,1.0,100.0,100.0,100.0,50.0,50.0,0.0,2.0,6.0,2.0,50.0,2.0,2.0,2.0,2.0,0.0,0.0,0.0
1,R16 independent salt regression,1845118b1a30d8077c03bedb8de1c2d563fdf170149595a41d4a823027599db6,2.5200000000000005,2.5200000000000005,2.5200000000000005,0.0,PLW 1,1.0,100.0,100.0,100.0,50.0,50.0,0.0,2.0,6.0,2.0,50.0,2.0,2.0,2.0,2.0,0.0,0.0,0.0
1,R16 independent salt regression,1845118b1a30d8077c03bedb8de1c2d563fdf170149595a41d4a823027599db6,2.55,2.55,2.55,0.0,PLW 1,1.0,100.0,100.0,100.0,50.0,50.0,0.0,2.0,6.0,2.0,50.0,2.0,2.0,2.0,2.0,0.0,0.0,0.0
1,R16 independent salt regression,1845118b1a30d8077c03bedb8de1c2d563fdf170149595a41d4a823027599db6,2.58,2.58,2.58,0.0,PLW 1,1.0,100.0,100.0,100.0,50.0,50.0,0.0,2.0,6.0,2.0,50.0,2.0,2.0,2.0,2.0,0.0,0.0,0.0
1,R16 independent salt regression,1845118b1a30d8077c03bedb8de1c2d563fdf170149595a41d4a823027599db6,2.61,2.61,2.61,0.0,PLW 1,1.0,100.0,100.0,100.0,50.0,50.0,0.0,2.0,6.0,2.0,50.0,2.0,2.0,2.0,2.0,0.0,0.0,0.0
1,R16 independent salt regression,1845118b1a30d8077c03bedb8de1c2d563fdf170149595a41d4a823027599db6,2.64,2.64,2.64,0.0,PLW 1,1.0,100.0,100.0,100.0,50.0,50.0,0.0,2.0,6.0,2.0,50.0,2.0,2.0,2.0,2.0,0.0,0.0,0.0
1,R16 independent salt regression,1845118b1a30d8077c03bedb8de1c2d563fdf170149595a41d4a823027599db6,2.6700000000000004,2.6700000000000004,2.6700000000000004,0.0,PLW 1,1.0,100.0,100.0,100.0,50.0,50.0,0.0,2.0,6.0,2.0,50.0,2.0,2.0,2.0,2.0,0.0,0.0,0.0
1,R16 independent salt regression,1845118b1a30d8077c03bedb8de1c2d563fdf170149595a41d4a823027599db6,2.7,2.7,2.7,0.0,PLW 1,1.0,100.0,100.0,100.0,50.0,50.0,0.0,2.0,6.0,2.0,50.0,2.0,2.0,2.0,2.0,0.0,0.0,0.0
1,R16 independent salt regression,1845118b1a30d8077c03bedb8de1c2d563fdf170149595a41d4a823027599db6,2.73,2.7300000000000004,2.7300000000000004,0.0,PLW 1,1.0,100.0,100.0,100.0,50.0,50.0,0.0,2.0,6.0,2.0,50.0,2.0,2.0,2.0,2.0,0.0,0.0,0.0
1,R16 independent salt regression,1845118b1a30d8077c03bedb8de1c2d563fdf170149595a41d4a823027599db6,2.76,2.76,2.76,0.0,PLW 1,1.0,100.0,100.0,100.0,50.0,50.0,0.0,2.0,6.0,2.0,50.0,2.0,2.0,2.0,2.0,0.0,0.0,0.0
1,R16 independent salt regression,1845118b1a30d8077c03bedb8de1c2d563fdf170149595a41d4a823027599db6,2.79,2.79,2.79,0.0,PLW 1,1.0,100.0,100.0,100.0,50.0,50.0,0.0,2.0,6.0,2.0,50.0,2.0,2.0,2.0,2.0,0.0,0.0,0.0
1,R16 independent salt regression,1845118b1a30d8077c03bedb8de1c2d563fdf170149595a41d4a823027599db6,2.8200000000000003,2.8200000000000003,2.8200000000000003,0.0,PLW 1,1.0,100.0,100.0,100.0,50.0,50.0,0.0,2.0,6.0,2.0,50.0,2.0,2.0,2.0,2.0,0.0,0.0,0.0
1,R16 independent salt regression,1845118b1a30d8077c03bedb8de1c2d563fdf170149595a41d4a823027599db6,2.85,2.85,2.85,0.0,PLW 1,1.0,100.0,100.0,100.0,50.0,50.0,0.0,2.0,6.0,2.0,50.0,2.0,2.0,2.0,2.0,0.0,0.0,0.0
1,R16 independent salt regression,1845118b1a30d8077c03bedb8de1c2d563fdf170149595a41d4a823027599db6,2.8800000000000003,2.88,2.88,0.0,PLW 1,1.0,100.0,100.0,100.0,50.0,50.0,0.0,2.0,6.0,2.0,50.0,2.0,2.0,2.0,2.0,0.0,0.0,0.0
1,R16 independent salt regression,1845118b1a30d8077c03bedb8de1c2d563fdf170149595a41d4a823027599db6,2.9099999999999997,2.91,2.91,0.0,PLW 1,1.0,100.0,100.0,100.0,50.0,50.0,0.0,2.0,6.0,2.0,50.0,2.0,2.0,2.0,2.0,0.0,0.0,0.0
1,R16 independent salt regression,1845118b1a30d8077c03bedb8de1c2d563fdf170149595a41d4a823027599db6,2.94,2.9400000000000004,2.9400000000000004,0.0,PLW 1,1.0,100.0,100.0,100.0,50.0,50.0,0.0,2.0,6.0,2.0,50.0,2.0,2.0,2.0,2.0,0.0,0.0,0.0
1,R16 independent salt regression,1845118b1a30d8077c03bedb8de1c2d563fdf170149595a41d4a823027599db6,2.97,2.97,2.97,0.0,PLW 1,1.0,100.0,100.0,100.0,50.0,50.0,0.0,2.0,6.0,2.0,50.0,2.0,2.0,2.0,2.0,0.0,0.0,0.0
1,R16 independent salt regression,1845118b1a30d8077c03bedb8de1c2d563fdf170149595a41d4a823027599db6,3.0,3.0,3.0,0.0,Elution 1,1.0,100.0,100.0,100.0,50.0,50.0,0.0,3.0,6.0,2.0,50.0,2.0,2.0,2.0,2.0,0.0,0.0,0.0
1,R16 independent salt regression,1845118b1a30d8077c03bedb8de1c2d563fdf170149595a41d4a823027599db6,3.0300000000000002,3.0300000000000002,3.0300000000000002,0.0,Elution 1,1.0,99.625,99.625,100.0,50.0,50.0,0.0,3.0,6.0,2.0,50.0,2.0,1.9925,2.0,2.0,0.0,0.0,0.0
1,R16 independent salt regression,1845118b1a30d8077c03bedb8de1c2d563fdf170149595a41d4a823027599db6,3.06,3.06,3.06,0.0,Elution 1,1.0,99.25,99.25,100.0,50.0,50.0,0.0,3.0,6.0,2.0,50.0,2.0,1.9849999999999999,2.0,2.0,0.0,0.0,0.0
1,R16 independent salt regression,1845118b1a30d8077c03bedb8de1c2d563fdf170149595a41d4a823027599db6,3.0900000000000003,3.0900000000000003,3.0900000000000003,0.0,Elution 1,1.0,98.875,98.875,100.0,50.0,50.0,0.0,3.0,6.0,2.0,50.0,2.0,1.9775,2.0,2.0,0.0,0.0,0.0
1,R16 independent salt regression,1845118b1a30d8077c03bedb8de1c2d563fdf170149595a41d4a823027599db6,3.12,3.12,3.12,0.0,Elution 1,1.0,98.5,98.5,100.0,50.0,50.0,0.0,3.0,6.0,2.0,50.0,2.0,1.97,2.0,2.0,0.0,0.0,0.0
1,R16 independent salt regression,1845118b1a30d8077c03bedb8de1c2d563fdf170149595a41d4a823027599db6,3.15,3.15,3.15,0.0,Elution 1,1.0,98.125,98.125,100.0,50.0,50.0,0.0,3.0,6.0,2.0,50.0,2.0,1.9625,2.0,2.0,0.0,0.0,0.0
1,R16 independent salt regression,1845118b1a30d8077c03bedb8de1c2d563fdf170149595a41d4a823027599db6,3.18,3.18,3.18,0.0,Elution 1,1.0,97.75,97.75,100.0,50.0,50.0,0.0,3.0,6.0,2.0,50.0,2.0,1.955,2.0,2.0,0.0,0.0,0.0
1,R16 independent salt regression,1845118b1a30d8077c03bedb8de1c2d563fdf170149595a41d4a823027599db6,3.21,3.21,3.21,0.0,Elution 1,1.0,97.375,97.375,99.99999999999996,50.0,50.0,0.0,3.0,6.0,1.9999999999999991,50.0,1.9999999999999991,1.9475,1.9999999999999991,1.9999999999999991,0.0,0.0,0.0
1,R16 independent salt regression,1845118b1a30d8077c03bedb8de1c2d563fdf170149595a41d4a823027599db6,3.24,3.24,3.24,0.0,Elution 1,1.0,97.0,97.0,99.99999999999851,50.0,50.0,0.0,3.0,6.0,1.9999999999999702,50.0,1.9999999999999702,1.94,1.9999999999999702,1.9999999999999702,0.0,0.0,0.0
1,R16 independent salt regression,1845118b1a30d8077c03bedb8de1c2d563fdf170149595a41d4a823027599db6,3.2700000000000005,3.2700000000000005,3.2700000000000005,0.0,Elution 1,1.0,96.625,96.625,99.99999999999542,50.0,50.0,0.0,3.0,6.0,1.9999999999999087,50.0,1.9999999999999087,1.9324999999999999,1.9999999999999087,1.9999999999999087,0.0,0.0,0.0
1,R16 independent salt regression,1845118b1a30d8077c03bedb8de1c2d563fdf170149595a41d4a823027599db6,3.3,3.3,3.3,0.0,Elution 1,1.0,96.25,96.25,99.99999999999335,50.0,50.0,0.0,3.0,6.0,1.9999999999998674,50.0,1.9999999999998674,1.925,1.9999999999998674,1.9999999999998674,0.0,0.0,0.0
1,R16 independent salt regression,1845118b1a30d8077c03bedb8de1c2d563fdf170149595a41d4a823027599db6,3.33,3.33,3.33,0.0,Elution 1,1.0,95.875,95.875,99.99999999999338,50.0,50.0,0.0,3.0,6.0,1.9999999999998679,50.0,1.9999999999998679,1.9175,1.9999999999998679,1.9999999999998679,0.0,0.0,0.0
1,R16 independent salt regression,1845118b1a30d8077c03bedb8de1c2d563fdf170149595a41d4a823027599db6,3.36,3.36,3.36,0.0,Elution 1,1.0,95.5,95.5,100.00000000000703,50.0,50.0,0.0,3.0,6.0,2.0000000000001408,50.0,2.0000000000001408,1.9100000000000001,2.0000000000001408,2.0000000000001408,0.0,0.0,0.0
1,R16 independent salt regression,1845118b1a30d8077c03bedb8de1c2d563fdf170149595a41d4a823027599db6,3.39,3.39,3.39,0.0,Elution 1,1.0,95.125,95.125,100.00000000067455,50.0,50.0,1.0966441610738485e-65,3.0,6.0,2.0000000000134897,50.0,2.0000000000134897,1.9024999999999999,2.0000000000134897,2.0000000000134897,0.0,0.0,0.0
1,R16 independent salt regression,1845118b1a30d8077c03bedb8de1c2d563fdf170149595a41d4a823027599db6,3.4200000000000004,3.4200000000000004,3.4200000000000004,0.0,Elution 1,1.0,94.75,94.75,100.00000000263658,50.0,50.0,2.2697053706599364e-65,3.0,6.0,2.0000000000527294,50.0,2.0000000000527294,1.895,2.0000000000527294,2.0000000000527294,0.0,0.0,0.0
1,R16 independent salt regression,1845118b1a30d8077c03bedb8de1c2d563fdf170149595a41d4a823027599db6,3.45,3.45,3.45,0.0,Elution 1,1.0,94.375,94.375,100.00000000546777,50.0,50.0,0.0,3.0,6.0,2.0000000001093525,50.0,2.0000000001093525,1.8875,2.0000000001093525,2.0000000001093525,0.0,0.0,0.0
1,R16 independent salt regression,1845118b1a30d8077c03bedb8de1c2d563fdf170149595a41d4a823027599db6,3.48,3.4800000000000004,3.4800000000000004,0.0,Elution 1,1.0,94.0,94.0,100.00000000828581,50.0,50.0,0.0,3.0,6.0,2.000000000165712,50.0,2.000000000165712,1.88,2.000000000165712,2.000000000165712,0.0,0.0,0.0
1,R16 independent salt regression,1845118b1a30d8077c03bedb8de1c2d563fdf170149595a41d4a823027599db6,3.51,3.51,3.51,0.0,Elution 1,1.0,93.625,93.625,100.00000001010838,50.0,50.0,0.0,3.0,6.0,2.0000000002021783,50.0,2.0000000002021783,1.8725,2.0000000002021783,2.0000000002021783,0.0,0.0,0.0
1,R16 independent salt regression,1845118b1a30d8077c03bedb8de1c2d563fdf170149595a41d4a823027599db6,3.54,3.54,3.54,1.0966441610738485e-62,Elution 1,1.0,93.25,93.25,100.00000001081642,50.0,50.0,1.105222595045132e-65,3.0,6.0,2.0000000002163274,50.0,2.0000000002163274,1.865,2.0000000002163274,2.0000000002163274,1.0966441610738485e-65,1.0966441610738485e-65,1.0966441610738485e-62
1,R16 independent salt regression,1845118b1a30d8077c03bedb8de1c2d563fdf170149595a41d4a823027599db6,3.5700000000000003,3.5700000000000003,3.5700000000000003,2.2697053706599365e-62,Elution 1,1.0,92.875,92.875,100.00000001065811,50.0,50.0,0.0,3.0,6.0,2.0000000002131513,50.0,2.0000000002131513,1.8575,2.0000000002131513,2.0000000002131513,2.2697053706599364e-65,2.2697053706599364e-65,2.2697053706599365e-62
1,R16 independent salt regression,1845118b1a30d8077c03bedb8de1c2d563fdf170149595a41d4a823027599db6,3.6,3.6,3.6,0.0,Elution 1,1.0,92.5,92.5,100.00000000392077,50.0,50.0,0.0,3.0,6.0,2.0000000000783986,50.0,2.0000000000783986,1.85,2.0000000000783986,2.0000000000783986,0.0,0.0,0.0
1,R16 independent salt regression,1845118b1a30d8077c03bedb8de1c2d563fdf170149595a41d4a823027599db6,3.6300000000000003,3.6300000000000003,3.6300000000000003,0.0,Elution 1,1.0,92.125,92.125,99.99999971668707,50.0,50.0,0.0,3.0,6.0,1.9999999943335736,50.0,1.9999999943335736,1.8424999999999998,1.9999999943335736,1.9999999943335736,0.0,0.0,0.0
1,R16 independent salt regression,1845118b1a30d8077c03bedb8de1c2d563fdf170149595a41d4a823027599db6,3.6599999999999997,3.66,3.66,1.6360580964734144e-76,Elution 1,1.0,91.75,91.75,99.99998970377072,50.0,50.0,0.0,3.0,6.0,1.9999997940751209,50.0,1.9999997940751209,1.835,1.9999997940751209,1.9999997940751209,1.6360580964734144e-79,1.6360580964734144e-79,1.6360580964734144e-76
1,R16 independent salt regression,1845118b1a30d8077c03bedb8de1c2d563fdf170149595a41d4a823027599db6,3.69,3.69,3.69,1.105222595045132e-62,Elution 1,1.0,91.375,91.375,99.99970902708252,50.0,50.0,0.0,3.0,6.0,1.9999941805413062,50.0,1.9999941805413062,1.8275000000000001,1.9999941805413062,1.9999941805413062,1.105222595045132e-65,1.105222595045132e-65,1.105222595045132e-62
1,R16 independent salt regression,1845118b1a30d8077c03bedb8de1c2d563fdf170149595a41d4a823027599db6,3.72,3.72,3.72,0.0,Elution 1,1.0,91.0,91.0,99.98310097033172,50.0,50.0,0.0,3.0,6.0,1.9996620194057073,50.0,1.9996620194057073,1.8199999999999998,1.9996620194057073,1.9996620194057073,0.0,0.0,0.0
1,R16 independent salt regression,1845118b1a30d8077c03bedb8de1c2d563fdf170149595a41d4a823027599db6,3.75,3.75,3.75,0.0,Elution 1,1.0,90.625,90.625,99.91990018665926,50.0,50.0,0.0,3.0,6.0,1.9983980037308298,50.0,1.9983980037308298,1.8125,1.9983980037308298,1.9983980037308298,0.0,0.0,0.0
1,R16 independent salt regression,1845118b1a30d8077c03bedb8de1c2d563fdf170149595a41d4a823027599db6,3.7800000000000002,3.7800000000000002,3.7800000000000002,0.0,Elution 1,1.0,90.25,90.25,99.80981218412292,50.0,50.0,0.0,3.0,6.0,1.996196243679101,50.0,1.996196243679101,1.805,1.996196243679101,1.996196243679101,0.0,0.0,0.0
1,R16 independent salt regression,1845118b1a30d8077c03bedb8de1c2d563fdf170149595a41d4a823027599db6,3.81,3.81,3.81,0.0,Elution 1,1.0,89.875,89.875,99.6562412678656,50.0,50.0,0.0,3.0,6.0,1.9931248253549383,50.0,1.9931248253549383,1.7974999999999999,1.9931248253549383,1.9931248253549383,0.0,0.0,0.0
1,R16 independent salt regression,1845118b1a30d8077c03bedb8de1c2d563fdf170149595a41d4a823027599db6,3.8400000000000003,3.84,3.84,0.0,Elution 1,1.0,89.5,89.5,99.46401932766042,50.0,50.0,0.0,3.0,6.0,1.9892803865529867,50.0,1.9892803865529867,1.79,1.9892803865529867,1.9892803865529867,0.0,0.0,0.0
1,R16 independent salt regression,1845118b1a30d8077c03bedb8de1c2d563fdf170149595a41d4a823027599db6,3.87,3.87,3.87,0.0,Elution 1,1.0,89.125,89.125,99.23804275019285,50.0,50.0,0.0,3.0,6.0,1.984760855005638,50.0,1.984760855005638,1.7825,1.984760855005638,1.984760855005638,0.0,0.0,0.0
1,R16 independent salt regression,1845118b1a30d8077c03bedb8de1c2d563fdf170149595a41d4a823027599db6,3.9,3.9,3.9,0.0,Elution 1,1.0,88.75,88.75,98.98281531287063,50.0,50.0,0.0,3.0,6.0,1.979656306260309,50.0,1.979656306260309,1.775,1.979656306260309,1.979656306260309,0.0,0.0,0.0
1,R16 independent salt regression,1845118b1a30d8077c03bedb8de1c2d563fdf170149595a41d4a823027599db6,3.93,3.93,3.93,0.0,Elution 1,1.0,88.375,88.375,98.70258575937568,50.0,50.0,0.0,3.0,6.0,1.9740517151905284,50.0,1.9740517151905284,1.7675,1.9740517151905284,1.9740517151905284,0.0,0.0,0.0
1,R16 independent salt regression,1845118b1a30d8077c03bedb8de1c2d563fdf170149595a41d4a823027599db6,3.96,3.96,3.96,0.0,Elution 1,1.0,88.0,88.0,98.40139262786118,50.0,50.0,0.0,3.0,6.0,1.9680278525596546,50.0,1.9680278525596546,1.76,1.9680278525596546,1.9680278525596546,0.0,0.0,0.0
1,R16 independent salt regression,1845118b1a30d8077c03bedb8de1c2d563fdf170149595a41d4a823027599db6,3.99,3.99,3.99,0.0,Elution 1,1.0,87.625,87.625,98.08301104484897,50.0,50.0,0.0,3.0,6.0,1.9616602208985694,50.0,1.9616602208985694,1.7525,1.9616602208985694,1.9616602208985694,0.0,0.0,0.0
1,R16 independent salt regression,1845118b1a30d8077c03bedb8de1c2d563fdf170149595a41d4a823027599db6,4.0200000000000005,4.0200000000000005,4.0200000000000005,0.0,Elution 1,1.0,87.25,87.25,97.75087422012342,50.0,50.0,0.0,3.0,6.0,1.955017484403299,50.0,1.955017484403299,1.7449999999999999,1.955017484403299,1.955017484403299,0.0,0.0,0.0
1,R16 independent salt regression,1845118b1a30d8077c03bedb8de1c2d563fdf170149595a41d4a823027599db6,4.05,4.05,4.05,0.0,Elution 1,1.0,86.875,86.875,97.40798870760577,50.0,50.0,0.0,3.0,6.0,1.9481597741524128,50.0,1.9481597741524128,1.7375,1.9481597741524128,1.9481597741524128,0.0,0.0,0.0
1,R16 independent salt regression,1845118b1a30d8077c03bedb8de1c2d563fdf170149595a41d4a823027599db6,4.08,4.08,4.08,0.0,Elution 1,1.0,86.5,86.5,97.05687838505733,50.0,50.0,0.0,3.0,6.0,1.9411375677012028,50.0,1.9411375677012028,1.73,1.9411375677012028,1.9411375677012028,0.0,0.0,0.0
1,R16 independent salt regression,1845118b1a30d8077c03bedb8de1c2d563fdf170149595a41d4a823027599db6,4.11,4.109999999999999,4.109999999999999,0.0,Elution 1,1.0,86.125,86.125,96.69958173466037,50.0,50.0,0.0,3.0,6.0,1.9339916346932597,50.0,1.9339916346932597,1.7225000000000001,1.9339916346932597,1.9339916346932597,0.0,0.0,0.0
1,R16 independent salt regression,1845118b1a30d8077c03bedb8de1c2d563fdf170149595a41d4a823027599db6,4.14,4.140000000000001,4.140000000000001,0.0,Elution 1,1.0,85.75,85.75,96.33768197061904,50.0,50.0,0.0,3.0,6.0,1.9267536394125386,50.0,1.9267536394125386,1.7149999999999999,1.9267536394125386,1.9267536394125386,0.0,0.0,0.0
1,R16 independent salt regression,1845118b1a30d8077c03bedb8de1c2d563fdf170149595a41d4a823027599db6,4.17,4.17,4.17,0.0,Elution 1,1.0,85.375,85.375,95.97237055554527,50.0,50.0,0.0,3.0,6.0,1.9194474111111595,50.0,1.9194474111111595,1.7075,1.9194474111111595,1.9194474111111595,0.0,0.0,0.0
1,R16 independent salt regression,1845118b1a30d8077c03bedb8de1c2d563fdf170149595a41d4a823027599db6,4.2,4.2,4.2,0.0,Elution 1,1.0,85.0,85.0,95.60453062232604,50.0,50.0,0.0,3.0,6.0,1.9120906124468267,50.0,1.9120906124468267,1.7,1.9120906124468267,1.9120906124468267,0.0,0.0,0.0
1,R16 independent salt regression,1845118b1a30d8077c03bedb8de1c2d563fdf170149595a41d4a823027599db6,4.23,4.23,4.23,0.0,Elution 1,1.0,84.625,84.625,95.23482801118831,50.0,50.0,0.0,3.0,6.0,1.9046965602240715,50.0,1.9046965602240715,1.6925,1.9046965602240715,1.9046965602240715,0.0,0.0,0.0
1,R16 independent salt regression,1845118b1a30d8077c03bedb8de1c2d563fdf170149595a41d4a823027599db6,4.26,4.26,4.26,0.0,Elution 1,1.0,84.25,84.25,94.8637433754043,50.0,50.0,0.0,3.0,6.0,1.8972748675082287,50.0,1.8972748675082287,1.685,1.8972748675082287,1.8972748675082287,0.0,0.0,0.0
1,R16 independent salt regression,1845118b1a30d8077c03bedb8de1c2d563fdf170149595a41d4a823027599db6,4.290000000000001,4.290000000000001,4.290000000000001,0.0,Elution 1,1.0,83.87499999999999,83.87499999999999,94.49164261171354,50.0,50.0,0.0,3.0,6.0,1.8898328522343655,50.0,1.8898328522343655,1.6774999999999998,1.8898328522343655,1.8898328522343655,0.0,0.0,0.0
1,R16 independent salt regression,1845118b1a30d8077c03bedb8de1c2d563fdf170149595a41d4a823027599db6,4.319999999999999,4.32,4.32,0.0,Elution 1,1.0,83.5,83.5,94.1187933820524,50.0,50.0,0.0,3.0,6.0,1.8823758676411178,50.0,1.8823758676411178,1.67,1.8823758676411178,1.8823758676411178,0.0,0.0,0.0
1,R16 independent salt regression,1845118b1a30d8077c03bedb8de1c2d563fdf170149595a41d4a823027599db6,4.35,4.35,4.35,0.0,Elution 1,1.0,83.125,83.125,93.74539618039508,50.0,50.0,0.0,3.0,6.0,1.8749079236078727,50.0,1.8749079236078727,1.6625,1.8749079236078727,1.8749079236078727,0.0,0.0,0.0
1,R16 independent salt regression,1845118b1a30d8077c03bedb8de1c2d563fdf170149595a41d4a823027599db6,4.38,4.38,4.38,0.0,Elution 1,1.0,82.75,82.75,93.37158936610267,50.0,50.0,0.0,3.0,6.0,1.8674317873218247,50.0,1.8674317873218247,1.655,1.8674317873218247,1.8674317873218247,0.0,0.0,0.0
1,R16 independent salt regression,1845118b1a30d8077c03bedb8de1c2d563fdf170149595a41d4a823027599db6,4.41,4.41,4.41,0.0,Elution 1,1.0,82.375,82.375,92.99747445882157,50.0,50.0,0.0,3.0,6.0,1.8599494891760693,50.0,1.8599494891760693,1.6475,1.8599494891760693,1.8599494891760693,0.0,0.0,0.0
1,R16 independent salt regression,1845118b1a30d8077c03bedb8de1c2d563fdf170149595a41d4a823027599db6,4.44,4.44,4.44,0.0,Elution 1,1.0,82.0,82.0,92.62312818895107,50.0,50.0,0.0,3.0,6.0,1.8524625637786845,50.0,1.8524625637786845,1.64,1.8524625637786845,1.8524625637786845,0.0,0.0,0.0
1,R16 independent salt regression,1845118b1a30d8077c03bedb8de1c2d563fdf170149595a41d4a823027599db6,4.47,4.47,4.47,0.0,Elution 1,1.0,81.625,81.625,92.24860285496598,50.0,50.0,0.0,3.0,6.0,1.8449720570991353,50.0,1.8449720570991353,1.6325,1.8449720570991353,1.8449720570991353,0.0,0.0,0.0
1,R16 independent salt regression,1845118b1a30d8077c03bedb8de1c2d563fdf170149595a41d4a823027599db6,4.5,4.5,4.5,0.0,Elution 1,1.0,81.25,81.25,91.87395369778173,50.0,50.0,0.0,3.0,6.0,1.8374790739556381,50.0,1.8374790739556381,1.625,1.8374790739556381,1.8374790739556381,0.0,0.0,0.0
1,R16 independent salt regression,1845118b1a30d8077c03bedb8de1c2d563fdf170149595a41d4a823027599db6,4.53,4.53,4.53,0.0,Elution 1,1.0,80.875,80.875,91.49920647410376,50.0,50.0,0.0,3.0,6.0,1.8299841294822372,50.0,1.8299841294822372,1.6175,1.8299841294822372,1.8299841294822372,0.0,0.0,0.0
1,R16 independent salt regression,1845118b1a30d8077c03bedb8de1c2d563fdf170149595a41d4a823027599db6,4.5600000000000005,4.5600000000000005,4.5600000000000005,0.0,Elution 1,1.0,80.5,80.5,91.12440001226963,50.0,50.0,0.0,3.0,6.0,1.8224880002454429,50.0,1.8224880002454429,1.6099999999999999,1.8224880002454429,1.8224880002454429,0.0,0.0,0.0
1,R16 independent salt regression,1845118b1a30d8077c03bedb8de1c2d563fdf170149595a41d4a823027599db6,4.590000000000001,4.590000000000001,4.590000000000001,0.0,Elution 1,1.0,80.12499999999999,80.12499999999999,90.7495460716815,50.0,50.0,0.0,3.0,6.0,1.8149909214334194,50.0,1.8149909214334194,1.6024999999999998,1.8149909214334194,1.8149909214334194,0.0,0.0,0.0
1,R16 independent salt regression,1845118b1a30d8077c03bedb8de1c2d563fdf170149595a41d4a823027599db6,4.62,4.62,4.62,0.0,Elution 1,1.0,79.75,79.75,90.3746610435604,50.0,50.0,0.0,3.0,6.0,1.807493220870694,50.0,1.807493220870694,1.595,1.807493220870694,1.807493220870694,0.0,0.0,0.0
1,R16 independent salt regression,1845118b1a30d8077c03bedb8de1c2d563fdf170149595a41d4a823027599db6,4.65,4.65,4.65,0.0,Elution 1,1.0,79.375,79.375,89.99975097374033,50.0,50.0,0.0,3.0,6.0,1.7999950194740264,50.0,1.7999950194740264,1.5875,1.7999950194740264,1.7999950194740264,0.0,0.0,0.0
1,R16 independent salt regression,1845118b1a30d8077c03bedb8de1c2d563fdf170149595a41d4a823027599db6,4.680000000000001,4.68,4.68,0.0,Elution 1,1.0,79.0,79.0,89.62481787674905,50.0,50.0,0.0,3.0,6.0,1.7924963575342323,50.0,1.7924963575342323,1.58,1.7924963575342323,1.7924963575342323,0.0,0.0,0.0
1,R16 independent salt regression,1845118b1a30d8077c03bedb8de1c2d563fdf170149595a41d4a823027599db6,4.71,4.710000000000001,4.710000000000001,0.0,Elution 1,1.0,78.62499999999999,78.62499999999999,89.24986639806545,50.0,50.0,0.0,3.0,6.0,1.7849973279608053,50.0,1.7849973279608053,1.5724999999999998,1.7849973279608053,1.7849973279608053,0.0,0.0,0.0
1,R16 independent salt regression,1845118b1a30d8077c03bedb8de1c2d563fdf170149595a41d4a823027599db6,4.74,4.74,4.74,0.0,Elution 1,1.0,78.25,78.25,88.87489942215954,50.0,50.0,0.0,3.0,6.0,1.7774979884430624,50.0,1.7774979884430624,1.565,1.7774979884430624,1.7774979884430624,0.0,0.0,0.0
1,R16 independent salt regression,1845118b1a30d8077c03bedb8de1c2d563fdf170149595a41d4a823027599db6,4.77,4.77,4.77,0.0,Elution 1,1.0,77.875,77.875,88.49992165224464,50.0,50.0,0.0,3.0,6.0,1.7699984330451564,50.0,1.7699984330451564,1.5575,1.7699984330451564,1.7699984330451564,0.0,0.0,0.0
1,R16 independent salt regression,1845118b1a30d8077c03bedb8de1c2d563fdf170149595a41d4a823027599db6,4.8,4.8,4.8,0.0,Elution 1,1.0,77.5,77.5,88.12493679920208,50.0,50.0,0.0,3.0,6.0,1.7624987359844866,50.0,1.7624987359844866,1.55,1.7624987359844866,1.7624987359844866,0.0,0.0,0.0
1,R16 independent salt regression,1845118b1a30d8077c03bedb8de1c2d563fdf170149595a41d4a823027599db6,4.83,4.83,4.83,0.0,Elution 1,1.0,77.125,77.125,87.74994748289298,50.0,50.0,0.0,3.0,6.0,1.7549989496584875,50.0,1.7549989496584875,1.5425,1.7549989496584875,1.7549989496584875,0.0,0.0,0.0
1,R16 independent salt regression,1845118b1a30d8077c03bedb8de1c2d563fdf170149595a41d4a823027599db6,4.86,4.86,4.86,0.0,Elution 1,1.0,76.75,76.75,87.3749573469844,50.0,50.0,0.0,3.0,6.0,1.7474991469403076,50.0,1.7474991469403076,1.535,1.7474991469403076,1.7474991469403076,0.0,0.0,0.0
1,R16 independent salt regression,1845118b1a30d8077c03bedb8de1c2d563fdf170149595a41d4a823027599db6,4.890000000000001,4.890000000000001,4.890000000000001,0.0,Elution 1,1.0,76.375,76.375,86.99996930659766,50.0,50.0,0.0,3.0,6.0,1.7399993861322458,50.0,1.7399993861322458,1.5274999999999999,1.7399993861322458,1.7399993861322458,0.0,0.0,0.0
1,R16 independent salt regression,1845118b1a30d8077c03bedb8de1c2d563fdf170149595a41d4a823027599db6,4.92,4.92,4.92,0.0,Elution 1,1.0,76.0,76.0,86.6249789919076,50.0,50.0,0.0,3.0,6.0,1.732499579838156,50.0,1.732499579838156,1.52,1.732499579838156,1.732499579838156,0.0,0.0,0.0
1,R16 independent salt regression,1845118b1a30d8077c03bedb8de1c2d563fdf170149595a41d4a823027599db6,4.95,4.95,4.95,0.0,Elution 1,1.0,75.625,75.625,86.24998783390299,50.0,50.0,0.0,3.0,6.0,1.724999756677756,50.0,1.724999756677756,1.5125,1.724999756677756,1.724999756677756,0.0,0.0,0.0
1,R16 independent salt regression,1845118b1a30d8077c03bedb8de1c2d563fdf170149595a41d4a823027599db6,4.98,4.98,4.98,0.0,Elution 1,1.0,75.25,75.25,85.87499499101457,50.0,50.0,0.0,3.0,6.0,1.7174998998197473,50.0,1.7174998998197473,1.505,1.7174998998197473,1.7174998998197473,0.0,0.0,0.0
1,R16 independent salt regression,1845118b1a30d8077c03bedb8de1c2d563fdf170149595a41d4a823027599db6,5.010000000000001,5.01,5.01,0.0,Elution 1,1.0,74.875,74.875,85.50000071609344,50.0,50.0,0.0,3.0,6.0,1.7100000143212,50.0,1.7100000143212,1.4975,1.7100000143212,1.7100000143212,0.0,0.0,0.0
1,R16 independent salt regression,1845118b1a30d8077c03bedb8de1c2d563fdf170149595a41d4a823027599db6,5.040000000000001,5.040000000000001,5.040000000000001,0.0,Elution 1,1.0,74.49999999999999,74.49999999999999,85.12500264190713,50.0,50.0,0.0,3.0,6.0,1.7025000528376075,50.0,1.7025000528376075,1.4899999999999998,1.7025000528376075,1.7025000528376075,0.0,0.0,0.0
1,R16 independent salt regression,1845118b1a30d8077c03bedb8de1c2d563fdf170149595a41d4a823027599db6,5.069999999999999,5.07,5.07,0.0,Elution 1,1.0,74.125,74.125,84.75000140777912,50.0,50.0,0.0,3.0,6.0,1.6950000281553828,50.0,1.6950000281553828,1.4825,1.6950000281553828,1.6950000281553828,0.0,0.0,0.0
1,R16 independent salt regression,1845118b1a30d8077c03bedb8de1c2d563fdf170149595a41d4a823027599db6,5.1,5.1,5.1,0.0,Elution 1,1.0,73.75,73.75,84.37500002953745,50.0,50.0,0.0,3.0,6.0,1.6875000005908498,50.0,1.6875000005908498,1.475,1.6875000005908498,1.6875000005908498,0.0,0.0,0.0
1,R16 independent salt regression,1845118b1a30d8077c03bedb8de1c2d563fdf170149595a41d4a823027599db6,5.13,5.130000000000001,5.130000000000001,0.0,Elution 1,1.0,73.37499999999999,73.37499999999999,83.99999761517587,50.0,50.0,0.0,3.0,6.0,1.6799999523038964,50.0,1.6799999523038964,1.4674999999999998,1.6799999523038964,1.6799999523038964,0.0,0.0,0.0
1,R16 independent salt regression,1845118b1a30d8077c03bedb8de1c2d563fdf170149595a41d4a823027599db6,5.16,5.16,5.16,0.0,Elution 1,1.0,73.0,73.0,83.62499548800365,50.0,50.0,0.0,3.0,6.0,1.6724999097606308,50.0,1.6724999097606308,1.46,1.6724999097606308,1.6724999097606308,0.0,0.0,0.0
1,R16 independent salt regression,1845118b1a30d8077c03bedb8de1c2d563fdf170149595a41d4a823027599db6,5.19,5.19,5.19,0.0,Elution 1,1.0,72.625,72.625,83.24999449085843,50.0,50.0,0.0,3.0,6.0,1.6649998898177543,50.0,1.6649998898177543,1.4525,1.6649998898177543,1.6649998898177543,0.0,0.0,0.0
1,R16 independent salt regression,1845118b1a30d8077c03bedb8de1c2d563fdf170149595a41d4a823027599db6,5.22,5.22,5.22,0.0,Elution 1,1.0,72.25,72.25,82.87499521540884,50.0,50.0,0.0,3.0,6.0,1.6574999043085659,50.0,1.6574999043085659,1.445,1.6574999043085659,1.6574999043085659,0.0,0.0,0.0
1,R16 independent salt regression,1845118b1a30d8077c03bedb8de1c2d563fdf170149595a41d4a823027599db6,5.25,5.25,5.25,0.0,Elution 1,1.0,71.875,71.875,82.49999356264259,50.0,50.0,0.0,3.0,6.0,1.649999871253297,50.0,1.649999871253297,1.4375,1.649999871253297,1.649999871253297,0.0,0.0,0.0
1,R16 independent salt regression,1845118b1a30d8077c03bedb8de1c2d563fdf170149595a41d4a823027599db6,5.28,5.28,5.28,0.0,Elution 1,1.0,71.5,71.5,82.12499210515037,50.0,50.0,0.0,3.0,6.0,1.642499842103491,50.0,1.642499842103491,1.43,1.642499842103491,1.642499842103491,0.0,0.0,0.0
1,R16 independent salt regression,1845118b1a30d8077c03bedb8de1c2d563fdf170149595a41d4a823027599db6,5.3100000000000005,5.3100000000000005,5.3100000000000005,0.0,Elution 1,1.0,71.125,71.125,81.74999162950202,50.0,50.0,0.0,3.0,6.0,1.6349998325904749,50.0,1.6349998325904749,1.4224999999999999,1.6349998325904749,1.6349998325904749,0.0,0.0,0.0
1,R16 independent salt regression,1845118b1a30d8077c03bedb8de1c2d563fdf170149595a41d4a823027599db6,5.340000000000001,5.340000000000001,5.340000000000001,0.0,Elution 1,1.0,70.74999999999999,70.74999999999999,81.37499250081092,50.0,50.0,0.0,3.0,6.0,1.6274998500164928,50.0,1.6274998500164928,1.4149999999999998,1.6274998500164928,1.6274998500164928,0.0,0.0,0.0
1,R16 independent salt regression,1845118b1a30d8077c03bedb8de1c2d563fdf170149595a41d4a823027599db6,5.37,5.369999999999999,5.369999999999999,0.0,Elution 1,1.0,70.37500000000001,70.37500000000001,80.99999508419047,50.0,50.0,5.2777835679194705e-58,3.0,6.0,1.61999990168379,50.0,1.61999990168379,1.4075000000000002,1.61999990168379,1.61999990168379,0.0,0.0,0.0
1,R16 independent salt regression,1845118b1a30d8077c03bedb8de1c2d563fdf170149595a41d4a823027599db6,5.4,5.4,5.4,0.0,Elution 1,1.0,70.0,70.0,80.62499884395322,50.0,50.0,2.127554297251544e-57,3.0,6.0,1.612499976878669,50.0,1.612499976878669,1.4,1.612499976878669,1.612499976878669,0.0,0.0,0.0
1,R16 independent salt regression,1845118b1a30d8077c03bedb8de1c2d563fdf170149595a41d4a823027599db6,5.430000000000001,5.43,5.43,0.0,Elution 1,1.0,69.625,69.625,80.24999970052451,50.0,50.0,5.851051606015748e-57,3.0,6.0,1.6049999940099813,50.0,1.6049999940099813,1.3925,1.6049999940099813,1.6049999940099813,0.0,0.0,0.0
1,R16 independent salt regression,1845118b1a30d8077c03bedb8de1c2d563fdf170149595a41d4a823027599db6,5.46,5.460000000000001,5.460000000000001,0.0,Elution 1,1.0,69.24999999999999,69.24999999999999,79.8750005081108,50.0,50.0,1.4073584744095686e-56,3.0,6.0,1.5975000101616272,50.0,1.5975000101616272,1.3849999999999998,1.5975000101616272,1.5975000101616272,0.0,0.0,0.0
1,R16 independent salt regression,1845118b1a30d8077c03bedb8de1c2d563fdf170149595a41d4a823027599db6,5.49,5.49,5.49,0.0,Elution 1,1.0,68.875,68.875,79.50000121785294,50.0,50.0,3.166277832205703e-56,3.0,6.0,1.5900000243564352,50.0,1.5900000243564352,1.3775,1.5900000243564352,1.5900000243564352,0.0,0.0,0.0
1,R16 independent salt regression,1845118b1a30d8077c03bedb8de1c2d563fdf170149595a41d4a823027599db6,5.52,5.52,5.52,5.277783567919471e-55,Elution 1,1.0,68.5,68.5,79.12500178089181,50.0,50.0,6.852164551262104e-56,3.0,6.0,1.5825000356172338,50.0,1.5825000356172338,1.37,1.5825000356172338,1.5825000356172338,5.2777835679194705e-58,5.2777835679194705e-58,5.277783567919471e-55
1,R16 independent salt regression,1845118b1a30d8077c03bedb8de1c2d563fdf170149595a41d4a823027599db6,5.55,5.55,5.55,2.1275542972514966e-54,Elution 1,1.0,68.125,68.125,78.75000214836824,50.0,50.0,1.4469428842545428e-55,3.0,6.0,1.5750000429668514,50.0,1.5750000429668514,1.3625,1.5750000429668514,1.5750000429668514,2.1275542972514966e-57,2.1275542972514966e-57,2.1275542972514966e-54
1,R16 independent salt regression,1845118b1a30d8077c03bedb8de1c2d563fdf170149595a41d4a823027599db6,5.58,5.58,5.58,5.851051606015748e-54,Elution 1,1.0,67.75,67.75,78.37500235783361,50.0,50.0,3.0060341992543507e-55,3.0,6.0,1.5675000471562601,50.0,1.5675000471562601,1.355,1.5675000471562601,1.5675000471562601,5.851051606015748e-57,5.851051606015748e-57,5.851051606015748e-54
1,R16 independent salt regression,1845118b1a30d8077c03bedb8de1c2d563fdf170149595a41d4a823027599db6,5.61,5.61,5.61,1.4073584744095442e-53,Elution 1,1.0,67.375,67.375,78.0000024360797,50.0,50.0,6.175615042783467e-55,3.0,6.0,1.5600000487212498,50.0,1.5600000487212498,1.3475,1.5600000487212498,1.5600000487212498,1.4073584744095442e-56,1.4073584744095442e-56,1.4073584744095442e-53
1,R16 independent salt regression,1845118b1a30d8077c03bedb8de1c2d563fdf170149595a41d4a823027599db6,5.640000000000001,5.640000000000001,5.640000000000001,3.166277832205703e-53,Elution 1,1.0,67.0,67.0,77.62500227733935,50.0,50.0,1.2588480957620024e-54,3.0,6.0,1.5525000455465316,50.0,1.5525000455465316,1.3399999999999999,1.5525000455465316,1.5525000455465316,3.166277832205703e-56,3.166277832205703e-56,3.166277832205703e-53
1,R16 independent salt regression,1845118b1a30d8077c03bedb8de1c2d563fdf170149595a41d4a823027599db6,5.67,5.67,5.67,6.852164551262104e-53,Elution 1,1.0,66.625,66.625,77.25000184737715,50.0,50.0,2.5519633303368292e-54,3.0,6.0,1.5450000369473975,50.0,1.5450000369473975,1.3325,1.5450000369473975,1.5450000369473975,6.852164551262104e-56,6.852164551262104e-56,6.852164551262104e-53
1,R16 independent salt regression,1845118b1a30d8077c03bedb8de1c2d563fdf170149595a41d4a823027599db6,5.7,5.7,5.7,1.4469428842545428e-52,Elution 1,1.0,66.25,66.25,76.87500111195764,50.0,50.0,5.153346000172275e-54,3.0,6.0,1.5375000222391386,50.0,1.5375000222391386,1.325,1.5375000222391386,1.5375000222391386,1.4469428842545428e-55,1.4469428842545428e-55,1.4469428842545428e-52
1,R16 independent salt regression,1845118b1a30d8077c03bedb8de1c2d563fdf170149595a41d4a823027599db6,5.73,5.73,5.73,3.0060341992543505e-52,Elution 1,1.0,65.875,65.875,76.5000000368454,50.0,50.0,1.0378313745442837e-53,3.0,6.0,1.5300000007370462,50.0,1.5300000007370462,1.3175,1.5300000007370462,1.5300000007370462,3.0060341992543507e-55,3.0060341992543507e-55,3.0060341992543505e-52
1,R16 independent salt regression,1845118b1a30d8077c03bedb8de1c2d563fdf170149595a41d4a823027599db6,5.760000000000001,5.76,5.76,6.175615042783373e-52,Elution 1,1.0,65.5,65.5,76.12499954948834,50.0,50.0,2.086219801853193e-53,3.0,6.0,1.522499990989972,50.0,1.522499990989972,1.31,1.522499990989972,1.522499990989972,6.1756150427833736e-55,6.1756150427833736e-55,6.175615042783373e-52
1,R16 independent salt regression,1845118b1a30d8077c03bedb8de1c2d563fdf170149595a41d4a823027599db6,5.790000000000001,5.790000000000001,5.790000000000001,1.2588480957620025e-51,Elution 1,1.0,65.12499999999999,65.12499999999999,75.74999935437434,50.0,50.0,4.18857592992786e-53,3.0,6.0,1.5149999870877104,50.0,1.5149999870877104,1.3024999999999998,1.5149999870877104,1.5149999870877104,1.2588480957620024e-54,1.2588480957620024e-54,1.2588480957620025e-51
1,R16 independent salt regression,1845118b1a30d8077c03bedb8de1c2d563fdf170149595a41d4a823027599db6,5.819999999999999,5.82,5.82,2.5519633303368293e-51,Elution 1,1.0,64.75,64.75,75.37499921831518,50.0,50.0,8.391277532767398e-53,3.0,6.0,1.5074999843665247,50.0,1.5074999843665247,1.295,1.5074999843665247,1.5074999843665247,2.5519633303368292e-54,2.5519633303368292e-54,2.5519633303368293e-51
1,R16 independent salt regression,1845118b1a30d8077c03bedb8de1c2d563fdf170149595a41d4a823027599db6,5.85,5.85,5.85,5.153346000172198e-51,Elution 1,1.0,64.375,64.375,74.99999914131084,50.0,50.0,1.686751709179864e-52,3.0,6.0,1.4999999828264137,50.0,1.4999999828264137,1.2875,1.4999999828264137,1.4999999828264137,5.153346000172198e-54,5.153346000172198e-54,5.153346000172198e-51
1,R16 independent salt regression,1845118b1a30d8077c03bedb8de1c2d563fdf170149595a41d4a823027599db6,5.88,5.880000000000001,5.880000000000001,1.0378313745442837e-50,Elution 1,1.0,63.99999999999999,63.99999999999999,74.62499912336133,50.0,50.0,3.382658847641492e-52,3.0,6.0,1.492499982467378,50.0,1.492499982467378,1.2799999999999998,1.492499982467378,1.492499982467378,1.0378313745442837e-53,1.0378313745442837e-53,1.0378313745442837e-50
1,R16 independent salt regression,1845118b1a30d8077c03bedb8de1c2d563fdf170149595a41d4a823027599db6,5.91,5.91,5.91,2.0862198018531928e-50,Elution 1,1.0,63.625,63.625,74.24999915577898,50.0,50.0,6.773950561533862e-52,3.0,6.0,1.4849999831156688,50.0,1.4849999831156688,1.2725,1.4849999831156688,1.4849999831156688,2.086219801853193e-53,2.086219801853193e-53,2.0862198018531928e-50
1,R16 independent salt regression,1845118b1a30d8077c03bedb8de1c2d563fdf170149595a41d4a823027599db6,5.94,5.94,5.94,4.188575929927798e-50,Elution 1,1.0,63.24999999999999,63.24999999999999,73.87499910331195,50.0,50.0,1.3555035958498293e-51,3.0,6.0,1.4774999820663357,50.0,1.4774999820663357,1.265,1.4774999820663357,1.4774999820663357,4.188575929927798e-53,4.188575929927798e-53,4.188575929927798e-50
1,R16 independent salt regression,1845118b1a30d8077c03bedb8de1c2d563fdf170149595a41d4a823027599db6,5.97,5.97,5.97,8.391277532767273e-50,Elution 1,1.0,62.875,62.875,73.49999908401273,50.0,50.0,2.7120147952027605e-51,3.0,6.0,1.4699999816803535,50.0,1.4699999816803535,1.2575,1.4699999816803535,1.4699999816803535,8.391277532767274e-53,8.391277532767274e-53,8.391277532767273e-50
1,R16 independent salt regression,1845118b1a30d8077c03bedb8de1c2d563fdf170149595a41d4a823027599db6,6.0,6.0,6.0,1.686751709179864e-49,Elution 1,1.0,62.5,62.5,73.12499909788127,50.0,50.0,5.432891795964523e-51,3.0,6.0,1.4624999819577218,50.0,1.4624999819577218,1.25,1.4624999819577218,1.4624999819577218,1.686751709179864e-52,1.686751709179864e-52,1.686751709179864e-49
1,R16 independent salt regression,1845118b1a30d8077c03bedb8de1c2d563fdf170149595a41d4a823027599db6,6.03,6.03,6.03,3.382658847641442e-49,Elution 1,1.0,62.125,62.125,72.74999914491762,50.0,50.0,1.0915980177473627e-50,3.0,6.0,1.4549999828984406,50.0,1.4549999828984406,1.2425,1.4549999828984406,1.4549999828984406,3.382658847641442e-52,3.382658847641442e-52,3.382658847641442e-49
1,R16 independent salt regression,1845118b1a30d8077c03bedb8de1c2d563fdf170149595a41d4a823027599db6,6.0600000000000005,6.0600000000000005,6.0600000000000005,6.773950561533862e-49,Elution 1,1.0,61.74999999999999,61.74999999999999,72.37499922512175,50.0,50.0,2.1948890771632955e-50,3.0,6.0,1.44749998450251,50.0,1.44749998450251,1.2349999999999999,1.44749998450251,1.44749998450251,6.773950561533862e-52,6.773950561533862e-52,6.773950561533862e-49
1,R16 independent salt regression,1845118b1a30d8077c03bedb8de1c2d563fdf170149595a41d4a823027599db6,6.090000000000001,6.090000000000001,6.090000000000001,1.3555035958498292e-48,Elution 1,1.0,61.37499999999999,61.37499999999999,71.99999933849368,50.0,50.0,4.415679580263367e-50,3.0,6.0,1.4399999867699302,50.0,1.4399999867699302,1.2274999999999998,1.4399999867699302,1.4399999867699302,1.3555035958498293e-51,1.3555035958498293e-51,1.3555035958498292e-48
1,R16 independent salt regression,1845118b1a30d8077c03bedb8de1c2d563fdf170149595a41d4a823027599db6,6.12,6.119999999999999,6.119999999999999,2.7120147952027203e-48,Elution 1,1.0,61.00000000000001,61.00000000000001,71.62499948503341,50.0,50.0,8.890448574400875e-50,3.0,6.0,1.4324999897007014,50.0,1.4324999897007014,1.2200000000000002,1.4324999897007014,1.4324999897007014,2.71201479520272e-51,2.71201479520272e-51,2.7120147952027203e-48
1,R16 independent salt regression,1845118b1a30d8077c03bedb8de1c2d563fdf170149595a41d4a823027599db6,6.15,6.15,6.15,5.4328917959645233e-48,Elution 1,1.0,60.62499999999999,60.62499999999999,71.24999966474093,50.0,50.0,1.7914631375861183e-49,3.0,6.0,1.4249999932948227,50.0,1.4249999932948227,1.2125,1.4249999932948227,1.4249999932948227,5.432891795964523e-51,5.432891795964523e-51,5.4328917959645233e-48
1,R16 independent salt regression,1845118b1a30d8077c03bedb8de1c2d563fdf170149595a41d4a823027599db6,6.180000000000001,6.18,6.18,1.0915980177473464e-47,Elution 1,1.0,60.25,60.25,70.87499987761622,50.0,50.0,3.612676957008871e-49,3.0,6.0,1.4174999975522948,50.0,1.4174999975522948,1.205,1.4174999975522948,1.4174999975522948,1.0915980177473463e-50,1.0915980177473463e-50,1.0915980177473464e-47
1,R16 independent salt regression,1845118b1a30d8077c03bedb8de1c2d563fdf170149595a41d4a823027599db6,6.21,6.210000000000001,6.210000000000001,2.1948890771632956e-47,Elution 1,1.0,59.874999999999986,59.874999999999986,70.50000012365932,50.0,50.0,7.290919521655167e-49,3.0,6.0,1.4100000024731174,50.0,1.4100000024731174,1.1974999999999998,1.4100000024731174,1.4100000024731174,2.1948890771632955e-50,2.1948890771632955e-50,2.1948890771632956e-47
1,R16 independent salt regression,1845118b1a30d8077c03bedb8de1c2d563fdf170149595a41d4a823027599db6,6.24,6.24,6.24,4.415679580263301e-47,Elution 1,1.0,59.5,59.5,70.1250003057378,50.0,50.0,1.472613413968115e-48,3.0,6.0,1.4025000061146597,50.0,1.4025000061146597,1.19,1.4025000061146597,1.4025000061146597,4.415679580263302e-50,4.415679580263302e-50,4.415679580263301e-47
1,R16 independent salt regression,1845118b1a30d8077c03bedb8de1c2d563fdf170149595a41d4a823027599db6,6.27,6.27,6.27,8.890448574400876e-47,Elution 1,1.0,59.12500000000001,59.12500000000001,69.75000034180663,50.0,50.0,2.977126151697195e-48,3.0,6.0,1.3950000068360338,50.0,1.3950000068360338,1.1825,1.3950000068360338,1.3950000068360338,8.890448574400875e-50,8.890448574400875e-50,8.890448574400876e-47
1,R16 independent salt regression,1845118b1a30d8077c03bedb8de1c2d563fdf170149595a41d4a823027599db6,6.3,6.3,6.3,1.7914631375860914e-46,Elution 1,1.0,58.75,58.75,69.3750003666862,50.0,50.0,6.025436715410742e-48,3.0,6.0,1.3875000073336252,50.0,1.3875000073336252,1.175,1.3875000073336252,1.3875000073336252,1.7914631375860913e-49,1.7914631375860913e-49,1.7914631375860914e-46
1,R16 independent salt regression,1845118b1a30d8077c03bedb8de1c2d563fdf170149595a41d4a823027599db6,6.33,6.33,6.33,3.612676957008871e-46,Elution 1,1.0,58.375,58.375,69.00000038037653,50.0,50.0,1.2211889112691715e-47,3.0,6.0,1.3800000076074346,50.0,1.3800000076074346,1.1675,1.3800000076074346,1.3800000076074346,3.612676957008871e-49,3.612676957008871e-49,3.612676957008871e-46
1,R16 independent salt regression,1845118b1a30d8077c03bedb8de1c2d563fdf170149595a41d4a823027599db6,6.36,6.36,6.36,7.290919521655058e-46,Elution 1,1.0,57.99999999999999,57.99999999999999,68.62500038287764,50.0,50.0,2.479407230225265e-47,3.0,6.0,1.3725000076574616,50.0,1.3725000076574616,1.16,1.3725000076574616,1.3725000076574616,7.290919521655058e-49,7.290919521655058e-49,7.290919521655058e-46
1,R16 independent salt regression,1845118b1a30d8077c03bedb8de1c2d563fdf170149595a41d4a823027599db6,6.390000000000001,6.390000000000001,6.390000000000001,1.472613413968115e-45,Elution 1,1.0,57.62499999999999,57.62499999999999,68.25000037418951,50.0,50.0,5.045515545288857e-47,3.0,6.0,1.3650000074837063,50.0,1.3650000074837063,1.1524999999999999,1.3650000074837063,1.3650000074837063,1.472613413968115e-48,1.472613413968115e-48,1.472613413968115e-45
1,R16 independent salt regression,1845118b1a30d8077c03bedb8de1c2d563fdf170149595a41d4a823027599db6,6.42,6.42,6.42,2.977126151697195e-45,Elution 1,1.0,57.25,57.25,67.87500035431218,50.0,50.0,1.0271617393801041e-46,3.0,6.0,1.3575000070861691,50.0,1.3575000070861691,1.145,1.3575000070861691,1.3575000070861691,2.977126151697195e-48,2.977126151697195e-48,2.977126151697195e-45
1,R16 independent salt regression,1845118b1a30d8077c03bedb8de1c2d563fdf170149595a41d4a823027599db6,6.45,6.45,6.45,6.025436715410742e-45,Elution 1,1.0,56.875,56.875,67.50000032324559,50.0,50.0,2.0892973781734155e-46,3.0,6.0,1.3500000064648494,50.0,1.3500000064648494,1.1375,1.3500000064648494,1.3500000064648494,6.025436715410742e-48,6.025436715410742e-48,6.025436715410742e-45
1,R16 independent salt regression,1845118b1a30d8077c03bedb8de1c2d563fdf170149595a41d4a823027599db6,6.48,6.48,6.48,1.2211889112691715e-44,Elution 1,1.0,56.49999999999999,56.49999999999999,67.12500028098977,50.0,50.0,4.275694856966793e-46,3.0,6.0,1.3425000056197474,50.0,1.3425000056197474,1.13,1.3425000056197474,1.3425000056197474,1.2211889112691715e-47,1.2211889112691715e-47,1.2211889112691715e-44
1,R16 independent salt regression,1845118b1a30d8077c03bedb8de1c2d563fdf170149595a41d4a823027599db6,6.510000000000001,6.51,6.51,2.479407230225228e-44,Elution 1,1.0,56.125,56.125,66.75000022754472,50.0,50.0,8.804091656943579e-46,3.0,6.0,1.3350000045508632,50.0,1.3350000045508632,1.1225,1.3350000045508632,1.3350000045508632,2.479407230225228e-47,2.479407230225228e-47,2.479407230225228e-44
1,R16 independent salt regression,1845118b1a30d8077c03bedb8de1c2d563fdf170149595a41d4a823027599db6,6.540000000000001,6.540000000000001,6.540000000000001,5.045515545288858e-44,Elution 1,1.0,55.749999999999986,55.749999999999986,66.37500016291042,50.0,50.0,1.8291481480168015e-45,3.0,6.0,1.3275000032581967,50.0,1.3275000032581967,1.1149999999999998,1.3275000032581967,1.3275000032581967,5.045515545288857e-47,5.045515545288857e-47,5.045515545288858e-44
1,R16 independent salt regression,1845118b1a30d8077c03bedb8de1c2d563fdf170149595a41d4a823027599db6,6.569999999999999,6.57,6.57,1.027161739380104e-43,Elution 1,1.0,55.375,55.375,66.00000012871817,50.0,50.0,3.8313722244488063e-45,3.0,6.0,1.320000002574359,50.0,1.320000002574359,1.1075,1.320000002574359,1.320000002574359,1.0271617393801041e-46,1.0271617393801041e-46,1.027161739380104e-43
1,R16 independent salt regression,1845118b1a30d8077c03bedb8de1c2d563fdf170149595a41d4a823027599db6,6.6,6.6,6.6,2.089297378173384e-43,Elution 1,1.0,55.00000000000001,55.00000000000001,65.6250001084695,50.0,50.0,8.085866908383945e-45,3.0,6.0,1.3125000021693882,50.0,1.3125000021693882,1.1,1.3125000021693882,1.3125000021693882,2.089297378173384e-46,2.089297378173384e-46,2.089297378173384e-43
1,R16 independent salt regression,1845118b1a30d8077c03bedb8de1c2d563fdf170149595a41d4a823027599db6,6.63,6.630000000000001,6.630000000000001,4.275694856966793e-43,Elution 1,1.0,54.62499999999999,54.62499999999999,65.25000008822082,50.0,50.0,1.7156021168955147e-44,3.0,6.0,1.3050000017644174,50.0,1.3050000017644174,1.0924999999999998,1.3050000017644174,1.3050000017644174,4.275694856966793e-46,4.275694856966793e-46,4.275694856966793e-43
1,R16 independent salt regression,1845118b1a30d8077c03bedb8de1c2d563fdf170149595a41d4a823027599db6,6.66,6.66,6.66,8.80409165694358e-43,Elution 1,1.0,54.25,54.25,64.87500006797214,50.0,50.0,3.678055241155061e-44,3.0,6.0,1.2975000013594467,50.0,1.2975000013594467,1.085,1.2975000013594467,1.2975000013594467,8.804091656943579e-46,8.804091656943579e-46,8.80409165694358e-43
1,R16 independent salt regression,1845118b1a30d8077c03bedb8de1c2d563fdf170149595a41d4a823027599db6,6.69,6.69,6.69,1.8291481480167735e-42,Elution 1,1.0,53.87499999999999,53.87499999999999,64.50000004772346,50.0,50.0,7.993642887634437e-44,3.0,6.0,1.2900000009544759,50.0,1.2900000009544759,1.0775,1.2900000009544759,1.2900000009544759,1.8291481480167735e-45,1.8291481480167735e-45,1.8291481480167735e-42
1,R16 independent salt regression,1845118b1a30d8077c03bedb8de1c2d563fdf170149595a41d4a823027599db6,6.72,6.72,6.72,3.8313722244487475e-42,Elution 1,1.0,53.5,53.5,64.1250000274748,50.0,50.0,1.7431849515287642e-43,3.0,6.0,1.2825000005495053,50.0,1.2825000005495053,1.07,1.2825000005495053,1.2825000005495053,3.831372224448747e-45,3.831372224448747e-45,3.8313722244487475e-42
1,R16 independent salt regression,1845118b1a30d8077c03bedb8de1c2d563fdf170149595a41d4a823027599db6,6.75,6.75,6.75,8.085866908383944e-42,Elution 1,1.0,53.125,53.125,63.75000000722611,50.0,50.0,3.837270683407998e-43,3.0,6.0,1.2750000001445345,50.0,1.2750000001445345,1.0625,1.2750000001445345,1.2750000001445345,8.085866908383945e-45,8.085866908383945e-45,8.085866908383944e-42
1,R16 independent salt regression,1845118b1a30d8077c03bedb8de1c2d563fdf170149595a41d4a823027599db6,6.78,6.78,6.78,1.7156021168954878e-41,Elution 1,1.0,52.75,52.75,63.374999986977436,50.0,50.0,8.514181325812268e-43,3.0,6.0,1.2674999997395637,50.0,1.2674999997395637,1.055,1.2674999997395637,1.2674999997395637,1.7156021168954878e-44,1.7156021168954878e-44,1.7156021168954878e-41
1,R16 independent salt regression,1845118b1a30d8077c03bedb8de1c2d563fdf170149595a41d4a823027599db6,6.8100000000000005,6.8100000000000005,6.8100000000000005,3.678055241155061e-41,Elution 1,1.0,52.37499999999999,52.37499999999999,62.99999996672876,50.0,50.0,1.9018264670548135e-42,3.0,6.0,1.259999999334593,50.0,1.259999999334593,1.0474999999999999,1.259999999334593,1.259999999334593,3.678055241155061e-44,3.678055241155061e-44,3.678055241155061e-41
1,R16 independent salt regression,1845118b1a30d8077c03bedb8de1c2d563fdf170149595a41d4a823027599db6,6.840000000000001,6.840000000000001,6.840000000000001,7.993642887634438e-41,Elution 1,1.0,51.99999999999999,51.99999999999999,62.62499994648008,50.0,50.0,4.2677994635495874e-42,3.0,6.0,1.2524999989296222,50.0,1.2524999989296222,1.0399999999999998,1.2524999989296222,1.2524999989296222,7.993642887634437e-44,7.993642887634437e-44,7.993642887634438e-41
1,R16 independent salt regression,1845118b1a30d8077c03bedb8de1c2d563fdf170149595a41d4a823027599db6,6.87,6.869999999999999,6.869999999999999,1.7431849515287361e-40,Elution 1,1.0,51.62500000000001,51.62500000000001,62.24999992782678,50.0,50.0,9.635967506637579e-42,3.0,6.0,1.2449999985565583,50.0,1.2449999985565583,1.0325000000000002,1.2449999985565583,1.2449999985565583,1.743184951528736e-43,1.743184951528736e-43,1.7431849515287361e-40
1,R16 independent salt regression,1845118b1a30d8077c03bedb8de1c2d563fdf170149595a41d4a823027599db6,6.9,6.9,6.9,3.837270683407998e-40,Elution 1,1.0,51.24999999999999,51.24999999999999,61.87499993308019,50.0,50.0,2.1836615338844594e-41,3.0,6.0,1.2374999986616242,50.0,1.2374999986616242,1.025,1.2374999986616242,1.2374999986616242,3.837270683407998e-43,3.837270683407998e-43,3.837270683407998e-40
1,R16 independent salt regression,1845118b1a30d8077c03bedb8de1c2d563fdf170149595a41d4a823027599db6,6.930000000000001,6.93,6.93,8.51418132581213e-40,Elution 1,1.0,50.875,50.875,61.499999938333595,50.0,50.0,4.953872780382064e-41,3.0,6.0,1.22999999876669,50.0,1.22999999876669,1.0175,1.22999999876669,1.22999999876669,8.51418132581213e-43,8.51418132581213e-43,8.51418132581213e-40
1,R16 independent salt regression,1845118b1a30d8077c03bedb8de1c2d563fdf170149595a41d4a823027599db6,6.96,6.960000000000001,6.960000000000001,1.9018264670548135e-39,Elution 1,1.0,50.499999999999986,50.499999999999986,61.12499994358701,50.0,50.0,1.1237223554998246e-40,3.0,6.0,1.222499998871756,50.0,1.222499998871756,1.0099999999999998,1.222499998871756,1.222499998871756,1.9018264670548135e-42,1.9018264670548135e-42,1.9018264670548135e-39
1,R16 independent salt regression,1845118b1a30d8077c03bedb8de1c2d563fdf170149595a41d4a823027599db6,6.99,6.99,6.99,4.2677994635495174e-39,Elution 1,1.0,50.125,50.125,60.74999994884042,50.0,50.0,2.5480716621099216e-40,3.0,6.0,1.2149999989768219,50.0,1.2149999989768219,1.0025,1.2149999989768219,1.2149999989768219,4.267799463549517e-42,4.267799463549517e-42,4.2677994635495174e-39
1,R16 independent salt regression,1845118b1a30d8077c03bedb8de1c2d563fdf170149595a41d4a823027599db6,7.02,7.02,7.02,9.63596750663758e-39,Elution 1,1.0,49.75000000000001,49.75000000000001,60.37499995409384,50.0,50.0,5.776744217205661e-40,3.0,6.0,1.207499999081888,50.0,1.207499999081888,0.9950000000000001,1.207499999081888,1.207499999081888,9.635967506637579e-42,9.635967506637579e-42,9.63596750663758e-39
1,R16 independent salt regression,1845118b1a30d8077c03bedb8de1c2d563fdf170149595a41d4a823027599db6,7.05,7.05,7.05,2.1836615338844232e-38,Elution 1,1.0,49.375,49.375,59.99999995934725,50.0,50.0,1.3102657951035528e-39,3.0,6.0,1.1999999991869539,50.0,1.1999999991869539,0.9875,1.1999999991869539,1.1999999991869539,2.1836615338844233e-41,2.1836615338844233e-41,2.1836615338844232e-38
1,R16 independent salt regression,1845118b1a30d8077c03bedb8de1c2d563fdf170149595a41d4a823027599db6,7.08,7.08,7.08,4.953872780382064e-38,Elution 1,1.0,49.0,49.0,59.62499996460066,50.0,50.0,2.976964686203815e-39,3.0,6.0,1.1924999992920198,50.0,1.1924999992920198,0.98,1.1924999992920198,1.1924999992920198,4.953872780382064e-41,4.953872780382064e-41,4.953872780382064e-38
1,R16 independent salt regression,1845118b1a30d8077c03bedb8de1c2d563fdf170149595a41d4a823027599db6,7.11,7.11,7.11,1.1237223554998062e-37,Elution 1,1.0,48.62499999999999,48.62499999999999,59.249999969854066,50.0,50.0,6.787429627974303e-39,3.0,6.0,1.1849999993970857,50.0,1.1849999993970857,0.9724999999999999,1.1849999993970857,1.1849999993970857,1.123722355499806e-40,1.123722355499806e-40,1.1237223554998062e-37
1,R16 independent salt regression,1845118b1a30d8077c03bedb8de1c2d563fdf170149595a41d4a823027599db6,7.140000000000001,7.140000000000001,7.140000000000001,2.5480716621099217e-37,Elution 1,1.0,48.24999999999999,48.24999999999999,58.87499997510748,50.0,50.0,0.0,3.0,6.0,1.1774999995021516,50.0,1.1774999995021516,0.9649999999999999,1.1774999995021516,1.1774999995021516,2.5480716621099216e-40,2.5480716621099216e-40,2.5480716621099217e-37
1,R16 independent salt regression,1845118b1a30d8077c03bedb8de1c2d563fdf170149595a41d4a823027599db6,7.17,7.17,7.17,5.7767442172056605e-37,Elution 1,1.0,47.875,47.875,58.4999999803609,50.0,50.0,0.0,3.0,6.0,1.1699999996072177,50.0,1.1699999996072177,0.9575,1.1699999996072177,1.1699999996072177,5.776744217205661e-40,5.776744217205661e-40,5.7767442172056605e-37
1,R16 independent salt regression,1845118b1a30d8077c03bedb8de1c2d563fdf170149595a41d4a823027599db6,7.2,7.2,7.2,1.3102657951035528e-36,Elution 1,1.0,47.5,47.5,58.12499998414761,50.0,50.0,0.0,3.0,6.0,1.1624999996829506,50.0,1.1624999996829506,0.95,1.1624999996829506,1.1624999996829506,1.3102657951035528e-39,1.3102657951035528e-39,1.3102657951035528e-36
1,R16 independent salt regression,1845118b1a30d8077c03bedb8de1c2d563fdf170149595a41d4a823027599db6,7.23,7.23,7.23,2.9769646862038154e-36,Elution 1,1.0,47.12499999999999,47.12499999999999,57.749999985696206,50.0,50.0,0.0,3.0,6.0,1.1549999997139224,50.0,1.1549999997139224,0.9424999999999999,1.1549999997139224,1.1549999997139224,2.976964686203815e-39,2.976964686203815e-39,2.9769646862038154e-36
1,R16 independent salt regression,1845118b1a30d8077c03bedb8de1c2d563fdf170149595a41d4a823027599db6,7.260000000000001,7.260000000000001,7.260000000000001,6.787429627974303e-36,Elution 1,1.0,46.74999999999999,46.74999999999999,57.37499998724481,50.0,50.0,5.4428177192854326e-36,3.0,6.0,1.1474999997448945,50.0,1.1474999997448945,0.9349999999999998,1.1474999997448945,1.1474999997448945,6.787429627974303e-39,6.787429627974303e-39,6.787429627974303e-36
1,R16 independent salt regression,1845118b1a30d8077c03bedb8de1c2d563fdf170149595a41d4a823027599db6,7.290000000000001,7.290000000000001,7.290000000000001,0.0,Elution 1,1.0,46.374999999999986,46.374999999999986,56.99999998879341,50.0,50.0,1.688210612918904e-35,3.0,6.0,1.1399999997758665,50.0,1.1399999997758665,0.9274999999999998,1.1399999997758665,1.1399999997758665,0.0,0.0,0.0
1,R16 independent salt regression,1845118b1a30d8077c03bedb8de1c2d563fdf170149595a41d4a823027599db6,7.319999999999999,7.319999999999999,7.319999999999999,0.0,Elution 1,1.0,46.00000000000001,46.00000000000001,56.624999990342026,50.0,50.0,1.5584538052108064e-35,3.0,6.0,1.1324999998068386,50.0,1.1324999998068386,0.9200000000000002,1.1324999998068386,1.1324999998068386,0.0,0.0,0.0
1,R16 independent salt regression,1845118b1a30d8077c03bedb8de1c2d563fdf170149595a41d4a823027599db6,7.35,7.35,7.35,0.0,Elution 1,1.0,45.62500000000001,45.62500000000001,56.249999991890625,50.0,50.0,0.0,3.0,6.0,1.1249999998378106,50.0,1.1249999998378106,0.9125000000000001,1.1249999998378106,1.1249999998378106,0.0,0.0,0.0
1,R16 independent salt regression,1845118b1a30d8077c03bedb8de1c2d563fdf170149595a41d4a823027599db6,7.38,7.38,7.38,0.0,Elution 1,1.0,45.25,45.25,55.874999993439225,50.0,50.0,0.0,3.0,6.0,1.1174999998687827,50.0,1.1174999998687827,0.905,1.1174999998687827,1.1174999998687827,0.0,0.0,0.0
1,R16 independent salt regression,1845118b1a30d8077c03bedb8de1c2d563fdf170149595a41d4a823027599db6,7.41,7.41,7.41,5.4428177192852715e-33,Elution 1,1.0,44.875,44.875,55.499999994987824,50.0,50.0,0.0,3.0,6.0,1.1099999998997545,50.0,1.1099999998997545,0.8975,1.1099999998997545,1.1099999998997545,5.4428177192852716e-36,5.4428177192852716e-36,5.4428177192852715e-33
1,R16 independent salt regression,1845118b1a30d8077c03bedb8de1c2d563fdf170149595a41d4a823027599db6,7.44,7.44,7.44,1.6882106129188702e-32,Elution 1,1.0,44.49999999999999,44.49999999999999,55.124999996536424,50.0,50.0,0.0,3.0,6.0,1.1024999999307266,50.0,1.1024999999307266,0.8899999999999999,1.1024999999307266,1.1024999999307266,1.6882106129188702e-35,1.6882106129188702e-35,1.6882106129188702e-32
1,R16 independent salt regression,1845118b1a30d8077c03bedb8de1c2d563fdf170149595a41d4a823027599db6,7.47,7.47,7.47,1.5584538052108064e-32,Elution 1,1.0,44.125,44.125,54.74999999808504,50.0,50.0,0.0,3.0,6.0,1.0949999999616988,50.0,1.0949999999616988,0.8825000000000001,1.0949999999616988,1.0949999999616988,1.5584538052108064e-35,1.5584538052108064e-35,1.5584538052108064e-32
1,R16 independent salt regression,1845118b1a30d8077c03bedb8de1c2d563fdf170149595a41d4a823027599db6,7.5,7.5,7.5,0.0,Elution 1,1.0,43.75,43.75,54.37499999963364,50.0,50.0,0.0,3.0,6.0,1.0874999999926707,50.0,1.0874999999926707,0.875,1.0874999999926707,1.0874999999926707,0.0,0.0,0.0
1,R16 independent salt regression,1845118b1a30d8077c03bedb8de1c2d563fdf170149595a41d4a823027599db6,7.53,7.53,7.53,0.0,Elution 1,1.0,43.375,43.375,54.000000000067196,50.0,50.0,0.0,3.0,6.0,1.0800000000013419,50.0,1.0800000000013419,0.8674999999999999,1.0800000000013419,1.0800000000013419,0.0,0.0,0.0
1,R16 independent salt regression,1845118b1a30d8077c03bedb8de1c2d563fdf170149595a41d4a823027599db6,7.5600000000000005,7.5600000000000005,7.5600000000000005,0.0,Elution 1,1.0,42.99999999999999,42.99999999999999,53.62500000008672,50.0,50.0,0.0,3.0,6.0,1.0725000000017326,50.0,1.0725000000017326,0.8599999999999999,1.0725000000017326,1.0725000000017326,0.0,0.0,0.0
1,R16 independent salt regression,1845118b1a30d8077c03bedb8de1c2d563fdf170149595a41d4a823027599db6,7.590000000000001,7.590000000000001,7.590000000000001,0.0,Elution 1,1.0,42.62499999999999,42.62499999999999,53.25000000010624,50.0,50.0,0.0,3.0,6.0,1.0650000000021231,50.0,1.0650000000021231,0.8524999999999998,1.0650000000021231,1.0650000000021231,0.0,0.0,0.0
1,R16 independent salt regression,1845118b1a30d8077c03bedb8de1c2d563fdf170149595a41d4a823027599db6,7.62,7.62,7.62,0.0,Elution 1,1.0,42.25,42.25,52.87500000012578,50.0,50.0,0.0,3.0,6.0,1.057500000002514,50.0,1.057500000002514,0.845,1.057500000002514,1.057500000002514,0.0,0.0,0.0
1,R16 independent salt regression,1845118b1a30d8077c03bedb8de1c2d563fdf170149595a41d4a823027599db6,7.65,7.65,7.65,0.0,Elution 1,1.0,41.87499999999999,41.87499999999999,52.5000000001453,50.0,50.0,9.389367227874636e-33,3.0,6.0,1.0500000000029046,50.0,1.0500000000029046,0.8374999999999999,1.0500000000029046,1.0500000000029046,0.0,0.0,0.0
1,R16 independent salt regression,1845118b1a30d8077c03bedb8de1c2d563fdf170149595a41d4a823027599db6,7.680000000000001,7.680000000000001,7.680000000000001,0.0,Elution 1,1.0,41.49999999999999,41.49999999999999,52.125000000164825,50.0,50.0,0.0,3.0,6.0,1.0425000000032953,50.0,1.0425000000032953,0.8299999999999998,1.0425000000032953,1.0425000000032953,0.0,0.0,0.0
1,R16 independent salt regression,1845118b1a30d8077c03bedb8de1c2d563fdf170149595a41d4a823027599db6,7.71,7.71,7.71,0.0,Elution 1,1.0,41.125,41.125,51.75000000018435,50.0,50.0,1.5944549301176226e-31,3.0,6.0,1.035000000003686,50.0,1.035000000003686,0.8225,1.035000000003686,1.035000000003686,0.0,0.0,0.0
1,R16 independent salt regression,1845118b1a30d8077c03bedb8de1c2d563fdf170149595a41d4a823027599db6,7.74,7.74,7.74,0.0,Elution 1,1.0,40.75,40.75,51.37500000020387,50.0,50.0,9.716092926735795e-31,3.0,6.0,1.0275000000040766,50.0,1.0275000000040766,0.815,1.0275000000040766,1.0275000000040766,0.0,0.0,0.0
1,R16 independent salt regression,1845118b1a30d8077c03bedb8de1c2d563fdf170149595a41d4a823027599db6,7.77,7.77,7.77,0.0,Elution 1,1.0,40.37500000000001,40.37500000000001,51.00000000022341,50.0,50.0,3.192200021227938e-30,3.0,6.0,1.0200000000044676,50.0,1.0200000000044676,0.8075000000000001,1.0200000000044676,1.0200000000044676,0.0,0.0,0.0
1,R16 independent salt regression,1845118b1a30d8077c03bedb8de1c2d563fdf170149595a41d4a823027599db6,7.8,7.8,7.8,9.389367227874358e-30,Elution 1,1.0,40.0,40.0,50.62500000024293,50.0,50.0,9.528918987832868e-30,3.0,6.0,1.012500000004858,50.0,1.012500000004858,0.8,1.012500000004858,1.012500000004858,9.389367227874359e-33,9.389367227874359e-33,9.389367227874358e-30
1,R16 independent salt regression,1845118b1a30d8077c03bedb8de1c2d563fdf170149595a41d4a823027599db6,7.83,7.83,7.83,2.7779647290814245e-43,Elution 1,1.0,39.625,39.625,50.25000000025965,50.0,50.0,2.8015181668205895e-29,3.0,6.0,1.0050000000051926,50.0,1.0050000000051926,0.7925,1.0050000000051926,1.0050000000051926,2.7779647290814245e-46,2.7779647290814245e-46,2.7779647290814245e-43
1,R16 independent salt regression,1845118b1a30d8077c03bedb8de1c2d563fdf170149595a41d4a823027599db6,7.86,7.86,7.86,1.5944549301176227e-28,Elution 1,1.0,39.24999999999999,39.24999999999999,49.87500000023426,50.0,50.0,8.088368929977483e-29,3.0,6.0,0.9975000000046848,50.0,0.9975000000046848,0.7849999999999999,0.9975000000046848,0.9975000000046848,1.5944549301176226e-31,1.5944549301176226e-31,1.5944549301176227e-28
1,R16 independent salt regression,1845118b1a30d8077c03bedb8de1c2d563fdf170149595a41d4a823027599db6,7.890000000000001,7.890000000000001,7.890000000000001,9.716092926735795e-28,Elution 1,1.0,38.87499999999999,38.87499999999999,49.500000000208864,50.0,50.0,2.3517579605077945e-28,3.0,6.0,0.990000000004177,50.0,0.990000000004177,0.7774999999999999,0.990000000004177,0.990000000004177,9.716092926735795e-31,9.716092926735795e-31,9.716092926735795e-28
1,R16 independent salt regression,1845118b1a30d8077c03bedb8de1c2d563fdf170149595a41d4a823027599db6,7.92,7.92,7.92,3.1922000212279382e-27,Elution 1,1.0,38.5,38.5,49.12500000018349,50.0,50.0,6.889489342169092e-28,3.0,6.0,0.9825000000036694,50.0,0.9825000000036694,0.77,0.9825000000036694,0.9825000000036694,3.192200021227938e-30,3.192200021227938e-30,3.1922000212279382e-27
1,R16 independent salt regression,1845118b1a30d8077c03bedb8de1c2d563fdf170149595a41d4a823027599db6,7.95,7.95,7.95,9.528918987832868e-27,Elution 1,1.0,38.125,38.125,48.750000000158096,50.0,50.0,2.030861866361199e-27,3.0,6.0,0.9750000000031617,50.0,0.9750000000031617,0.7625,0.9750000000031617,0.9750000000031617,9.528918987832868e-30,9.528918987832868e-30,9.528918987832868e-27
1,R16 independent salt regression,1845118b1a30d8077c03bedb8de1c2d563fdf170149595a41d4a823027599db6,7.98,7.98,7.98,2.8015181668205896e-26,Elution 1,1.0,37.74999999999999,37.74999999999999,48.37500000013271,50.0,50.0,6.010056359569095e-27,3.0,6.0,0.9675000000026539,50.0,0.9675000000026539,0.7549999999999999,0.9675000000026539,0.9675000000026539,2.8015181668205895e-29,2.8015181668205895e-29,2.8015181668205896e-26
1,R16 independent salt regression,1845118b1a30d8077c03bedb8de1c2d563fdf170149595a41d4a823027599db6,8.01,8.010000000000002,8.010000000000002,8.088368929977939e-26,Elution 1,1.0,37.37499999999998,37.37499999999998,48.00000000010732,50.0,50.0,1.7951078647668225e-26,3.0,6.0,0.9600000000021461,50.0,0.9600000000021461,0.7474999999999996,0.9600000000021461,0.9600000000021461,8.088368929977939e-29,8.088368929977939e-29,8.088368929977939e-26
1,R16 independent salt regression,1845118b1a30d8077c03bedb8de1c2d563fdf170149595a41d4a823027599db6,8.040000000000001,8.040000000000001,8.040000000000001,2.3517579605077945e-25,Elution 1,1.0,36.999999999999986,36.999999999999986,47.625000000081926,50.0,50.0,5.467782044038328e-26,3.0,6.0,0.9525000000016384,50.0,0.9525000000016384,0.7399999999999998,0.9525000000016384,0.9525000000016384,2.3517579605077945e-28,2.3517579605077945e-28,2.3517579605077945e-25
1,R16 independent salt regression,1845118b1a30d8077c03bedb8de1c2d563fdf170149595a41d4a823027599db6,8.07,8.07,8.07,6.889489342169092e-25,Elution 1,1.0,36.625,36.625,47.25000000005655,50.0,50.0,1.7041527446877657e-25,3.0,6.0,0.9450000000011308,50.0,0.9450000000011308,0.7324999999999999,0.9450000000011308,0.9450000000011308,6.889489342169092e-28,6.889489342169092e-28,6.889489342169092e-25
1,R16 independent salt regression,1845118b1a30d8077c03bedb8de1c2d563fdf170149595a41d4a823027599db6,8.1,8.1,8.1,2.0308618663611592e-24,Elution 1,1.0,36.25000000000001,36.25000000000001,46.87500000003116,50.0,50.0,5.423028735531442e-25,3.0,6.0,0.9375000000006231,50.0,0.9375000000006231,0.7250000000000001,0.9375000000006231,0.9375000000006231,2.030861866361159e-27,2.030861866361159e-27,2.0308618663611592e-24
1,R16 independent salt regression,1845118b1a30d8077c03bedb8de1c2d563fdf170149595a41d4a823027599db6,8.13,8.129999999999999,8.129999999999999,6.0100563595688586e-24,Elution 1,1.0,35.875000000000014,35.875000000000014,46.50000000000577,50.0,50.0,1.7440457430094503e-24,3.0,6.0,0.9300000000001153,50.0,0.9300000000001153,0.7175000000000002,0.9300000000001153,0.9300000000001153,6.010056359568859e-27,6.010056359568859e-27,6.0100563595688586e-24
1,R16 independent salt regression,1845118b1a30d8077c03bedb8de1c2d563fdf170149595a41d4a823027599db6,8.16,8.16,8.16,1.795107864766752e-23,Elution 1,1.0,35.5,35.5,46.124999999990735,50.0,50.0,5.622804079260563e-24,3.0,6.0,0.9224999999998147,50.0,0.9224999999998147,0.71,0.9224999999998147,0.9224999999998147,1.795107864766752e-26,1.795107864766752e-26,1.795107864766752e-23
1,R16 independent salt regression,1845118b1a30d8077c03bedb8de1c2d563fdf170149595a41d4a823027599db6,8.190000000000001,8.190000000000001,8.190000000000001,5.467782044038328e-23,Elution 1,1.0,35.124999999999986,35.124999999999986,45.74999999999151,50.0,50.0,1.8321849900476681e-23,3.0,6.0,0.9149999999998302,50.0,0.9149999999998302,0.7024999999999997,0.9149999999998302,0.9149999999998302,5.467782044038328e-26,5.467782044038328e-26,5.467782044038328e-23
1,R16 independent salt regression,1845118b1a30d8077c03bedb8de1c2d563fdf170149595a41d4a823027599db6,8.22,8.219999999999999,8.219999999999999,1.704152744687697e-22,Elution 1,1.0,34.750000000000014,34.750000000000014,45.3749999999923,50.0,50.0,6.112403741634273e-23,3.0,6.0,0.9074999999998459,50.0,0.9074999999998459,0.6950000000000003,0.9074999999998459,0.9074999999998459,1.704152744687697e-25,1.704152744687697e-25,1.704152744687697e-22
1,R16 independent salt regression,1845118b1a30d8077c03bedb8de1c2d563fdf170149595a41d4a823027599db6,8.25,8.25,8.25,5.423028735531442e-22,Elution 1,1.0,34.375,34.375,44.99999999999307,50.0,50.0,2.104021875471484e-22,3.0,6.0,0.8999999999998614,50.0,0.8999999999998614,0.6875,0.8999999999998614,0.8999999999998614,5.423028735531442e-25,5.423028735531442e-25,5.423028735531442e-22
1,R16 independent salt regression,1845118b1a30d8077c03bedb8de1c2d563fdf170149595a41d4a823027599db6,8.28,8.280000000000001,8.280000000000001,1.7440457430096797e-21,Elution 1,1.0,33.999999999999986,33.999999999999986,44.62499999999385,50.0,50.0,7.373514717509999e-22,3.0,6.0,0.8924999999998768,50.0,0.8924999999998768,0.6799999999999997,0.8924999999998768,0.8924999999998768,1.74404574300968e-24,1.74404574300968e-24,1.7440457430096797e-21
1,R16 independent salt regression,1845118b1a30d8077c03bedb8de1c2d563fdf170149595a41d4a823027599db6,8.31,8.31,8.31,5.6228040792605634e-21,Elution 1,1.0,33.625,33.625,44.249999999994614,50.0,50.0,2.580391374421366e-21,3.0,6.0,0.8849999999998922,50.0,0.8849999999998922,0.6724999999999999,0.8849999999998922,0.8849999999998922,5.622804079260563e-24,5.622804079260563e-24,5.6228040792605634e-21
1,R16 independent salt regression,1845118b1a30d8077c03bedb8de1c2d563fdf170149595a41d4a823027599db6,8.34,8.34,8.34,1.832184990047593e-20,Elution 1,1.0,33.25,33.25,43.87499999999539,50.0,50.0,9.046526971100337e-21,3.0,6.0,0.8774999999999077,50.0,0.8774999999999077,0.665,0.8774999999999077,0.8774999999999077,1.832184990047593e-23,1.832184990047593e-23,1.832184990047593e-20
1,R16 independent salt regression,1845118b1a30d8077c03bedb8de1c2d563fdf170149595a41d4a823027599db6,8.37,8.370000000000001,8.370000000000001,6.112403741635157e-20,Elution 1,1.0,32.874999999999986,32.874999999999986,43.49999999999618,50.0,50.0,3.267499911449836e-20,3.0,6.0,0.8699999999999234,50.0,0.8699999999999234,0.6574999999999998,0.8699999999999234,0.8699999999999234,6.112403741635157e-23,6.112403741635157e-23,6.112403741635157e-20
1,R16 independent salt regression,1845118b1a30d8077c03bedb8de1c2d563fdf170149595a41d4a823027599db6,8.4,8.4,8.4,2.104021875471484e-19,Elution 1,1.0,32.5,32.5,43.12499999999695,50.0,50.0,1.227764218329506e-19,3.0,6.0,0.8624999999999389,50.0,0.8624999999999389,0.6499999999999999,0.8624999999999389,0.8624999999999389,2.104021875471484e-22,2.104021875471484e-22,2.104021875471484e-19
1,R16 independent salt regression,1845118b1a30d8077c03bedb8de1c2d563fdf170149595a41d4a823027599db6,8.43,8.43,8.43,7.373514717509686e-19,Elution 1,1.0,32.125,32.125,42.749999999997726,50.0,50.0,4.686884299408741e-19,3.0,6.0,0.8549999999999544,50.0,0.8549999999999544,0.6425000000000001,0.8549999999999544,0.8549999999999544,7.373514717509686e-22,7.373514717509686e-22,7.373514717509686e-19
1,R16 independent salt regression,1845118b1a30d8077c03bedb8de1c2d563fdf170149595a41d4a823027599db6,8.46,8.46,8.46,2.5803913744213662e-18,Elution 1,1.0,31.749999999999986,31.749999999999986,42.374999999998494,50.0,50.0,1.761117626270827e-18,3.0,6.0,0.8474999999999698,50.0,0.8474999999999698,0.6349999999999998,0.8474999999999698,0.8474999999999698,2.580391374421366e-21,2.580391374421366e-21,2.5803913744213662e-18
1,R16 independent salt regression,1845118b1a30d8077c03bedb8de1c2d563fdf170149595a41d4a823027599db6,8.49,8.49,8.49,9.046526971100336e-18,Elution 1,1.0,31.375,31.375,41.999999999999005,50.0,50.0,6.649830251772097e-18,3.0,6.0,0.8399999999999802,50.0,0.8399999999999802,0.6275,0.8399999999999802,0.8399999999999802,9.046526971100337e-21,9.046526971100337e-21,9.046526971100336e-18
1,R16 independent salt regression,1845118b1a30d8077c03bedb8de1c2d563fdf170149595a41d4a823027599db6,8.52,8.52,8.52,3.2674999114496955e-17,Elution 1,1.0,31.0,31.0,41.62499999999944,50.0,50.0,2.6503227986542638e-17,3.0,6.0,0.8324999999999888,50.0,0.8324999999999888,0.6200000000000001,0.8324999999999888,0.8324999999999888,3.2674999114496955e-20,3.2674999114496955e-20,3.2674999114496955e-17
1,R16 independent salt regression,1845118b1a30d8077c03bedb8de1c2d563fdf170149595a41d4a823027599db6,8.55,8.55,8.55,1.227764218329506e-16,Elution 1,1.0,30.624999999999986,30.624999999999986,41.24999999999986,50.0,50.0,1.0996404562810761e-16,3.0,6.0,0.8249999999999972,50.0,0.8249999999999972,0.6124999999999998,0.8249999999999972,0.8249999999999972,1.227764218329506e-19,1.227764218329506e-19,1.227764218329506e-16
1,R16 independent salt regression,1845118b1a30d8077c03bedb8de1c2d563fdf170149595a41d4a823027599db6,8.580000000000002,8.580000000000002,8.580000000000002,4.686884299409506e-16,Elution 1,1.0,30.24999999999997,30.24999999999997,40.87500000000026,50.0,50.0,4.468015407945544e-16,3.0,6.0,0.8175000000000053,50.0,0.8175000000000053,0.6049999999999995,0.8175000000000053,0.8175000000000053,4.686884299409506e-19,4.686884299409506e-19,4.686884299409506e-16
1,R16 independent salt regression,1845118b1a30d8077c03bedb8de1c2d563fdf170149595a41d4a823027599db6,8.610000000000001,8.61,8.61,1.7611176262707507e-15,Elution 1,1.0,29.875,29.875,40.500000000000696,50.0,50.0,1.7682606568331585e-15,3.0,6.0,0.8100000000000139,50.0,0.8100000000000139,0.5975000000000001,0.8100000000000139,0.8100000000000139,1.7611176262707508e-18,1.7611176262707508e-18,1.7611176262707507e-15
1,R16 independent salt regression,1845118b1a30d8077c03bedb8de1c2d563fdf170149595a41d4a823027599db6,8.639999999999999,8.64,8.64,6.6498302517720965e-15,Elution 1,1.0,29.5,29.5,40.12500000000112,50.0,50.0,7.47739771698176e-15,3.0,6.0,0.8025000000000226,50.0,0.8025000000000226,0.5899999999999999,0.8025000000000226,0.8025000000000226,6.649830251772097e-18,6.649830251772097e-18,6.6498302517720965e-15
1,R16 independent salt regression,1845118b1a30d8077c03bedb8de1c2d563fdf170149595a41d4a823027599db6,8.67,8.670000000000002,8.670000000000002,2.650322798654758e-14,Elution 1,1.0,29.12499999999997,29.12499999999997,39.750000000001535,50.0,50.0,3.377943133473765e-14,3.0,6.0,0.7950000000000308,50.0,0.7950000000000308,0.5824999999999996,0.7950000000000308,0.7950000000000308,2.650322798654758e-17,2.650322798654758e-17,2.650322798654758e-14
1,R16 independent salt regression,1845118b1a30d8077c03bedb8de1c2d563fdf170149595a41d4a823027599db6,8.7,8.7,8.7,1.0996404562810267e-13,Elution 1,1.0,28.750000000000014,28.750000000000014,39.37500000000196,50.0,50.0,1.4645658543672147e-13,3.0,6.0,0.7875000000000394,50.0,0.7875000000000394,0.5750000000000002,0.7875000000000394,0.7875000000000394,1.0996404562810267e-16,1.0996404562810267e-16,1.0996404562810267e-13
1,R16 independent salt regression,1845118b1a30d8077c03bedb8de1c2d563fdf170149595a41d4a823027599db6,8.73,8.73,8.73,4.4680154079453447e-13,Elution 1,1.0,28.375,28.375,39.00000000000237,50.0,50.0,6.017240801511679e-13,3.0,6.0,0.7800000000000475,50.0,0.7800000000000475,0.5674999999999999,0.7800000000000475,0.7800000000000475,4.468015407945345e-16,4.468015407945345e-16,4.4680154079453447e-13
1,R16 independent salt regression,1845118b1a30d8077c03bedb8de1c2d563fdf170149595a41d4a823027599db6,8.76,8.760000000000002,8.760000000000002,1.7682606568334965e-12,Elution 1,1.0,27.999999999999986,27.999999999999986,38.6250000000028,50.0,50.0,2.7788250525613156e-12,3.0,6.0,0.7725000000000561,50.0,0.7725000000000561,0.5599999999999996,0.7725000000000561,0.7725000000000561,1.7682606568334965e-15,1.7682606568334965e-15,1.7682606568334965e-12
1,R16 independent salt regression,1845118b1a30d8077c03bedb8de1c2d563fdf170149595a41d4a823027599db6,8.79,8.79,8.79,7.477397716981422e-12,Elution 1,1.0,27.625000000000014,27.625000000000014,38.25000000000319,50.0,50.0,1.3707998597861834e-11,3.0,6.0,0.765000000000064,50.0,0.765000000000064,0.5525000000000002,0.765000000000064,0.765000000000064,7.477397716981422e-15,7.477397716981422e-15,7.477397716981422e-12
1,R16 independent salt regression,1845118b1a30d8077c03bedb8de1c2d563fdf170149595a41d4a823027599db6,8.82,8.82,8.82,3.377943133473609e-11,Elution 1,1.0,27.25,27.25,37.87500000000294,50.0,50.0,6.058472899504408e-11,3.0,6.0,0.7575000000000589,50.0,0.7575000000000589,0.5449999999999999,0.7575000000000589,0.7575000000000589,3.377943133473609e-14,3.377943133473609e-14,3.377943133473609e-11
1,R16 independent salt regression,1845118b1a30d8077c03bedb8de1c2d563fdf170149595a41d4a823027599db6,8.85,8.85,8.85,1.4645658543672147e-10,Elution 1,1.0,26.875,26.875,37.500000000002714,50.0,50.0,2.5936270077247156e-10,3.0,6.0,0.7500000000000544,50.0,0.7500000000000544,0.5375000000000001,0.7500000000000544,0.7500000000000544,1.4645658543672147e-13,1.4645658543672147e-13,1.4645658543672147e-10
1,R16 independent salt regression,1845118b1a30d8077c03bedb8de1c2d563fdf170149595a41d4a823027599db6,8.88,8.88,8.88,6.017240801511679e-10,Elution 1,1.0,26.499999999999986,26.499999999999986,37.125000000002466,50.0,50.0,1.4049882793890598e-09,3.0,6.0,0.7425000000000495,50.0,0.7425000000000495,0.5299999999999998,0.7425000000000495,0.7425000000000495,6.017240801511679e-13,6.017240801511679e-13,6.017240801511679e-10
1,R16 independent salt regression,1845118b1a30d8077c03bedb8de1c2d563fdf170149595a41d4a823027599db6,8.91,8.91,8.91,2.778825052561187e-09,Elution 1,1.0,26.125,26.125,36.75000000000224,50.0,50.0,7.122360286068516e-09,3.0,6.0,0.735000000000045,50.0,0.735000000000045,0.5225,0.735000000000045,0.735000000000045,2.778825052561187e-12,2.778825052561187e-12,2.778825052561187e-09
1,R16 independent salt regression,1845118b1a30d8077c03bedb8de1c2d563fdf170149595a41d4a823027599db6,8.94,8.94,8.94,1.3707998597861833e-08,Elution 1,1.0,25.75,25.75,36.37500000000202,50.0,50.0,2.908355949012755e-08,3.0,6.0,0.7275000000000403,50.0,0.7275000000000403,0.5150000000000001,0.7275000000000403,0.7275000000000403,1.3707998597861834e-11,1.3707998597861834e-11,1.3707998597861833e-08
1,R16 independent salt regression,1845118b1a30d8077c03bedb8de1c2d563fdf170149595a41d4a823027599db6,8.97,8.97,8.97,6.058472899504408e-08,Elution 1,1.0,25.374999999999986,25.374999999999986,36.00000000000177,50.0,50.0,1.579076916718325e-07,3.0,6.0,0.7200000000000354,50.0,0.7200000000000354,0.5074999999999998,0.7200000000000354,0.7200000000000354,6.058472899504408e-11,6.058472899504408e-11,6.058472899504408e-08
1,R16 independent salt regression,1845118b1a30d8077c03bedb8de1c2d563fdf170149595a41d4a823027599db6,9.0,9.0,9.0,2.5936270077247156e-07,Elution 1,1.0,25.0,25.0,35.62500000000154,50.0,50.0,9.486483311902449e-07,3.0,6.0,0.7125000000000309,50.0,0.7125000000000309,0.5,0.7125000000000309,0.7125000000000309,2.5936270077247156e-10,2.5936270077247156e-10,2.5936270077247156e-07
1,R16 independent salt regression,1845118b1a30d8077c03bedb8de1c2d563fdf170149595a41d4a823027599db6,9.030000000000001,9.030000000000001,9.030000000000001,1.4049882793890598e-06,Elution 1,1.0,24.624999999999986,24.624999999999986,35.25000000000129,50.0,50.0,4.0270873628352495e-06,3.0,6.0,0.7050000000000258,50.0,0.7050000000000258,0.4924999999999997,0.7050000000000258,0.7050000000000258,1.4049882793890598e-09,1.4049882793890598e-09,1.4049882793890598e-06
1,R16 independent salt regression,1845118b1a30d8077c03bedb8de1c2d563fdf170149595a41d4a823027599db6,9.06,9.06,9.06,7.1223602860685156e-06,Elution 1,1.0,24.25,24.25,34.875000000001066,50.0,50.0,1.8708196636946866e-05,3.0,6.0,0.6975000000000213,50.0,0.6975000000000213,0.4849999999999999,0.6975000000000213,0.6975000000000213,7.122360286068516e-09,7.122360286068516e-09,7.1223602860685156e-06
1,R16 independent salt regression,1845118b1a30d8077c03bedb8de1c2d563fdf170149595a41d4a823027599db6,9.09,9.09,9.09,2.908355949012755e-05,Elution 1,1.0,23.875,23.875,34.50000000000084,50.0,50.0,0.00014596053202443557,3.0,6.0,0.6900000000000168,50.0,0.6900000000000168,0.47750000000000004,0.6900000000000168,0.6900000000000168,2.908355949012755e-08,2.908355949012755e-08,2.908355949012755e-05
1,R16 independent salt regression,1845118b1a30d8077c03bedb8de1c2d563fdf170149595a41d4a823027599db6,9.120000000000001,9.120000000000001,9.120000000000001,0.00015790769167183248,Elution 1,1.0,23.499999999999986,23.499999999999986,34.125000000000654,50.0,50.0,0.0006156562928107442,3.0,6.0,0.6825000000000131,50.0,0.6825000000000131,0.46999999999999975,0.6825000000000131,0.6825000000000131,1.579076916718325e-07,1.579076916718325e-07,0.00015790769167183248
1,R16 independent salt regression,1845118b1a30d8077c03bedb8de1c2d563fdf170149595a41d4a823027599db6,9.15,9.15,9.15,0.0009486483311902449,Elution 1,1.0,23.125,23.125,33.7500000000006,50.0,50.0,0.002025641494243583,3.0,6.0,0.6750000000000119,50.0,0.6750000000000119,0.4624999999999999,0.6750000000000119,0.6750000000000119,9.486483311902449e-07,9.486483311902449e-07,0.0009486483311902449
1,R16 independent salt regression,1845118b1a30d8077c03bedb8de1c2d563fdf170149595a41d4a823027599db6,9.180000000000001,9.180000000000001,9.180000000000001,0.004027087362835249,Elution 1,1.0,22.749999999999986,22.749999999999986,33.37500000000052,50.0,50.0,0.027897728679572638,3.0,6.0,0.6675000000000103,50.0,0.6675000000000103,0.4549999999999996,0.6675000000000103,0.6675000000000103,4.0270873628352495e-06,4.0270873628352495e-06,0.004027087362835249
1,R16 independent salt regression,1845118b1a30d8077c03bedb8de1c2d563fdf170149595a41d4a823027599db6,9.21,9.21,9.21,0.018708196636946867,Elution 1,1.0,22.374999999999986,22.374999999999986,33.000000000000455,50.0,50.0,0.10097611034165109,3.0,6.0,0.6600000000000091,50.0,0.6600000000000091,0.4474999999999998,0.6600000000000091,0.6600000000000091,1.8708196636946866e-05,1.8708196636946866e-05,0.018708196636946867
1,R16 independent salt regression,1845118b1a30d8077c03bedb8de1c2d563fdf170149595a41d4a823027599db6,9.24,9.239999999999998,9.239999999999998,0.14596053202442802,Elution 1,1.0,22.000000000000014,22.000000000000014,32.6250000000004,50.0,50.0,0.23007507371147867,3.0,6.0,0.652500000000008,50.0,0.652500000000008,0.4400000000000004,0.652500000000008,0.652500000000008,0.00014596053202442803,0.00014596053202442803,0.14596053202442802
1,R16 independent salt regression,1845118b1a30d8077c03bedb8de1c2d563fdf170149595a41d4a823027599db6,9.270000000000001,9.27,9.27,0.6156562928107164,Elution 1,1.0,21.625,21.625,32.25000000000032,50.0,50.0,0.41795110378506856,3.0,6.0,0.6450000000000063,50.0,0.6450000000000063,0.4325000000000001,0.6450000000000063,0.6450000000000063,0.0006156562928107164,0.0006156562928107164,0.6156562928107164
1,R16 independent salt regression,1845118b1a30d8077c03bedb8de1c2d563fdf170149595a41d4a823027599db6,9.3,9.3,9.3,2.025641494243583,Elution 1,1.0,21.249999999999986,21.249999999999986,31.87500000000026,50.0,50.0,0.659804441290296,3.0,6.0,0.6375000000000052,50.0,0.6375000000000052,0.4249999999999998,0.6375000000000052,0.6375000000000052,0.002025641494243583,0.002025641494243583,2.025641494243583
1,R16 independent salt regression,1845118b1a30d8077c03bedb8de1c2d563fdf170149595a41d4a823027599db6,9.330000000000002,9.330000000000002,9.330000000000002,27.897728679572637,Elution 1,1.0,20.87499999999997,20.87499999999997,31.500000000000178,50.0,50.0,0.9582938171963502,3.0,6.0,0.6300000000000034,50.0,0.6300000000000034,0.41749999999999954,0.6300000000000034,0.6300000000000034,0.027897728679572638,0.027897728679572638,27.897728679572637
1,R16 independent salt regression,1845118b1a30d8077c03bedb8de1c2d563fdf170149595a41d4a823027599db6,9.360000000000001,9.36,9.36,100.97611034164674,Elution 1,1.0,20.5,20.5,31.12500000000012,50.0,50.0,1.2755508978194867,3.0,6.0,0.6225000000000023,50.0,0.6225000000000023,0.41000000000000014,0.6225000000000023,0.6225000000000023,0.10097611034164675,0.10097611034164675,100.97611034164674
1,R16 independent salt regression,1845118b1a30d8077c03bedb8de1c2d563fdf170149595a41d4a823027599db6,9.389999999999999,9.39,9.39,230.0750737114898,Elution 1,1.0,20.125,20.125,30.750000000000064,50.0,50.0,1.5838348422475768,3.0,6.0,0.6150000000000011,50.0,0.6150000000000011,0.40249999999999986,0.6150000000000011,0.6150000000000011,0.2300750737114898,0.2300750737114898,230.0750737114898
1,R16 independent salt regression,1845118b1a30d8077c03bedb8de1c2d563fdf170149595a41d4a823027599db6,9.42,9.420000000000002,9.420000000000002,417.95110378508286,Elution 1,1.0,19.74999999999997,19.74999999999997,30.37499999999998,50.0,50.0,1.8490438898233776,3.0,6.0,0.6074999999999995,50.0,0.6074999999999995,0.3949999999999996,0.6074999999999995,0.6074999999999995,0.4179511037850829,0.4179511037850829,417.95110378508286
1,R16 independent salt regression,1845118b1a30d8077c03bedb8de1c2d563fdf170149595a41d4a823027599db6,9.45,9.45,9.45,659.8044412902817,Elution 1,1.0,19.375000000000014,19.375000000000014,29.99999999999997,50.0,50.0,2.0652803056114934,3.0,6.0,0.5999999999999993,50.0,0.5999999999999993,0.3875000000000002,0.5999999999999993,0.5999999999999993,0.6598044412902817,0.6598044412902817,659.8044412902817
1,R16 independent salt regression,1845118b1a30d8077c03bedb8de1c2d563fdf170149595a41d4a823027599db6,9.48,9.48,9.48,958.2938171963325,Elution 1,1.0,19.0,19.0,29.624999999999957,50.0,50.0,2.2300627539576836,3.0,6.0,0.592499999999999,50.0,0.592499999999999,0.3799999999999999,0.592499999999999,0.592499999999999,0.9582938171963326,0.9582938171963326,958.2938171963325
1,R16 independent salt regression,1845118b1a30d8077c03bedb8de1c2d563fdf170149595a41d4a823027599db6,9.51,9.510000000000002,9.510000000000002,1275.5508978195048,Elution 1,1.0,18.624999999999986,18.624999999999986,29.249999999999968,50.0,50.0,2.3332388262643873,3.0,6.0,0.5849999999999993,50.0,0.5849999999999993,0.3724999999999996,0.5849999999999993,0.5849999999999993,1.275550897819505,1.275550897819505,1275.5508978195048
1,R16 independent salt regression,1845118b1a30d8077c03bedb8de1c2d563fdf170149595a41d4a823027599db6,9.54,9.54,9.54,1583.8348422475585,Elution 1,1.0,18.250000000000014,18.250000000000014,28.87499999999998,50.0,50.0,2.3868509923014094,3.0,6.0,0.5774999999999995,50.0,0.5774999999999995,0.3650000000000002,0.5774999999999995,0.5774999999999995,1.5838348422475585,1.5838348422475585,1583.8348422475585
1,R16 independent salt regression,1845118b1a30d8077c03bedb8de1c2d563fdf170149595a41d4a823027599db6,9.57,9.57,9.57,1849.0438898233622,Elution 1,1.0,17.875,17.875,28.499999999999964,50.0,50.0,2.426101009857068,3.0,6.0,0.5699999999999992,50.0,0.5699999999999992,0.35749999999999993,0.5699999999999992,0.5699999999999992,1.849043889823362,1.849043889823362,1849.0438898233622
1,R16 independent salt regression,1845118b1a30d8077c03bedb8de1c2d563fdf170149595a41d4a823027599db6,9.6,9.6,9.6,2065.2803056114935,Elution 1,1.0,17.5,17.5,28.124999999999975,50.0,50.0,2.381773729346123,3.0,6.0,0.5624999999999993,50.0,0.5624999999999993,0.3500000000000001,0.5624999999999993,0.5624999999999993,2.0652803056114934,2.0652803056114934,2065.2803056114935
1,R16 independent salt regression,1845118b1a30d8077c03bedb8de1c2d563fdf170149595a41d4a823027599db6,9.63,9.63,9.63,2230.0627539576835,Elution 1,1.0,17.124999999999986,17.124999999999986,27.74999999999996,50.0,50.0,2.250334676232583,3.0,6.0,0.5549999999999992,50.0,0.5549999999999992,0.3424999999999998,0.5549999999999992,0.5549999999999992,2.2300627539576836,2.2300627539576836,2230.0627539576835
1,R16 independent salt regression,1845118b1a30d8077c03bedb8de1c2d563fdf170149595a41d4a823027599db6,9.66,9.66,9.66,2333.2388262643813,Elution 1,1.0,16.75,16.75,27.37499999999997,50.0,50.0,2.0497812591759,3.0,6.0,0.5474999999999993,50.0,0.5474999999999993,0.33499999999999996,0.5474999999999993,0.5474999999999993,2.333238826264381,2.333238826264381,2333.2388262643813
1,R16 independent salt regression,1845118b1a30d8077c03bedb8de1c2d563fdf170149595a41d4a823027599db6,9.69,9.69,9.69,2386.8509923014094,Elution 1,1.0,16.375,16.375,26.999999999999982,50.0,50.0,1.8012769192779234,3.0,6.0,0.5399999999999995,50.0,0.5399999999999995,0.3275000000000001,0.5399999999999995,0.5399999999999995,2.3868509923014094,2.3868509923014094,2386.8509923014094
1,R16 independent salt regression,1845118b1a30d8077c03bedb8de1c2d563fdf170149595a41d4a823027599db6,9.72,9.72,9.72,2426.101009857068,Elution 1,1.0,15.999999999999986,15.999999999999986,26.624999999999968,50.0,50.0,1.5180001849592735,3.0,6.0,0.5324999999999992,50.0,0.5324999999999992,0.31999999999999984,0.5324999999999992,0.5324999999999992,2.426101009857068,2.426101009857068,2426.101009857068
1,R16 independent salt regression,1845118b1a30d8077c03bedb8de1c2d563fdf170149595a41d4a823027599db6,9.75,9.75,9.75,2381.7737293461228,Elution 1,1.0,15.625,15.625,26.24999999999998,50.0,50.0,1.224410667221141,3.0,6.0,0.5249999999999995,50.0,0.5249999999999995,0.3125,0.5249999999999995,0.5249999999999995,2.381773729346123,2.381773729346123,2381.7737293461228
1,R16 independent salt regression,1845118b1a30d8077c03bedb8de1c2d563fdf170149595a41d4a823027599db6,9.780000000000001,9.780000000000001,9.780000000000001,2250.3346762325828,Elution 1,1.0,15.249999999999986,15.249999999999986,25.874999999999968,50.0,50.0,0.9562122632095822,3.0,6.0,0.5174999999999992,50.0,0.5174999999999992,0.3049999999999997,0.5174999999999992,0.5174999999999992,2.250334676232583,2.250334676232583,2250.3346762325828
1,R16 independent salt regression,1845118b1a30d8077c03bedb8de1c2d563fdf170149595a41d4a823027599db6,9.81,9.81,9.81,2049.7812591759002,Elution 1,1.0,14.875,14.875,25.49999999999998,50.0,50.0,0.7280163353230762,3.0,6.0,0.5099999999999995,50.0,0.5099999999999995,0.2974999999999999,0.5099999999999995,0.5099999999999995,2.0497812591759,2.0497812591759,2049.7812591759002
1,R16 independent salt regression,1845118b1a30d8077c03bedb8de1c2d563fdf170149595a41d4a823027599db6,9.84,9.84,9.84,1801.2769192779235,Elution 1,1.0,14.5,14.5,25.12499999999999,50.0,50.0,0.5427311922757362,3.0,6.0,0.5024999999999997,50.0,0.5024999999999997,0.29000000000000004,0.5024999999999997,0.5024999999999997,1.8012769192779234,1.8012769192779234,1801.2769192779235
1,R16 independent salt regression,1845118b1a30d8077c03bedb8de1c2d563fdf170149595a41d4a823027599db6,9.870000000000001,9.870000000000001,9.870000000000001,1518.0001849592734,Elution 1,1.0,14.124999999999986,14.124999999999986,24.74999999999998,50.0,50.0,0.3973570565677728,3.0,6.0,0.49499999999999944,50.0,0.49499999999999944,0.28249999999999975,0.49499999999999944,0.49499999999999944,1.5180001849592735,1.5180001849592735,1518.0001849592734
1,R16 independent salt regression,1845118b1a30d8077c03bedb8de1c2d563fdf170149595a41d4a823027599db6,9.9,9.9,9.9,1224.410667221141,Elution 1,1.0,13.75,13.75,24.37499999999999,50.0,50.0,0.2863336396819133,3.0,6.0,0.4874999999999997,50.0,0.4874999999999997,0.2749999999999999,0.4874999999999997,0.4874999999999997,1.224410667221141,1.224410667221141,1224.410667221141
1,R16 independent salt regression,1845118b1a30d8077c03bedb8de1c2d563fdf170149595a41d4a823027599db6,9.930000000000001,9.930000000000001,9.930000000000001,956.2122632095821,Elution 1,1.0,13.374999999999986,13.374999999999986,23.99999999999998,50.0,50.0,0.203414711535354,3.0,6.0,0.4799999999999995,50.0,0.4799999999999995,0.2674999999999996,0.4799999999999995,0.4799999999999995,0.9562122632095822,0.9562122632095822,956.2122632095821
1,R16 independent salt regression,1845118b1a30d8077c03bedb8de1c2d563fdf170149595a41d4a823027599db6,9.96,9.96,9.96,728.0163353230762,Elution 1,1.0,12.999999999999986,12.999999999999986,23.62499999999999,50.0,50.0,0.14265573189292485,3.0,6.0,0.4724999999999997,50.0,0.4724999999999997,0.2599999999999998,0.4724999999999997,0.4724999999999997,0.7280163353230762,0.7280163353230762,728.0163353230762
1,R16 independent salt regression,1845118b1a30d8077c03bedb8de1c2d563fdf170149595a41d4a823027599db6,9.99,9.989999999999998,9.989999999999998,542.7311922757472,Elution 1,1.0,12.625000000000014,12.625000000000014,23.25,50.0,50.0,0.09887115789547517,3.0,6.0,0.46499999999999997,50.0,0.46499999999999997,0.2525000000000004,0.46499999999999997,0.46499999999999997,0.5427311922757472,0.5427311922757472,542.7311922757472
1,R16 independent salt regression,1845118b1a30d8077c03bedb8de1c2d563fdf170149595a41d4a823027599db6,10.020000000000001,10.02,10.02,397.3570565677814,Elution 1,1.0,12.25,12.25,22.87499999999999,50.0,50.0,0.06778364261416941,3.0,6.0,0.45749999999999974,50.0,0.45749999999999974,0.2450000000000001,0.45749999999999974,0.45749999999999974,0.3973570565677814,0.3973570565677814,397.3570565677814
1,R16 independent salt regression,1845118b1a30d8077c03bedb8de1c2d563fdf170149595a41d4a823027599db6,10.05,10.05,10.05,286.33363968191327,Elution 1,1.0,11.874999999999986,11.874999999999986,22.5,50.0,50.0,0.046004223523899664,3.0,6.0,0.44999999999999996,50.0,0.44999999999999996,0.23749999999999982,0.44999999999999996,0.44999999999999996,0.2863336396819133,0.2863336396819133,286.33363968191327
1,R16 independent salt regression,1845118b1a30d8077c03bedb8de1c2d563fdf170149595a41d4a823027599db6,10.080000000000002,10.080000000000002,10.080000000000002,203.414711535354,Elution 1,1.0,11.499999999999972,11.499999999999972,22.12499999999999,50.0,50.0,0.03093025173114496,3.0,6.0,0.4424999999999997,50.0,0.4424999999999997,0.22999999999999954,0.4424999999999997,0.4424999999999997,0.203414711535354,0.203414711535354,203.414711535354
1,R16 independent salt regression,1845118b1a30d8077c03bedb8de1c2d563fdf170149595a41d4a823027599db6,10.110000000000001,10.11,10.11,142.65573189292846,Elution 1,1.0,11.125,11.125,21.749999999999996,50.0,50.0,0.020612871405060244,3.0,6.0,0.43499999999999994,50.0,0.43499999999999994,0.22250000000000014,0.43499999999999994,0.43499999999999994,0.14265573189292846,0.14265573189292846,142.65573189292846
1,R16 independent salt regression,1845118b1a30d8077c03bedb8de1c2d563fdf170149595a41d4a823027599db6,10.139999999999999,10.14,10.14,98.87115789547332,Elution 1,1.0,10.75,10.75,21.375000000000007,50.0,50.0,0.013623418332517226,3.0,6.0,0.4275000000000001,50.0,0.4275000000000001,0.21499999999999986,0.4275000000000001,0.4275000000000001,0.09887115789547332,0.09887115789547332,98.87115789547332
1,R16 independent salt regression,1845118b1a30d8077c03bedb8de1c2d563fdf170149595a41d4a823027599db6,10.17,10.170000000000002,10.170000000000002,67.78364261416813,Elution 1,1.0,10.374999999999972,10.374999999999972,20.999999999999993,50.0,50.0,0.008933515001636402,3.0,6.0,0.4199999999999998,50.0,0.4199999999999998,0.20749999999999957,0.4199999999999998,0.4199999999999998,0.06778364261416812,0.06778364261416812,67.78364261416813
1,R16 independent salt regression,1845118b1a30d8077c03bedb8de1c2d563fdf170149595a41d4a823027599db6,10.2,10.2,10.2,46.004223523900954,Elution 1,1.0,10.000000000000014,10.000000000000014,20.625,50.0,50.0,0.005814586293338749,3.0,6.0,0.41250000000000003,50.0,0.41250000000000003,0.20000000000000018,0.41250000000000003,0.41250000000000003,0.046004223523900954,0.046004223523900954,46.004223523900954
1,R16 independent salt regression,1845118b1a30d8077c03bedb8de1c2d563fdf170149595a41d4a823027599db6,10.23,10.23,10.23,30.93025173114585,Elution 1,1.0,9.625,9.625,20.249999999999986,50.0,50.0,0.0037577461390357883,3.0,6.0,0.40499999999999975,50.0,0.40499999999999975,0.1924999999999999,0.40499999999999975,0.40499999999999975,0.03093025173114585,0.03093025173114585,30.93025173114585
1,R16 independent salt regression,1845118b1a30d8077c03bedb8de1c2d563fdf170149595a41d4a823027599db6,10.26,10.260000000000002,10.260000000000002,20.61287140505983,Elution 1,1.0,9.249999999999986,9.249999999999986,19.874999999999996,50.0,50.0,0.0024120337094957205,3.0,6.0,0.3974999999999999,50.0,0.3974999999999999,0.1849999999999996,0.3974999999999999,0.3974999999999999,0.02061287140505983,0.02061287140505983,20.61287140505983
1,R16 independent salt regression,1845118b1a30d8077c03bedb8de1c2d563fdf170149595a41d4a823027599db6,10.29,10.29,10.29,13.623418332517641,Elution 1,1.0,8.875000000000014,8.875000000000014,19.500000000000007,50.0,50.0,0.0015381825638967055,3.0,6.0,0.3900000000000001,50.0,0.3900000000000001,0.1775000000000002,0.3900000000000001,0.3900000000000001,0.01362341833251764,0.01362341833251764,13.623418332517641
1,R16 independent salt regression,1845118b1a30d8077c03bedb8de1c2d563fdf170149595a41d4a823027599db6,10.32,10.32,10.32,8.93351500163668,Elution 1,1.0,8.5,8.5,19.124999999999993,50.0,50.0,0.0009747893174004175,3.0,6.0,0.38249999999999984,50.0,0.38249999999999984,0.16999999999999993,0.38249999999999984,0.38249999999999984,0.00893351500163668,0.00893351500163668,8.93351500163668
1,R16 independent salt regression,1845118b1a30d8077c03bedb8de1c2d563fdf170149595a41d4a823027599db6,10.35,10.35,10.35,5.814586293338749,Elution 1,1.0,8.125,8.125,18.75,50.0,50.0,0.0006140316443272312,3.0,6.0,0.375,50.0,0.375,0.1625000000000001,0.375,0.375,0.005814586293338749,0.005814586293338749,5.814586293338749
1,R16 independent salt regression,1845118b1a30d8077c03bedb8de1c2d563fdf170149595a41d4a823027599db6,10.38,10.38,10.38,3.7577461390357882,Elution 1,1.0,7.749999999999986,7.749999999999986,18.374999999999986,50.0,50.0,0.0003845436296712203,3.0,6.0,0.3674999999999997,50.0,0.3674999999999997,0.1549999999999998,0.3674999999999997,0.3674999999999997,0.0037577461390357883,0.0037577461390357883,3.7577461390357882
1,R16 independent salt regression,1845118b1a30d8077c03bedb8de1c2d563fdf170149595a41d4a823027599db6,10.41,10.41,10.41,2.4120337094958004,Elution 1,1.0,7.375,7.375,17.999999999999996,50.0,50.0,0.00023947120400362267,3.0,6.0,0.3599999999999999,50.0,0.3599999999999999,0.14749999999999996,0.3599999999999999,0.3599999999999999,0.0024120337094958003,0.0024120337094958003,2.4120337094958004
1,R16 independent salt regression,1845118b1a30d8077c03bedb8de1c2d563fdf170149595a41d4a823027599db6,10.44,10.44,10.44,1.5381825638967055,Elution 1,1.0,7.0,7.0,17.625000000000004,50.0,50.0,0.00014832048683577085,3.0,6.0,0.3525000000000001,50.0,0.3525000000000001,0.14000000000000012,0.3525000000000001,0.3525000000000001,0.0015381825638967055,0.0015381825638967055,1.5381825638967055
1,R16 independent salt regression,1845118b1a30d8077c03bedb8de1c2d563fdf170149595a41d4a823027599db6,10.47,10.47,10.47,0.9747893174004175,Elution 1,1.0,6.624999999999986,6.624999999999986,17.24999999999999,50.0,50.0,9.138629992121847e-05,3.0,6.0,0.3449999999999998,50.0,0.3449999999999998,0.13249999999999984,0.3449999999999998,0.3449999999999998,0.0009747893174004175,0.0009747893174004175,0.9747893174004175
1,R16 independent salt regression,1845118b1a30d8077c03bedb8de1c2d563fdf170149595a41d4a823027599db6,10.5,10.5,10.5,0.6140316443272312,Elution 1,1.0,6.25,6.25,16.875,50.0,50.0,5.6018783941315703e-05,3.0,6.0,0.33749999999999997,50.0,0.33749999999999997,0.125,0.33749999999999997,0.33749999999999997,0.0006140316443272312,0.0006140316443272312,0.6140316443272312
1,R16 independent salt regression,1845118b1a30d8077c03bedb8de1c2d563fdf170149595a41d4a823027599db6,10.530000000000001,10.530000000000001,10.530000000000001,0.3845436296712203,Elution 1,1.0,5.874999999999986,5.874999999999986,16.499999999999986,50.0,50.0,3.417128854675833e-05,3.0,6.0,0.3299999999999997,50.0,0.3299999999999997,0.11749999999999972,0.3299999999999997,0.3299999999999997,0.0003845436296712203,0.0003845436296712203,0.3845436296712203
1,R16 independent salt regression,1845118b1a30d8077c03bedb8de1c2d563fdf170149595a41d4a823027599db6,10.56,10.56,10.56,0.23947120400362268,Elution 1,1.0,5.5,5.5,16.124999999999993,50.0,50.0,2.0748971186696502e-05,3.0,6.0,0.3224999999999999,50.0,0.3224999999999999,0.10999999999999988,0.3224999999999999,0.3224999999999999,0.00023947120400362267,0.00023947120400362267,0.23947120400362268
1,R16 independent salt regression,1845118b1a30d8077c03bedb8de1c2d563fdf170149595a41d4a823027599db6,10.59,10.59,10.59,0.14832048683577084,Elution 1,1.0,5.125,5.125,15.750000000000004,50.0,50.0,1.2541162950139494e-05,3.0,6.0,0.31500000000000006,50.0,0.31500000000000006,0.10250000000000004,0.31500000000000006,0.31500000000000006,0.00014832048683577085,0.00014832048683577085,0.14832048683577084
1,R16 independent salt regression,1845118b1a30d8077c03bedb8de1c2d563fdf170149595a41d4a823027599db6,10.620000000000001,10.620000000000001,10.620000000000001,0.09138629992121847,Elution 1,1.0,4.749999999999986,4.749999999999986,15.374999999999988,50.0,50.0,7.545164274674365e-06,3.0,6.0,0.3074999999999998,50.0,0.3074999999999998,0.09499999999999975,0.3074999999999998,0.3074999999999998,9.138629992121847e-05,9.138629992121847e-05,0.09138629992121847
1,R16 independent salt regression,1845118b1a30d8077c03bedb8de1c2d563fdf170149595a41d4a823027599db6,10.65,10.65,10.65,0.0560187839413157,Elution 1,1.0,4.375,4.375,14.999999999999998,50.0,50.0,4.522714924126301e-06,3.0,6.0,0.29999999999999993,50.0,0.29999999999999993,0.08749999999999991,0.29999999999999993,0.29999999999999993,5.6018783941315703e-05,5.6018783941315703e-05,0.0560187839413157
1,R16 independent salt regression,1845118b1a30d8077c03bedb8de1c2d563fdf170149595a41d4a823027599db6,10.680000000000001,10.680000000000001,10.680000000000001,0.03417128854675833,Elution 1,1.0,3.999999999999986,3.999999999999986,14.624999999999982,50.0,50.0,2.7029783194882785e-06,3.0,6.0,0.29249999999999965,50.0,0.29249999999999965,0.07999999999999963,0.29249999999999965,0.29249999999999965,3.417128854675833e-05,3.417128854675833e-05,0.03417128854675833
1,R16 independent salt regression,1845118b1a30d8077c03bedb8de1c2d563fdf170149595a41d4a823027599db6,10.71,10.71,10.71,0.020748971186696503,Elution 1,1.0,3.624999999999986,3.624999999999986,14.249999999999993,50.0,50.0,1.6093596027142377e-06,3.0,6.0,0.2849999999999998,50.0,0.2849999999999998,0.07249999999999979,0.2849999999999998,0.2849999999999998,2.0748971186696502e-05,2.0748971186696502e-05,0.020748971186696503
1,R16 independent salt regression,1845118b1a30d8077c03bedb8de1c2d563fdf170149595a41d4a823027599db6,10.74,10.739999999999998,10.739999999999998,0.01254116295013998,Elution 1,1.0,3.250000000000014,3.250000000000014,13.875000000000002,50.0,50.0,9.536020992028391e-07,3.0,6.0,0.2775,50.0,0.2775,0.06500000000000039,0.2775,0.2775,1.254116295013998e-05,1.254116295013998e-05,0.01254116295013998
1,R16 independent salt regression,1845118b1a30d8077c03bedb8de1c2d563fdf170149595a41d4a823027599db6,10.770000000000001,10.77,10.77,0.007545164274674661,Elution 1,1.0,2.875,2.875,13.49999999999999,50.0,50.0,5.630807701861344e-07,3.0,6.0,0.26999999999999974,50.0,0.26999999999999974,0.05750000000000011,0.26999999999999974,0.26999999999999974,7.545164274674661e-06,7.545164274674661e-06,0.007545164274674661
1,R16 independent salt regression,1845118b1a30d8077c03bedb8de1c2d563fdf170149595a41d4a823027599db6,10.8,10.8,10.8,0.004522714924126301,Elution 1,1.0,2.499999999999986,2.499999999999986,13.124999999999998,50.0,50.0,3.329047492590558e-07,3.0,6.0,0.26249999999999996,50.0,0.26249999999999996,0.04999999999999982,0.26249999999999996,0.26249999999999996,4.522714924126301e-06,4.522714924126301e-06,0.004522714924126301
1,R16 independent salt regression,1845118b1a30d8077c03bedb8de1c2d563fdf170149595a41d4a823027599db6,10.830000000000002,10.830000000000002,10.830000000000002,0.0027029783194882787,Elution 1,1.0,2.1249999999999716,2.1249999999999716,12.749999999999984,50.0,50.0,1.9737693138257254e-07,3.0,6.0,0.25499999999999967,50.0,0.25499999999999967,0.04249999999999954,0.25499999999999967,0.25499999999999967,2.7029783194882785e-06,2.7029783194882785e-06,0.0027029783194882787
1,R16 independent salt regression,1845118b1a30d8077c03bedb8de1c2d563fdf170149595a41d4a823027599db6,10.860000000000001,10.86,10.86,0.0016093596027143024,Elution 1,1.0,1.75,1.75,12.374999999999993,50.0,50.0,1.1655243503681761e-07,3.0,6.0,0.24749999999999986,50.0,0.24749999999999986,0.03500000000000014,0.24749999999999986,0.24749999999999986,1.6093596027143025e-06,1.6093596027143025e-06,0.0016093596027143024
1,R16 independent salt regression,1845118b1a30d8077c03bedb8de1c2d563fdf170149595a41d4a823027599db6,10.889999999999999,10.89,10.89,0.0009536020992028161,Elution 1,1.0,1.375,1.375,12.000000000000004,50.0,50.0,6.806361828754341e-08,3.0,6.0,0.24000000000000005,50.0,0.24000000000000005,0.027499999999999858,0.24000000000000005,0.24000000000000005,9.536020992028161e-07,9.536020992028161e-07,0.0009536020992028161
1,R16 independent salt regression,1845118b1a30d8077c03bedb8de1c2d563fdf170149595a41d4a823027599db6,10.92,10.920000000000002,10.920000000000002,0.0005630807701861207,Elution 1,1.0,0.9999999999999716,0.9999999999999716,11.62499999999999,50.0,50.0,3.9534966126382794e-08,3.0,6.0,0.23249999999999976,50.0,0.23249999999999976,0.019999999999999574,0.23249999999999976,0.23249999999999976,5.630807701861207e-07,5.630807701861207e-07,0.0005630807701861207
1,R16 independent salt regression,1845118b1a30d8077c03bedb8de1c2d563fdf170149595a41d4a823027599db6,10.95,10.95,10.95,0.0003329047492590694,Elution 1,1.0,0.6250000000000142,0.6250000000000142,11.249999999999998,50.0,50.0,2.3060682252904995e-08,3.0,6.0,0.22499999999999995,50.0,0.22499999999999995,0.012500000000000178,0.22499999999999995,0.22499999999999995,3.329047492590694e-07,3.329047492590694e-07,0.0003329047492590694
1,R16 independent salt regression,1845118b1a30d8077c03bedb8de1c2d563fdf170149595a41d4a823027599db6,10.98,10.98,10.98,0.00019737693138258055,Elution 1,1.0,0.25,0.25,10.874999999999984,50.0,50.0,1.3661999901292278e-08,3.0,6.0,0.21749999999999967,50.0,0.21749999999999967,0.004999999999999893,0.21749999999999967,0.21749999999999967,1.9737693138258056e-07,1.9737693138258056e-07,0.00019737693138258055
1,R16 independent salt regression,1845118b1a30d8077c03bedb8de1c2d563fdf170149595a41d4a823027599db6,11.01,11.01,11.01,0.00011655243503681761,Elution 2,1.0,0.0,0.0,10.499999999999986,50.0,50.0,7.88808778732391e-09,4.0,6.0,0.20999999999999983,50.0,0.20999999999999983,0.0,0.20999999999999983,0.20999999999999983,1.1655243503681761e-07,1.1655243503681761e-07,0.00011655243503681761
1,R16 independent salt regression,1845118b1a30d8077c03bedb8de1c2d563fdf170149595a41d4a823027599db6,11.04,11.04,11.04,6.806361828754629e-05,Elution 2,1.0,0.0,0.0,10.125000000000062,50.0,50.0,4.38080772923785e-09,4.0,6.0,0.2025000000000014,50.0,0.2025000000000014,0.0,0.2025000000000014,0.2025000000000014,6.806361828754628e-08,6.806361828754628e-08,6.806361828754629e-05
1,R16 independent salt regression,1845118b1a30d8077c03bedb8de1c2d563fdf170149595a41d4a823027599db6,11.07,11.07,11.07,3.9534966126384485e-05,Elution 2,1.0,0.0,0.0,9.749999999972149,50.0,50.0,2.4276671074668672e-09,4.0,6.0,0.19499999999944315,50.0,0.19499999999944315,0.0,0.19499999999944315,0.19499999999944315,3.953496612638449e-08,3.953496612638449e-08,3.9534966126384485e-05
1,R16 independent salt regression,1845118b1a30d8077c03bedb8de1c2d563fdf170149595a41d4a823027599db6,11.1,11.1,11.1,2.3060682252904995e-05,Elution 2,1.0,0.0,0.0,9.374999999190686,50.0,50.0,1.4127157008374467e-09,4.0,6.0,0.18749999998381384,50.0,0.18749999998381384,0.0,0.18749999998381384,0.18749999998381384,2.3060682252904995e-08,2.3060682252904995e-08,2.3060682252904995e-05
1,R16 independent salt regression,1845118b1a30d8077c03bedb8de1c2d563fdf170149595a41d4a823027599db6,11.13,11.13,11.13,1.3661999901292278e-05,Elution 2,1.0,0.0,0.0,9.000000007621626,50.0,50.0,8.466427556849841e-10,4.0,6.0,0.1800000001524326,50.0,0.1800000001524326,0.0,0.1800000001524326,0.1800000001524326,1.3661999901292278e-08,1.3661999901292278e-08,1.3661999901292278e-05
1,R16 independent salt regression,1845118b1a30d8077c03bedb8de1c2d563fdf170149595a41d4a823027599db6,11.16,11.16,11.16,7.88808778732391e-06,Elution 2,1.0,0.0,0.0,8.625000130017911,50.0,50.0,4.950826758694411e-10,4.0,6.0,0.17250000260035825,50.0,0.17250000260035825,0.0,0.17250000260035825,0.17250000260035825,7.88808778732391e-09,7.88808778732391e-09,7.88808778732391e-06
1,R16 independent salt regression,1845118b1a30d8077c03bedb8de1c2d563fdf170149595a41d4a823027599db6,11.19,11.19,11.19,4.3808077292378494e-06,Elution 2,1.0,0.0,0.0,8.250000379571684,50.0,50.0,2.7361469138325894e-10,4.0,6.0,0.16500000759143374,50.0,0.16500000759143374,0.0,0.16500000759143374,0.16500000759143374,4.38080772923785e-09,4.38080772923785e-09,4.3808077292378494e-06
1,R16 independent salt regression,1845118b1a30d8077c03bedb8de1c2d563fdf170149595a41d4a823027599db6,11.22,11.22,11.22,2.427667107466867e-06,Elution 2,1.0,0.0,0.0,7.874999004894151,50.0,50.0,1.4396266524781255e-10,4.0,6.0,0.15749998009788302,50.0,0.15749998009788302,0.0,0.15749998009788302,0.15749998009788302,2.4276671074668672e-09,2.4276671074668672e-09,2.427667107466867e-06
1,R16 independent salt regression,1845118b1a30d8077c03bedb8de1c2d563fdf170149595a41d4a823027599db6,11.25,11.25,11.25,1.4127157008374467e-06,Elution 2,1.0,0.0,0.0,7.499990720599284,50.0,50.0,7.699001299492753e-11,4.0,6.0,0.14999981441198565,50.0,0.14999981441198565,0.0,0.14999981441198565,0.14999981441198565,1.4127157008374467e-09,1.4127157008374467e-09,1.4127157008374467e-06
1,R16 independent salt regression,1845118b1a30d8077c03bedb8de1c2d563fdf170149595a41d4a823027599db6,11.280000000000001,11.280000000000001,11.280000000000001,8.466427556849841e-07,Elution 2,1.0,0.0,0.0,7.124973477493108,50.0,50.0,4.198519325954167e-11,4.0,6.0,0.14249946954986215,50.0,0.14249946954986215,0.0,0.14249946954986215,0.14249946954986215,8.466427556849841e-10,8.466427556849841e-10,8.466427556849841e-07
1,R16 independent salt regression,1845118b1a30d8077c03bedb8de1c2d563fdf170149595a41d4a823027599db6,11.31,11.31,11.31,4.950826758694411e-07,Elution 2,1.0,0.0,0.0,6.749971229861793,50.0,50.0,2.4791672962605438e-11,4.0,6.0,0.13499942459723588,50.0,0.13499942459723588,0.0,0.13499942459723588,0.13499942459723588,4.950826758694411e-10,4.950826758694411e-10,4.950826758694411e-07
1,R16 independent salt regression,1845118b1a30d8077c03bedb8de1c2d563fdf170149595a41d4a823027599db6,11.34,11.34,11.34,2.7361469138325895e-07,Elution 2,1.0,0.0,0.0,6.375057062679457,50.0,50.0,1.4095930498556101e-11,4.0,6.0,0.1275011412535892,50.0,0.1275011412535892,0.0,0.1275011412535892,0.1275011412535892,2.7361469138325894e-10,2.7361469138325894e-10,2.7361469138325895e-07
1,R16 independent salt regression,1845118b1a30d8077c03bedb8de1c2d563fdf170149595a41d4a823027599db6,11.370000000000001,11.370000000000001,11.370000000000001,1.4396266524781254e-07,Elution 2,1.0,0.0,0.0,6.000331088053892,50.0,50.0,8.210486705931646e-12,4.0,6.0,0.1200066217610779,50.0,0.1200066217610779,0.0,0.1200066217610779,0.1200066217610779,1.4396266524781255e-10,1.4396266524781255e-10,1.4396266524781254e-07
1,R16 independent salt regression,1845118b1a30d8077c03bedb8de1c2d563fdf170149595a41d4a823027599db6,11.4,11.4,11.4,7.699001299492753e-08,Elution 2,1.0,0.0,0.0,5.625811318805723,50.0,50.0,4.81999929485838e-12,4.0,6.0,0.11251622637611448,50.0,0.11251622637611448,0.0,0.11251622637611448,0.11251622637611448,7.699001299492753e-11,7.699001299492753e-11,7.699001299492753e-08
1,R16 independent salt regression,1845118b1a30d8077c03bedb8de1c2d563fdf170149595a41d4a823027599db6,11.430000000000001,11.430000000000001,11.430000000000001,4.198519325954167e-08,Elution 2,1.0,0.0,0.0,5.251256254736693,50.0,50.0,2.8345510709609325e-12,4.0,6.0,0.10502512509473387,50.0,0.10502512509473387,0.0,0.10502512509473387,0.10502512509473387,4.198519325954167e-11,4.198519325954167e-11,4.198519325954167e-08
1,R16 independent salt regression,1845118b1a30d8077c03bedb8de1c2d563fdf170149595a41d4a823027599db6,11.46,11.46,11.46,2.4791672962605437e-08,Elution 2,1.0,0.0,0.0,4.876025759933769,50.0,50.0,1.6662140603746191e-12,4.0,6.0,0.0975205151986754,50.0,0.0975205151986754,0.0,0.0975205151986754,0.0975205151986754,2.4791672962605438e-11,2.4791672962605438e-11,2.4791672962605437e-08
1,R16 independent salt regression,1845118b1a30d8077c03bedb8de1c2d563fdf170149595a41d4a823027599db6,11.49,11.49,11.49,1.4095930498556102e-08,Elution 2,1.0,0.0,0.0,4.499133201160225,50.0,50.0,9.78267669559754e-13,4.0,6.0,0.08998266402320453,50.0,0.08998266402320453,0.0,0.08998266402320453,0.08998266402320453,1.4095930498556101e-11,1.4095930498556101e-11,1.4095930498556102e-08
1,R16 independent salt regression,1845118b1a30d8077c03bedb8de1c2d563fdf170149595a41d4a823027599db6,11.520000000000001,11.520000000000001,11.520000000000001,8.210486705931646e-09,Elution 2,1.0,0.0,0.0,4.119594587536326,50.0,50.0,5.735363806450589e-13,4.0,6.0,0.0823918917507265,50.0,0.0823918917507265,0.0,0.0823918917507265,0.0823918917507265,8.210486705931646e-12,8.210486705931646e-12,8.210486705931646e-09
1,R16 independent salt regression,1845118b1a30d8077c03bedb8de1c2d563fdf170149595a41d4a823027599db6,11.55,11.55,11.55,4.81999929485838e-09,Elution 2,1.0,0.0,0.0,3.737046949421674,50.0,50.0,3.357503451798287e-13,4.0,6.0,0.07474093898843345,50.0,0.07474093898843345,0.0,0.07474093898843345,0.07474093898843345,4.81999929485838e-12,4.81999929485838e-12,4.81999929485838e-09
1,R16 independent salt regression,1845118b1a30d8077c03bedb8de1c2d563fdf170149595a41d4a823027599db6,11.580000000000002,11.580000000000002,11.580000000000002,2.8345510709609323e-09,Elution 2,1.0,0.0,0.0,3.352457286195174,50.0,50.0,1.962579761913484e-13,4.0,6.0,0.06704914572390344,50.0,0.06704914572390344,0.0,0.06704914572390344,0.06704914572390344,2.8345510709609325e-12,2.8345510709609325e-12,2.8345510709609323e-09
1,R16 independent salt regression,1845118b1a30d8077c03bedb8de1c2d563fdf170149595a41d4a823027599db6,11.610000000000001,11.610000000000001,11.610000000000001,1.6662140603746192e-09,Elution 2,1.0,0.0,0.0,2.9686582469211342,50.0,50.0,1.1455282557978236e-13,4.0,6.0,0.05937316493842263,50.0,0.05937316493842263,0.0,0.05937316493842263,0.05937316493842263,1.6662140603746191e-12,1.6662140603746191e-12,1.6662140603746192e-09
1,R16 independent salt regression,1845118b1a30d8077c03bedb8de1c2d563fdf170149595a41d4a823027599db6,11.639999999999999,11.639999999999999,11.639999999999999,9.782676695597945e-10,Elution 2,1.0,0.0,0.0,2.5904766190035557,50.0,50.0,6.676805887232615e-14,4.0,6.0,0.05180953238007107,50.0,0.05180953238007107,0.0,0.05180953238007107,0.05180953238007107,9.782676695597946e-13,9.782676695597946e-13,9.782676695597945e-10
1,R16 independent salt regression,1845118b1a30d8077c03bedb8de1c2d563fdf170149595a41d4a823027599db6,11.67,11.67,11.67,5.735363806450828e-10,Elution 2,1.0,0.0,0.0,2.2243532027176975,50.0,50.0,3.886314409032499e-14,4.0,6.0,0.044487064054353924,50.0,0.044487064054353924,0.0,0.044487064054353924,0.044487064054353924,5.735363806450828e-13,5.735363806450828e-13,5.735363806450828e-10
1,R16 independent salt regression,1845118b1a30d8077c03bedb8de1c2d563fdf170149595a41d4a823027599db6,11.7,11.7,11.7,3.357503451798428e-10,Elution 2,1.0,0.0,0.0,1.8775251402717013,50.0,50.0,2.259133499095819e-14,4.0,6.0,0.037550502805434004,50.0,0.037550502805434004,0.0,0.037550502805434004,0.037550502805434004,3.357503451798428e-13,3.357503451798428e-13,3.357503451798428e-10
1,R16 independent salt regression,1845118b1a30d8077c03bedb8de1c2d563fdf170149595a41d4a823027599db6,11.73,11.73,11.73,1.9625797619135665e-10,Elution 2,1.0,0.0,0.0,1.5569822851882784,50.0,50.0,1.3116472412063451e-14,4.0,6.0,0.031139645703765557,50.0,0.031139645703765557,0.0,0.031139645703765557,0.031139645703765557,1.9625797619135665e-13,1.9625797619135665e-13,1.9625797619135665e-10
1,R16 independent salt regression,1845118b1a30d8077c03bedb8de1c2d563fdf170149595a41d4a823027599db6,11.76,11.76,11.76,1.1455282557978718e-10,Elution 2,1.0,0.0,0.0,1.2655683788766612,50.0,50.0,7.606972551987446e-15,4.0,6.0,0.025311367577533217,50.0,0.025311367577533217,0.0,0.025311367577533217,0.025311367577533217,1.1455282557978719e-13,1.1455282557978719e-13,1.1455282557978718e-10
1,R16 independent salt regression,1845118b1a30d8077c03bedb8de1c2d563fdf170149595a41d4a823027599db6,11.79,11.79,11.79,6.676805887232615e-11,Elution 2,1.0,0.0,0.0,1.0100708431734475,50.0,50.0,4.407275779366848e-15,4.0,6.0,0.02020141686346895,50.0,0.02020141686346895,0.0,0.02020141686346895,0.02020141686346895,6.676805887232615e-14,6.676805887232615e-14,6.676805887232615e-11
1,R16 independent salt regression,1845118b1a30d8077c03bedb8de1c2d563fdf170149595a41d4a823027599db6,11.82,11.82,11.82,3.886314409032499e-11,Elution 2,1.0,0.0,0.0,0.7946462266566177,50.0,50.0,2.551197494499632e-15,4.0,6.0,0.015892924533132353,50.0,0.015892924533132353,0.0,0.015892924533132353,0.015892924533132353,3.886314409032499e-14,3.886314409032499e-14,3.886314409032499e-11
1,R16 independent salt regression,1845118b1a30d8077c03bedb8de1c2d563fdf170149595a41d4a823027599db6,11.85,11.85,11.85,2.259133499095819e-11,Elution 2,1.0,0.0,0.0,0.6174067184000388,50.0,50.0,1.475687554503714e-15,4.0,6.0,0.012348134368000776,50.0,0.012348134368000776,0.0,0.012348134368000776,0.012348134368000776,2.259133499095819e-14,2.259133499095819e-14,2.259133499095819e-11
1,R16 independent salt regression,1845118b1a30d8077c03bedb8de1c2d563fdf170149595a41d4a823027599db6,11.88,11.88,11.88,1.3116472412063452e-11,Elution 2,1.0,0.0,0.0,0.4744615913034618,50.0,50.0,8.53060823427862e-16,4.0,6.0,0.009489231826069235,50.0,0.009489231826069235,0.0,0.009489231826069235,0.009489231826069235,1.3116472412063451e-14,1.3116472412063451e-14,1.3116472412063452e-11
1,R16 independent salt regression,1845118b1a30d8077c03bedb8de1c2d563fdf170149595a41d4a823027599db6,11.91,11.91,11.91,7.606972551987446e-12,Elution 2,1.0,0.0,0.0,0.36122422619983796,50.0,50.0,4.928942357040734e-16,4.0,6.0,0.007224484523996759,50.0,0.007224484523996759,0.0,0.007224484523996759,0.007224484523996759,7.606972551987446e-15,7.606972551987446e-15,7.606972551987446e-12
1,R16 independent salt regression,1845118b1a30d8077c03bedb8de1c2d563fdf170149595a41d4a823027599db6,11.94,11.94,11.94,4.407275779366847e-12,Elution 2,1.0,0.0,0.0,0.27294949227686754,50.0,50.0,2.8468308224936943e-16,4.0,6.0,0.00545898984553735,50.0,0.00545898984553735,0.0,0.00545898984553735,0.00545898984553735,4.407275779366848e-15,4.407275779366848e-15,4.407275779366847e-12
1,R16 independent salt regression,1845118b1a30d8077c03bedb8de1c2d563fdf170149595a41d4a823027599db6,11.97,11.97,11.97,2.551197494499632e-12,Elution 2,1.0,0.0,0.0,0.2050719811241573,50.0,50.0,1.6437761426762075e-16,4.0,6.0,0.004101439622483146,50.0,0.004101439622483146,0.0,0.004101439622483146,0.004101439622483146,2.551197494499632e-15,2.551197494499632e-15,2.551197494499632e-12
1,R16 independent salt regression,1845118b1a30d8077c03bedb8de1c2d563fdf170149595a41d4a823027599db6,12.0,12.0,12.0,1.475687554503714e-12,Elution 2,1.0,0.0,0.0,0.15344915498762102,50.0,50.0,9.489180626870341e-17,4.0,6.0,0.0030689830997524207,50.0,0.0030689830997524207,0.0,0.0030689830997524207,0.0030689830997524207,1.475687554503714e-15,1.475687554503714e-15,1.475687554503714e-12
1,R16 independent salt regression,1845118b1a30d8077c03bedb8de1c2d563fdf170149595a41d4a823027599db6,12.030000000000001,12.030000000000001,12.030000000000001,8.53060823427862e-13,Elution 2,1.0,0.0,0.0,0.11450872445989621,50.0,50.0,5.477029587354538e-17,4.0,6.0,0.002290174489197924,50.0,0.002290174489197924,0.0,0.002290174489197924,0.002290174489197924,8.53060823427862e-16,8.53060823427862e-16,8.53060823427862e-13
1,R16 independent salt regression,1845118b1a30d8077c03bedb8de1c2d563fdf170149595a41d4a823027599db6,12.06,12.06,12.06,4.928942357040734e-13,Elution 2,1.0,0.0,0.0,0.0852999729779511,50.0,50.0,3.160902055091118e-17,4.0,6.0,0.001705999459559022,50.0,0.001705999459559022,0.0,0.001705999459559022,0.001705999459559022,4.928942357040734e-16,4.928942357040734e-16,4.928942357040734e-13
1,R16 independent salt regression,1845118b1a30d8077c03bedb8de1c2d563fdf170149595a41d4a823027599db6,12.09,12.09,12.09,2.8468308224936945e-13,Elution 2,1.0,0.0,0.0,0.06346890864670092,50.0,50.0,1.8240657477715407e-17,4.0,6.0,0.001269378172934018,50.0,0.001269378172934018,0.0,0.001269378172934018,0.001269378172934018,2.8468308224936943e-16,2.8468308224936943e-16,2.8468308224936945e-13
1,R16 independent salt regression,1845118b1a30d8077c03bedb8de1c2d563fdf170149595a41d4a823027599db6,12.120000000000001,12.120000000000001,12.120000000000001,1.6437761426762076e-13,Elution 2,1.0,0.0,0.0,0.047186538071657055,50.0,50.0,1.052550337739637e-17,4.0,6.0,0.000943730761433141,50.0,0.000943730761433141,0.0,0.000943730761433141,0.000943730761433141,1.6437761426762075e-16,1.6437761426762075e-16,1.6437761426762076e-13
1,R16 independent salt regression,1845118b1a30d8077c03bedb8de1c2d563fdf170149595a41d4a823027599db6,12.15,12.15,12.15,9.489180626870341e-14,Elution 2,1.0,0.0,0.0,0.035057811042531195,50.0,50.0,6.0732907785684584e-18,4.0,6.0,0.0007011562208506238,50.0,0.0007011562208506238,0.0,0.0007011562208506238,0.0007011562208506238,9.489180626870341e-17,9.489180626870341e-17,9.489180626870341e-14
1,R16 independent salt regression,1845118b1a30d8077c03bedb8de1c2d563fdf170149595a41d4a823027599db6,12.180000000000001,12.180000000000001,12.180000000000001,5.4770295873545376e-14,Elution 2,1.0,0.0,0.0,0.026030889284876044,50.0,50.0,3.504187816085955e-18,4.0,6.0,0.000520617785697521,50.0,0.000520617785697521,0.0,0.000520617785697521,0.000520617785697521,5.477029587354538e-17,5.477029587354538e-17,5.4770295873545376e-14
1,R16 independent salt regression,1845118b1a30d8077c03bedb8de1c2d563fdf170149595a41d4a823027599db6,12.21,12.21,12.21,3.160902055091118e-14,Elution 2,1.0,0.0,0.0,0.019317556079252268,50.0,50.0,2.021782143777509e-18,4.0,6.0,0.00038635112158504536,50.0,0.00038635112158504536,0.0,0.00038635112158504536,0.00038635112158504536,3.160902055091118e-17,3.160902055091118e-17,3.160902055091118e-14
1,R16 independent salt regression,1845118b1a30d8077c03bedb8de1c2d563fdf170149595a41d4a823027599db6,12.24,12.24,12.24,1.8240657477715406e-14,Elution 2,1.0,0.0,0.0,0.014328624171244234,50.0,50.0,1.1664489015370507e-18,4.0,6.0,0.00028657248342488467,50.0,0.00028657248342488467,0.0,0.00028657248342488467,0.00028657248342488467,1.8240657477715407e-17,1.8240657477715407e-17,1.8240657477715406e-14
1,R16 independent salt regression,1845118b1a30d8077c03bedb8de1c2d563fdf170149595a41d4a823027599db6,12.270000000000001,12.270000000000001,12.270000000000001,1.052550337739637e-14,Elution 2,1.0,0.0,0.0,0.010623980034493528,50.0,50.0,6.729486206859253e-19,4.0,6.0,0.00021247960068987044,50.0,0.00021247960068987044,0.0,0.00021247960068987044,0.00021247960068987044,1.052550337739637e-17,1.052550337739637e-17,1.052550337739637e-14
1,R16 independent salt regression,1845118b1a30d8077c03bedb8de1c2d563fdf170149595a41d4a823027599db6,12.3,12.3,12.3,6.0732907785684584e-15,Elution 2,1.0,0.0,0.0,0.007874930897399168,50.0,50.0,3.882249913183305e-19,4.0,6.0,0.00015749861794798334,50.0,0.00015749861794798334,0.0,0.00015749861794798334,0.00015749861794798334,6.0732907785684584e-18,6.0732907785684584e-18,6.0732907785684584e-15
1,R16 independent salt regression,1845118b1a30d8077c03bedb8de1c2d563fdf170149595a41d4a823027599db6,12.330000000000002,12.330000000000002,12.330000000000002,3.5041878160859552e-15,Elution 2,1.0,0.0,0.0,0.005836152984702338,50.0,50.0,2.2396047051001133e-19,4.0,6.0,0.00011672305969404672,50.0,0.00011672305969404672,0.0,0.00011672305969404672,0.00011672305969404672,3.504187816085955e-18,3.504187816085955e-18,3.5041878160859552e-15
1,R16 independent salt regression,1845118b1a30d8077c03bedb8de1c2d563fdf170149595a41d4a823027599db6,12.360000000000001,12.36,12.36,2.021782143777597e-15,Elution 2,1.0,0.0,0.0,0.004324745945325517,50.0,50.0,1.2919534126536875e-19,4.0,6.0,8.649491890651029e-05,50.0,8.649491890651029e-05,0.0,8.649491890651029e-05,8.649491890651029e-05,2.021782143777597e-18,2.021782143777597e-18,2.021782143777597e-15
1,R16 independent salt regression,1845118b1a30d8077c03bedb8de1c2d563fdf170149595a41d4a823027599db6,12.389999999999999,12.39,12.39,1.1664489015370508e-15,Elution 2,1.0,0.0,0.0,0.003204573755207559,50.0,50.0,7.452663810648635e-20,4.0,6.0,6.409147510415111e-05,50.0,6.409147510415111e-05,0.0,6.409147510415111e-05,6.409147510415111e-05,1.1664489015370507e-18,1.1664489015370507e-18,1.1664489015370508e-15
1,R16 independent salt regression,1845118b1a30d8077c03bedb8de1c2d563fdf170149595a41d4a823027599db6,12.42,12.420000000000002,12.420000000000002,6.729486206859254e-16,Elution 2,1.0,0.0,0.0,0.0023744643604416706,50.0,50.0,4.2989968781471157e-20,4.0,6.0,4.748928720883336e-05,50.0,4.748928720883336e-05,0.0,4.748928720883336e-05,4.748928720883336e-05,6.729486206859253e-19,6.729486206859253e-19,6.729486206859254e-16
1,R16 independent salt regression,1845118b1a30d8077c03bedb8de1c2d563fdf170149595a41d4a823027599db6,12.45,12.45,12.45,3.8822499131834737e-16,Elution 2,1.0,0.0,0.0,0.0017593378083518541,50.0,50.0,2.4797925109846916e-20,4.0,6.0,3.518675616703705e-05,50.0,3.518675616703705e-05,0.0,3.518675616703705e-05,3.518675616703705e-05,3.8822499131834736e-19,3.8822499131834736e-19,3.8822499131834737e-16
1,R16 independent salt regression,1845118b1a30d8077c03bedb8de1c2d563fdf170149595a41d4a823027599db6,12.48,12.48,12.48,2.2396047051002107e-16,Elution 2,1.0,0.0,0.0,0.001303527692261106,50.0,50.0,1.430400681791401e-20,4.0,6.0,2.607055384522209e-05,50.0,2.607055384522209e-05,0.0,2.607055384522209e-05,2.607055384522209e-05,2.2396047051002106e-19,2.2396047051002106e-19,2.2396047051002107e-16
1,R16 independent salt regression,1845118b1a30d8077c03bedb8de1c2d563fdf170149595a41d4a823027599db6,12.51,12.51,12.51,1.2919534126536875e-16,Elution 2,1.0,0.0,0.0,0.0009657770948936049,50.0,50.0,8.250789899942121e-21,4.0,6.0,1.931554189787208e-05,50.0,1.931554189787208e-05,0.0,1.931554189787208e-05,1.931554189787208e-05,1.2919534126536875e-19,1.2919534126536875e-19,1.2919534126536875e-16
1,R16 independent salt regression,1845118b1a30d8077c03bedb8de1c2d563fdf170149595a41d4a823027599db6,12.54,12.54,12.54,7.452663810648959e-17,Elution 2,1.0,0.0,0.0,0.0007155170718854037,50.0,50.0,4.75915510725534e-21,4.0,6.0,1.4310341437708061e-05,50.0,1.4310341437708061e-05,0.0,1.4310341437708061e-05,1.4310341437708061e-05,7.452663810648959e-20,7.452663810648959e-20,7.452663810648959e-17
1,R16 independent salt regression,1845118b1a30d8077c03bedb8de1c2d563fdf170149595a41d4a823027599db6,12.57,12.57,12.57,4.298996878147302e-17,Elution 2,1.0,0.0,0.0,0.0005300936601287703,50.0,50.0,2.745121195323005e-21,4.0,6.0,1.0601873202575394e-05,50.0,1.0601873202575394e-05,0.0,1.0601873202575394e-05,1.0601873202575394e-05,4.298996878147302e-20,4.298996878147302e-20,4.298996878147302e-17
1,R16 independent salt regression,1845118b1a30d8077c03bedb8de1c2d563fdf170149595a41d4a823027599db6,12.6,12.6,12.6,2.4797925109846916e-17,Elution 2,1.0,0.0,0.0,0.0003927145028709708,50.0,50.0,1.5834018309511902e-21,4.0,6.0,7.85429005741941e-06,50.0,7.85429005741941e-06,0.0,7.85429005741941e-06,7.85429005741941e-06,2.4797925109846916e-20,2.4797925109846916e-20,2.4797925109846916e-17
1,R16 independent salt regression,1845118b1a30d8077c03bedb8de1c2d563fdf170149595a41d4a823027599db6,12.63,12.63,12.63,1.430400681791401e-17,Elution 2,1.0,0.0,0.0,0.00029093611400239205,50.0,50.0,9.13312045652224e-22,4.0,6.0,5.818722280047836e-06,50.0,5.818722280047836e-06,0.0,5.818722280047836e-06,5.818722280047836e-06,1.430400681791401e-20,1.430400681791401e-20,1.430400681791401e-17
1,R16 independent salt regression,1845118b1a30d8077c03bedb8de1c2d563fdf170149595a41d4a823027599db6,12.66,12.66,12.66,8.250789899942121e-18,Elution 2,1.0,0.0,0.0,0.00021553557883737662,50.0,50.0,5.268002853329491e-22,4.0,6.0,4.310711576747529e-06,50.0,4.310711576747529e-06,0.0,4.310711576747529e-06,4.310711576747529e-06,8.250789899942121e-21,8.250789899942121e-21,8.250789899942121e-18
1,R16 independent salt regression,1845118b1a30d8077c03bedb8de1c2d563fdf170149595a41d4a823027599db6,12.69,12.69,12.69,4.75915510725534e-18,Elution 2,1.0,0.0,0.0,0.00015967611545940436,50.0,50.0,3.038588264134539e-22,4.0,6.0,3.193522309188087e-06,50.0,3.193522309188087e-06,0.0,3.193522309188087e-06,3.193522309188087e-06,4.75915510725534e-21,4.75915510725534e-21,4.75915510725534e-18
1,R16 independent salt regression,1845118b1a30d8077c03bedb8de1c2d563fdf170149595a41d4a823027599db6,12.72,12.72,12.72,2.745121195323005e-18,Elution 2,1.0,0.0,0.0,0.00011829364081976825,50.0,50.0,1.752657093713843e-22,4.0,6.0,2.3658728163953642e-06,50.0,2.3658728163953642e-06,0.0,2.3658728163953642e-06,2.3658728163953642e-06,2.745121195323005e-21,2.745121195323005e-21,2.745121195323005e-18
1,R16 independent salt regression,1845118b1a30d8077c03bedb8de1c2d563fdf170149595a41d4a823027599db6,12.75,12.75,12.75,1.5834018309511902e-18,Elution 2,1.0,0.0,0.0,8.76368736823947e-05,50.0,50.0,1.0109308758260827e-22,4.0,6.0,1.7527374736478926e-06,50.0,1.7527374736478926e-06,0.0,1.7527374736478926e-06,1.7527374736478926e-06,1.5834018309511902e-21,1.5834018309511902e-21,1.5834018309511902e-18
1,R16 independent salt regression,1845118b1a30d8077c03bedb8de1c2d563fdf170149595a41d4a823027599db6,12.780000000000001,12.780000000000001,12.780000000000001,9.13312045652224e-19,Elution 2,1.0,0.0,0.0,6.49258507791718e-05,50.0,50.0,5.831033099723241e-23,4.0,6.0,1.2985170155834352e-06,50.0,1.2985170155834352e-06,0.0,1.2985170155834352e-06,1.2985170155834352e-06,9.13312045652224e-22,9.13312045652224e-22,9.13312045652224e-19
1,R16 independent salt regression,1845118b1a30d8077c03bedb8de1c2d563fdf170149595a41d4a823027599db6,12.81,12.81,12.81,5.268002853329491e-19,Elution 2,1.0,0.0,0.0,4.809981347540408e-05,50.0,50.0,3.363327841982797e-23,4.0,6.0,9.619962695080808e-07,50.0,9.619962695080808e-07,0.0,9.619962695080808e-07,9.619962695080808e-07,5.268002853329491e-22,5.268002853329491e-22,5.268002853329491e-19
1,R16 independent salt regression,1845118b1a30d8077c03bedb8de1c2d563fdf170149595a41d4a823027599db6,12.84,12.84,12.84,3.038588264134539e-19,Elution 2,1.0,0.0,0.0,3.563437300095784e-05,50.0,50.0,1.9399594042285523e-23,4.0,6.0,7.126874600191559e-07,50.0,7.126874600191559e-07,0.0,7.126874600191559e-07,7.126874600191559e-07,3.038588264134539e-22,3.038588264134539e-22,3.038588264134539e-19
1,R16 independent salt regression,1845118b1a30d8077c03bedb8de1c2d563fdf170149595a41d4a823027599db6,12.870000000000001,12.870000000000001,12.870000000000001,1.752657093713843e-19,Elution 2,1.0,0.0,0.0,2.6400062306636993e-05,50.0,50.0,1.118963464150329e-23,4.0,6.0,5.280012461327395e-07,50.0,5.280012461327395e-07,0.0,5.280012461327395e-07,5.280012461327395e-07,1.752657093713843e-22,1.752657093713843e-22,1.752657093713843e-19
1,R16 independent salt regression,1845118b1a30d8077c03bedb8de1c2d563fdf170149595a41d4a823027599db6,12.9,12.9,12.9,1.0109308758260827e-19,Elution 2,1.0,0.0,0.0,1.9559330863478325e-05,50.0,50.0,6.4541501870416644e-24,4.0,6.0,3.911866172695665e-07,50.0,3.911866172695665e-07,0.0,3.911866172695665e-07,3.911866172695665e-07,1.0109308758260827e-22,1.0109308758260827e-22,1.0109308758260827e-19
1,R16 independent salt regression,1845118b1a30d8077c03bedb8de1c2d563fdf170149595a41d4a823027599db6,12.930000000000001,12.930000000000001,12.930000000000001,5.831033099723242e-20,Elution 2,1.0,0.0,0.0,1.4491323497275102e-05,50.0,50.0,3.722735556057318e-24,4.0,6.0,2.8982646994550195e-07,50.0,2.8982646994550195e-07,0.0,2.8982646994550195e-07,2.8982646994550195e-07,5.831033099723241e-23,5.831033099723241e-23,5.831033099723242e-20
1,R16 independent salt regression,1845118b1a30d8077c03bedb8de1c2d563fdf170149595a41d4a823027599db6,12.96,12.96,12.96,3.363327841982797e-20,Elution 2,1.0,0.0,0.0,1.07362501209869e-05,50.0,50.0,2.1472634019544295e-24,4.0,6.0,2.1472500241973772e-07,50.0,2.1472500241973772e-07,0.0,2.1472500241973772e-07,2.1472500241973772e-07,3.363327841982797e-23,3.363327841982797e-23,3.363327841982797e-20
1,R16 independent salt regression,1845118b1a30d8077c03bedb8de1c2d563fdf170149595a41d4a823027599db6,12.99,12.99,12.99,1.9399594042285523e-20,Elution 2,1.0,0.0,0.0,7.954243507825075e-06,50.0,50.0,1.2385356694940818e-24,4.0,6.0,1.5908487015650133e-07,50.0,1.5908487015650133e-07,0.0,1.5908487015650133e-07,1.5908487015650133e-07,1.9399594042285523e-23,1.9399594042285523e-23,1.9399594042285523e-20
1,R16 independent salt regression,1845118b1a30d8077c03bedb8de1c2d563fdf170149595a41d4a823027599db6,13.020000000000001,13.020000000000001,13.020000000000001,1.118963464150329e-20,Elution 2,1.0,0.0,0.0,5.893736444608932e-06,50.0,50.0,7.143841588829954e-25,4.0,6.0,1.1787472889217869e-07,50.0,1.1787472889217869e-07,0.0,1.1787472889217869e-07,1.1787472889217869e-07,1.118963464150329e-23,1.118963464150329e-23,1.118963464150329e-20
1,R16 independent salt regression,1845118b1a30d8077c03bedb8de1c2d563fdf170149595a41d4a823027599db6,13.05,13.05,13.05,6.454150187041664e-21,Elution 2,1.0,0.0,0.0,4.367620792851038e-06,50.0,50.0,4.1205505123736373e-25,4.0,6.0,8.735241585702083e-08,50.0,8.735241585702083e-08,0.0,8.735241585702083e-08,8.735241585702083e-08,6.4541501870416644e-24,6.4541501870416644e-24,6.454150187041664e-21
1,R16 independent salt regression,1845118b1a30d8077c03bedb8de1c2d563fdf170149595a41d4a823027599db6,13.080000000000002,13.080000000000002,13.080000000000002,3.722735556057318e-21,Elution 2,1.0,0.0,0.0,3.236838805201386e-06,50.0,50.0,2.376724363519158e-25,4.0,6.0,6.473677610402762e-08,50.0,6.473677610402762e-08,0.0,6.473677610402762e-08,6.473677610402762e-08,3.722735556057318e-24,3.722735556057318e-24,3.722735556057318e-21
1,R16 independent salt regression,1845118b1a30d8077c03bedb8de1c2d563fdf170149595a41d4a823027599db6,13.110000000000001,13.11,13.11,2.1472634019545228e-21,Elution 2,1.0,0.0,0.0,2.398651017434977e-06,50.0,50.0,1.3708898250579819e-25,4.0,6.0,4.7973020348699366e-08,50.0,4.7973020348699366e-08,0.0,4.7973020348699366e-08,4.7973020348699366e-08,2.1472634019545228e-24,2.1472634019545228e-24,2.1472634019545228e-21
1,R16 independent salt regression,1845118b1a30d8077c03bedb8de1c2d563fdf170149595a41d4a823027599db6,13.139999999999999,13.14,13.14,1.2385356694940817e-21,Elution 2,1.0,0.0,0.0,1.7773778149492051e-06,50.0,50.0,7.907267830031453e-26,4.0,6.0,3.554755629898402e-08,50.0,3.554755629898402e-08,0.0,3.554755629898402e-08,3.554755629898402e-08,1.2385356694940818e-24,1.2385356694940818e-24,1.2385356694940817e-21
1,R16 independent salt regression,1845118b1a30d8077c03bedb8de1c2d563fdf170149595a41d4a823027599db6,13.17,13.170000000000002,13.170000000000002,7.143841588829954e-22,Elution 2,1.0,0.0,0.0,1.317055206015095e-06,50.0,50.0,4.560899498447938e-26,4.0,6.0,2.634110412030193e-08,50.0,2.634110412030193e-08,0.0,2.634110412030193e-08,2.634110412030193e-08,7.143841588829954e-25,7.143841588829954e-25,7.143841588829954e-22
1,R16 independent salt regression,1845118b1a30d8077c03bedb8de1c2d563fdf170149595a41d4a823027599db6,13.2,13.2,13.2,4.1205505123738165e-22,Elution 2,1.0,0.0,0.0,9.76231002994663e-07,50.0,50.0,2.630720477860886e-26,4.0,6.0,1.9524620059893305e-08,50.0,1.9524620059893305e-08,0.0,1.9524620059893305e-08,1.9524620059893305e-08,4.1205505123738164e-25,4.1205505123738164e-25,4.1205505123738165e-22
1,R16 independent salt regression,1845118b1a30d8077c03bedb8de1c2d563fdf170149595a41d4a823027599db6,13.23,13.23,13.23,2.376724363519261e-22,Elution 2,1.0,0.0,0.0,7.240266407017726e-07,50.0,50.0,1.5173964034883636e-26,4.0,6.0,1.4480532814035431e-08,50.0,1.4480532814035431e-08,0.0,1.4480532814035431e-08,1.4480532814035431e-08,2.3767243635192607e-25,2.3767243635192607e-25,2.376724363519261e-22
1,R16 independent salt regression,1845118b1a30d8077c03bedb8de1c2d563fdf170149595a41d4a823027599db6,13.26,13.26,13.26,1.370889825057982e-22,Elution 2,1.0,0.0,0.0,5.376003965412081e-07,50.0,50.0,8.752326945342327e-27,4.0,6.0,1.0752007930824042e-08,50.0,1.0752007930824042e-08,0.0,1.0752007930824042e-08,1.0752007930824042e-08,1.3708898250579819e-25,1.3708898250579819e-25,1.370889825057982e-22
1,R16 independent salt regression,1845118b1a30d8077c03bedb8de1c2d563fdf170149595a41d4a823027599db6,13.29,13.29,13.29,7.907267830031796e-23,Elution 2,1.0,0.0,0.0,3.9908242560636654e-07,50.0,50.0,5.0483348356258754e-27,4.0,6.0,7.981648512127208e-09,50.0,7.981648512127208e-09,0.0,7.981648512127208e-09,7.981648512127208e-09,7.907267830031796e-26,7.907267830031796e-26,7.907267830031796e-23
1,R16 independent salt regression,1845118b1a30d8077c03bedb8de1c2d563fdf170149595a41d4a823027599db6,13.32,13.32,13.32,4.5608994984481365e-23,Elution 2,1.0,0.0,0.0,2.9616601429792704e-07,50.0,50.0,2.911876267728498e-27,4.0,6.0,5.9233202859584816e-09,50.0,5.9233202859584816e-09,0.0,5.9233202859584816e-09,5.9233202859584816e-09,4.5608994984481363e-26,4.5608994984481363e-26,4.5608994984481365e-23
1,R16 independent salt regression,1845118b1a30d8077c03bedb8de1c2d563fdf170149595a41d4a823027599db6,13.35,13.35,13.35,2.630720477860886e-23,Elution 2,1.0,0.0,0.0,2.1970438900836845e-07,50.0,50.0,1.6795689642432573e-27,4.0,6.0,4.394087780167399e-09,50.0,4.394087780167399e-09,0.0,4.394087780167399e-09,4.394087780167399e-09,2.630720477860886e-26,2.630720477860886e-26,2.630720477860886e-23
1,R16 independent salt regression,1845118b1a30d8077c03bedb8de1c2d563fdf170149595a41d4a823027599db6,13.38,13.38,13.38,1.5173964034883635e-23,Elution 2,1.0,0.0,0.0,1.6290071339558215e-07,50.0,50.0,9.687750489975967e-28,4.0,6.0,3.258014267911705e-09,50.0,3.258014267911705e-09,0.0,3.258014267911705e-09,3.258014267911705e-09,1.5173964034883636e-26,1.5173964034883636e-26,1.5173964034883635e-23
1,R16 independent salt regression,1845118b1a30d8077c03bedb8de1c2d563fdf170149595a41d4a823027599db6,13.41,13.41,13.41,8.752326945342326e-24,Elution 2,1.0,0.0,0.0,1.2081034412743866e-07,50.0,50.0,5.587895206966255e-28,4.0,6.0,2.416206882548804e-09,50.0,2.416206882548804e-09,0.0,2.416206882548804e-09,2.416206882548804e-09,8.752326945342327e-27,8.752326945342327e-27,8.752326945342326e-24
1,R16 independent salt regression,1845118b1a30d8077c03bedb8de1c2d563fdf170149595a41d4a823027599db6,13.44,13.44,13.44,5.0483348356258756e-24,Elution 2,1.0,0.0,0.0,8.967238173260555e-08,50.0,50.0,3.2231000736316076e-28,4.0,6.0,1.7934476346520948e-09,50.0,1.7934476346520948e-09,0.0,1.7934476346520948e-09,1.7934476346520948e-09,5.0483348356258754e-27,5.0483348356258754e-27,5.0483348356258756e-24
1,R16 independent salt regression,1845118b1a30d8077c03bedb8de1c2d563fdf170149595a41d4a823027599db6,13.47,13.47,13.47,2.911876267728498e-24,Elution 2,1.0,0.0,0.0,6.705939306983378e-08,50.0,50.0,1.8590864242606924e-28,4.0,6.0,1.3411878613965695e-09,50.0,1.3411878613965695e-09,0.0,1.3411878613965695e-09,1.3411878613965695e-09,2.911876267728498e-27,2.911876267728498e-27,2.911876267728498e-24
1,R16 independent salt regression,1845118b1a30d8077c03bedb8de1c2d563fdf170149595a41d4a823027599db6,13.5,13.5,13.5,1.6795689642432572e-24,Elution 2,1.0,0.0,0.0,5.025415935015895e-08,50.0,50.0,1.072323047154784e-28,4.0,6.0,1.0050831870030603e-09,50.0,1.0050831870030603e-09,0.0,1.0050831870030603e-09,1.0050831870030603e-09,1.6795689642432573e-27,1.6795689642432573e-27,1.6795689642432572e-24
1,R16 independent salt regression,1845118b1a30d8077c03bedb8de1c2d563fdf170149595a41d4a823027599db6,13.530000000000001,13.530000000000001,13.530000000000001,9.687750489975966e-25,Elution 2,1.0,0.0,0.0,3.807726519818128e-08,50.0,50.0,6.185174919885796e-29,4.0,6.0,7.615453039635311e-10,50.0,7.615453039635311e-10,0.0,7.615453039635311e-10,7.615453039635311e-10,9.687750489975967e-28,9.687750489975967e-28,9.687750489975966e-25
1,R16 independent salt regression,1845118b1a30d8077c03bedb8de1c2d563fdf170149595a41d4a823027599db6,13.56,13.56,13.56,5.587895206966255e-25,Elution 2,1.0,0.0,0.0,2.8865720305844895e-08,50.0,50.0,3.567620298010995e-29,4.0,6.0,5.773144061168568e-10,50.0,5.773144061168568e-10,0.0,5.773144061168568e-10,5.773144061168568e-10,5.587895206966255e-28,5.587895206966255e-28,5.587895206966255e-25
1,R16 independent salt regression,1845118b1a30d8077c03bedb8de1c2d563fdf170149595a41d4a823027599db6,13.59,13.59,13.59,3.2231000736316078e-25,Elution 2,1.0,0.0,0.0,2.1900904615013657e-08,50.0,50.0,2.0578113844567005e-29,4.0,6.0,4.3801809230030576e-10,50.0,4.3801809230030576e-10,0.0,4.3801809230030576e-10,4.3801809230030576e-10,3.2231000736316076e-28,3.2231000736316076e-28,3.2231000736316078e-25
1,R16 independent salt regression,1845118b1a30d8077c03bedb8de1c2d563fdf170149595a41d4a823027599db6,13.620000000000001,13.620000000000001,13.620000000000001,1.8590864242606924e-25,Elution 2,1.0,0.0,0.0,1.6543860420134848e-08,50.0,50.0,1.186951049216259e-29,4.0,6.0,3.3087720840276405e-10,50.0,3.3087720840276405e-10,0.0,3.3087720840276405e-10,3.3087720840276405e-10,1.8590864242606924e-28,1.8590864242606924e-28,1.8590864242606924e-25
1,R16 independent salt regression,1845118b1a30d8077c03bedb8de1c2d563fdf170149595a41d4a823027599db6,13.65,13.65,13.65,1.072323047154784e-25,Elution 2,1.0,0.0,0.0,1.2355897115275091e-08,50.0,50.0,6.846369937175594e-30,4.0,6.0,2.47117942305564e-10,50.0,2.47117942305564e-10,0.0,2.47117942305564e-10,2.47117942305564e-10,1.072323047154784e-28,1.072323047154784e-28,1.072323047154784e-25
1,R16 independent salt regression,1845118b1a30d8077c03bedb8de1c2d563fdf170149595a41d4a823027599db6,13.680000000000001,13.680000000000001,13.680000000000001,6.185174919885797e-26,Elution 2,1.0,0.0,0.0,9.163596183847985e-09,50.0,50.0,3.9490100385904245e-30,4.0,6.0,1.832719236769977e-10,50.0,1.832719236769977e-10,0.0,1.832719236769977e-10,1.832719236769977e-10,6.185174919885796e-29,6.185174919885796e-29,6.185174919885797e-26
1,R16 independent salt regression,1845118b1a30d8077c03bedb8de1c2d563fdf170149595a41d4a823027599db6,13.71,13.71,13.71,3.567620298010995e-26,Elution 2,1.0,0.0,0.0,6.768664209200836e-09,50.0,50.0,2.2778045450167632e-30,4.0,6.0,1.353732841840127e-10,50.0,1.353732841840127e-10,0.0,1.353732841840127e-10,1.353732841840127e-10,3.567620298010995e-29,3.567620298010995e-29,3.567620298010995e-26
1,R16 independent salt regression,1845118b1a30d8077c03bedb8de1c2d563fdf170149595a41d4a823027599db6,13.74,13.74,13.74,2.0578113844567004e-26,Elution 2,1.0,0.0,0.0,5.011846464101085e-09,50.0,50.0,1.3138477550943802e-30,4.0,6.0,1.0023692928199193e-10,50.0,1.0023692928199193e-10,0.0,1.0023692928199193e-10,1.0023692928199193e-10,2.0578113844567005e-29,2.0578113844567005e-29,2.0578113844567004e-26
1,R16 independent salt regression,1845118b1a30d8077c03bedb8de1c2d563fdf170149595a41d4a823027599db6,13.770000000000001,13.770000000000001,13.770000000000001,1.1869510492162589e-26,Elution 2,1.0,0.0,0.0,3.738803094858852e-09,50.0,50.0,7.578339200202109e-31,4.0,6.0,7.477606189714517e-11,50.0,7.477606189714517e-11,0.0,7.477606189714517e-11,7.477606189714517e-11,1.186951049216259e-29,1.186951049216259e-29,1.1869510492162589e-26
1,R16 independent salt regression,1845118b1a30d8077c03bedb8de1c2d563fdf170149595a41d4a823027599db6,13.8,13.8,13.8,6.846369937175594e-27,Elution 2,1.0,0.0,0.0,2.8589643626879186e-09,50.0,50.0,4.371228307883283e-31,4.0,6.0,5.717928725373474e-11,50.0,5.717928725373474e-11,0.0,5.717928725373474e-11,5.717928725373474e-11,6.846369937175594e-30,6.846369937175594e-30,6.846369937175594e-27
1,R16 independent salt regression,1845118b1a30d8077c03bedb8de1c2d563fdf170149595a41d4a823027599db6,13.830000000000002,13.830000000000002,13.830000000000002,3.9490100385904245e-27,Elution 2,1.0,0.0,0.0,2.2279325345840427e-09,50.0,50.0,2.521351776113608e-31,4.0,6.0,4.4558650691673883e-11,50.0,4.4558650691673883e-11,0.0,4.4558650691673883e-11,4.4558650691673883e-11,3.9490100385904245e-30,3.9490100385904245e-30,3.9490100385904245e-27
1,R16 independent salt regression,1845118b1a30d8077c03bedb8de1c2d563fdf170149595a41d4a823027599db6,13.860000000000001,13.86,13.86,2.277804545016862e-27,Elution 2,1.0,0.0,0.0,1.7378517496876199e-09,50.0,50.0,1.4543332852336316e-31,4.0,6.0,3.4757034993757454e-11,50.0,3.4757034993757454e-11,0.0,3.4757034993757454e-11,3.4757034993757454e-11,2.277804545016862e-30,2.277804545016862e-30,2.277804545016862e-27
1,R16 independent salt regression,1845118b1a30d8077c03bedb8de1c2d563fdf170149595a41d4a823027599db6,13.889999999999999,13.89,13.89,1.3138477550943803e-27,Elution 2,1.0,0.0,0.0,1.3523371039675013e-09,50.0,50.0,8.388707238945151e-32,4.0,6.0,2.7046742079361817e-11,50.0,2.7046742079361817e-11,0.0,2.7046742079361817e-11,2.7046742079361817e-11,1.3138477550943802e-30,1.3138477550943802e-30,1.3138477550943803e-27
1,R16 independent salt regression,1845118b1a30d8077c03bedb8de1c2d563fdf170149595a41d4a823027599db6,13.92,13.920000000000002,13.920000000000002,7.57833920020211e-28,Elution 2,1.0,0.0,0.0,1.0320508141831444e-09,50.0,50.0,4.838678409563105e-32,4.0,6.0,2.0641016283670894e-11,50.0,2.0641016283670894e-11,0.0,2.0641016283670894e-11,2.0641016283670894e-11,7.578339200202109e-31,7.578339200202109e-31,7.57833920020211e-28
1,R16 independent salt regression,1845118b1a30d8077c03bedb8de1c2d563fdf170149595a41d4a823027599db6,13.95,13.95,13.95,4.371228307883472e-28,Elution 2,1.0,0.0,0.0,7.489823034607045e-10,50.0,50.0,2.790995462969278e-32,4.0,6.0,1.497964606923013e-11,50.0,1.497964606923013e-11,0.0,1.497964606923013e-11,1.497964606923013e-11,4.371228307883472e-31,4.371228307883472e-31,4.371228307883472e-28
1,R16 independent salt regression,1845118b1a30d8077c03bedb8de1c2d563fdf170149595a41d4a823027599db6,13.98,13.98,13.98,2.5213517761137178e-28,Elution 2,1.0,0.0,0.0,5.110131150455872e-10,50.0,50.0,1.6098750462841895e-32,4.0,6.0,1.0220262300932292e-11,50.0,1.0220262300932292e-11,0.0,1.0220262300932292e-11,1.0220262300932292e-11,2.5213517761137177e-31,2.5213517761137177e-31,2.5213517761137178e-28
1,R16 independent salt regression,1845118b1a30d8077c03bedb8de1c2d563fdf170149595a41d4a823027599db6,14.01,14.01,14.01,1.4543332852336317e-28,Elution 2,1.0,0.0,0.0,3.4321615777789776e-10,50.0,50.0,9.285940229026715e-33,4.0,6.0,6.864323155576129e-12,50.0,6.864323155576129e-12,0.0,6.864323155576129e-12,6.864323155576129e-12,1.4543332852336316e-31,1.4543332852336316e-31,1.4543332852336317e-28
1,R16 independent salt regression,1845118b1a30d8077c03bedb8de1c2d563fdf170149595a41d4a823027599db6,14.04,14.04,14.04,8.388707238945515e-29,Elution 2,1.0,0.0,0.0,1.7901499352344534e-10,50.0,50.0,5.35624319787759e-33,4.0,6.0,3.5802998704860454e-12,50.0,3.5802998704860454e-12,0.0,3.5802998704860454e-12,3.5802998704860454e-12,8.388707238945516e-32,8.388707238945516e-32,8.388707238945515e-29
1,R16 independent salt regression,1845118b1a30d8077c03bedb8de1c2d563fdf170149595a41d4a823027599db6,14.07,14.07,14.07,4.838678409563315e-29,Elution 2,1.0,0.0,0.0,3.4540410677970434e-11,50.0,50.0,3.089551223280234e-33,4.0,6.0,6.908082135779613e-13,50.0,6.908082135779613e-13,0.0,6.908082135779613e-13,6.908082135779613e-13,4.838678409563315e-32,4.838678409563315e-32,4.838678409563315e-29
1,R16 independent salt regression,1845118b1a30d8077c03bedb8de1c2d563fdf170149595a41d4a823027599db6,14.1,14.1,14.1,2.7909954629692783e-29,Elution 2,1.0,0.0,0.0,-4.3286627487202916e-11,50.0,50.0,1.782096657204179e-33,4.0,6.0,0.0,50.0,0.0,0.0,0.0,0.0,2.790995462969278e-32,2.790995462969278e-32,2.7909954629692783e-29
1,R16 independent salt regression,1845118b1a30d8077c03bedb8de1c2d563fdf170149595a41d4a823027599db6,14.13,14.13,14.13,1.6098750462841893e-29,Elution 2,1.0,0.0,0.0,-5.906929571383541e-11,50.0,50.0,1.0279403386429237e-33,4.0,6.0,0.0,50.0,0.0,0.0,0.0,0.0,1.6098750462841895e-32,1.6098750462841895e-32,1.6098750462841893e-29
1,R16 independent salt regression,1845118b1a30d8077c03bedb8de1c2d563fdf170149595a41d4a823027599db6,14.16,14.16,14.16,9.285940229026715e-30,Elution 2,1.0,0.0,0.0,-9.31314316131933e-11,50.0,50.0,5.929327465750634e-34,4.0,6.0,0.0,50.0,0.0,0.0,0.0,0.0,9.285940229026715e-33,9.285940229026715e-33,9.285940229026715e-30
1,R16 independent salt regression,1845118b1a30d8077c03bedb8de1c2d563fdf170149595a41d4a823027599db6,14.19,14.19,14.19,5.35624319787759e-30,Elution 2,1.0,0.0,0.0,-9.654535245587081e-11,50.0,50.0,3.4201403732364225e-34,4.0,6.0,0.0,50.0,0.0,0.0,0.0,0.0,5.35624319787759e-33,5.35624319787759e-33,5.35624319787759e-30
1,R16 independent salt regression,1845118b1a30d8077c03bedb8de1c2d563fdf170149595a41d4a823027599db6,14.22,14.22,14.22,3.089551223280234e-30,Elution 2,1.0,0.0,0.0,-6.462406519396357e-11,50.0,50.0,1.972801997625509e-34,4.0,6.0,0.0,50.0,0.0,0.0,0.0,0.0,3.089551223280234e-33,3.089551223280234e-33,3.089551223280234e-30
1,R16 independent salt regression,1845118b1a30d8077c03bedb8de1c2d563fdf170149595a41d4a823027599db6,14.25,14.25,14.25,1.782096657204179e-30,Elution 2,1.0,0.0,0.0,-3.9127677562408404e-11,50.0,50.0,1.137952792580051e-34,4.0,6.0,0.0,50.0,0.0,0.0,0.0,0.0,1.782096657204179e-33,1.782096657204179e-33,1.782096657204179e-30
1,R16 independent salt regression,1845118b1a30d8077c03bedb8de1c2d563fdf170149595a41d4a823027599db6,14.280000000000001,14.280000000000001,14.280000000000001,1.0279403386429236e-30,Elution 2,1.0,0.0,0.0,-1.2563864857807835e-11,50.0,50.0,6.563965181257435e-35,4.0,6.0,0.0,50.0,0.0,0.0,0.0,0.0,1.0279403386429237e-33,1.0279403386429237e-33,1.0279403386429236e-30
1,R16 independent salt regression,1845118b1a30d8077c03bedb8de1c2d563fdf170149595a41d4a823027599db6,14.31,14.31,14.31,5.929327465750634e-31,Elution 2,1.0,0.0,0.0,1.1380941731377253e-11,50.0,50.0,3.7862531284404965e-35,4.0,6.0,2.276188345953112e-13,50.0,2.276188345953112e-13,0.0,2.276188345953112e-13,2.276188345953112e-13,5.929327465750634e-34,5.929327465750634e-34,5.929327465750634e-31
1,R16 independent salt regression,1845118b1a30d8077c03bedb8de1c2d563fdf170149595a41d4a823027599db6,14.34,14.34,14.34,3.4201403732364224e-31,Elution 2,1.0,0.0,0.0,3.7125121163722437e-11,50.0,50.0,2.1840090321637302e-35,4.0,6.0,7.42502423233386e-13,50.0,7.42502423233386e-13,0.0,7.42502423233386e-13,7.42502423233386e-13,3.4201403732364225e-34,3.4201403732364225e-34,3.4201403732364224e-31
1,R16 independent salt regression,1845118b1a30d8077c03bedb8de1c2d563fdf170149595a41d4a823027599db6,14.370000000000001,14.370000000000001,14.370000000000001,1.972801997625509e-31,Elution 2,1.0,0.0,0.0,6.69595774500918e-11,50.0,50.0,1.2597972494181375e-35,4.0,6.0,1.339191548957332e-12,50.0,1.339191548957332e-12,0.0,1.339191548957332e-12,1.339191548957332e-12,1.972801997625509e-34,1.972801997625509e-34,1.972801997625509e-31
1,R16 independent salt regression,1845118b1a30d8077c03bedb8de1c2d563fdf170149595a41d4a823027599db6,14.4,14.4,14.4,1.137952792580051e-31,Elution 2,1.0,0.0,0.0,8.931363514423847e-11,50.0,50.0,7.266885880482653e-36,4.0,6.0,1.786272702841333e-12,50.0,1.786272702841333e-12,0.0,1.786272702841333e-12,1.786272702841333e-12,1.137952792580051e-34,1.137952792580051e-34,1.137952792580051e-31
1,R16 independent salt regression,1845118b1a30d8077c03bedb8de1c2d563fdf170149595a41d4a823027599db6,14.430000000000001,14.430000000000001,14.430000000000001,6.563965181257435e-32,Elution 2,1.0,0.0,0.0,1.0017578994632275e-10,50.0,50.0,4.191770522079989e-36,4.0,6.0,2.0035157988895726e-12,50.0,2.0035157988895726e-12,0.0,2.0035157988895726e-12,2.0035157988895726e-12,6.563965181257435e-35,6.563965181257435e-35,6.563965181257435e-32
1,R16 independent salt regression,1845118b1a30d8077c03bedb8de1c2d563fdf170149595a41d4a823027599db6,14.46,14.46,14.46,3.7862531284404966e-32,Elution 2,1.0,0.0,0.0,9.553453755650105e-11,50.0,50.0,2.4179547238574743e-36,4.0,6.0,1.9106907511061556e-12,50.0,1.9106907511061556e-12,0.0,1.9106907511061556e-12,1.9106907511061556e-12,3.7862531284404965e-35,3.7862531284404965e-35,3.7862531284404966e-32
1,R16 independent salt regression,1845118b1a30d8077c03bedb8de1c2d563fdf170149595a41d4a823027599db6,14.49,14.49,14.49,2.1840090321637303e-32,Elution 2,1.0,0.0,0.0,7.75574088936159e-11,50.0,50.0,1.3947629351358669e-36,4.0,6.0,1.55114817786635e-12,50.0,1.55114817786635e-12,0.0,1.55114817786635e-12,1.55114817786635e-12,2.1840090321637302e-35,2.1840090321637302e-35,2.1840090321637303e-32
1,R16 independent salt regression,1845118b1a30d8077c03bedb8de1c2d563fdf170149595a41d4a823027599db6,14.520000000000001,14.520000000000001,14.520000000000001,1.2597972494181373e-32,Elution 2,1.0,0.0,0.0,7.761601241450526e-11,50.0,50.0,8.045523439336469e-37,4.0,6.0,1.552320248293232e-12,50.0,1.552320248293232e-12,0.0,1.552320248293232e-12,1.552320248293232e-12,1.2597972494181375e-35,1.2597972494181375e-35,1.2597972494181373e-32
1,R16 independent salt regression,1845118b1a30d8077c03bedb8de1c2d563fdf170149595a41d4a823027599db6,14.55,14.55,14.55,7.266885880482652e-33,Elution 2,1.0,0.0,0.0,7.34194872730175e-11,50.0,50.0,4.640983645354365e-37,4.0,6.0,1.4683897454723207e-12,50.0,1.4683897454723207e-12,0.0,1.4683897454723207e-12,1.4683897454723207e-12,7.266885880482653e-36,7.266885880482653e-36,7.266885880482652e-33
1,R16 independent salt regression,1845118b1a30d8077c03bedb8de1c2d563fdf170149595a41d4a823027599db6,14.580000000000002,14.580000000000002,14.580000000000002,4.1917705220799885e-33,Elution 2,1.0,0.0,0.0,6.453449896183104e-11,50.0,50.0,2.6771197427633524e-37,4.0,6.0,1.2906899792566783e-12,50.0,1.2906899792566783e-12,0.0,1.2906899792566783e-12,1.2906899792566783e-12,4.191770522079989e-36,4.191770522079989e-36,4.1917705220799885e-33
1,R16 independent salt regression,1845118b1a30d8077c03bedb8de1c2d563fdf170149595a41d4a823027599db6,14.610000000000001,14.61,14.61,2.4179547238575794e-33,Elution 2,1.0,0.0,0.0,5.05277129736259e-11,50.0,50.0,1.5442862736732617e-37,4.0,6.0,1.0105542594994003e-12,50.0,1.0105542594994003e-12,0.0,1.0105542594994003e-12,1.0105542594994003e-12,2.4179547238575792e-36,2.4179547238575792e-36,2.4179547238575794e-33
1,R16 independent salt regression,1845118b1a30d8077c03bedb8de1c2d563fdf170149595a41d4a823027599db6,14.639999999999999,14.64,14.64,1.394762935135867e-33,Elution 2,1.0,0.0,0.0,3.0965794801080647e-11,50.0,50.0,8.90820748272677e-38,4.0,6.0,6.193158960535523e-13,50.0,6.193158960535523e-13,0.0,6.193158960535523e-13,6.193158960535523e-13,1.3947629351358669e-36,1.3947629351358669e-36,1.394762935135867e-33
1,R16 independent salt regression,1845118b1a30d8077c03bedb8de1c2d563fdf170149595a41d4a823027599db6,14.67,14.670000000000002,14.670000000000002,8.04552343933647e-34,Elution 2,1.0,0.0,0.0,1.7163292503723534e-11,50.0,50.0,5.138727244444845e-38,4.0,6.0,3.4326585010891454e-13,50.0,3.4326585010891454e-13,0.0,3.4326585010891454e-13,3.4326585010891454e-13,8.045523439336469e-37,8.045523439336469e-37,8.04552343933647e-34
1,R16 independent salt regression,1845118b1a30d8077c03bedb8de1c2d563fdf170149595a41d4a823027599db6,14.7,14.7,14.7,4.6409836453545655e-34,Elution 2,1.0,0.0,0.0,5.938710783174413e-12,50.0,50.0,2.9643108457262514e-38,4.0,6.0,1.1877421569744446e-13,50.0,1.1877421569744446e-13,0.0,1.1877421569744446e-13,1.1877421569744446e-13,4.640983645354566e-37,4.640983645354566e-37,4.6409836453545655e-34
1,R16 independent salt regression,1845118b1a30d8077c03bedb8de1c2d563fdf170149595a41d4a823027599db6,14.73,14.73,14.73,2.677119742763469e-34,Elution 2,1.0,0.0,0.0,-3.669671781480434e-12,50.0,50.0,1.7099956860688789e-38,4.0,6.0,0.0,50.0,0.0,0.0,0.0,0.0,2.677119742763469e-37,2.677119742763469e-37,2.677119742763469e-34
1,R16 independent salt regression,1845118b1a30d8077c03bedb8de1c2d563fdf170149595a41d4a823027599db6,14.76,14.76,14.76,1.5442862736732618e-34,Elution 2,1.0,0.0,0.0,-1.0914279868200818e-11,50.0,50.0,9.864373366428318e-39,4.0,6.0,0.0,50.0,0.0,0.0,0.0,0.0,1.5442862736732617e-37,1.5442862736732617e-37,1.5442862736732618e-34
1,R16 independent salt regression,1845118b1a30d8077c03bedb8de1c2d563fdf170149595a41d4a823027599db6,14.79,14.79,14.79,8.908207482727157e-35,Elution 2,1.0,0.0,0.0,-1.5047538154948444e-11,50.0,50.0,5.690458930621598e-39,4.0,6.0,0.0,50.0,0.0,0.0,0.0,0.0,8.908207482727157e-38,8.908207482727157e-38,8.908207482727157e-35
1,R16 independent salt regression,1845118b1a30d8077c03bedb8de1c2d563fdf170149595a41d4a823027599db6,14.82,14.82,14.82,5.138727244445068e-35,Elution 2,1.0,0.0,0.0,-1.8098637745438388e-11,50.0,50.0,3.2826793763170896e-39,4.0,6.0,0.0,50.0,0.0,0.0,0.0,0.0,5.138727244445068e-38,5.138727244445068e-38,5.138727244445068e-35
1,R16 independent salt regression,1845118b1a30d8077c03bedb8de1c2d563fdf170149595a41d4a823027599db6,14.85,14.85,14.85,2.9643108457262516e-35,Elution 2,1.0,0.0,0.0,-2.1523101759189905e-11,50.0,50.0,1.893708439040442e-39,4.0,6.0,0.0,50.0,0.0,0.0,0.0,0.0,2.9643108457262514e-38,2.9643108457262514e-38,2.9643108457262516e-35
1,R16 independent salt regression,1845118b1a30d8077c03bedb8de1c2d563fdf170149595a41d4a823027599db6,14.88,14.88,14.88,1.709995686068879e-35,Elution 2,1.0,0.0,0.0,-2.303871513296189e-11,50.0,50.0,1.0924494973666104e-39,4.0,6.0,0.0,50.0,0.0,0.0,0.0,0.0,1.7099956860688789e-38,1.7099956860688789e-38,1.709995686068879e-35
1,R16 independent salt regression,1845118b1a30d8077c03bedb8de1c2d563fdf170149595a41d4a823027599db6,14.91,14.91,14.91,9.864373366428318e-36,Elution 2,1.0,0.0,0.0,-2.2401573279700485e-11,50.0,50.0,6.302218008750925e-40,4.0,6.0,0.0,50.0,0.0,0.0,0.0,0.0,9.864373366428318e-39,9.864373366428318e-39,9.864373366428318e-36
1,R16 independent salt regression,1845118b1a30d8077c03bedb8de1c2d563fdf170149595a41d4a823027599db6,14.94,14.94,14.94,5.6904589306215975e-36,Elution 2,1.0,0.0,0.0,-1.9367771612352184e-11,50.0,50.0,3.635712501275447e-40,4.0,6.0,0.0,50.0,0.0,0.0,0.0,0.0,5.690458930621598e-39,5.690458930621598e-39,5.6904589306215975e-36
1,R16 independent salt regression,1845118b1a30d8077c03bedb8de1c2d563fdf170149595a41d4a823027599db6,14.97,14.97,14.97,3.2826793763170895e-36,Elution 2,1.0,0.0,0.0,-1.395501375260065e-11,50.0,50.0,2.0974423053807786e-40,4.0,6.0,0.0,50.0,0.0,0.0,0.0,0.0,3.2826793763170896e-39,3.2826793763170896e-39,3.2826793763170895e-36
1,R16 independent salt regression,1845118b1a30d8077c03bedb8de1c2d563fdf170149595a41d4a823027599db6,15.0,15.0,15.0,1.8937084390404422e-36,Elution 2,1.0,0.0,0.0,-9.439132660398388e-12,50.0,50.0,1.1581769388292053e-40,4.0,6.0,0.0,50.0,0.0,0.0,0.0,0.0,1.893708439040442e-39,1.893708439040442e-39,1.8937084390404422e-36
