run_number,run_name,settings_fingerprint,time_min,CV,volume_mL,uv_mAU,program_stage,flow_mL_min,percent_B,programmed_percent_B,column_percent_B,programmed_conductivity_mS_cm,column_conductivity_mS_cm,column_total_protein_g_L,stage_index,pH,salt_concentration_M,conductivity_mS_cm,ionic_strength_M,programmed_salt_concentration_M,binding_salt_concentration_M,binding_ionic_strength_M,total_protein_g_L,Target protein_g_L,Target protein_uv_mAU
1,R16 independent salt regression,99206e81eaea460fb6e37836f7f2e946619895c1b14b8487ef54791a7a99c7ec,0.0,0.0,0.0,0.0,Load,1.0,100.0,100.0,100.0,50.0,50.0,0.0,1.0,6.0,2.0,50.0,2.0,2.0,2.0,2.0,0.0,0.0,0.0
1,R16 independent salt regression,99206e81eaea460fb6e37836f7f2e946619895c1b14b8487ef54791a7a99c7ec,0.030000000000000002,0.030000000000000002,0.030000000000000002,0.0,Load,1.0,100.0,100.0,100.0,50.0,50.0,5.236495045641892e-23,1.0,6.0,2.0,50.0,2.0,2.0,2.0,2.0,0.0,0.0,0.0
1,R16 independent salt regression,99206e81eaea460fb6e37836f7f2e946619895c1b14b8487ef54791a7a99c7ec,0.060000000000000005,0.060000000000000005,0.060000000000000005,0.0,Load,1.0,100.0,100.0,100.0,50.0,50.0,0.0,1.0,6.0,2.0,50.0,2.0,2.0,2.0,2.0,0.0,0.0,0.0
1,R16 independent salt regression,99206e81eaea460fb6e37836f7f2e946619895c1b14b8487ef54791a7a99c7ec,0.09000000000000001,0.09000000000000001,0.09000000000000001,0.0,Load,1.0,100.0,100.0,100.0,50.0,50.0,0.0,1.0,6.0,2.0,50.0,2.0,2.0,2.0,2.0,0.0,0.0,0.0
1,R16 independent salt regression,99206e81eaea460fb6e37836f7f2e946619895c1b14b8487ef54791a7a99c7ec,0.12000000000000001,0.12000000000000001,0.12000000000000001,0.0,Load,1.0,100.0,100.0,100.0,50.0,50.0,0.0,1.0,6.0,2.0,50.0,2.0,2.0,2.0,2.0,0.0,0.0,0.0
1,R16 independent salt regression,99206e81eaea460fb6e37836f7f2e946619895c1b14b8487ef54791a7a99c7ec,0.15,0.15,0.15,0.0,Load,1.0,100.0,100.0,100.0,50.0,50.0,0.0,1.0,6.0,2.0,50.0,2.0,2.0,2.0,2.0,0.0,0.0,0.0
1,R16 independent salt regression,99206e81eaea460fb6e37836f7f2e946619895c1b14b8487ef54791a7a99c7ec,0.18000000000000002,0.18000000000000002,0.18000000000000002,5.236495045641888e-20,Load,1.0,100.0,100.0,100.0,50.0,50.0,0.0,1.0,6.0,2.0,50.0,2.0,2.0,2.0,2.0,5.2364950456418876e-23,5.2364950456418876e-23,5.236495045641888e-20
1,R16 independent salt regression,99206e81eaea460fb6e37836f7f2e946619895c1b14b8487ef54791a7a99c7ec,0.21,0.21,0.21,1.7632415262334313e-35,Load,1.0,100.0,100.0,100.0,50.0,50.0,0.0,1.0,6.0,2.0,50.0,2.0,2.0,2.0,2.0,1.7632415262334313e-38,1.7632415262334313e-38,1.7632415262334313e-35
1,R16 independent salt regression,99206e81eaea460fb6e37836f7f2e946619895c1b14b8487ef54791a7a99c7ec,0.24000000000000002,0.24000000000000002,0.24000000000000002,0.0,Load,1.0,100.0,100.0,100.0,50.0,50.0,0.0,1.0,6.0,2.0,50.0,2.0,2.0,2.0,2.0,0.0,0.0,0.0
1,R16 independent salt regression,99206e81eaea460fb6e37836f7f2e946619895c1b14b8487ef54791a7a99c7ec,0.26999999999999996,0.26999999999999996,0.26999999999999996,0.0,Load,1.0,100.0,100.0,100.0,50.0,50.0,0.0,1.0,6.0,2.0,50.0,2.0,2.0,2.0,2.0,0.0,0.0,0.0
1,R16 independent salt regression,99206e81eaea460fb6e37836f7f2e946619895c1b14b8487ef54791a7a99c7ec,0.3,0.3,0.3,0.0,Load,1.0,100.0,100.0,100.0,50.0,50.0,0.0,1.0,6.0,2.0,50.0,2.0,2.0,2.0,2.0,0.0,0.0,0.0
1,R16 independent salt regression,99206e81eaea460fb6e37836f7f2e946619895c1b14b8487ef54791a7a99c7ec,0.33,0.33,0.33,0.0,Load,1.0,100.0,100.0,100.0,50.0,50.0,0.0,1.0,6.0,2.0,50.0,2.0,2.0,2.0,2.0,0.0,0.0,0.0
1,R16 independent salt regression,99206e81eaea460fb6e37836f7f2e946619895c1b14b8487ef54791a7a99c7ec,0.36000000000000004,0.36000000000000004,0.36000000000000004,0.0,Load,1.0,100.0,100.0,100.0,50.0,50.0,0.0,1.0,6.0,2.0,50.0,2.0,2.0,2.0,2.0,0.0,0.0,0.0
1,R16 independent salt regression,99206e81eaea460fb6e37836f7f2e946619895c1b14b8487ef54791a7a99c7ec,0.39,0.39,0.39,0.0,Load,1.0,100.0,100.0,100.0,50.0,50.0,0.0,1.0,6.0,2.0,50.0,2.0,2.0,2.0,2.0,0.0,0.0,0.0
1,R16 independent salt regression,99206e81eaea460fb6e37836f7f2e946619895c1b14b8487ef54791a7a99c7ec,0.42,0.42,0.42,0.0,Load,1.0,100.0,100.0,100.0,50.0,50.0,0.0,1.0,6.0,2.0,50.0,2.0,2.0,2.0,2.0,0.0,0.0,0.0
1,R16 independent salt regression,99206e81eaea460fb6e37836f7f2e946619895c1b14b8487ef54791a7a99c7ec,0.45,0.45,0.45,0.0,Load,1.0,100.0,100.0,100.0,50.0,50.0,0.0,1.0,6.0,2.0,50.0,2.0,2.0,2.0,2.0,0.0,0.0,0.0
1,R16 independent salt regression,99206e81eaea460fb6e37836f7f2e946619895c1b14b8487ef54791a7a99c7ec,0.48000000000000004,0.48000000000000004,0.48000000000000004,0.0,Load,1.0,100.0,100.0,100.0,50.0,50.0,0.0,1.0,6.0,2.0,50.0,2.0,2.0,2.0,2.0,0.0,0.0,0.0
1,R16 independent salt regression,99206e81eaea460fb6e37836f7f2e946619895c1b14b8487ef54791a7a99c7ec,0.51,0.51,0.51,0.0,Load,1.0,100.0,100.0,100.0,50.0,50.0,0.0,1.0,6.0,2.0,50.0,2.0,2.0,2.0,2.0,0.0,0.0,0.0
1,R16 independent salt regression,99206e81eaea460fb6e37836f7f2e946619895c1b14b8487ef54791a7a99c7ec,0.5399999999999999,0.5399999999999999,0.5399999999999999,0.0,Load,1.0,100.0,100.0,100.0,50.0,50.0,0.0,1.0,6.0,2.0,50.0,2.0,2.0,2.0,2.0,0.0,0.0,0.0
1,R16 independent salt regression,99206e81eaea460fb6e37836f7f2e946619895c1b14b8487ef54791a7a99c7ec,0.5700000000000001,0.5700000000000001,0.5700000000000001,0.0,Load,1.0,100.0,100.0,100.0,50.0,50.0,0.0,1.0,6.0,2.0,50.0,2.0,2.0,2.0,2.0,0.0,0.0,0.0
1,R16 independent salt regression,99206e81eaea460fb6e37836f7f2e946619895c1b14b8487ef54791a7a99c7ec,0.6,0.6,0.6,0.0,Load,1.0,100.0,100.0,100.0,50.0,50.0,0.0,1.0,6.0,2.0,50.0,2.0,2.0,2.0,2.0,0.0,0.0,0.0
1,R16 independent salt regression,99206e81eaea460fb6e37836f7f2e946619895c1b14b8487ef54791a7a99c7ec,0.6300000000000001,0.6300000000000001,0.6300000000000001,0.0,Load,1.0,100.0,100.0,100.0,50.0,50.0,0.0,1.0,6.0,2.0,50.0,2.0,2.0,2.0,2.0,0.0,0.0,0.0
1,R16 independent salt regression,99206e81eaea460fb6e37836f7f2e946619895c1b14b8487ef54791a7a99c7ec,0.66,0.66,0.66,0.0,Load,1.0,100.0,100.0,100.0,50.0,50.0,0.0,1.0,6.0,2.0,50.0,2.0,2.0,2.0,2.0,0.0,0.0,0.0
1,R16 independent salt regression,99206e81eaea460fb6e37836f7f2e946619895c1b14b8487ef54791a7a99c7ec,0.69,0.69,0.69,0.0,Load,1.0,100.0,100.0,100.0,50.0,50.0,0.0,1.0,6.0,2.0,50.0,2.0,2.0,2.0,2.0,0.0,0.0,0.0
1,R16 independent salt regression,99206e81eaea460fb6e37836f7f2e946619895c1b14b8487ef54791a7a99c7ec,0.7200000000000001,0.7200000000000001,0.7200000000000001,0.0,Load,1.0,100.0,100.0,100.0,50.0,50.0,0.0,1.0,6.0,2.0,50.0,2.0,2.0,2.0,2.0,0.0,0.0,0.0
1,R16 independent salt regression,99206e81eaea460fb6e37836f7f2e946619895c1b14b8487ef54791a7a99c7ec,0.75,0.75,0.75,0.0,Load,1.0,100.0,100.0,100.0,50.0,50.0,0.0,1.0,6.0,2.0,50.0,2.0,2.0,2.0,2.0,0.0,0.0,0.0
1,R16 independent salt regression,99206e81eaea460fb6e37836f7f2e946619895c1b14b8487ef54791a7a99c7ec,0.78,0.78,0.78,0.0,Load,1.0,100.0,100.0,100.0,50.0,50.0,0.0,1.0,6.0,2.0,50.0,2.0,2.0,2.0,2.0,0.0,0.0,0.0
1,R16 independent salt regression,99206e81eaea460fb6e37836f7f2e946619895c1b14b8487ef54791a7a99c7ec,0.81,0.81,0.81,0.0,Load,1.0,100.0,100.0,100.0,50.0,50.0,0.0,1.0,6.0,2.0,50.0,2.0,2.0,2.0,2.0,0.0,0.0,0.0
1,R16 independent salt regression,99206e81eaea460fb6e37836f7f2e946619895c1b14b8487ef54791a7a99c7ec,0.84,0.84,0.84,0.0,Load,1.0,100.0,100.0,100.0,50.0,50.0,0.0,1.0,6.0,2.0,50.0,2.0,2.0,2.0,2.0,0.0,0.0,0.0
1,R16 independent salt regression,99206e81eaea460fb6e37836f7f2e946619895c1b14b8487ef54791a7a99c7ec,0.87,0.87,0.87,0.0,Load,1.0,100.0,100.0,100.0,50.0,50.0,0.0,1.0,6.0,2.0,50.0,2.0,2.0,2.0,2.0,0.0,0.0,0.0
1,R16 independent salt regression,99206e81eaea460fb6e37836f7f2e946619895c1b14b8487ef54791a7a99c7ec,0.9,0.9,0.9,0.0,Load,1.0,100.0,100.0,100.0,50.0,50.0,0.0,1.0,6.0,2.0,50.0,2.0,2.0,2.0,2.0,0.0,0.0,0.0
1,R16 independent salt regression,99206e81eaea460fb6e37836f7f2e946619895c1b14b8487ef54791a7a99c7ec,0.93,0.93,0.93,0.0,Load,1.0,100.0,100.0,100.0,50.0,50.0,0.0,1.0,6.0,2.0,50.0,2.0,2.0,2.0,2.0,0.0,0.0,0.0
1,R16 independent salt regression,99206e81eaea460fb6e37836f7f2e946619895c1b14b8487ef54791a7a99c7ec,0.9600000000000001,0.9600000000000001,0.9600000000000001,0.0,Load,1.0,100.0,100.0,100.0,50.0,50.0,0.0,1.0,6.0,2.0,50.0,2.0,2.0,2.0,2.0,0.0,0.0,0.0
1,R16 independent salt regression,99206e81eaea460fb6e37836f7f2e946619895c1b14b8487ef54791a7a99c7ec,0.99,0.99,0.99,0.0,Load,1.0,100.0,100.0,100.0,50.0,50.0,0.0,1.0,6.0,2.0,50.0,2.0,2.0,2.0,2.0,0.0,0.0,0.0
1,R16 independent salt regression,99206e81eaea460fb6e37836f7f2e946619895c1b14b8487ef54791a7a99c7ec,1.02,1.02,1.02,0.0,PLW 1,1.0,100.0,100.0,100.0,50.0,50.0,0.0,2.0,6.0,2.0,50.0,2.0,2.0,2.0,2.0,0.0,0.0,0.0
1,R16 independent salt regression,99206e81eaea460fb6e37836f7f2e946619895c1b14b8487ef54791a7a99c7ec,1.05,1.05,1.05,0.0,PLW 1,1.0,100.0,100.0,100.0,50.0,50.0,0.0,2.0,6.0,2.0,50.0,2.0,2.0,2.0,2.0,0.0,0.0,0.0
1,R16 independent salt regression,99206e81eaea460fb6e37836f7f2e946619895c1b14b8487ef54791a7a99c7ec,1.0799999999999998,1.0799999999999998,1.0799999999999998,0.0,PLW 1,1.0,100.0,100.0,100.0,50.0,50.0,0.0,2.0,6.0,2.0,50.0,2.0,2.0,2.0,2.0,0.0,0.0,0.0
1,R16 independent salt regression,99206e81eaea460fb6e37836f7f2e946619895c1b14b8487ef54791a7a99c7ec,1.11,1.11,1.11,0.0,PLW 1,1.0,100.0,100.0,100.0,50.0,50.0,0.0,2.0,6.0,2.0,50.0,2.0,2.0,2.0,2.0,0.0,0.0,0.0
1,R16 independent salt regression,99206e81eaea460fb6e37836f7f2e946619895c1b14b8487ef54791a7a99c7ec,1.1400000000000001,1.1400000000000001,1.1400000000000001,0.0,PLW 1,1.0,100.0,100.0,100.0,50.0,50.0,0.0,2.0,6.0,2.0,50.0,2.0,2.0,2.0,2.0,0.0,0.0,0.0
1,R16 independent salt regression,99206e81eaea460fb6e37836f7f2e946619895c1b14b8487ef54791a7a99c7ec,1.1700000000000002,1.17,1.17,0.0,PLW 1,1.0,100.0,100.0,100.0,50.0,50.0,0.0,2.0,6.0,2.0,50.0,2.0,2.0,2.0,2.0,0.0,0.0,0.0
1,R16 independent salt regression,99206e81eaea460fb6e37836f7f2e946619895c1b14b8487ef54791a7a99c7ec,1.2,1.2,1.2,0.0,PLW 1,1.0,100.0,100.0,100.0,50.0,50.0,0.0,2.0,6.0,2.0,50.0,2.0,2.0,2.0,2.0,0.0,0.0,0.0
1,R16 independent salt regression,99206e81eaea460fb6e37836f7f2e946619895c1b14b8487ef54791a7a99c7ec,1.23,1.23,1.23,0.0,PLW 1,1.0,100.0,100.0,100.0,50.0,50.0,0.0,2.0,6.0,2.0,50.0,2.0,2.0,2.0,2.0,0.0,0.0,0.0
1,R16 independent salt regression,99206e81eaea460fb6e37836f7f2e946619895c1b14b8487ef54791a7a99c7ec,1.2600000000000002,1.2600000000000002,1.2600000000000002,0.0,PLW 1,1.0,100.0,100.0,100.0,50.0,50.0,0.0,2.0,6.0,2.0,50.0,2.0,2.0,2.0,2.0,0.0,0.0,0.0
1,R16 independent salt regression,99206e81eaea460fb6e37836f7f2e946619895c1b14b8487ef54791a7a99c7ec,1.29,1.29,1.29,0.0,PLW 1,1.0,100.0,100.0,100.0,50.0,50.0,0.0,2.0,6.0,2.0,50.0,2.0,2.0,2.0,2.0,0.0,0.0,0.0
1,R16 independent salt regression,99206e81eaea460fb6e37836f7f2e946619895c1b14b8487ef54791a7a99c7ec,1.32,1.32,1.32,0.0,PLW 1,1.0,100.0,100.0,100.0,50.0,50.0,0.0,2.0,6.0,2.0,50.0,2.0,2.0,2.0,2.0,0.0,0.0,0.0
1,R16 independent salt regression,99206e81eaea460fb6e37836f7f2e946619895c1b14b8487ef54791a7a99c7ec,1.35,1.35,1.35,0.0,PLW 1,1.0,100.0,100.0,100.0,50.0,50.0,0.0,2.0,6.0,2.0,50.0,2.0,2.0,2.0,2.0,0.0,0.0,0.0
1,R16 independent salt regression,99206e81eaea460fb6e37836f7f2e946619895c1b14b8487ef54791a7a99c7ec,1.38,1.38,1.38,0.0,PLW 1,1.0,100.0,100.0,100.0,50.0,50.0,0.0,2.0,6.0,2.0,50.0,2.0,2.0,2.0,2.0,0.0,0.0,0.0
1,R16 independent salt regression,99206e81eaea460fb6e37836f7f2e946619895c1b14b8487ef54791a7a99c7ec,1.4100000000000001,1.4100000000000001,1.4100000000000001,0.0,PLW 1,1.0,100.0,100.0,100.0,50.0,50.0,0.0,2.0,6.0,2.0,50.0,2.0,2.0,2.0,2.0,0.0,0.0,0.0
1,R16 independent salt regression,99206e81eaea460fb6e37836f7f2e946619895c1b14b8487ef54791a7a99c7ec,1.4400000000000002,1.4400000000000002,1.4400000000000002,0.0,PLW 1,1.0,100.0,100.0,100.0,50.0,50.0,0.0,2.0,6.0,2.0,50.0,2.0,2.0,2.0,2.0,0.0,0.0,0.0
1,R16 independent salt regression,99206e81eaea460fb6e37836f7f2e946619895c1b14b8487ef54791a7a99c7ec,1.47,1.47,1.47,0.0,PLW 1,1.0,100.0,100.0,100.0,50.0,50.0,0.0,2.0,6.0,2.0,50.0,2.0,2.0,2.0,2.0,0.0,0.0,0.0
1,R16 independent salt regression,99206e81eaea460fb6e37836f7f2e946619895c1b14b8487ef54791a7a99c7ec,1.5,1.5,1.5,0.0,PLW 1,1.0,100.0,100.0,100.0,50.0,50.0,0.0,2.0,6.0,2.0,50.0,2.0,2.0,2.0,2.0,0.0,0.0,0.0
1,R16 independent salt regression,99206e81eaea460fb6e37836f7f2e946619895c1b14b8487ef54791a7a99c7ec,1.53,1.5299999999999998,1.5299999999999998,0.0,PLW 1,1.0,100.0,100.0,100.0,50.0,50.0,0.0,2.0,6.0,2.0,50.0,2.0,2.0,2.0,2.0,0.0,0.0,0.0
1,R16 independent salt regression,99206e81eaea460fb6e37836f7f2e946619895c1b14b8487ef54791a7a99c7ec,1.56,1.56,1.56,0.0,PLW 1,1.0,100.0,100.0,100.0,50.0,50.0,0.0,2.0,6.0,2.0,50.0,2.0,2.0,2.0,2.0,0.0,0.0,0.0
1,R16 independent salt regression,99206e81eaea460fb6e37836f7f2e946619895c1b14b8487ef54791a7a99c7ec,1.59,1.59,1.59,0.0,PLW 1,1.0,100.0,100.0,100.0,50.0,50.0,0.0,2.0,6.0,2.0,50.0,2.0,2.0,2.0,2.0,0.0,0.0,0.0
1,R16 independent salt regression,99206e81eaea460fb6e37836f7f2e946619895c1b14b8487ef54791a7a99c7ec,1.62,1.62,1.62,0.0,PLW 1,1.0,100.0,100.0,100.0,50.0,50.0,0.0,2.0,6.0,2.0,50.0,2.0,2.0,2.0,2.0,0.0,0.0,0.0
1,R16 independent salt regression,99206e81eaea460fb6e37836f7f2e946619895c1b14b8487ef54791a7a99c7ec,1.65,1.65,1.65,0.0,PLW 1,1.0,100.0,100.0,100.0,50.0,50.0,0.0,2.0,6.0,2.0,50.0,2.0,2.0,2.0,2.0,0.0,0.0,0.0
1,R16 independent salt regression,99206e81eaea460fb6e37836f7f2e946619895c1b14b8487ef54791a7a99c7ec,1.68,1.68,1.68,0.0,PLW 1,1.0,100.0,100.0,100.0,50.0,50.0,0.0,2.0,6.0,2.0,50.0,2.0,2.0,2.0,2.0,0.0,0.0,0.0
1,R16 independent salt regression,99206e81eaea460fb6e37836f7f2e946619895c1b14b8487ef54791a7a99c7ec,1.7100000000000002,1.7100000000000002,1.7100000000000002,0.0,PLW 1,1.0,100.0,100.0,100.0,50.0,50.0,0.0,2.0,6.0,2.0,50.0,2.0,2.0,2.0,2.0,0.0,0.0,0.0
1,R16 independent salt regression,99206e81eaea460fb6e37836f7f2e946619895c1b14b8487ef54791a7a99c7ec,1.74,1.7400000000000002,1.7400000000000002,0.0,PLW 1,1.0,100.0,100.0,100.0,50.0,50.0,0.0,2.0,6.0,2.0,50.0,2.0,2.0,2.0,2.0,0.0,0.0,0.0
1,R16 independent salt regression,99206e81eaea460fb6e37836f7f2e946619895c1b14b8487ef54791a7a99c7ec,1.77,1.77,1.77,0.0,PLW 1,1.0,100.0,100.0,100.0,50.0,50.0,0.0,2.0,6.0,2.0,50.0,2.0,2.0,2.0,2.0,0.0,0.0,0.0
1,R16 independent salt regression,99206e81eaea460fb6e37836f7f2e946619895c1b14b8487ef54791a7a99c7ec,1.8,1.8,1.8,0.0,PLW 1,1.0,100.0,100.0,100.0,50.0,50.0,0.0,2.0,6.0,2.0,50.0,2.0,2.0,2.0,2.0,0.0,0.0,0.0
1,R16 independent salt regression,99206e81eaea460fb6e37836f7f2e946619895c1b14b8487ef54791a7a99c7ec,1.8299999999999998,1.83,1.83,0.0,PLW 1,1.0,100.0,100.0,100.0,50.0,50.0,0.0,2.0,6.0,2.0,50.0,2.0,2.0,2.0,2.0,0.0,0.0,0.0
1,R16 independent salt regression,99206e81eaea460fb6e37836f7f2e946619895c1b14b8487ef54791a7a99c7ec,1.86,1.86,1.86,0.0,PLW 1,1.0,100.0,100.0,100.0,50.0,50.0,0.0,2.0,6.0,2.0,50.0,2.0,2.0,2.0,2.0,0.0,0.0,0.0
1,R16 independent salt regression,99206e81eaea460fb6e37836f7f2e946619895c1b14b8487ef54791a7a99c7ec,1.8900000000000001,1.8900000000000001,1.8900000000000001,0.0,PLW 1,1.0,100.0,100.0,100.0,50.0,50.0,0.0,2.0,6.0,2.0,50.0,2.0,2.0,2.0,2.0,0.0,0.0,0.0
1,R16 independent salt regression,99206e81eaea460fb6e37836f7f2e946619895c1b14b8487ef54791a7a99c7ec,1.9200000000000002,1.92,1.92,0.0,PLW 1,1.0,100.0,100.0,100.0,50.0,50.0,0.0,2.0,6.0,2.0,50.0,2.0,2.0,2.0,2.0,0.0,0.0,0.0
1,R16 independent salt regression,99206e81eaea460fb6e37836f7f2e946619895c1b14b8487ef54791a7a99c7ec,1.95,1.95,1.95,0.0,PLW 1,1.0,100.0,100.0,100.0,50.0,50.0,0.0,2.0,6.0,2.0,50.0,2.0,2.0,2.0,2.0,0.0,0.0,0.0
1,R16 independent salt regression,99206e81eaea460fb6e37836f7f2e946619895c1b14b8487ef54791a7a99c7ec,1.98,1.98,1.98,0.0,PLW 1,1.0,100.0,100.0,100.0,50.0,50.0,0.0,2.0,6.0,2.0,50.0,2.0,2.0,2.0,2.0,0.0,0.0,0.0
1,R16 independent salt regression,99206e81eaea460fb6e37836f7f2e946619895c1b14b8487ef54791a7a99c7ec,2.0100000000000002,2.0100000000000002,2.0100000000000002,0.0,PLW 1,1.0,100.0,100.0,100.0,50.0,50.0,0.0,2.0,6.0,2.0,50.0,2.0,2.0,2.0,2.0,0.0,0.0,0.0
1,R16 independent salt regression,99206e81eaea460fb6e37836f7f2e946619895c1b14b8487ef54791a7a99c7ec,2.04,2.04,2.04,0.0,PLW 1,1.0,100.0,100.0,100.0,50.0,50.0,0.0,2.0,6.0,2.0,50.0,2.0,2.0,2.0,2.0,0.0,0.0,0.0
1,R16 independent salt regression,99206e81eaea460fb6e37836f7f2e946619895c1b14b8487ef54791a7a99c7ec,2.07,2.0700000000000003,2.0700000000000003,0.0,PLW 1,1.0,100.0,100.0,100.0,50.0,50.0,0.0,2.0,6.0,2.0,50.0,2.0,2.0,2.0,2.0,0.0,0.0,0.0
1,R16 independent salt regression,99206e81eaea460fb6e37836f7f2e946619895c1b14b8487ef54791a7a99c7ec,2.1,2.1,2.1,0.0,PLW 1,1.0,100.0,100.0,100.0,50.0,50.0,0.0,2.0,6.0,2.0,50.0,2.0,2.0,2.0,2.0,0.0,0.0,0.0
1,R16 independent salt regression,99206e81eaea460fb6e37836f7f2e946619895c1b14b8487ef54791a7a99c7ec,2.13,2.13,2.13,0.0,PLW 1,1.0,100.0,100.0,100.0,50.0,50.0,0.0,2.0,6.0,2.0,50.0,2.0,2.0,2.0,2.0,0.0,0.0,0.0
1,R16 independent salt regression,99206e81eaea460fb6e37836f7f2e946619895c1b14b8487ef54791a7a99c7ec,2.1599999999999997,2.16,2.16,0.0,PLW 1,1.0,100.0,100.0,100.0,50.0,50.0,0.0,2.0,6.0,2.0,50.0,2.0,2.0,2.0,2.0,0.0,0.0,0.0
1,R16 independent salt regression,99206e81eaea460fb6e37836f7f2e946619895c1b14b8487ef54791a7a99c7ec,2.19,2.1900000000000004,2.1900000000000004,0.0,PLW 1,1.0,100.0,100.0,100.0,50.0,50.0,0.0,2.0,6.0,2.0,50.0,2.0,2.0,2.0,2.0,0.0,0.0,0.0
1,R16 independent salt regression,99206e81eaea460fb6e37836f7f2e946619895c1b14b8487ef54791a7a99c7ec,2.22,2.22,2.22,0.0,PLW 1,1.0,100.0,100.0,100.0,50.0,50.0,0.0,2.0,6.0,2.0,50.0,2.0,2.0,2.0,2.0,0.0,0.0,0.0
1,R16 independent salt regression,99206e81eaea460fb6e37836f7f2e946619895c1b14b8487ef54791a7a99c7ec,2.25,2.25,2.25,0.0,PLW 1,1.0,100.0,100.0,100.0,50.0,50.0,0.0,2.0,6.0,2.0,50.0,2.0,2.0,2.0,2.0,0.0,0.0,0.0
1,R16 independent salt regression,99206e81eaea460fb6e37836f7f2e946619895c1b14b8487ef54791a7a99c7ec,2.2800000000000002,2.2800000000000002,2.2800000000000002,0.0,PLW 1,1.0,100.0,100.0,100.0,50.0,50.0,0.0,2.0,6.0,2.0,50.0,2.0,2.0,2.0,2.0,0.0,0.0,0.0
1,R16 independent salt regression,99206e81eaea460fb6e37836f7f2e946619895c1b14b8487ef54791a7a99c7ec,2.31,2.3099999999999996,2.3099999999999996,0.0,PLW 1,1.0,100.0,100.0,100.0,50.0,50.0,0.0,2.0,6.0,2.0,50.0,2.0,2.0,2.0,2.0,0.0,0.0,0.0
1,R16 independent salt regression,99206e81eaea460fb6e37836f7f2e946619895c1b14b8487ef54791a7a99c7ec,2.3400000000000003,2.34,2.34,0.0,PLW 1,1.0,100.0,100.0,100.0,50.0,50.0,0.0,2.0,6.0,2.0,50.0,2.0,2.0,2.0,2.0,0.0,0.0,0.0
1,R16 independent salt regression,99206e81eaea460fb6e37836f7f2e946619895c1b14b8487ef54791a7a99c7ec,2.37,2.37,2.37,0.0,PLW 1,1.0,100.0,100.0,100.0,50.0,50.0,0.0,2.0,6.0,2.0,50.0,2.0,2.0,2.0,2.0,0.0,0.0,0.0
1,R16 independent salt regression,99206e81eaea460fb6e37836f7f2e946619895c1b14b8487ef54791a7a99c7ec,2.4,2.4,2.4,0.0,PLW 1,1.0,100.0,100.0,100.0,50.0,50.0,0.0,2.0,6.0,2.0,50.0,2.0,2.0,2.0,2.0,0.0,0.0,0.0
1,R16 independent salt regression,99206e81eaea460fb6e37836f7f2e946619895c1b14b8487ef54791a7a99c7ec,2.43,2.43,2.43,0.0,PLW 1,1.0,100.0,100.0,100.0,50.0,50.0,0.0,2.0,6.0,2.0,50.0,2.0,2.0,2.0,2.0,0.0,0.0,0.0
1,R16 independent salt regression,99206e81eaea460fb6e37836f7f2e946619895c1b14b8487ef54791a7a99c7ec,2.46,2.46,2.46,0.0,PLW 1,1.0,100.0,100.0,100.0,50.0,50.0,0.0,2.0,6.0,2.0,50.0,2.0,2.0,2.0,2.0,0.0,0.0,0.0
1,R16 independent salt regression,99206e81eaea460fb6e37836f7f2e946619895c1b14b8487ef54791a7a99c7ec,2.49,2.49,2.49,0.0,PLW 1,1.0,100.0,100.0,100.0,50.0,50.0,0.0,2.0,6.0,2.0,50.0,2.0,2.0,2.0,2.0,0.0,0.0,0.0
1,R16 independent salt regression,99206e81eaea460fb6e37836f7f2e946619895c1b14b8487ef54791a7a99c7ec,2.5200000000000005,2.5200000000000005,2.5200000000000005,0.0,PLW 1,1.0,100.0,100.0,100.0,50.0,50.0,0.0,2.0,6.0,2.0,50.0,2.0,2.0,2.0,2.0,0.0,0.0,0.0
1,R16 independent salt regression,99206e81eaea460fb6e37836f7f2e946619895c1b14b8487ef54791a7a99c7ec,2.55,2.55,2.55,0.0,PLW 1,1.0,100.0,100.0,100.0,50.0,50.0,0.0,2.0,6.0,2.0,50.0,2.0,2.0,2.0,2.0,0.0,0.0,0.0
1,R16 independent salt regression,99206e81eaea460fb6e37836f7f2e946619895c1b14b8487ef54791a7a99c7ec,2.58,2.58,2.58,0.0,PLW 1,1.0,100.0,100.0,100.0,50.0,50.0,0.0,2.0,6.0,2.0,50.0,2.0,2.0,2.0,2.0,0.0,0.0,0.0
1,R16 independent salt regression,99206e81eaea460fb6e37836f7f2e946619895c1b14b8487ef54791a7a99c7ec,2.61,2.61,2.61,0.0,PLW 1,1.0,100.0,100.0,100.0,50.0,50.0,0.0,2.0,6.0,2.0,50.0,2.0,2.0,2.0,2.0,0.0,0.0,0.0
1,R16 independent salt regression,99206e81eaea460fb6e37836f7f2e946619895c1b14b8487ef54791a7a99c7ec,2.64,2.64,2.64,0.0,PLW 1,1.0,100.0,100.0,100.0,50.0,50.0,0.0,2.0,6.0,2.0,50.0,2.0,2.0,2.0,2.0,0.0,0.0,0.0
1,R16 independent salt regression,99206e81eaea460fb6e37836f7f2e946619895c1b14b8487ef54791a7a99c7ec,2.6700000000000004,2.6700000000000004,2.6700000000000004,0.0,PLW 1,1.0,100.0,100.0,100.0,50.0,50.0,0.0,2.0,6.0,2.0,50.0,2.0,2.0,2.0,2.0,0.0,0.0,0.0
1,R16 independent salt regression,99206e81eaea460fb6e37836f7f2e946619895c1b14b8487ef54791a7a99c7ec,2.7,2.7,2.7,0.0,PLW 1,1.0,100.0,100.0,100.0,50.0,50.0,0.0,2.0,6.0,2.0,50.0,2.0,2.0,2.0,2.0,0.0,0.0,0.0
1,R16 independent salt regression,99206e81eaea460fb6e37836f7f2e946619895c1b14b8487ef54791a7a99c7ec,2.73,2.7300000000000004,2.7300000000000004,0.0,PLW 1,1.0,100.0,100.0,100.0,50.0,50.0,0.0,2.0,6.0,2.0,50.0,2.0,2.0,2.0,2.0,0.0,0.0,0.0
1,R16 independent salt regression,99206e81eaea460fb6e37836f7f2e946619895c1b14b8487ef54791a7a99c7ec,2.76,2.76,2.76,0.0,PLW 1,1.0,100.0,100.0,100.0,50.0,50.0,0.0,2.0,6.0,2.0,50.0,2.0,2.0,2.0,2.0,0.0,0.0,0.0
1,R16 independent salt regression,99206e81eaea460fb6e37836f7f2e946619895c1b14b8487ef54791a7a99c7ec,2.79,2.79,2.79,0.0,PLW 1,1.0,100.0,100.0,100.0,50.0,50.0,0.0,2.0,6.0,2.0,50.0,2.0,2.0,2.0,2.0,0.0,0.0,0.0
1,R16 independent salt regression,99206e81eaea460fb6e37836f7f2e946619895c1b14b8487ef54791a7a99c7ec,2.8200000000000003,2.8200000000000003,2.8200000000000003,0.0,PLW 1,1.0,100.0,100.0,100.0,50.0,50.0,0.0,2.0,6.0,2.0,50.0,2.0,2.0,2.0,2.0,0.0,0.0,0.0
1,R16 independent salt regression,99206e81eaea460fb6e37836f7f2e946619895c1b14b8487ef54791a7a99c7ec,2.85,2.85,2.85,0.0,PLW 1,1.0,100.0,100.0,100.0,50.0,50.0,0.0,2.0,6.0,2.0,50.0,2.0,2.0,2.0,2.0,0.0,0.0,0.0
1,R16 independent salt regression,99206e81eaea460fb6e37836f7f2e946619895c1b14b8487ef54791a7a99c7ec,2.8800000000000003,2.88,2.88,0.0,PLW 1,1.0,100.0,100.0,100.0,50.0,50.0,0.0,2.0,6.0,2.0,50.0,2.0,2.0,2.0,2.0,0.0,0.0,0.0
1,R16 independent salt regression,99206e81eaea460fb6e37836f7f2e946619895c1b14b8487ef54791a7a99c7ec,2.9099999999999997,2.91,2.91,0.0,PLW 1,1.0,100.0,100.0,100.0,50.0,50.0,0.0,2.0,6.0,2.0,50.0,2.0,2.0,2.0,2.0,0.0,0.0,0.0
1,R16 independent salt regression,99206e81eaea460fb6e37836f7f2e946619895c1b14b8487ef54791a7a99c7ec,2.94,2.9400000000000004,2.9400000000000004,0.0,PLW 1,1.0,100.0,100.0,100.0,50.0,50.0,0.0,2.0,6.0,2.0,50.0,2.0,2.0,2.0,2.0,0.0,0.0,0.0
1,R16 independent salt regression,99206e81eaea460fb6e37836f7f2e946619895c1b14b8487ef54791a7a99c7ec,2.97,2.97,2.97,0.0,PLW 1,1.0,100.0,100.0,100.0,50.0,50.0,0.0,2.0,6.0,2.0,50.0,2.0,2.0,2.0,2.0,0.0,0.0,0.0
1,R16 independent salt regression,99206e81eaea460fb6e37836f7f2e946619895c1b14b8487ef54791a7a99c7ec,3.0,3.0,3.0,0.0,Elution 1,1.0,100.0,100.0,100.0,50.0,50.0,0.0,3.0,6.0,2.0,50.0,2.0,2.0,2.0,2.0,0.0,0.0,0.0
1,R16 independent salt regression,99206e81eaea460fb6e37836f7f2e946619895c1b14b8487ef54791a7a99c7ec,3.0300000000000002,3.0300000000000002,3.0300000000000002,0.0,Elution 1,1.0,99.625,99.625,100.0,50.0,50.0,0.0,3.0,6.0,2.0,50.0,2.0,1.9925,2.0,2.0,0.0,0.0,0.0
1,R16 independent salt regression,99206e81eaea460fb6e37836f7f2e946619895c1b14b8487ef54791a7a99c7ec,3.06,3.06,3.06,0.0,Elution 1,1.0,99.25,99.25,100.0,50.0,50.0,0.0,3.0,6.0,2.0,50.0,2.0,1.9849999999999999,2.0,2.0,0.0,0.0,0.0
1,R16 independent salt regression,99206e81eaea460fb6e37836f7f2e946619895c1b14b8487ef54791a7a99c7ec,3.0900000000000003,3.0900000000000003,3.0900000000000003,0.0,Elution 1,1.0,98.875,98.875,99.99999999999997,50.0,50.0,0.0,3.0,6.0,1.9999999999999991,50.0,1.9999999999999991,1.9775,2.0,2.0,0.0,0.0,0.0
1,R16 independent salt regression,99206e81eaea460fb6e37836f7f2e946619895c1b14b8487ef54791a7a99c7ec,3.12,3.12,3.12,0.0,Elution 1,1.0,98.5,98.5,99.99999999999996,50.0,50.0,0.0,3.0,6.0,1.9999999999999993,50.0,1.9999999999999993,1.97,1.9999999999999991,1.9999999999999991,0.0,0.0,0.0
1,R16 independent salt regression,99206e81eaea460fb6e37836f7f2e946619895c1b14b8487ef54791a7a99c7ec,3.15,3.15,3.15,0.0,Elution 1,1.0,98.125,98.125,99.99999999999986,50.0,50.0,0.0,3.0,6.0,1.9999999999999973,50.0,1.9999999999999973,1.9625,1.9999999999999973,1.9999999999999973,0.0,0.0,0.0
1,R16 independent salt regression,99206e81eaea460fb6e37836f7f2e946619895c1b14b8487ef54791a7a99c7ec,3.18,3.18,3.18,0.0,Elution 1,1.0,97.75,97.75,99.99999999999984,50.0,50.0,0.0,3.0,6.0,1.999999999999997,50.0,1.999999999999997,1.955,1.9999999999999971,1.9999999999999971,0.0,0.0,0.0
1,R16 independent salt regression,99206e81eaea460fb6e37836f7f2e946619895c1b14b8487ef54791a7a99c7ec,3.21,3.21,3.21,0.0,Elution 1,1.0,97.375,97.375,99.99999999999613,50.0,50.0,3.0796517868730144e-10,3.0,6.0,1.9999999999999227,50.0,1.9999999999999227,1.9475,1.9999999999999558,1.9999999999999558,0.0,0.0,0.0
1,R16 independent salt regression,99206e81eaea460fb6e37836f7f2e946619895c1b14b8487ef54791a7a99c7ec,3.24,3.24,3.24,0.0,Elution 1,1.0,97.0,97.0,99.9999999999862,50.0,50.0,0.0,3.0,6.0,1.9999999999997242,50.0,1.9999999999997242,1.94,1.9999999999997968,1.9999999999997968,0.0,0.0,0.0
1,R16 independent salt regression,99206e81eaea460fb6e37836f7f2e946619895c1b14b8487ef54791a7a99c7ec,3.2700000000000005,3.2700000000000005,3.2700000000000005,0.0,Elution 1,1.0,96.625,96.625,99.99999999997513,50.0,50.0,0.0,3.0,6.0,1.9999999999995026,50.0,1.9999999999995026,1.9324999999999999,1.9999999999995581,1.9999999999995581,0.0,0.0,0.0
1,R16 independent salt regression,99206e81eaea460fb6e37836f7f2e946619895c1b14b8487ef54791a7a99c7ec,3.3,3.3,3.3,0.0,Elution 1,1.0,96.25,96.25,99.99999999997382,50.0,50.0,0.0,3.0,6.0,1.999999999999476,50.0,1.999999999999476,1.925,1.999999999999468,1.999999999999468,0.0,0.0,0.0
1,R16 independent salt regression,99206e81eaea460fb6e37836f7f2e946619895c1b14b8487ef54791a7a99c7ec,3.33,3.33,3.33,0.0,Elution 1,1.0,95.875,95.875,100.00000000004727,50.0,50.0,0.0,3.0,6.0,2.0000000000009504,50.0,2.0000000000009504,1.9175,2.0000000000000435,2.0000000000000435,0.0,0.0,0.0
1,R16 independent salt regression,99206e81eaea460fb6e37836f7f2e946619895c1b14b8487ef54791a7a99c7ec,3.36,3.36,3.36,3.0796517868730144e-07,Elution 1,1.0,95.5,95.5,100.00000000242511,50.0,50.0,0.0,3.0,6.0,2.0000000000485207,50.0,2.0000000000485207,1.9100000000000001,2.0000000000297304,2.0000000000297304,3.0796517868730144e-10,3.0796517868730144e-10,3.0796517868730144e-07
1,R16 independent salt regression,99206e81eaea460fb6e37836f7f2e946619895c1b14b8487ef54791a7a99c7ec,3.39,3.39,3.39,0.0,Elution 1,1.0,95.125,95.125,100.00000000795542,50.0,50.0,0.0,3.0,6.0,2.000000000159111,50.0,2.000000000159111,1.9024999999999999,2.000000000121235,2.000000000121235,0.0,0.0,0.0
1,R16 independent salt regression,99206e81eaea460fb6e37836f7f2e946619895c1b14b8487ef54791a7a99c7ec,3.4200000000000004,3.4200000000000004,3.4200000000000004,0.0,Elution 1,1.0,94.75,94.75,100.00000001578726,50.0,50.0,0.0,3.0,6.0,2.0000000003157297,50.0,2.0000000003157297,1.895,2.0000000002659357,2.0000000002659357,0.0,0.0,0.0
1,R16 independent salt regression,99206e81eaea460fb6e37836f7f2e946619895c1b14b8487ef54791a7a99c7ec,3.45,3.45,3.45,0.0,Elution 1,1.0,94.375,94.375,100.00000002414924,50.0,50.0,0.0,3.0,6.0,2.0000000004829173,50.0,2.0000000004829173,1.8875,2.000000000433622,2.000000000433622,0.0,0.0,0.0
1,R16 independent salt regression,99206e81eaea460fb6e37836f7f2e946619895c1b14b8487ef54791a7a99c7ec,3.48,3.4800000000000004,3.4800000000000004,0.0,Elution 1,1.0,94.0,94.0,100.00000002996117,50.0,50.0,0.0,3.0,6.0,2.000000000599097,50.0,2.000000000599097,1.88,2.0000000005674132,2.0000000005674132,0.0,0.0,0.0
1,R16 independent salt regression,99206e81eaea460fb6e37836f7f2e946619895c1b14b8487ef54791a7a99c7ec,3.51,3.51,3.51,0.0,Elution 1,1.0,93.625,93.625,100.00000003206296,50.0,50.0,0.0,3.0,6.0,2.0000000006411094,50.0,2.0000000006411094,1.8725,2.000000000634291,2.000000000634291,0.0,0.0,0.0
1,R16 independent salt regression,99206e81eaea460fb6e37836f7f2e946619895c1b14b8487ef54791a7a99c7ec,3.54,3.54,3.54,0.0,Elution 1,1.0,93.25,93.25,100.00000003106602,50.0,50.0,0.0,3.0,6.0,2.000000000621173,50.0,2.000000000621173,1.865,2.0000000006296066,2.0000000006296066,0.0,0.0,0.0
1,R16 independent salt regression,99206e81eaea460fb6e37836f7f2e946619895c1b14b8487ef54791a7a99c7ec,3.5700000000000003,3.5700000000000003,3.5700000000000003,0.0,Elution 1,1.0,92.875,92.875,99.9999999582686,50.0,50.0,0.0,3.0,6.0,1.9999999991652369,50.0,1.9999999991652369,1.8575,1.9999999999529012,1.9999999999529012,0.0,0.0,0.0
1,R16 independent salt regression,99206e81eaea460fb6e37836f7f2e946619895c1b14b8487ef54791a7a99c7ec,3.6,3.6,3.6,0.0,Elution 1,1.0,92.5,92.5,99.9999949853289,50.0,50.0,2.2813337655945924e-07,3.0,6.0,1.9999998997056203,50.0,1.9999998997056203,1.85,1.9999999584954773,1.9999999584954773,0.0,0.0,0.0
1,R16 independent salt regression,99206e81eaea460fb6e37836f7f2e946619895c1b14b8487ef54791a7a99c7ec,3.6300000000000003,3.6300000000000003,3.6300000000000003,0.0,Elution 1,1.0,92.125,92.125,99.99988929542657,50.0,50.0,1.3785252634447833e-07,3.0,6.0,1.9999977858987443,50.0,1.9999977858987443,1.8424999999999998,1.9999987152477345,1.9999987152477345,0.0,0.0,0.0
1,R16 independent salt regression,99206e81eaea460fb6e37836f7f2e946619895c1b14b8487ef54791a7a99c7ec,3.6599999999999997,3.66,3.66,0.0,Elution 1,1.0,91.75,91.75,99.98773761513824,50.0,50.0,0.0,3.0,6.0,1.9997547523039825,50.0,1.9997547523039825,1.835,1.9998608061397334,1.9998608061397334,0.0,0.0,0.0
1,R16 independent salt regression,99206e81eaea460fb6e37836f7f2e946619895c1b14b8487ef54791a7a99c7ec,3.69,3.69,3.69,0.0,Elution 1,1.0,91.375,91.375,99.95066217454735,50.0,50.0,0.0,3.0,6.0,1.9990132434923926,50.0,1.9990132434923926,1.8275000000000001,1.9992754397048313,1.9992754397048313,0.0,0.0,0.0
1,R16 independent salt regression,99206e81eaea460fb6e37836f7f2e946619895c1b14b8487ef54791a7a99c7ec,3.72,3.72,3.72,0.0,Elution 1,1.0,91.0,91.0,99.88574886913528,50.0,50.0,1.6895185488619988e-08,3.0,6.0,1.9977149773832583,50.0,1.9977149773832583,1.8199999999999998,1.9981537772759987,1.9981537772759987,0.0,0.0,0.0
1,R16 independent salt regression,99206e81eaea460fb6e37836f7f2e946619895c1b14b8487ef54791a7a99c7ec,3.75,3.75,3.75,0.00022813337655945923,Elution 1,1.0,90.625,90.625,99.7905977233973,50.0,50.0,9.79775584030058e-09,3.0,6.0,1.9958119544677209,50.0,1.9958119544677209,1.8125,1.996441019359259,1.996441019359259,2.2813337655945924e-07,2.2813337655945924e-07,0.00022813337655945923
1,R16 independent salt regression,99206e81eaea460fb6e37836f7f2e946619895c1b14b8487ef54791a7a99c7ec,3.7800000000000002,3.7800000000000002,3.7800000000000002,0.00013785252634447833,Elution 1,1.0,90.25,90.25,99.66381906971074,50.0,50.0,0.0,3.0,6.0,1.9932763813932035,50.0,1.9932763813932035,1.805,1.9941030531770279,1.9941030531770279,1.3785252634447833e-07,1.3785252634447833e-07,0.00013785252634447833
1,R16 independent salt regression,99206e81eaea460fb6e37836f7f2e946619895c1b14b8487ef54791a7a99c7ec,3.81,3.81,3.81,0.0,Elution 1,1.0,89.875,89.875,99.50506863992658,50.0,50.0,2.69649584040196e-09,3.0,6.0,1.990101372796579,50.0,1.990101372796579,1.7974999999999999,1.9911265528193183,1.9911265528193183,0.0,0.0,0.0
1,R16 independent salt regression,99206e81eaea460fb6e37836f7f2e946619895c1b14b8487ef54791a7a99c7ec,3.8400000000000003,3.84,3.84,0.0,Elution 1,1.0,89.5,89.5,99.31503466231699,50.0,50.0,4.939012653215542e-09,3.0,6.0,1.986300693243982,50.0,1.986300693243982,1.79,1.9875188546600657,1.9875188546600657,0.0,0.0,0.0
1,R16 independent salt regression,99206e81eaea460fb6e37836f7f2e946619895c1b14b8487ef54791a7a99c7ec,3.87,3.87,3.87,1.6895185488619988e-05,Elution 1,1.0,89.125,89.125,99.09538514230806,50.0,50.0,4.2894345409067365e-09,3.0,6.0,1.981907702844581,50.0,1.981907702844581,1.7825,1.9833074767153227,1.9833074767153227,1.6895185488619988e-08,1.6895185488619988e-08,1.6895185488619988e-05
1,R16 independent salt regression,99206e81eaea460fb6e37836f7f2e946619895c1b14b8487ef54791a7a99c7ec,3.9,3.9,3.9,9.79775584030058e-06,Elution 1,1.0,88.75,88.75,98.84857840178523,50.0,50.0,3.960494137683551e-09,3.0,6.0,1.9769715680356648,50.0,1.9769715680356648,1.775,1.9785369492217213,1.9785369492217213,9.79775584030058e-09,9.79775584030058e-09,9.79775584030058e-06
1,R16 independent salt regression,99206e81eaea460fb6e37836f7f2e946619895c1b14b8487ef54791a7a99c7ec,3.93,3.93,3.93,0.0,Elution 1,1.0,88.375,88.375,98.57760069672028,50.0,50.0,4.294883187959208e-09,3.0,6.0,1.9715520139356966,50.0,1.9715520139356966,1.7675,1.9732640087983853,1.9732640087983853,0.0,0.0,0.0
1,R16 independent salt regression,99206e81eaea460fb6e37836f7f2e946619895c1b14b8487ef54791a7a99c7ec,3.96,3.96,3.96,2.69649584040196e-06,Elution 1,1.0,88.0,88.0,98.28571497583813,50.0,50.0,4.494662855821115e-09,3.0,6.0,1.9657142995185646,50.0,1.9657142995185646,1.76,1.9675525903778917,1.9675525903778917,2.69649584040196e-09,2.69649584040196e-09,2.69649584040196e-06
1,R16 independent salt regression,99206e81eaea460fb6e37836f7f2e946619895c1b14b8487ef54791a7a99c7ec,3.99,3.99,3.99,4.9390126532155315e-06,Elution 1,1.0,87.625,87.625,97.97618193530928,50.0,50.0,4.6239424075574236e-09,3.0,6.0,1.9595236387073085,50.0,1.9595236387073085,1.7525,1.9614680612281277,1.9614680612281277,4.939012653215532e-09,4.939012653215532e-09,4.9390126532155315e-06
1,R16 independent salt regression,99206e81eaea460fb6e37836f7f2e946619895c1b14b8487ef54791a7a99c7ec,4.0200000000000005,4.0200000000000005,4.0200000000000005,4.289434540906731e-06,Elution 1,1.0,87.25,87.25,97.65208760576097,50.0,50.0,4.825056011613686e-09,3.0,6.0,1.9530417521153847,50.0,1.9530417521153847,1.7449999999999999,1.9550733601999266,1.9550733601999266,4.2894345409067315e-09,4.2894345409067315e-09,4.289434540906731e-06
1,R16 independent salt regression,99206e81eaea460fb6e37836f7f2e946619895c1b14b8487ef54791a7a99c7ec,4.05,4.05,4.05,3.960494137683551e-06,Elution 1,1.0,86.875,86.875,97.31622837582027,50.0,50.0,5.0227844863007985e-09,3.0,6.0,1.9463245675160044,50.0,1.9463245675160044,1.7375,1.948426330582923,1.948426330582923,3.960494137683551e-09,3.960494137683551e-09,3.960494137683551e-06
1,R16 independent salt regression,99206e81eaea460fb6e37836f7f2e946619895c1b14b8487ef54791a7a99c7ec,4.08,4.08,4.08,4.294883187959208e-06,Elution 1,1.0,86.5,86.5,96.97104387976988,50.0,50.0,5.217721439598398e-09,3.0,6.0,1.9394208775948611,50.0,1.9394208775948611,1.73,1.9415780691129656,1.9415780691129656,4.294883187959208e-09,4.294883187959208e-09,4.294883187959208e-06
1,R16 independent salt regression,99206e81eaea460fb6e37836f7f2e946619895c1b14b8487ef54791a7a99c7ec,4.11,4.109999999999999,4.109999999999999,4.494662855821111e-06,Elution 1,1.0,86.125,86.125,96.61859220036767,50.0,50.0,5.411550507893095e-09,3.0,6.0,1.9323718440069189,50.0,1.9323718440069189,1.7225000000000001,1.9345721654199166,1.9345721654199166,4.4946628558211115e-09,4.4946628558211115e-09,4.494662855821111e-06
1,R16 independent salt regression,99206e81eaea460fb6e37836f7f2e946619895c1b14b8487ef54791a7a99c7ec,4.14,4.140000000000001,4.140000000000001,4.6239424075574265e-06,Elution 1,1.0,85.75,85.75,96.26054482190251,50.0,50.0,5.663964927137106e-09,3.0,6.0,1.9252108964376449,50.0,1.9252108964376449,1.7149999999999999,1.9274443653262712,1.9274443653262712,4.623942407557427e-09,4.623942407557427e-09,4.6239424075574265e-06
1,R16 independent salt regression,99206e81eaea460fb6e37836f7f2e946619895c1b14b8487ef54791a7a99c7ec,4.17,4.17,4.17,4.82505601161368e-06,Elution 1,1.0,85.375,85.375,95.89822992667766,50.0,50.0,5.948429370109098e-09,3.0,6.0,1.9179645985329796,50.0,1.9179645985329796,1.7075,1.9202232886280062,1.9202232886280062,4.82505601161368e-09,4.82505601161368e-09,4.82505601161368e-06
1,R16 independent salt regression,99206e81eaea460fb6e37836f7f2e946619895c1b14b8487ef54791a7a99c7ec,4.2,4.2,4.2,5.022784486300799e-06,Elution 1,1.0,85.0,85.0,95.53268551230826,50.0,50.0,6.204096201060152e-09,3.0,6.0,1.9106537102453416,50.0,1.9106537102453416,1.7,1.9129314318808894,1.9129314318808894,5.0227844863007985e-09,5.0227844863007985e-09,5.022784486300799e-06
1,R16 independent salt regression,99206e81eaea460fb6e37836f7f2e946619895c1b14b8487ef54791a7a99c7ec,4.23,4.23,4.23,5.217721439598398e-06,Elution 1,1.0,84.625,84.625,95.16471305848897,50.0,50.0,6.471373845242528e-09,3.0,6.0,1.9032942611688628,50.0,1.9032942611688628,1.6925,1.905586245655709,1.905586245655709,5.217721439598398e-09,5.217721439598398e-09,5.217721439598398e-06
1,R16 independent salt regression,99206e81eaea460fb6e37836f7f2e946619895c1b14b8487ef54791a7a99c7ec,4.26,4.26,4.26,5.411550507893096e-06,Elution 1,1.0,84.25,84.25,94.79492919608097,50.0,50.0,6.735774890976821e-09,3.0,6.0,1.8958985839209832,50.0,1.8958985839209832,1.685,1.8982011857942818,1.8982011857942818,5.411550507893095e-09,5.411550507893095e-09,5.411550507893096e-06
1,R16 independent salt regression,99206e81eaea460fb6e37836f7f2e946619895c1b14b8487ef54791a7a99c7ec,4.290000000000001,4.290000000000001,4.290000000000001,5.663964927137106e-06,Elution 1,1.0,83.87499999999999,83.87499999999999,94.42380407289262,50.0,50.0,7.0233930916120575e-09,3.0,6.0,1.8884760814577508,50.0,1.8884760814577508,1.6774999999999998,1.8907865672191868,1.8907865672191868,5.663964927137106e-09,5.663964927137106e-09,5.663964927137106e-06
1,R16 independent salt regression,99206e81eaea460fb6e37836f7f2e946619895c1b14b8487ef54791a7a99c7ec,4.319999999999999,4.32,4.32,5.948429370109098e-06,Elution 1,1.0,83.5,83.5,94.05168498218525,50.0,50.0,7.341584880139692e-09,3.0,6.0,1.8810336996441097,50.0,1.8810336996441097,1.67,1.8833500410810413,1.8833500410810413,5.948429370109098e-09,5.948429370109098e-09,5.948429370109098e-06
1,R16 independent salt regression,99206e81eaea460fb6e37836f7f2e946619895c1b14b8487ef54791a7a99c7ec,4.35,4.35,4.35,6.204096201060144e-06,Elution 1,1.0,83.125,83.125,93.67882636178614,50.0,50.0,7.673443028756892e-09,3.0,6.0,1.8735765272364036,50.0,1.8735765272364036,1.6625,1.875897224036622,1.875897224036622,6.204096201060144e-09,6.204096201060144e-09,6.204096201060144e-06
1,R16 independent salt regression,99206e81eaea460fb6e37836f7f2e946619895c1b14b8487ef54791a7a99c7ec,4.38,4.38,4.38,6.47137384524252e-06,Elution 1,1.0,82.75,82.75,93.3054167576633,50.0,50.0,8.022256660961353e-09,3.0,6.0,1.8661083351538488,50.0,1.8661083351538488,1.655,1.8684322801941688,1.8684322801941688,6.47137384524252e-09,6.47137384524252e-09,6.47137384524252e-06
1,R16 independent salt regression,99206e81eaea460fb6e37836f7f2e946619895c1b14b8487ef54791a7a99c7ec,4.41,4.41,4.41,6.735774890976821e-06,Elution 1,1.0,82.375,82.375,92.93159643648129,50.0,50.0,8.393105326569438e-09,3.0,6.0,1.8586319287299435,50.0,1.8586319287299435,1.6475,1.8609582936240676,1.8609582936240676,6.735774890976821e-09,6.735774890976821e-09,6.735774890976821e-06
1,R16 independent salt regression,99206e81eaea460fb6e37836f7f2e946619895c1b14b8487ef54791a7a99c7ec,4.44,4.44,4.44,7.023393091612049e-06,Elution 1,1.0,82.0,82.0,92.55746894443517,50.0,50.0,8.781418998694485e-09,3.0,6.0,1.8511493788887932,50.0,1.8511493788887932,1.64,1.8534775406808413,1.8534775406808413,7.023393091612049e-09,7.023393091612049e-09,7.023393091612049e-06
1,R16 independent salt regression,99206e81eaea460fb6e37836f7f2e946619895c1b14b8487ef54791a7a99c7ec,4.47,4.47,4.47,7.341584880139683e-06,Elution 1,1.0,81.625,81.625,92.18311512445543,50.0,50.0,9.185110963375392e-09,3.0,6.0,1.843662302489223,50.0,1.843662302489223,1.6325,1.8459917900108642,1.8459917900108642,7.341584880139683e-09,7.341584880139683e-09,7.341584880139683e-06
1,R16 independent salt regression,99206e81eaea460fb6e37836f7f2e946619895c1b14b8487ef54791a7a99c7ec,4.5,4.5,4.5,7.673443028756892e-06,Elution 1,1.0,81.25,81.25,91.80859660933005,50.0,50.0,9.604471793233607e-09,3.0,6.0,1.836171932186981,50.0,1.836171932186981,1.625,1.8385023981225832,1.8385023981225832,7.673443028756892e-09,7.673443028756892e-09,7.673443028756892e-06
1,R16 independent salt regression,99206e81eaea460fb6e37836f7f2e946619895c1b14b8487ef54791a7a99c7ec,4.53,4.53,4.53,8.022256660961353e-06,Elution 1,1.0,80.875,80.875,91.43395591095943,50.0,50.0,1.0043030109869359e-08,3.0,6.0,1.8286791182198758,50.0,1.8286791182198758,1.6175,1.831010307613433,1.831010307613433,8.022256660961353e-09,8.022256660961353e-09,8.022256660961353e-06
1,R16 independent salt regression,99206e81eaea460fb6e37836f7f2e946619895c1b14b8487ef54791a7a99c7ec,4.5600000000000005,4.5600000000000005,4.5600000000000005,8.393105326569438e-06,Elution 1,1.0,80.5,80.5,91.05922635107109,50.0,50.0,1.0502428092905316e-08,3.0,6.0,1.8211845270222637,50.0,1.8211845270222637,1.6099999999999999,1.823516259662577,1.823516259662577,8.393105326569438e-09,8.393105326569438e-09,8.393105326569438e-06
1,R16 independent salt regression,99206e81eaea460fb6e37836f7f2e946619895c1b14b8487ef54791a7a99c7ec,4.590000000000001,4.590000000000001,4.590000000000001,8.781418998694484e-06,Elution 1,1.0,80.12499999999999,80.12499999999999,90.6844298085475,50.0,50.0,1.0986579164813478e-08,3.0,6.0,1.813688596171685,50.0,1.813688596171685,1.6024999999999998,1.8160207416697423,1.8160207416697423,8.781418998694485e-09,8.781418998694485e-09,8.781418998694484e-06
1,R16 independent salt regression,99206e81eaea460fb6e37836f7f2e946619895c1b14b8487ef54791a7a99c7ec,4.62,4.62,4.62,9.185110963375393e-06,Elution 1,1.0,79.75,79.75,90.30958697819682,50.0,50.0,1.1497433382479401e-08,3.0,6.0,1.8061917395644849,50.0,1.8061917395644849,1.595,1.8085242057614452,1.8085242057614452,9.185110963375392e-09,9.185110963375392e-09,9.185110963375393e-06
1,R16 independent salt regression,99206e81eaea460fb6e37836f7f2e946619895c1b14b8487ef54791a7a99c7ec,4.65,4.65,4.65,9.604471793233607e-06,Elution 1,1.0,79.375,79.375,89.9346994830971,50.0,50.0,1.2030684655893362e-08,3.0,6.0,1.7986939896620953,50.0,1.7986939896620953,1.5875,1.8010266958952925,1.8010266958952925,9.604471793233607e-09,9.604471793233607e-09,9.604471793233607e-06
1,R16 independent salt regression,99206e81eaea460fb6e37836f7f2e946619895c1b14b8487ef54791a7a99c7ec,4.680000000000001,4.68,4.68,1.0043030109869346e-05,Elution 1,1.0,79.0,79.0,89.55978757748841,50.0,50.0,1.2581958332774257e-08,3.0,6.0,1.7911957515494359,50.0,1.7911957515494359,1.58,1.7935286484507174,1.7935286484507174,1.0043030109869346e-08,1.0043030109869346e-08,1.0043030109869346e-05
1,R16 independent salt regression,99206e81eaea460fb6e37836f7f2e946619895c1b14b8487ef54791a7a99c7ec,4.71,4.710000000000001,4.710000000000001,1.0502428092905316e-05,Elution 1,1.0,78.62499999999999,78.62499999999999,89.1848460925252,50.0,50.0,1.3152835754517902e-08,3.0,6.0,1.7836969218496628,50.0,1.7836969218496628,1.5724999999999998,1.7860299486196425,1.7860299486196425,1.0502428092905316e-08,1.0502428092905316e-08,1.0502428092905316e-05
1,R16 independent salt regression,99206e81eaea460fb6e37836f7f2e946619895c1b14b8487ef54791a7a99c7ec,4.74,4.74,4.74,1.0986579164813464e-05,Elution 1,1.0,78.25,78.25,88.80988830295182,50.0,50.0,1.3755917436076393e-08,3.0,6.0,1.776197766057747,50.0,1.776197766057747,1.565,1.7785308873169634,1.7785308873169634,1.0986579164813463e-08,1.0986579164813463e-08,1.0986579164813464e-05
1,R16 independent salt regression,99206e81eaea460fb6e37836f7f2e946619895c1b14b8487ef54791a7a99c7ec,4.77,4.77,4.77,1.1497433382479385e-05,Elution 1,1.0,77.875,77.875,88.4349169434498,50.0,50.0,1.440609648124816e-08,3.0,6.0,1.768698338867454,50.0,1.768698338867454,1.5575,1.7710315203378608,1.7710315203378608,1.1497433382479386e-08,1.1497433382479386e-08,1.1497433382479385e-05
1,R16 independent salt regression,99206e81eaea460fb6e37836f7f2e946619895c1b14b8487ef54791a7a99c7ec,4.8,4.8,4.8,1.2030684655893347e-05,Elution 1,1.0,77.5,77.5,88.0599356201786,50.0,50.0,1.510203586998886e-08,3.0,6.0,1.7611987124020083,50.0,1.7611987124020083,1.55,1.7635319274120753,1.7635319274120753,1.2030684655893347e-08,1.2030684655893347e-08,1.2030684655893347e-05
1,R16 independent salt regression,99206e81eaea460fb6e37836f7f2e946619895c1b14b8487ef54791a7a99c7ec,4.83,4.83,4.83,1.2581958332774257e-05,Elution 1,1.0,77.125,77.125,87.68494994014752,50.0,50.0,1.5845532039139078e-08,3.0,6.0,1.7536989988015619,50.0,1.7536989988015619,1.5425,1.7560322360481437,1.7560322360481437,1.2581958332774257e-08,1.2581958332774257e-08,1.2581958332774257e-05
1,R16 independent salt regression,99206e81eaea460fb6e37836f7f2e946619895c1b14b8487ef54791a7a99c7ec,4.86,4.86,4.86,1.3152835754517886e-05,Elution 1,1.0,76.75,76.75,87.30996146580706,50.0,50.0,1.6588167338250898e-08,3.0,6.0,1.7461992293151396,50.0,1.7461992293151396,1.535,1.7485324811500582,1.7485324811500582,1.3152835754517885e-08,1.3152835754517885e-08,1.3152835754517886e-05
1,R16 independent salt regression,99206e81eaea460fb6e37836f7f2e946619895c1b14b8487ef54791a7a99c7ec,4.890000000000001,4.890000000000001,4.890000000000001,1.3755917436076393e-05,Elution 1,1.0,76.375,76.375,86.93497115957639,50.0,50.0,1.7285738519325633e-08,3.0,6.0,1.7386994231909736,50.0,1.7386994231909736,1.5274999999999999,1.7410326874958106,1.7410326874958106,1.3755917436076393e-08,1.3755917436076393e-08,1.3755917436076393e-05
1,R16 independent salt regression,99206e81eaea460fb6e37836f7f2e946619895c1b14b8487ef54791a7a99c7ec,4.92,4.92,4.92,1.440609648124816e-05,Elution 1,1.0,76.0,76.0,86.55997996150906,50.0,50.0,1.800560684673911e-08,3.0,6.0,1.7311995992300646,50.0,1.7311995992300646,1.52,1.7335328787878783,1.7335328787878783,1.440609648124816e-08,1.440609648124816e-08,1.440609648124816e-05
1,R16 independent salt regression,99206e81eaea460fb6e37836f7f2e946619895c1b14b8487ef54791a7a99c7ec,4.95,4.95,4.95,1.510203586998886e-05,Elution 1,1.0,75.625,75.625,86.1849899737788,50.0,50.0,1.8804136558326837e-08,3.0,6.0,1.7236997994760743,50.0,1.7236997994760743,1.5125,1.7260330906553472,1.7260330906553472,1.510203586998886e-08,1.510203586998886e-08,1.510203586998886e-05
1,R16 independent salt regression,99206e81eaea460fb6e37836f7f2e946619895c1b14b8487ef54791a7a99c7ec,4.98,4.98,4.98,1.584553203913908e-05,Elution 1,1.0,75.25,75.25,85.80999935677285,50.0,50.0,1.9714667551207284e-08,3.0,6.0,1.7161999871364724,50.0,1.7161999871364724,1.505,1.7185332921718246,1.7185332921718246,1.5845532039139078e-08,1.5845532039139078e-08,1.584553203913908e-05
1,R16 independent salt regression,99206e81eaea460fb6e37836f7f2e946619895c1b14b8487ef54791a7a99c7ec,5.010000000000001,5.01,5.01,1.6588167338250876e-05,Elution 1,1.0,74.875,74.875,85.43500650751574,50.0,50.0,2.0616913496021247e-08,3.0,6.0,1.7087001301515994,50.0,1.7087001301515994,1.4975,1.7110334511346088,1.7110334511346088,1.6588167338250874e-08,1.6588167338250874e-08,1.6588167338250876e-05
1,R16 independent salt regression,99206e81eaea460fb6e37836f7f2e946619895c1b14b8487ef54791a7a99c7ec,5.040000000000001,5.040000000000001,5.040000000000001,1.7285738519325634e-05,Elution 1,1.0,74.49999999999999,74.49999999999999,85.0600089603365,50.0,50.0,2.151718680633931e-08,3.0,6.0,1.7012001792078568,50.0,1.7012001792078568,1.4899999999999998,1.703533516889904,1.703533516889904,1.7285738519325633e-08,1.7285738519325633e-08,1.7285738519325634e-05
1,R16 independent salt regression,99206e81eaea460fb6e37836f7f2e946619895c1b14b8487ef54791a7a99c7ec,5.069999999999999,5.07,5.07,1.800560684673911e-05,Elution 1,1.0,74.125,74.125,84.68501383799887,50.0,50.0,2.245672495330816e-08,3.0,6.0,1.6937002767609652,50.0,1.6937002767609652,1.4825,1.6960336328492285,1.6960336328492285,1.800560684673911e-08,1.800560684673911e-08,1.800560684673911e-05
1,R16 independent salt regression,99206e81eaea460fb6e37836f7f2e946619895c1b14b8487ef54791a7a99c7ec,5.1,5.1,5.1,1.8804136558326816e-05,Elution 1,1.0,73.75,73.75,84.31001866744228,50.0,50.0,2.347270176031193e-08,3.0,6.0,1.6862003733495834,50.0,1.6862003733495834,1.475,1.6885337463909524,1.6885337463909524,1.8804136558326814e-08,1.8804136558326814e-08,1.8804136558326816e-05
1,R16 independent salt regression,99206e81eaea460fb6e37836f7f2e946619895c1b14b8487ef54791a7a99c7ec,5.13,5.130000000000001,5.130000000000001,1.9714667551207283e-05,Elution 1,1.0,73.37499999999999,73.37499999999999,83.93502042391238,50.0,50.0,2.4622851569594453e-08,3.0,6.0,1.6787004084784833,50.0,1.6787004084784833,1.4674999999999998,1.6810337927663528,1.6810337927663528,1.9714667551207284e-08,1.9714667551207284e-08,1.9714667551207283e-05
1,R16 independent salt regression,99206e81eaea460fb6e37836f7f2e946619895c1b14b8487ef54791a7a99c7ec,5.16,5.16,5.16,2.061691349602125e-05,Elution 1,1.0,73.0,73.0,83.56001728835473,50.0,50.0,2.5839898993340874e-08,3.0,6.0,1.6712003457665365,50.0,1.6712003457665365,1.46,1.673533730834983,1.673533730834983,2.0616913496021247e-08,2.0616913496021247e-08,2.061691349602125e-05
1,R16 independent salt regression,99206e81eaea460fb6e37836f7f2e946619895c1b14b8487ef54791a7a99c7ec,5.19,5.19,5.19,2.1517186806339285e-05,Elution 1,1.0,72.625,72.625,83.18501243578102,50.0,50.0,2.6922931589569127e-08,3.0,6.0,1.6637002487141683,50.0,1.6637002487141683,1.4525,1.6660336298953708,1.6660336298953708,2.1517186806339284e-08,2.1517186806339284e-08,2.1517186806339285e-05
1,R16 independent salt regression,99206e81eaea460fb6e37836f7f2e946619895c1b14b8487ef54791a7a99c7ec,5.22,5.22,5.22,2.2456724953308135e-05,Elution 1,1.0,72.25,72.25,82.81000994862164,50.0,50.0,2.7981791971869856e-08,3.0,6.0,1.6562001989702342,50.0,1.6562001989702342,1.445,1.6585335791567448,1.6585335791567448,2.2456724953308135e-08,2.2456724953308135e-08,2.2456724953308135e-05
1,R16 independent salt regression,99206e81eaea460fb6e37836f7f2e946619895c1b14b8487ef54791a7a99c7ec,5.25,5.25,5.25,2.3472701760311928e-05,Elution 1,1.0,71.875,71.875,82.43500669018738,50.0,50.0,2.9402651064093633e-08,3.0,6.0,1.6487001338009037,50.0,1.6487001338009037,1.4375,1.6510335077182468,1.6510335077182468,2.347270176031193e-08,2.347270176031193e-08,2.3472701760311928e-05
1,R16 independent salt regression,99206e81eaea460fb6e37836f7f2e946619895c1b14b8487ef54791a7a99c7ec,5.28,5.28,5.28,2.462285156959442e-05,Elution 1,1.0,71.5,71.5,82.06000288085365,50.0,50.0,3.086021266241777e-08,3.0,6.0,1.6412000576138006,50.0,1.6412000576138006,1.43,1.6435334188547912,1.6435334188547912,2.462285156959442e-08,2.462285156959442e-08,2.462285156959442e-05
1,R16 independent salt regression,99206e81eaea460fb6e37836f7f2e946619895c1b14b8487ef54791a7a99c7ec,5.3100000000000005,5.3100000000000005,5.3100000000000005,2.5839898993340875e-05,Elution 1,1.0,71.125,71.125,81.68499890674988,50.0,50.0,3.2188035733611184e-08,3.0,6.0,1.6336999781315789,50.0,1.6336999781315789,1.4224999999999999,1.6360333212469764,1.6360333212469764,2.5839898993340874e-08,2.5839898993340874e-08,2.5839898993340875e-05
1,R16 independent salt regression,99206e81eaea460fb6e37836f7f2e946619895c1b14b8487ef54791a7a99c7ec,5.340000000000001,5.340000000000001,5.340000000000001,2.692293158956913e-05,Elution 1,1.0,70.74999999999999,70.74999999999999,81.30999575489784,50.0,50.0,3.3523063176855396e-08,3.0,6.0,1.6261999150944648,50.0,1.6261999150944648,1.4149999999999998,1.628533244912854,1.628533244912854,2.6922931589569127e-08,2.6922931589569127e-08,2.692293158956913e-05
1,R16 independent salt regression,99206e81eaea460fb6e37836f7f2e946619895c1b14b8487ef54791a7a99c7ec,5.37,5.369999999999999,5.369999999999999,2.7981791971869828e-05,Elution 1,1.0,70.37500000000001,70.37500000000001,80.93499363800652,50.0,50.0,3.498048733044515e-08,3.0,6.0,1.6186998727568631,50.0,1.6186998727568631,1.4075000000000002,1.6210331908573872,1.6210331908573872,2.7981791971869826e-08,2.7981791971869826e-08,2.7981791971869828e-05
1,R16 independent salt regression,99206e81eaea460fb6e37836f7f2e946619895c1b14b8487ef54791a7a99c7ec,5.4,5.4,5.4,2.9402651064093633e-05,Elution 1,1.0,70.0,70.0,80.55999313952785,50.0,50.0,3.6552827934461634e-08,3.0,6.0,1.6111998627878816,50.0,1.6111998627878816,1.4,1.6135331729965072,1.6135331729965072,2.9402651064093633e-08,2.9402651064093633e-08,2.9402651064093633e-05
1,R16 independent salt regression,99206e81eaea460fb6e37836f7f2e946619895c1b14b8487ef54791a7a99c7ec,5.430000000000001,5.43,5.43,3.0860212662417725e-05,Elution 1,1.0,69.625,69.625,80.1849949040518,50.0,50.0,3.8227621710534466e-08,3.0,6.0,1.6036998980793924,50.0,1.6036998980793924,1.3925,1.6060332068215122,1.6060332068215122,3.0860212662417724e-08,3.0860212662417724e-08,3.0860212662417725e-05
1,R16 independent salt regression,99206e81eaea460fb6e37836f7f2e946619895c1b14b8487ef54791a7a99c7ec,5.46,5.460000000000001,5.460000000000001,3.218803573361118e-05,Elution 1,1.0,69.24999999999999,69.24999999999999,79.80999558375075,50.0,50.0,3.996183297867457e-08,3.0,6.0,1.5961999116741354,50.0,1.5961999116741354,1.3849999999999998,1.5985332178930975,1.5985332178930975,3.2188035733611184e-08,3.2188035733611184e-08,3.218803573361118e-05
1,R16 independent salt regression,99206e81eaea460fb6e37836f7f2e946619895c1b14b8487ef54791a7a99c7ec,5.49,5.49,5.49,3.352306317685535e-05,Elution 1,1.0,68.875,68.875,79.43499662090105,50.0,50.0,4.174511213064691e-08,3.0,6.0,1.5886999324178912,50.0,1.5886999324178912,1.3775,1.5910332390817057,1.5910332390817057,3.3523063176855356e-08,3.3523063176855356e-08,3.352306317685535e-05
1,R16 independent salt regression,99206e81eaea460fb6e37836f7f2e946619895c1b14b8487ef54791a7a99c7ec,5.52,5.52,5.52,3.498048733044515e-05,Elution 1,1.0,68.5,68.5,79.05999829966942,50.0,50.0,4.361073029884642e-08,3.0,6.0,1.5811999659940097,50.0,1.5811999659940097,1.37,1.5835332774423296,1.5835332774423296,3.498048733044515e-08,3.498048733044515e-08,3.498048733044515e-05
1,R16 independent salt regression,99206e81eaea460fb6e37836f7f2e946619895c1b14b8487ef54791a7a99c7ec,5.55,5.55,5.55,3.655282793446159e-05,Elution 1,1.0,68.125,68.125,78.68500064326719,50.0,50.0,4.557496048415421e-08,3.0,6.0,1.5737000128666816,50.0,1.5737000128666816,1.3625,1.576033334163592,1.576033334163592,3.655282793446159e-08,3.655282793446159e-08,3.655282793446159e-05
1,R16 independent salt regression,99206e81eaea460fb6e37836f7f2e946619895c1b14b8487ef54791a7a99c7ec,5.58,5.58,5.58,3.8227621710534466e-05,Elution 1,1.0,67.75,67.75,78.31000234456577,50.0,50.0,4.763756270845215e-08,3.0,6.0,1.5662000468933162,50.0,1.5662000468933162,1.355,1.5685333737457745,1.5685333737457745,3.8227621710534466e-08,3.8227621710534466e-08,3.8227621710534466e-05
1,R16 independent salt regression,99206e81eaea460fb6e37836f7f2e946619895c1b14b8487ef54791a7a99c7ec,5.61,5.61,5.61,3.9961832978674513e-05,Elution 1,1.0,67.375,67.375,77.93500328589005,50.0,50.0,4.9794573218335523e-08,3.0,6.0,1.5587000657203771,50.0,1.5587000657203771,1.3475,1.5610333934921088,1.5610333934921088,3.9961832978674517e-08,3.9961832978674517e-08,3.9961832978674513e-05
1,R16 independent salt regression,99206e81eaea460fb6e37836f7f2e946619895c1b14b8487ef54791a7a99c7ec,5.640000000000001,5.640000000000001,5.640000000000001,4.1745112130646905e-05,Elution 1,1.0,67.0,67.0,77.56000408274835,50.0,50.0,5.209523027813753e-08,3.0,6.0,1.5512000816579872,50.0,1.5512000816579872,1.3399999999999999,1.553533410925685,1.553533410925685,4.174511213064691e-08,4.174511213064691e-08,4.1745112130646905e-05
1,R16 independent salt regression,99206e81eaea460fb6e37836f7f2e946619895c1b14b8487ef54791a7a99c7ec,5.67,5.67,5.67,4.361073029884642e-05,Elution 1,1.0,66.625,66.625,77.18500466612538,50.0,50.0,5.451160820855165e-08,3.0,6.0,1.5437000933258063,50.0,1.5437000933258063,1.3325,1.5460334246916847,1.5460334246916847,4.361073029884642e-08,4.361073029884642e-08,4.361073029884642e-05
1,R16 independent salt regression,99206e81eaea460fb6e37836f7f2e946619895c1b14b8487ef54791a7a99c7ec,5.7,5.7,5.7,4.557496048415421e-05,Elution 1,1.0,66.25,66.25,76.81000496700582,50.0,50.0,5.698172432027514e-08,3.0,6.0,1.5362000993434932,50.0,1.5362000993434932,1.325,1.5385334334352887,1.5385334334352887,4.557496048415421e-08,4.557496048415421e-08,4.557496048415421e-05
1,R16 independent salt regression,99206e81eaea460fb6e37836f7f2e946619895c1b14b8487ef54791a7a99c7ec,5.73,5.73,5.73,4.7637562708452145e-05,Elution 1,1.0,65.875,65.875,76.43500491637442,50.0,50.0,5.9508038924474845e-08,3.0,6.0,1.5287000983307077,50.0,1.5287000983307077,1.3175,1.531033435801678,1.531033435801678,4.763756270845215e-08,4.763756270845215e-08,4.7637562708452145e-05
1,R16 independent salt regression,99206e81eaea460fb6e37836f7f2e946619895c1b14b8487ef54791a7a99c7ec,5.760000000000001,5.76,5.76,4.979457321833546e-05,Elution 1,1.0,65.5,65.5,76.06000444521585,50.0,50.0,6.212669982977205e-08,3.0,6.0,1.5212000889071091,50.0,1.5212000889071091,1.31,1.5235334304360337,1.5235334304360337,4.979457321833546e-08,4.979457321833546e-08,4.979457321833546e-05
1,R16 independent salt regression,99206e81eaea460fb6e37836f7f2e946619895c1b14b8487ef54791a7a99c7ec,5.790000000000001,5.790000000000001,5.790000000000001,5.209523027813753e-05,Elution 1,1.0,65.12499999999999,65.12499999999999,75.68500348451484,50.0,50.0,6.485072271850024e-08,3.0,6.0,1.5137000696923568,50.0,1.5137000696923568,1.3024999999999998,1.5160334159835371,1.5160334159835371,5.209523027813753e-08,5.209523027813753e-08,5.209523027813753e-05
1,R16 independent salt regression,99206e81eaea460fb6e37836f7f2e946619895c1b14b8487ef54791a7a99c7ec,5.819999999999999,5.82,5.82,5.4511608208551645e-05,Elution 1,1.0,64.75,64.75,75.31000300166458,50.0,50.0,6.767418873870694e-08,3.0,6.0,1.5062000600349101,50.0,1.5062000600349101,1.295,1.5085334092218465,1.5085334092218465,5.451160820855165e-08,5.451160820855165e-08,5.4511608208551645e-05
1,R16 independent salt regression,99206e81eaea460fb6e37836f7f2e946619895c1b14b8487ef54791a7a99c7ec,5.85,5.85,5.85,5.6981724320275066e-05,Elution 1,1.0,64.375,64.375,74.93500278752074,50.0,50.0,7.061270399365767e-08,3.0,6.0,1.4987000557517614,50.0,1.4987000557517614,1.2875,1.5010334063445159,1.5010334063445159,5.698172432027507e-08,5.698172432027507e-08,5.6981724320275066e-05
1,R16 independent salt regression,99206e81eaea460fb6e37836f7f2e946619895c1b14b8487ef54791a7a99c7ec,5.88,5.880000000000001,5.880000000000001,5.950803892447484e-05,Elution 1,1.0,63.99999999999999,63.99999999999999,74.56000247317046,50.0,50.0,7.389521111165007e-08,3.0,6.0,1.4912000494644366,50.0,1.4912000494644366,1.2799999999999998,1.4935334007498708,1.4935334007498708,5.9508038924474845e-08,5.9508038924474845e-08,5.950803892447484e-05
1,R16 independent salt regression,99206e81eaea460fb6e37836f7f2e946619895c1b14b8487ef54791a7a99c7ec,5.91,5.91,5.91,6.212669982977205e-05,Elution 1,1.0,63.625,63.625,74.1850020516114,50.0,50.0,7.758494454197637e-08,3.0,6.0,1.4837000410328933,50.0,1.4837000410328933,1.2725,1.48603339216804,1.48603339216804,6.212669982977205e-08,6.212669982977205e-08,6.212669982977205e-05
1,R16 independent salt regression,99206e81eaea460fb6e37836f7f2e946619895c1b14b8487ef54791a7a99c7ec,5.94,5.94,5.94,6.485072271850016e-05,Elution 1,1.0,63.24999999999999,63.24999999999999,73.81000151584131,50.0,50.0,8.121294280040761e-08,3.0,6.0,1.476200030317088,50.0,1.476200030317088,1.265,1.4785333803291527,1.4785333803291527,6.485072271850016e-08,6.485072271850016e-08,6.485072271850016e-05
1,R16 independent salt regression,99206e81eaea460fb6e37836f7f2e946619895c1b14b8487ef54791a7a99c7ec,5.97,5.97,5.97,6.767418873870686e-05,Elution 1,1.0,62.875,62.875,73.43500085885788,50.0,50.0,8.472201766279946e-08,3.0,6.0,1.4687000171769782,50.0,1.4687000171769782,1.2575,1.471033364963338,1.471033364963338,6.767418873870686e-08,6.767418873870686e-08,6.767418873870686e-05
1,R16 independent salt regression,99206e81eaea460fb6e37836f7f2e946619895c1b14b8487ef54791a7a99c7ec,6.0,6.0,6.0,7.061270399365766e-05,Elution 1,1.0,62.5,62.5,73.06000007365878,50.0,50.0,8.841812910666312e-08,3.0,6.0,1.4612000014725202,50.0,1.4612000014725202,1.25,1.4635333458007247,1.4635333458007247,7.061270399365767e-08,7.061270399365767e-08,7.061270399365766e-05
1,R16 independent salt regression,99206e81eaea460fb6e37836f7f2e946619895c1b14b8487ef54791a7a99c7ec,6.03,6.03,6.03,7.389521111164998e-05,Elution 1,1.0,62.125,62.125,72.68499915324176,50.0,50.0,9.232010676524793e-08,3.0,6.0,1.4536999830636714,50.0,1.4536999830636714,1.2425,1.456033322571442,1.456033322571442,7.389521111164998e-08,7.389521111164998e-08,7.389521111164998e-05
1,R16 independent salt regression,99206e81eaea460fb6e37836f7f2e946619895c1b14b8487ef54791a7a99c7ec,6.0600000000000005,6.0600000000000005,6.0600000000000005,7.758494454197637e-05,Elution 1,1.0,61.74999999999999,61.74999999999999,72.30999860374118,50.0,50.0,9.647503259366147e-08,3.0,6.0,1.4461999720733207,50.0,1.4461999720733207,1.2349999999999999,1.4485333088551322,1.4485333088551322,7.758494454197637e-08,7.758494454197637e-08,7.758494454197637e-05
1,R16 independent salt regression,99206e81eaea460fb6e37836f7f2e946619895c1b14b8487ef54791a7a99c7ec,6.090000000000001,6.090000000000001,6.090000000000001,8.121294280040762e-05,Elution 1,1.0,61.37499999999999,61.37499999999999,71.93499825210591,50.0,50.0,1.0085085044153447e-07,3.0,6.0,1.4386999650403844,50.0,1.4386999650403844,1.2274999999999998,1.4410332999002815,1.4410332999002815,8.121294280040761e-08,8.121294280040761e-08,8.121294280040762e-05
1,R16 independent salt regression,99206e81eaea460fb6e37836f7f2e946619895c1b14b8487ef54791a7a99c7ec,6.12,6.119999999999999,6.119999999999999,8.472201766279936e-05,Elution 1,1.0,61.00000000000001,61.00000000000001,71.55999800541642,50.0,50.0,1.0525177368978594e-07,3.0,6.0,1.4311999601064411,50.0,1.4311999601064411,1.2200000000000002,1.4335332931181193,1.4335332931181193,8.472201766279936e-08,8.472201766279936e-08,8.472201766279936e-05
1,R16 independent salt regression,99206e81eaea460fb6e37836f7f2e946619895c1b14b8487ef54791a7a99c7ec,6.15,6.15,6.15,8.841812910666312e-05,Elution 1,1.0,60.62499999999999,60.62499999999999,71.1849978835841,50.0,50.0,1.0983633926027062e-07,3.0,6.0,1.4236999576697327,50.0,1.4236999576697327,1.2125,1.426033288965174,1.426033288965174,8.841812910666312e-08,8.841812910666312e-08,8.841812910666312e-05
1,R16 independent salt regression,99206e81eaea460fb6e37836f7f2e946619895c1b14b8487ef54791a7a99c7ec,6.180000000000001,6.18,6.18,9.23201067652478e-05,Elution 1,1.0,60.25,60.25,70.80999790652042,50.0,50.0,1.1459512017306781e-07,3.0,6.0,1.4161999581285012,50.0,1.4161999581285012,1.205,1.4185332878979737,1.4185332878979737,9.232010676524781e-08,9.232010676524781e-08,9.23201067652478e-05
1,R16 independent salt regression,99206e81eaea460fb6e37836f7f2e946619895c1b14b8487ef54791a7a99c7ec,6.21,6.210000000000001,6.210000000000001,9.647503259366147e-05,Elution 1,1.0,59.874999999999986,59.874999999999986,70.43499809413682,50.0,50.0,1.1948245913889676e-07,3.0,6.0,1.4086999618809888,50.0,1.4086999618809888,1.1974999999999998,1.4110332903730474,1.4110332903730474,9.647503259366147e-08,9.647503259366147e-08,9.647503259366147e-05
1,R16 independent salt regression,99206e81eaea460fb6e37836f7f2e946619895c1b14b8487ef54791a7a99c7ec,6.24,6.24,6.24,0.00010085085044153435,Elution 1,1.0,59.5,59.5,70.05999846634471,50.0,50.0,1.2453527998013097e-07,3.0,6.0,1.4011999693254378,50.0,1.4011999693254378,1.19,1.4035332968469227,1.4035332968469227,1.0085085044153434e-07,1.0085085044153434e-07,0.00010085085044153435
1,R16 independent salt regression,99206e81eaea460fb6e37836f7f2e946619895c1b14b8487ef54791a7a99c7ec,6.27,6.27,6.27,0.00010525177368978594,Elution 1,1.0,59.12500000000001,59.12500000000001,69.68499904305558,50.0,50.0,1.298372259891638e-07,3.0,6.0,1.3936999808600905,50.0,1.3936999808600905,1.1825,1.3960333077761287,1.3960333077761287,1.0525177368978594e-07,1.0525177368978594e-07,0.00010525177368978594
1,R16 independent salt regression,99206e81eaea460fb6e37836f7f2e946619895c1b14b8487ef54791a7a99c7ec,6.3,6.3,6.3,0.0001098363392602705,Elution 1,1.0,58.75,58.75,69.30999924263615,50.0,50.0,1.353122662218397e-07,3.0,6.0,1.386199984851882,50.0,1.386199984851882,1.175,1.3885333115267533,1.3885333115267533,1.0983633926027049e-07,1.0983633926027049e-07,0.0001098363392602705
1,R16 independent salt regression,99206e81eaea460fb6e37836f7f2e946619895c1b14b8487ef54791a7a99c7ec,6.33,6.33,6.33,0.00011459512017306781,Elution 1,1.0,58.375,58.375,68.93499939546585,50.0,50.0,1.4097482419013674e-07,3.0,6.0,1.3786999879086288,50.0,1.3786999879086288,1.1675,1.381033314622807,1.381033314622807,1.1459512017306781e-07,1.1459512017306781e-07,0.00011459512017306781
1,R16 independent salt regression,99206e81eaea460fb6e37836f7f2e946619895c1b14b8487ef54791a7a99c7ec,6.36,6.36,6.36,0.00011948245913889663,Elution 1,1.0,57.99999999999999,57.99999999999999,68.55999957255327,50.0,50.0,1.464212489590552e-07,3.0,6.0,1.3711999914505508,50.0,1.3711999914505508,1.16,1.373533318482558,1.373533318482558,1.1948245913889663e-07,1.1948245913889663e-07,0.00011948245913889663
1,R16 independent salt regression,99206e81eaea460fb6e37836f7f2e946619895c1b14b8487ef54791a7a99c7ec,6.390000000000001,6.390000000000001,6.390000000000001,0.00012453527998013096,Elution 1,1.0,57.62499999999999,57.62499999999999,68.1849997738984,50.0,50.0,1.5196288621785164e-07,3.0,6.0,1.3636999954776485,50.0,1.3636999954776485,1.1524999999999999,1.3660333231060062,1.3660333231060062,1.2453527998013097e-07,1.2453527998013097e-07,0.00012453527998013096
1,R16 independent salt regression,99206e81eaea460fb6e37836f7f2e946619895c1b14b8487ef54791a7a99c7ec,6.42,6.42,6.42,0.0001298372259891638,Elution 1,1.0,57.25,57.25,67.80999999950126,50.0,50.0,1.5807157274151935e-07,3.0,6.0,1.3561999999899217,50.0,1.3561999999899217,1.145,1.358533328493152,1.358533328493152,1.298372259891638e-07,1.298372259891638e-07,0.0001298372259891638
1,R16 independent salt regression,99206e81eaea460fb6e37836f7f2e946619895c1b14b8487ef54791a7a99c7ec,6.45,6.45,6.45,0.0001353122662218397,Elution 1,1.0,56.875,56.875,67.43500024936182,50.0,50.0,1.6699746045354212e-07,3.0,6.0,1.3487000049873703,50.0,1.3487000049873703,1.1375,1.3510333346439944,1.3510333346439944,1.353122662218397e-07,1.353122662218397e-07,0.0001353122662218397
1,R16 independent salt regression,99206e81eaea460fb6e37836f7f2e946619895c1b14b8487ef54791a7a99c7ec,6.48,6.48,6.48,0.00014097482419013675,Elution 1,1.0,56.49999999999999,56.49999999999999,67.0600005234801,50.0,50.0,1.7045819553897074e-07,3.0,6.0,1.3412000104699942,50.0,1.3412000104699942,1.13,1.3435333415585344,1.3435333415585344,1.4097482419013674e-07,1.4097482419013674e-07,0.00014097482419013675
1,R16 independent salt regression,99206e81eaea460fb6e37836f7f2e946619895c1b14b8487ef54791a7a99c7ec,6.510000000000001,6.51,6.51,0.00014642124895905504,Elution 1,1.0,56.125,56.125,66.68500082185611,50.0,50.0,1.7982211640669194e-07,3.0,6.0,1.3337000164377937,50.0,1.3337000164377937,1.1225,1.3360333492367715,1.3360333492367715,1.4642124895905505e-07,1.4642124895905505e-07,0.00014642124895905504
1,R16 independent salt regression,99206e81eaea460fb6e37836f7f2e946619895c1b14b8487ef54791a7a99c7ec,6.540000000000001,6.540000000000001,6.540000000000001,0.00015196288621785163,Elution 1,1.0,55.749999999999986,55.749999999999986,66.31000088371536,50.0,50.0,1.875463959620379e-07,3.0,6.0,1.326200017675049,50.0,1.326200017675049,1.1149999999999998,1.3285333508113095,1.3285333508113095,1.5196288621785164e-07,1.5196288621785164e-07,0.00015196288621785163
1,R16 independent salt regression,99206e81eaea460fb6e37836f7f2e946619895c1b14b8487ef54791a7a99c7ec,6.569999999999999,6.57,6.57,0.00015807157274151936,Elution 1,1.0,55.375,55.375,65.93500091466507,50.0,50.0,1.9490575376606373e-07,3.0,6.0,1.3187000182940856,50.0,1.3187000182940856,1.1075,1.3210333516967356,1.3210333516967356,1.5807157274151935e-07,1.5807157274151935e-07,0.00015807157274151936
1,R16 independent salt regression,99206e81eaea460fb6e37836f7f2e946619895c1b14b8487ef54791a7a99c7ec,6.6,6.6,6.6,0.00016699746045354186,Elution 1,1.0,55.00000000000001,55.00000000000001,65.5600009233978,50.0,50.0,2.0301788283334282e-07,3.0,6.0,1.3112000184687629,50.0,1.3112000184687629,1.1,1.3135333521219656,1.3135333521219656,1.6699746045354186e-07,1.6699746045354186e-07,0.00016699746045354186
1,R16 independent salt regression,99206e81eaea460fb6e37836f7f2e946619895c1b14b8487ef54791a7a99c7ec,6.63,6.630000000000001,6.630000000000001,0.00017045819553897074,Elution 1,1.0,54.62499999999999,54.62499999999999,65.18500090991355,50.0,50.0,2.1187672202183787e-07,3.0,6.0,1.3037000181990808,50.0,1.3037000181990808,1.0924999999999998,1.3060333520869998,1.3060333520869998,1.7045819553897074e-07,1.7045819553897074e-07,0.00017045819553897074
1,R16 independent salt regression,99206e81eaea460fb6e37836f7f2e946619895c1b14b8487ef54791a7a99c7ec,6.66,6.66,6.66,0.00017982211640669193,Elution 1,1.0,54.25,54.25,64.81000087421235,50.0,50.0,2.2080536890974333e-07,3.0,6.0,1.2962000174850394,50.0,1.2962000174850394,1.085,1.2985333515918378,1.2985333515918378,1.7982211640669194e-07,1.7982211640669194e-07,0.00017982211640669193
1,R16 independent salt regression,99206e81eaea460fb6e37836f7f2e946619895c1b14b8487ef54791a7a99c7ec,6.69,6.69,6.69,0.00018754639596203765,Elution 1,1.0,53.87499999999999,53.87499999999999,64.43500081629418,50.0,50.0,2.29709477898935e-07,3.0,6.0,1.2887000163266389,50.0,1.2887000163266389,1.0775,1.2910333506364802,1.2910333506364802,1.8754639596203766e-07,1.8754639596203766e-07,0.00018754639596203765
1,R16 independent salt regression,99206e81eaea460fb6e37836f7f2e946619895c1b14b8487ef54791a7a99c7ec,6.72,6.72,6.72,0.00019490575376606353,Elution 1,1.0,53.5,53.5,64.06000073615905,50.0,50.0,2.384147395903756e-07,3.0,6.0,1.2812000147238793,50.0,1.2812000147238793,1.07,1.2835333492209269,1.2835333492209269,1.9490575376606352e-07,1.9490575376606352e-07,0.00019490575376606353
1,R16 independent salt regression,99206e81eaea460fb6e37836f7f2e946619895c1b14b8487ef54791a7a99c7ec,6.75,6.75,6.75,0.00020301788283334283,Elution 1,1.0,53.125,53.125,63.68500063380694,50.0,50.0,2.473010295898663e-07,3.0,6.0,1.2737000126767604,50.0,1.2737000126767604,1.0625,1.2760333473451775,1.2760333473451775,2.0301788283334282e-07,2.0301788283334282e-07,0.00020301788283334283
1,R16 independent salt regression,99206e81eaea460fb6e37836f7f2e946619895c1b14b8487ef54791a7a99c7ec,6.78,6.78,6.78,0.0002118767220218376,Elution 1,1.0,52.75,52.75,63.31000050923788,50.0,50.0,2.560828341168772e-07,3.0,6.0,1.2662000101852822,50.0,1.2662000101852822,1.055,1.2685333450092322,1.2685333450092322,2.118767220218376e-07,2.118767220218376e-07,0.0002118767220218376
1,R16 independent salt regression,99206e81eaea460fb6e37836f7f2e946619895c1b14b8487ef54791a7a99c7ec,6.8100000000000005,6.8100000000000005,6.8100000000000005,0.00022080536890974333,Elution 1,1.0,52.37499999999999,52.37499999999999,62.935000362451845,50.0,50.0,2.653355189955346e-07,3.0,6.0,1.2587000072494448,50.0,1.2587000072494448,1.0474999999999999,1.261033342213091,1.261033342213091,2.2080536890974333e-07,2.2080536890974333e-07,0.00022080536890974333
1,R16 independent salt regression,99206e81eaea460fb6e37836f7f2e946619895c1b14b8487ef54791a7a99c7ec,6.840000000000001,6.840000000000001,6.840000000000001,0.00022970947789893498,Elution 1,1.0,51.99999999999999,51.99999999999999,62.560000232384425,50.0,50.0,2.7621685804153887e-07,3.0,6.0,1.2512000046479907,50.0,1.2512000046479907,1.0399999999999998,1.2535333397057544,1.2535333397057544,2.29709477898935e-07,2.29709477898935e-07,0.00022970947789893498
1,R16 independent salt regression,99206e81eaea460fb6e37836f7f2e946619895c1b14b8487ef54791a7a99c7ec,6.87,6.869999999999999,6.869999999999999,0.00023841473959037532,Elution 1,1.0,51.62500000000001,51.62500000000001,62.185000187217206,50.0,50.0,2.8635459626206153e-07,3.0,6.0,1.243700003744607,50.0,1.243700003744607,1.0325000000000002,1.2460333387988267,1.2460333387988267,2.3841473959037533e-07,2.3841473959037533e-07,0.00023841473959037532
1,R16 independent salt regression,99206e81eaea460fb6e37836f7f2e946619895c1b14b8487ef54791a7a99c7ec,6.9,6.9,6.9,0.0002473010295898663,Elution 1,1.0,51.24999999999999,51.24999999999999,61.81000014365315,50.0,50.0,2.968273694220908e-07,3.0,6.0,1.2362000028732862,50.0,1.2362000028732862,1.025,1.2385333378899288,1.2385333378899288,2.473010295898663e-07,2.473010295898663e-07,0.0002473010295898663
1,R16 independent salt regression,99206e81eaea460fb6e37836f7f2e946619895c1b14b8487ef54791a7a99c7ec,6.930000000000001,6.93,6.93,0.00025608283411687695,Elution 1,1.0,50.875,50.875,61.43500010169227,50.0,50.0,3.073865070258919e-07,3.0,6.0,1.228700002034028,50.0,1.228700002034028,1.0175,1.2310333369790614,1.2310333369790614,2.5608283411687695e-07,2.5608283411687695e-07,0.00025608283411687695
1,R16 independent salt regression,99206e81eaea460fb6e37836f7f2e946619895c1b14b8487ef54791a7a99c7ec,6.96,6.960000000000001,6.960000000000001,0.0002653355189955346,Elution 1,1.0,50.499999999999986,50.499999999999986,61.06000006133456,50.0,50.0,3.1799701989734904e-07,3.0,6.0,1.2212000012268325,50.0,1.2212000012268325,1.0099999999999998,1.2235333360662242,1.2235333360662242,2.653355189955346e-07,2.653355189955346e-07,0.0002653355189955346
1,R16 independent salt regression,99206e81eaea460fb6e37836f7f2e946619895c1b14b8487ef54791a7a99c7ec,6.99,6.99,6.99,0.00027621685804153856,Elution 1,1.0,50.125,50.125,60.685000022580034,50.0,50.0,3.288800608890957e-07,3.0,6.0,1.2137000004516996,50.0,1.2137000004516996,1.0025,1.2160333351514172,1.2160333351514172,2.7621685804153855e-07,2.7621685804153855e-07,0.00027621685804153856
1,R16 independent salt regression,99206e81eaea460fb6e37836f7f2e946619895c1b14b8487ef54791a7a99c7ec,7.02,7.02,7.02,0.00028635459626206154,Elution 1,1.0,49.75000000000001,49.75000000000001,60.309999985428696,50.0,50.0,3.4127951038747323e-07,3.0,6.0,1.20619999970863,50.0,1.20619999970863,0.9950000000000001,1.2085333342346407,1.2085333342346407,2.8635459626206153e-07,2.8635459626206153e-07,0.00028635459626206154
1,R16 independent salt regression,99206e81eaea460fb6e37836f7f2e946619895c1b14b8487ef54791a7a99c7ec,7.05,7.05,7.05,0.00029682736942209046,Elution 1,1.0,49.375,49.375,59.93499994988051,50.0,50.0,3.573885210871769e-07,3.0,6.0,1.1986999989976226,50.0,1.1986999989976226,0.9875,1.2010333333158945,1.2010333333158945,2.9682736942209047e-07,2.9682736942209047e-07,0.00029682736942209046
1,R16 independent salt regression,99206e81eaea460fb6e37836f7f2e946619895c1b14b8487ef54791a7a99c7ec,7.08,7.08,7.08,0.00030738650702589185,Elution 1,1.0,49.0,49.0,59.559999915935514,50.0,50.0,3.717038538919042e-07,3.0,6.0,1.191199998318678,50.0,1.191199998318678,0.98,1.1935333323951782,1.1935333323951782,3.073865070258919e-07,3.073865070258919e-07,0.00030738650702589185
1,R16 independent salt regression,99206e81eaea460fb6e37836f7f2e946619895c1b14b8487ef54791a7a99c7ec,7.11,7.11,7.11,0.00031799701989734873,Elution 1,1.0,48.62499999999999,48.62499999999999,59.18499988359368,50.0,50.0,3.822418594366295e-07,3.0,6.0,1.1836999976717963,50.0,1.1836999976717963,0.9724999999999999,1.1860333314724925,1.1860333314724925,3.179970198973487e-07,3.179970198973487e-07,0.00031799701989734873
1,R16 independent salt regression,99206e81eaea460fb6e37836f7f2e946619895c1b14b8487ef54791a7a99c7ec,7.140000000000001,7.140000000000001,7.140000000000001,0.00032888006088909567,Elution 1,1.0,48.24999999999999,48.24999999999999,58.809999852855036,50.0,50.0,3.926459040271203e-07,3.0,6.0,1.1761999970569772,50.0,1.1761999970569772,0.9649999999999999,1.178533330547837,1.178533330547837,3.288800608890957e-07,3.288800608890957e-07,0.00032888006088909567
1,R16 independent salt regression,99206e81eaea460fb6e37836f7f2e946619895c1b14b8487ef54791a7a99c7ec,7.17,7.17,7.17,0.0003412795103874732,Elution 1,1.0,47.875,47.875,58.43499984909762,50.0,50.0,4.035167711984086e-07,3.0,6.0,1.1686999969818175,50.0,1.1686999969818175,0.9575,1.1710333303305218,1.1710333303305218,3.4127951038747323e-07,3.4127951038747323e-07,0.0003412795103874732
1,R16 independent salt regression,99206e81eaea460fb6e37836f7f2e946619895c1b14b8487ef54791a7a99c7ec,7.2,7.2,7.2,0.00035738852108717687,Elution 1,1.0,47.5,47.5,58.05999986044572,50.0,50.0,4.1568992002443e-07,3.0,6.0,1.1611999972087879,50.0,1.1611999972087879,0.95,1.1635333305267823,1.1635333305267823,3.573885210871769e-07,3.573885210871769e-07,0.00035738852108717687
1,R16 independent salt regression,99206e81eaea460fb6e37836f7f2e946619895c1b14b8487ef54791a7a99c7ec,7.23,7.23,7.23,0.00037170385389190415,Elution 1,1.0,47.12499999999999,47.12499999999999,57.68499987179381,50.0,50.0,4.28436312287265e-07,3.0,6.0,1.1536999974357585,50.0,1.1536999974357585,0.9424999999999999,1.1560333307230426,1.1560333307230426,3.717038538919042e-07,3.717038538919042e-07,0.00037170385389190415
1,R16 independent salt regression,99206e81eaea460fb6e37836f7f2e946619895c1b14b8487ef54791a7a99c7ec,7.260000000000001,7.260000000000001,7.260000000000001,0.00038224185943662946,Elution 1,1.0,46.74999999999999,46.74999999999999,57.30999988314191,50.0,50.0,4.415065126952182e-07,3.0,6.0,1.1461999976627288,50.0,1.1461999976627288,0.9349999999999998,1.1485333309193029,1.1485333309193029,3.822418594366295e-07,3.822418594366295e-07,0.00038224185943662946
1,R16 independent salt regression,99206e81eaea460fb6e37836f7f2e946619895c1b14b8487ef54791a7a99c7ec,7.290000000000001,7.290000000000001,7.290000000000001,0.00039264590402712026,Elution 1,1.0,46.374999999999986,46.374999999999986,56.934999894490005,50.0,50.0,4.5509117338998747e-07,3.0,6.0,1.1386999978896994,50.0,1.1386999978896994,0.9274999999999998,1.1410333311155634,1.1410333311155634,3.926459040271203e-07,3.926459040271203e-07,0.00039264590402712026
1,R16 independent salt regression,99206e81eaea460fb6e37836f7f2e946619895c1b14b8487ef54791a7a99c7ec,7.319999999999999,7.319999999999999,7.319999999999999,0.0004035167711984083,Elution 1,1.0,46.00000000000001,46.00000000000001,56.55999990583811,50.0,50.0,4.6908797223598976e-07,3.0,6.0,1.1311999981166703,50.0,1.1311999981166703,0.9200000000000002,1.1335333313118239,1.1335333313118239,4.035167711984083e-07,4.035167711984083e-07,0.0004035167711984083
1,R16 independent salt regression,99206e81eaea460fb6e37836f7f2e946619895c1b14b8487ef54791a7a99c7ec,7.35,7.35,7.35,0.0004156899200244296,Elution 1,1.0,45.62500000000001,45.62500000000001,56.184999917186204,50.0,50.0,4.816676699073152e-07,3.0,6.0,1.1236999983436406,50.0,1.1236999983436406,0.9125000000000001,1.1260333315080844,1.1260333315080844,4.156899200244296e-07,4.156899200244296e-07,0.0004156899200244296
1,R16 independent salt regression,99206e81eaea460fb6e37836f7f2e946619895c1b14b8487ef54791a7a99c7ec,7.38,7.38,7.38,0.0004284363122872646,Elution 1,1.0,45.25,45.25,55.8099999285343,50.0,50.0,4.945312676115578e-07,3.0,6.0,1.1161999985706113,50.0,1.1161999985706113,0.905,1.1185333317043447,1.1185333317043447,4.284363122872646e-07,4.284363122872646e-07,0.0004284363122872646
1,R16 independent salt regression,99206e81eaea460fb6e37836f7f2e946619895c1b14b8487ef54791a7a99c7ec,7.41,7.41,7.41,0.00044150651269521786,Elution 1,1.0,44.875,44.875,55.434999939882395,50.0,50.0,5.075691004788203e-07,3.0,6.0,1.1086999987975816,50.0,1.1086999987975816,0.8975,1.1110333319006052,1.1110333319006052,4.4150651269521784e-07,4.4150651269521784e-07,0.00044150651269521786
1,R16 independent salt regression,99206e81eaea460fb6e37836f7f2e946619895c1b14b8487ef54791a7a99c7ec,7.44,7.44,7.44,0.00045509117338998707,Elution 1,1.0,44.49999999999999,44.49999999999999,55.059999951230495,50.0,50.0,5.206491044115195e-07,3.0,6.0,1.1011999990245522,50.0,1.1011999990245522,0.8899999999999999,1.1035333320968654,1.1035333320968654,4.5509117338998705e-07,4.5509117338998705e-07,0.00045509117338998707
1,R16 independent salt regression,99206e81eaea460fb6e37836f7f2e946619895c1b14b8487ef54791a7a99c7ec,7.47,7.47,7.47,0.00046908797223598977,Elution 1,1.0,44.125,44.125,54.6849999625786,50.0,50.0,5.338372481975606e-07,3.0,6.0,1.0936999992515228,50.0,1.0936999992515228,0.8825000000000001,1.0960333322931262,1.0960333322931262,4.6908797223598976e-07,4.6908797223598976e-07,0.00046908797223598977
1,R16 independent salt regression,99206e81eaea460fb6e37836f7f2e946619895c1b14b8487ef54791a7a99c7ec,7.5,7.5,7.5,0.00048166766990731524,Elution 1,1.0,43.75,43.75,54.309999966927066,50.0,50.0,5.466002507231305e-07,3.0,6.0,1.0861999993384979,50.0,1.0861999993384979,0.875,1.0885333324029693,1.0885333324029693,4.816676699073152e-07,4.816676699073152e-07,0.00048166766990731524
1,R16 independent salt regression,99206e81eaea460fb6e37836f7f2e946619895c1b14b8487ef54791a7a99c7ec,7.53,7.53,7.53,0.0004945312676115578,Elution 1,1.0,43.375,43.375,53.93499997102026,50.0,50.0,5.593269289710337e-07,3.0,6.0,1.0786999994203672,50.0,1.0786999994203672,0.8674999999999999,1.0810333325096613,1.0810333325096613,4.945312676115578e-07,4.945312676115578e-07,0.0004945312676115578
1,R16 independent salt regression,99206e81eaea460fb6e37836f7f2e946619895c1b14b8487ef54791a7a99c7ec,7.5600000000000005,7.5600000000000005,7.5600000000000005,0.0005075691004788203,Elution 1,1.0,42.99999999999999,42.99999999999999,53.559999975113456,50.0,50.0,5.718214860573075e-07,3.0,6.0,1.0711999995022365,50.0,1.0711999995022365,0.8599999999999999,1.073533332616353,1.073533332616353,5.075691004788203e-07,5.075691004788203e-07,0.0005075691004788203
1,R16 independent salt regression,99206e81eaea460fb6e37836f7f2e946619895c1b14b8487ef54791a7a99c7ec,7.590000000000001,7.590000000000001,7.590000000000001,0.0005206491044115195,Elution 1,1.0,42.62499999999999,42.62499999999999,53.18499997920665,50.0,50.0,5.83793339144647e-07,3.0,6.0,1.0636999995841059,50.0,1.0636999995841059,0.8524999999999998,1.0660333327230447,1.0660333327230447,5.206491044115195e-07,5.206491044115195e-07,0.0005206491044115195
1,R16 independent salt regression,99206e81eaea460fb6e37836f7f2e946619895c1b14b8487ef54791a7a99c7ec,7.62,7.62,7.62,0.0005338372481975606,Elution 1,1.0,42.25,42.25,52.80999998329986,50.0,50.0,5.95271140958031e-07,3.0,6.0,1.0561999996659754,50.0,1.0561999996659754,0.845,1.0585333328297368,1.0585333328297368,5.338372481975606e-07,5.338372481975606e-07,0.0005338372481975606
1,R16 independent salt regression,99206e81eaea460fb6e37836f7f2e946619895c1b14b8487ef54791a7a99c7ec,7.65,7.65,7.65,0.0005466002507231305,Elution 1,1.0,41.87499999999999,41.87499999999999,52.434999987393056,50.0,50.0,6.065354682369306e-07,3.0,6.0,1.0486999997478448,50.0,1.0486999997478448,0.8374999999999999,1.0510333329364285,1.0510333329364285,5.466002507231305e-07,5.466002507231305e-07,0.0005466002507231305
1,R16 independent salt regression,99206e81eaea460fb6e37836f7f2e946619895c1b14b8487ef54791a7a99c7ec,7.680000000000001,7.680000000000001,7.680000000000001,0.0005593269289710337,Elution 1,1.0,41.49999999999999,41.49999999999999,52.05999999148625,50.0,50.0,6.175383621033293e-07,3.0,6.0,1.0411999998297141,50.0,1.0411999998297141,0.8299999999999998,1.0435333330431205,1.0435333330431205,5.593269289710337e-07,5.593269289710337e-07,0.0005593269289710337
1,R16 independent salt regression,99206e81eaea460fb6e37836f7f2e946619895c1b14b8487ef54791a7a99c7ec,7.71,7.71,7.71,0.0005718214860573071,Elution 1,1.0,41.125,41.125,51.684999995579446,50.0,50.0,6.282767810369479e-07,3.0,6.0,1.0336999999115835,50.0,1.0336999999115835,0.8225,1.0360333331498122,1.0360333331498122,5.718214860573071e-07,5.718214860573071e-07,0.0005718214860573071
1,R16 independent salt regression,99206e81eaea460fb6e37836f7f2e946619895c1b14b8487ef54791a7a99c7ec,7.74,7.74,7.74,0.0005837933391446467,Elution 1,1.0,40.75,40.75,51.30999999967264,50.0,50.0,6.376617376175572e-07,3.0,6.0,1.0261999999934528,50.0,1.0261999999934528,0.815,1.0285333332565039,1.0285333332565039,5.837933391446467e-07,5.837933391446467e-07,0.0005837933391446467
1,R16 independent salt regression,99206e81eaea460fb6e37836f7f2e946619895c1b14b8487ef54791a7a99c7ec,7.77,7.77,7.77,0.0005952711409580307,Elution 1,1.0,40.37500000000001,40.37500000000001,50.93500000376584,50.0,50.0,6.446400262429004e-07,3.0,6.0,1.0187000000753224,50.0,1.0187000000753224,0.8075000000000001,1.021033333363196,1.021033333363196,5.952711409580306e-07,5.952711409580306e-07,0.0005952711409580307
1,R16 independent salt regression,99206e81eaea460fb6e37836f7f2e946619895c1b14b8487ef54791a7a99c7ec,7.8,7.8,7.8,0.0006065354682369303,Elution 1,1.0,40.0,40.0,50.560000006519395,50.0,50.0,6.518666516364857e-07,3.0,6.0,1.0112000001303971,50.0,1.0112000001303971,0.8,1.0135333334366956,1.0135333334366956,6.065354682369303e-07,6.065354682369303e-07,0.0006065354682369303
1,R16 independent salt regression,99206e81eaea460fb6e37836f7f2e946619895c1b14b8487ef54791a7a99c7ec,7.83,7.83,7.83,0.0006175383621033289,Elution 1,1.0,39.625,39.625,50.18500000611935,50.0,50.0,6.59674726770067e-07,3.0,6.0,1.0037000001223957,50.0,1.0037000001223957,0.7925,1.0060333334320586,1.0060333334320586,6.17538362103329e-07,6.17538362103329e-07,0.0006175383621033289
1,R16 independent salt regression,99206e81eaea460fb6e37836f7f2e946619895c1b14b8487ef54791a7a99c7ec,7.86,7.86,7.86,0.0006282767810369479,Elution 1,1.0,39.24999999999999,39.24999999999999,49.81000000571932,50.0,50.0,6.648911328680033e-07,3.0,6.0,0.9962000001143944,50.0,0.9962000001143944,0.7849999999999999,0.9985333334274218,0.9985333334274218,6.282767810369479e-07,6.282767810369479e-07,0.0006282767810369479
1,R16 independent salt regression,99206e81eaea460fb6e37836f7f2e946619895c1b14b8487ef54791a7a99c7ec,7.890000000000001,7.890000000000001,7.890000000000001,0.0006376617376175572,Elution 1,1.0,38.87499999999999,38.87499999999999,49.435000005319274,50.0,50.0,6.69596857467584e-07,3.0,6.0,0.988700000106393,50.0,0.988700000106393,0.7774999999999999,0.991033333422785,0.991033333422785,6.376617376175572e-07,6.376617376175572e-07,0.0006376617376175572
1,R16 independent salt regression,99206e81eaea460fb6e37836f7f2e946619895c1b14b8487ef54791a7a99c7ec,7.92,7.92,7.92,0.0006446400262429005,Elution 1,1.0,38.5,38.5,49.060000004919246,50.0,50.0,6.73263570054346e-07,3.0,6.0,0.9812000000983918,50.0,0.9812000000983918,0.77,0.9835333334181484,0.9835333334181484,6.446400262429004e-07,6.446400262429004e-07,0.0006446400262429005
1,R16 independent salt regression,99206e81eaea460fb6e37836f7f2e946619895c1b14b8487ef54791a7a99c7ec,7.95,7.95,7.95,0.0006518666516364856,Elution 1,1.0,38.125,38.125,48.6850000045192,50.0,50.0,6.757683068727609e-07,3.0,6.0,0.9737000000903905,50.0,0.9737000000903905,0.7625,0.9760333334135116,0.9760333334135116,6.518666516364857e-07,6.518666516364857e-07,0.0006518666516364856
1,R16 independent salt regression,99206e81eaea460fb6e37836f7f2e946619895c1b14b8487ef54791a7a99c7ec,7.98,7.98,7.98,0.000659674726770067,Elution 1,1.0,37.74999999999999,37.74999999999999,48.31000000411916,50.0,50.0,6.770547756639649e-07,3.0,6.0,0.9662000000823892,50.0,0.9662000000823892,0.7549999999999999,0.9685333334088747,0.9685333334088747,6.59674726770067e-07,6.59674726770067e-07,0.000659674726770067
1,R16 independent salt regression,99206e81eaea460fb6e37836f7f2e946619895c1b14b8487ef54791a7a99c7ec,8.01,8.010000000000002,8.010000000000002,0.0006648911328680034,Elution 1,1.0,37.37499999999998,37.37499999999998,47.93500000371912,50.0,50.0,6.770692673376909e-07,3.0,6.0,0.9587000000743878,50.0,0.9587000000743878,0.7474999999999996,0.9610333334042379,0.9610333334042379,6.648911328680034e-07,6.648911328680034e-07,0.0006648911328680034
1,R16 independent salt regression,99206e81eaea460fb6e37836f7f2e946619895c1b14b8487ef54791a7a99c7ec,8.040000000000001,8.040000000000001,8.040000000000001,0.0006695968574675841,Elution 1,1.0,36.999999999999986,36.999999999999986,47.560000003319075,50.0,50.0,6.75758653292217e-07,3.0,6.0,0.9512000000663864,50.0,0.9512000000663864,0.7399999999999998,0.9535333333996011,0.9535333333996011,6.69596857467584e-07,6.69596857467584e-07,0.0006695968574675841
1,R16 independent salt regression,99206e81eaea460fb6e37836f7f2e946619895c1b14b8487ef54791a7a99c7ec,8.07,8.07,8.07,0.000673263570054346,Elution 1,1.0,36.625,36.625,47.18500000291905,50.0,50.0,6.730833333689023e-07,3.0,6.0,0.9437000000583853,50.0,0.9437000000583853,0.7324999999999999,0.9460333333949644,0.9460333333949644,6.73263570054346e-07,6.73263570054346e-07,0.000673263570054346
1,R16 independent salt regression,99206e81eaea460fb6e37836f7f2e946619895c1b14b8487ef54791a7a99c7ec,8.1,8.1,8.1,0.0006757683068727608,Elution 1,1.0,36.25000000000001,36.25000000000001,46.810000002519004,50.0,50.0,6.690114749713768e-07,3.0,6.0,0.936200000050384,50.0,0.936200000050384,0.7250000000000001,0.9385333333903276,0.9385333333903276,6.757683068727608e-07,6.757683068727608e-07,0.0006757683068727608
1,R16 independent salt regression,99206e81eaea460fb6e37836f7f2e946619895c1b14b8487ef54791a7a99c7ec,8.13,8.129999999999999,8.129999999999999,0.0006770547756639648,Elution 1,1.0,35.875000000000014,35.875000000000014,46.435000002233174,50.0,50.0,6.635218994937599e-07,3.0,6.0,0.928700000044667,50.0,0.928700000044667,0.7175000000000002,0.9310333333854786,0.9310333333854786,6.770547756639648e-07,6.770547756639648e-07,0.0006770547756639648
1,R16 independent salt regression,99206e81eaea460fb6e37836f7f2e946619895c1b14b8487ef54791a7a99c7ec,8.16,8.16,8.16,0.0006770692673376909,Elution 1,1.0,35.5,35.5,46.060000002014,50.0,50.0,6.566046066091139e-07,3.0,6.0,0.9212000000402831,50.0,0.9212000000402831,0.71,0.9235333333805056,0.9235333333805056,6.770692673376909e-07,6.770692673376909e-07,0.0006770692673376909
1,R16 independent salt regression,99206e81eaea460fb6e37836f7f2e946619895c1b14b8487ef54791a7a99c7ec,8.190000000000001,8.190000000000001,8.190000000000001,0.000675758653292217,Elution 1,1.0,35.124999999999986,35.124999999999986,45.685000001794826,50.0,50.0,6.482636038209219e-07,3.0,6.0,0.9137000000358994,50.0,0.9137000000358994,0.7024999999999997,0.9160333333755327,0.9160333333755327,6.75758653292217e-07,6.75758653292217e-07,0.000675758653292217
1,R16 independent salt regression,99206e81eaea460fb6e37836f7f2e946619895c1b14b8487ef54791a7a99c7ec,8.22,8.219999999999999,8.219999999999999,0.0006730833333689024,Elution 1,1.0,34.750000000000014,34.750000000000014,45.310000001575666,50.0,50.0,6.385111553039784e-07,3.0,6.0,0.9062000000315157,50.0,0.9062000000315157,0.6950000000000003,0.90853333337056,0.90853333337056,6.730833333689024e-07,6.730833333689024e-07,0.0006730833333689024
1,R16 independent salt regression,99206e81eaea460fb6e37836f7f2e946619895c1b14b8487ef54791a7a99c7ec,8.25,8.25,8.25,0.0006690114749713769,Elution 1,1.0,34.375,34.375,44.93500000135649,50.0,50.0,6.273068826119647e-07,3.0,6.0,0.8987000000271319,50.0,0.8987000000271319,0.6875,0.9010333333655871,0.9010333333655871,6.690114749713768e-07,6.690114749713768e-07,0.0006690114749713769
1,R16 independent salt regression,99206e81eaea460fb6e37836f7f2e946619895c1b14b8487ef54791a7a99c7ec,8.28,8.280000000000001,8.280000000000001,0.0006635218994937595,Elution 1,1.0,33.999999999999986,33.999999999999986,44.56000000113732,50.0,50.0,6.147118535772078e-07,3.0,6.0,0.891200000022748,50.0,0.891200000022748,0.6799999999999997,0.8935333333606141,0.8935333333606141,6.635218994937594e-07,6.635218994937594e-07,0.0006635218994937595
1,R16 independent salt regression,99206e81eaea460fb6e37836f7f2e946619895c1b14b8487ef54791a7a99c7ec,8.31,8.31,8.31,0.0006566046066091138,Elution 1,1.0,33.625,33.625,44.185000000918144,50.0,50.0,6.007696850459332e-07,3.0,6.0,0.8837000000183641,50.0,0.8837000000183641,0.6724999999999999,0.8860333333556412,0.8860333333556412,6.566046066091139e-07,6.566046066091139e-07,0.0006566046066091138
1,R16 independent salt regression,99206e81eaea460fb6e37836f7f2e946619895c1b14b8487ef54791a7a99c7ec,8.34,8.34,8.34,0.0006482636038209225,Elution 1,1.0,33.25,33.25,43.81000000069897,50.0,50.0,5.855356474747934e-07,3.0,6.0,0.8762000000139804,50.0,0.8762000000139804,0.665,0.8785333333506683,0.8785333333506683,6.482636038209224e-07,6.482636038209224e-07,0.0006482636038209225
1,R16 independent salt regression,99206e81eaea460fb6e37836f7f2e946619895c1b14b8487ef54791a7a99c7ec,8.37,8.370000000000001,8.370000000000001,0.0006385111553039778,Elution 1,1.0,32.874999999999986,32.874999999999986,43.43500000047981,50.0,50.0,5.69077295460113e-07,3.0,6.0,0.8687000000095967,50.0,0.8687000000095967,0.6574999999999998,0.8710333333456955,0.8710333333456955,6.385111553039778e-07,6.385111553039778e-07,0.0006385111553039778
1,R16 independent salt regression,99206e81eaea460fb6e37836f7f2e946619895c1b14b8487ef54791a7a99c7ec,8.4,8.4,8.4,0.0006273068826119646,Elution 1,1.0,32.5,32.5,43.06000000026064,50.0,50.0,5.51472638873987e-07,3.0,6.0,0.8612000000052129,50.0,0.8612000000052129,0.6499999999999999,0.8635333333407226,0.8635333333407226,6.273068826119647e-07,6.273068826119647e-07,0.0006273068826119646
1,R16 independent salt regression,99206e81eaea460fb6e37836f7f2e946619895c1b14b8487ef54791a7a99c7ec,8.43,8.43,8.43,0.0006147118535772085,Elution 1,1.0,32.125,32.125,42.68500000004146,50.0,50.0,5.327655773780857e-07,3.0,6.0,0.853700000000829,50.0,0.853700000000829,0.6425000000000001,0.8560333333357497,0.8560333333357497,6.147118535772085e-07,6.147118535772085e-07,0.0006147118535772085
1,R16 independent salt regression,99206e81eaea460fb6e37836f7f2e946619895c1b14b8487ef54791a7a99c7ec,8.46,8.46,8.46,0.0006007696850459332,Elution 1,1.0,31.749999999999986,31.749999999999986,42.310000000024736,50.0,50.0,5.129466845453596e-07,3.0,6.0,0.8462000000004946,50.0,0.8462000000004946,0.6349999999999998,0.8485333333352385,0.8485333333352385,6.007696850459332e-07,6.007696850459332e-07,0.0006007696850459332
1,R16 independent salt regression,99206e81eaea460fb6e37836f7f2e946619895c1b14b8487ef54791a7a99c7ec,8.49,8.49,8.49,0.0005855356474747934,Elution 1,1.0,31.375,31.375,41.9350000000154,50.0,50.0,4.919509136653301e-07,3.0,6.0,0.8387000000003078,50.0,0.8387000000003078,0.6275,0.84103333333489,0.84103333333489,5.855356474747934e-07,5.855356474747934e-07,0.0005855356474747934
1,R16 independent salt regression,99206e81eaea460fb6e37836f7f2e946619895c1b14b8487ef54791a7a99c7ec,8.52,8.52,8.52,0.0005690772954601139,Elution 1,1.0,31.0,31.0,41.56000000000607,50.0,50.0,4.710675161554516e-07,3.0,6.0,0.8312000000001212,50.0,0.8312000000001212,0.6200000000000001,0.8335333333345418,0.8335333333345418,5.690772954601139e-07,5.690772954601139e-07,0.0005690772954601139
1,R16 independent salt regression,99206e81eaea460fb6e37836f7f2e946619895c1b14b8487ef54791a7a99c7ec,8.55,8.55,8.55,0.000551472638873987,Elution 1,1.0,30.624999999999986,30.624999999999986,41.18499999999673,50.0,50.0,4.5015543287814156e-07,3.0,6.0,0.8236999999999343,50.0,0.8236999999999343,0.6124999999999998,0.8260333333341933,0.8260333333341933,5.51472638873987e-07,5.51472638873987e-07,0.000551472638873987
1,R16 independent salt regression,99206e81eaea460fb6e37836f7f2e946619895c1b14b8487ef54791a7a99c7ec,8.580000000000002,8.580000000000002,8.580000000000002,0.0005327655773780845,Elution 1,1.0,30.24999999999997,30.24999999999997,40.809999999987376,50.0,50.0,4.294192749911467e-07,3.0,6.0,0.8161999999997472,50.0,0.8161999999997472,0.6049999999999995,0.8185333333338446,0.8185333333338446,5.327655773780846e-07,5.327655773780846e-07,0.0005327655773780845
1,R16 independent salt regression,99206e81eaea460fb6e37836f7f2e946619895c1b14b8487ef54791a7a99c7ec,8.610000000000001,8.61,8.61,0.0005129466845453607,Elution 1,1.0,29.875,29.875,40.43499999997805,50.0,50.0,4.098269487637759e-07,3.0,6.0,0.8086999999995607,50.0,0.8086999999995607,0.5975000000000001,0.8110333333334964,0.8110333333334964,5.129466845453607e-07,5.129466845453607e-07,0.0005129466845453607
1,R16 independent salt regression,99206e81eaea460fb6e37836f7f2e946619895c1b14b8487ef54791a7a99c7ec,8.639999999999999,8.64,8.64,0.0004919509136653301,Elution 1,1.0,29.5,29.5,40.05999999996872,50.0,50.0,3.933239764676188e-07,3.0,6.0,0.8011999999993741,50.0,0.8011999999993741,0.5899999999999999,0.8035333333331481,0.8035333333331481,4.919509136653301e-07,4.919509136653301e-07,0.0004919509136653301
1,R16 independent salt regression,99206e81eaea460fb6e37836f7f2e946619895c1b14b8487ef54791a7a99c7ec,8.67,8.670000000000002,8.670000000000002,0.0004710675161554504,Elution 1,1.0,29.12499999999997,29.12499999999997,39.684999999959366,50.0,50.0,3.8595451241467715e-07,3.0,6.0,0.7936999999991871,50.0,0.7936999999991871,0.5824999999999996,0.7960333333327994,0.7960333333327994,4.710675161554504e-07,4.710675161554504e-07,0.0004710675161554504
1,R16 independent salt regression,99206e81eaea460fb6e37836f7f2e946619895c1b14b8487ef54791a7a99c7ec,8.7,8.7,8.7,0.00045015543287814277,Elution 1,1.0,28.750000000000014,28.750000000000014,39.30999999995004,50.0,50.0,4.3608537721847976e-07,3.0,6.0,0.7861999999990005,50.0,0.7861999999990005,0.5750000000000002,0.7885333333324511,0.7885333333324511,4.501554328781428e-07,4.501554328781428e-07,0.00045015543287814277
1,R16 independent salt regression,99206e81eaea460fb6e37836f7f2e946619895c1b14b8487ef54791a7a99c7ec,8.73,8.73,8.73,0.0004294192749911479,Elution 1,1.0,28.375,28.375,38.93499999994068,50.0,50.0,4.6562620810829997e-07,3.0,6.0,0.7786999999988135,50.0,0.7786999999988135,0.5674999999999999,0.7810333333321025,0.7810333333321025,4.2941927499114793e-07,4.2941927499114793e-07,0.0004294192749911479
1,R16 independent salt regression,99206e81eaea460fb6e37836f7f2e946619895c1b14b8487ef54791a7a99c7ec,8.76,8.760000000000002,8.760000000000002,0.00040982694876377497,Elution 1,1.0,27.999999999999986,27.999999999999986,38.55999999993584,50.0,50.0,5.010472533523002e-07,3.0,6.0,0.7711999999987166,50.0,0.7711999999987166,0.5599999999999996,0.7735333333318947,0.7735333333318947,4.0982694876377496e-07,4.0982694876377496e-07,0.00040982694876377497
1,R16 independent salt regression,99206e81eaea460fb6e37836f7f2e946619895c1b14b8487ef54791a7a99c7ec,8.79,8.79,8.79,0.0003933239764676197,Elution 1,1.0,27.625000000000014,27.625000000000014,38.18499999994156,50.0,50.0,5.929153861708543e-07,3.0,6.0,0.7636999999988311,50.0,0.7636999999988311,0.5525000000000002,0.7660333333320178,0.7660333333320178,3.9332397646761973e-07,3.9332397646761973e-07,0.0003933239764676197
1,R16 independent salt regression,99206e81eaea460fb6e37836f7f2e946619895c1b14b8487ef54791a7a99c7ec,8.82,8.82,8.82,0.00038595451241467757,Elution 1,1.0,27.25,27.25,37.80999999994726,50.0,50.0,1.0802871489100598e-06,3.0,6.0,0.756199999998945,50.0,0.756199999998945,0.5449999999999999,0.7585333333321405,0.7585333333321405,3.8595451241467757e-07,3.8595451241467757e-07,0.00038595451241467757
1,R16 independent salt regression,99206e81eaea460fb6e37836f7f2e946619895c1b14b8487ef54791a7a99c7ec,8.85,8.85,8.85,0.00043608537721847977,Elution 1,1.0,26.875,26.875,37.434999999952986,50.0,50.0,2.557076794430992e-06,3.0,6.0,0.7486999999990596,50.0,0.7486999999990596,0.5375000000000001,0.7510333333322636,0.7510333333322636,4.3608537721847976e-07,4.3608537721847976e-07,0.00043608537721847977
1,R16 independent salt regression,99206e81eaea460fb6e37836f7f2e946619895c1b14b8487ef54791a7a99c7ec,8.88,8.88,8.88,0.0004656262081083,Elution 1,1.0,26.499999999999986,26.499999999999986,37.059999999958684,50.0,50.0,6.083512911969962e-06,3.0,6.0,0.7411999999991735,50.0,0.7411999999991735,0.5299999999999998,0.7435333333323862,0.7435333333323862,4.6562620810829997e-07,4.6562620810829997e-07,0.0004656262081083
1,R16 independent salt regression,99206e81eaea460fb6e37836f7f2e946619895c1b14b8487ef54791a7a99c7ec,8.91,8.91,8.91,0.0005010472533522981,Elution 1,1.0,26.125,26.125,36.684999999964404,50.0,50.0,3.8273416596128794e-05,3.0,6.0,0.733699999999288,50.0,0.733699999999288,0.5225,0.7360333333325094,0.7360333333325094,5.010472533522981e-07,5.010472533522981e-07,0.0005010472533522981
1,R16 independent salt regression,99206e81eaea460fb6e37836f7f2e946619895c1b14b8487ef54791a7a99c7ec,8.94,8.94,8.94,0.0005929153861708543,Elution 1,1.0,25.75,25.75,36.30999999997013,50.0,50.0,0.00015659604829088995,3.0,6.0,0.7261999999994024,50.0,0.7261999999994024,0.5150000000000001,0.7285333333326326,0.7285333333326326,5.929153861708543e-07,5.929153861708543e-07,0.0005929153861708543
1,R16 independent salt regression,99206e81eaea460fb6e37836f7f2e946619895c1b14b8487ef54791a7a99c7ec,8.97,8.97,8.97,0.00108028714891006,Elution 1,1.0,25.374999999999986,25.374999999999986,35.93499999997583,50.0,50.0,0.00041655627309549983,3.0,6.0,0.7186999999995165,50.0,0.7186999999995165,0.5074999999999998,0.7210333333327552,0.7210333333327552,1.0802871489100598e-06,1.0802871489100598e-06,0.00108028714891006
1,R16 independent salt regression,99206e81eaea460fb6e37836f7f2e946619895c1b14b8487ef54791a7a99c7ec,9.0,9.0,9.0,0.002557076794430992,Elution 1,1.0,25.0,25.0,35.55999999998155,50.0,50.0,0.003011966940540922,3.0,6.0,0.711199999999631,50.0,0.711199999999631,0.5,0.7135333333328784,0.7135333333328784,2.557076794430992e-06,2.557076794430992e-06,0.002557076794430992
1,R16 independent salt regression,99206e81eaea460fb6e37836f7f2e946619895c1b14b8487ef54791a7a99c7ec,9.030000000000001,9.030000000000001,9.030000000000001,0.006083512911969962,Elution 1,1.0,24.624999999999986,24.624999999999986,35.18499999998725,50.0,50.0,0.015257092217882783,3.0,6.0,0.703699999999745,50.0,0.703699999999745,0.4924999999999997,0.706033333333001,0.706033333333001,6.083512911969962e-06,6.083512911969962e-06,0.006083512911969962
1,R16 independent salt regression,99206e81eaea460fb6e37836f7f2e946619895c1b14b8487ef54791a7a99c7ec,9.06,9.06,9.06,0.0382734165961288,Elution 1,1.0,24.25,24.25,34.80999999999297,50.0,50.0,0.03719486295065227,3.0,6.0,0.6961999999998595,50.0,0.6961999999998595,0.4849999999999999,0.6985333333331242,0.6985333333331242,3.8273416596128794e-05,3.8273416596128794e-05,0.0382734165961288
1,R16 independent salt regression,99206e81eaea460fb6e37836f7f2e946619895c1b14b8487ef54791a7a99c7ec,9.09,9.09,9.09,0.15659604829088997,Elution 1,1.0,23.875,23.875,34.43499999999546,50.0,50.0,0.07134503923353751,3.0,6.0,0.6886999999999093,50.0,0.6886999999999093,0.47750000000000004,0.6910333333331811,0.6910333333331811,0.00015659604829088995,0.00015659604829088995,0.15659604829088997
1,R16 independent salt regression,99206e81eaea460fb6e37836f7f2e946619895c1b14b8487ef54791a7a99c7ec,9.120000000000001,9.120000000000001,9.120000000000001,0.4165562730954998,Elution 1,1.0,23.499999999999986,23.499999999999986,34.05999999999604,50.0,50.0,0.12043400593927263,3.0,6.0,0.6811999999999209,50.0,0.6811999999999209,0.46999999999999975,0.6835333333331989,0.6835333333331989,0.00041655627309549983,0.00041655627309549983,0.4165562730954998
1,R16 independent salt regression,99206e81eaea460fb6e37836f7f2e946619895c1b14b8487ef54791a7a99c7ec,9.15,9.15,9.15,3.011966940540922,Elution 1,1.0,23.125,23.125,33.68499999999665,50.0,50.0,0.1869597990610376,3.0,6.0,0.6736999999999329,50.0,0.6736999999999329,0.4624999999999999,0.6760333333332171,0.6760333333332171,0.003011966940540922,0.003011966940540922,3.011966940540922
1,R16 independent salt regression,99206e81eaea460fb6e37836f7f2e946619895c1b14b8487ef54791a7a99c7ec,9.180000000000001,9.180000000000001,9.180000000000001,15.257092217882782,Elution 1,1.0,22.749999999999986,22.749999999999986,33.309999999997224,50.0,50.0,0.27253137931396065,3.0,6.0,0.6661999999999446,50.0,0.6661999999999446,0.4549999999999996,0.668533333333235,0.668533333333235,0.015257092217882783,0.015257092217882783,15.257092217882782
1,R16 independent salt regression,99206e81eaea460fb6e37836f7f2e946619895c1b14b8487ef54791a7a99c7ec,9.21,9.21,9.21,37.194862950652265,Elution 1,1.0,22.374999999999986,22.374999999999986,32.93499999999783,50.0,50.0,0.3783540268156277,3.0,6.0,0.6586999999999567,50.0,0.6586999999999567,0.4474999999999998,0.6610333333332531,0.6610333333332531,0.03719486295065227,0.03719486295065227,37.194862950652265
1,R16 independent salt regression,99206e81eaea460fb6e37836f7f2e946619895c1b14b8487ef54791a7a99c7ec,9.24,9.239999999999998,9.239999999999998,71.3450392335355,Elution 1,1.0,22.000000000000014,22.000000000000014,32.55999999999843,50.0,50.0,0.504141611698582,3.0,6.0,0.6511999999999687,50.0,0.6511999999999687,0.4400000000000004,0.6535333333332713,0.6535333333332713,0.0713450392335355,0.0713450392335355,71.3450392335355
1,R16 independent salt regression,99206e81eaea460fb6e37836f7f2e946619895c1b14b8487ef54791a7a99c7ec,9.270000000000001,9.27,9.27,120.43400593926972,Elution 1,1.0,21.625,21.625,32.184999999999015,50.0,50.0,0.6470469121935919,3.0,6.0,0.6436999999999803,50.0,0.6436999999999803,0.4325000000000001,0.6460333333332892,0.6460333333332892,0.12043400593926973,0.12043400593926973,120.43400593926972
1,R16 independent salt regression,99206e81eaea460fb6e37836f7f2e946619895c1b14b8487ef54791a7a99c7ec,9.3,9.3,9.3,186.95979906103761,Elution 1,1.0,21.249999999999986,21.249999999999986,31.80999999999962,50.0,50.0,0.8058612539786285,3.0,6.0,0.6361999999999923,50.0,0.6361999999999923,0.4249999999999998,0.6385333333333074,0.6385333333333074,0.1869597990610376,0.1869597990610376,186.95979906103761
1,R16 independent salt regression,99206e81eaea460fb6e37836f7f2e946619895c1b14b8487ef54791a7a99c7ec,9.330000000000002,9.330000000000002,9.330000000000002,272.53137931396066,Elution 1,1.0,20.87499999999997,20.87499999999997,31.435000000000198,50.0,50.0,0.9871241507231793,3.0,6.0,0.6287000000000039,50.0,0.6287000000000039,0.41749999999999954,0.6310333333333251,0.6310333333333251,0.27253137931396065,0.27253137931396065,272.53137931396066
1,R16 independent salt regression,99206e81eaea460fb6e37836f7f2e946619895c1b14b8487ef54791a7a99c7ec,9.360000000000001,9.36,9.36,378.3540268156214,Elution 1,1.0,20.5,20.5,31.0600000000008,50.0,50.0,1.1637703743986252,3.0,6.0,0.6212000000000161,50.0,0.6212000000000161,0.41000000000000014,0.6235333333333434,0.6235333333333434,0.3783540268156214,0.3783540268156214,378.3540268156214
1,R16 independent salt regression,99206e81eaea460fb6e37836f7f2e946619895c1b14b8487ef54791a7a99c7ec,9.389999999999999,9.39,9.39,504.1416116985904,Elution 1,1.0,20.125,20.125,30.685000000001406,50.0,50.0,1.3335912368237468,3.0,6.0,0.6137000000000281,50.0,0.6137000000000281,0.40249999999999986,0.6160333333333616,0.6160333333333616,0.5041416116985904,0.5041416116985904,504.1416116985904
1,R16 independent salt regression,99206e81eaea460fb6e37836f7f2e946619895c1b14b8487ef54791a7a99c7ec,9.42,9.420000000000002,9.420000000000002,647.0469121936013,Elution 1,1.0,19.74999999999997,19.74999999999997,30.310000000001285,50.0,50.0,1.4892350844314988,3.0,6.0,0.6062000000000257,50.0,0.6062000000000257,0.3949999999999996,0.6085333333333597,0.6085333333333597,0.6470469121936013,0.6470469121936013,647.0469121936013
1,R16 independent salt regression,99206e81eaea460fb6e37836f7f2e946619895c1b14b8487ef54791a7a99c7ec,9.45,9.45,9.45,805.8612539786191,Elution 1,1.0,19.375000000000014,19.375000000000014,29.93500000000116,50.0,50.0,1.6189856773281894,3.0,6.0,0.5987000000000233,50.0,0.5987000000000233,0.3875000000000002,0.6010333333333574,0.6010333333333574,0.8058612539786191,0.8058612539786191,805.8612539786191
1,R16 independent salt regression,99206e81eaea460fb6e37836f7f2e946619895c1b14b8487ef54791a7a99c7ec,9.48,9.48,9.48,987.1241507231686,Elution 1,1.0,19.0,19.0,29.56000000000102,50.0,50.0,1.7271587279150458,3.0,6.0,0.5912000000000204,50.0,0.5912000000000204,0.3799999999999999,0.5935333333333547,0.5935333333333547,0.9871241507231685,0.9871241507231685,987.1241507231686
1,R16 independent salt regression,99206e81eaea460fb6e37836f7f2e946619895c1b14b8487ef54791a7a99c7ec,9.51,9.510000000000002,9.510000000000002,1163.770374398635,Elution 1,1.0,18.624999999999986,18.624999999999986,29.185000000000898,50.0,50.0,1.8041839503329913,3.0,6.0,0.583700000000018,50.0,0.583700000000018,0.3724999999999996,0.5860333333333524,0.5860333333333524,1.1637703743986352,1.1637703743986352,1163.770374398635
1,R16 independent salt regression,99206e81eaea460fb6e37836f7f2e946619895c1b14b8487ef54791a7a99c7ec,9.54,9.54,9.54,1333.5912368237368,Elution 1,1.0,18.250000000000014,18.250000000000014,28.810000000000773,50.0,50.0,1.8483563067887316,3.0,6.0,0.5762000000000156,50.0,0.5762000000000156,0.3650000000000002,0.5785333333333501,0.5785333333333501,1.3335912368237368,1.3335912368237368,1333.5912368237368
1,R16 independent salt regression,99206e81eaea460fb6e37836f7f2e946619895c1b14b8487ef54791a7a99c7ec,9.57,9.57,9.57,1489.2350844314897,Elution 1,1.0,17.875,17.875,28.435000000000628,50.0,50.0,1.8845958781398364,3.0,6.0,0.5687000000000126,50.0,0.5687000000000126,0.35749999999999993,0.5710333333333473,0.5710333333333473,1.4892350844314897,1.4892350844314897,1489.2350844314897
1,R16 independent salt regression,99206e81eaea460fb6e37836f7f2e946619895c1b14b8487ef54791a7a99c7ec,9.6,9.6,9.6,1618.9856773281895,Elution 1,1.0,17.5,17.5,28.060000000000507,50.0,50.0,1.8958601149589702,3.0,6.0,0.5612000000000102,50.0,0.5612000000000102,0.3500000000000001,0.563533333333345,0.563533333333345,1.6189856773281894,1.6189856773281894,1618.9856773281895
1,R16 independent salt regression,99206e81eaea460fb6e37836f7f2e946619895c1b14b8487ef54791a7a99c7ec,9.63,9.63,9.63,1727.1587279150458,Elution 1,1.0,17.124999999999986,17.124999999999986,27.685000000000365,50.0,50.0,1.8535469110936706,3.0,6.0,0.5537000000000074,50.0,0.5537000000000074,0.3424999999999998,0.5560333333333423,0.5560333333333423,1.7271587279150458,1.7271587279150458,1727.1587279150458
1,R16 independent salt regression,99206e81eaea460fb6e37836f7f2e946619895c1b14b8487ef54791a7a99c7ec,9.66,9.66,9.66,1804.1839503329866,Elution 1,1.0,16.75,16.75,27.31000000000024,50.0,50.0,1.7733234952619894,3.0,6.0,0.5462000000000049,50.0,0.5462000000000049,0.33499999999999996,0.54853333333334,0.54853333333334,1.8041839503329866,1.8041839503329866,1804.1839503329866
1,R16 independent salt regression,99206e81eaea460fb6e37836f7f2e946619895c1b14b8487ef54791a7a99c7ec,9.69,9.69,9.69,1848.3563067887317,Elution 1,1.0,16.375,16.375,26.93500000000012,50.0,50.0,1.6616120805390062,3.0,6.0,0.5387000000000025,50.0,0.5387000000000025,0.3275000000000001,0.5410333333333377,0.5410333333333377,1.8483563067887316,1.8483563067887316,1848.3563067887317
1,R16 independent salt regression,99206e81eaea460fb6e37836f7f2e946619895c1b14b8487ef54791a7a99c7ec,9.72,9.72,9.72,1884.5958781398365,Elution 1,1.0,15.999999999999986,15.999999999999986,26.560000000000013,50.0,50.0,1.525684123430816,3.0,6.0,0.5312000000000003,50.0,0.5312000000000003,0.31999999999999984,0.5335333333333356,0.5335333333333356,1.8845958781398364,1.8845958781398364,1884.5958781398365
1,R16 independent salt regression,99206e81eaea460fb6e37836f7f2e946619895c1b14b8487ef54791a7a99c7ec,9.75,9.75,9.75,1895.8601149589701,Elution 1,1.0,15.625,15.625,26.18500000000001,50.0,50.0,1.3732348089867419,3.0,6.0,0.5237000000000003,50.0,0.5237000000000003,0.3125,0.5260333333333354,0.5260333333333354,1.8958601149589702,1.8958601149589702,1895.8601149589701
1,R16 independent salt regression,99206e81eaea460fb6e37836f7f2e946619895c1b14b8487ef54791a7a99c7ec,9.780000000000001,9.780000000000001,9.780000000000001,1853.5469110936706,Elution 1,1.0,15.249999999999986,15.249999999999986,25.809999999999985,50.0,50.0,1.211842325583422,3.0,6.0,0.5161999999999998,50.0,0.5161999999999998,0.3049999999999997,0.5185333333333346,0.5185333333333346,1.8535469110936706,1.8535469110936706,1853.5469110936706
1,R16 independent salt regression,99206e81eaea460fb6e37836f7f2e946619895c1b14b8487ef54791a7a99c7ec,9.81,9.81,9.81,1773.3234952619894,Elution 1,1.0,14.875,14.875,25.43499999999998,50.0,50.0,1.0453170737636517,3.0,6.0,0.5086999999999997,50.0,0.5086999999999997,0.2974999999999999,0.5110333333333344,0.5110333333333344,1.7733234952619894,1.7733234952619894,1773.3234952619894
1,R16 independent salt regression,99206e81eaea460fb6e37836f7f2e946619895c1b14b8487ef54791a7a99c7ec,9.84,9.84,9.84,1661.6120805390062,Elution 1,1.0,14.5,14.5,25.05999999999998,50.0,50.0,0.8803789396892714,3.0,6.0,0.5011999999999996,50.0,0.5011999999999996,0.29000000000000004,0.5035333333333342,0.5035333333333342,1.6616120805390062,1.6616120805390062,1661.6120805390062
1,R16 independent salt regression,99206e81eaea460fb6e37836f7f2e946619895c1b14b8487ef54791a7a99c7ec,9.870000000000001,9.870000000000001,9.870000000000001,1525.684123430816,Elution 1,1.0,14.124999999999986,14.124999999999986,24.684999999999956,50.0,50.0,0.7271825660306905,3.0,6.0,0.49369999999999914,50.0,0.49369999999999914,0.28249999999999975,0.4960333333333335,0.4960333333333335,1.525684123430816,1.525684123430816,1525.684123430816
1,R16 independent salt regression,99206e81eaea460fb6e37836f7f2e946619895c1b14b8487ef54791a7a99c7ec,9.9,9.9,9.9,1373.2348089867419,Elution 1,1.0,13.75,13.75,24.309999999999953,50.0,50.0,0.5896729585869498,3.0,6.0,0.4861999999999991,50.0,0.4861999999999991,0.2749999999999999,0.48853333333333326,0.48853333333333326,1.3732348089867419,1.3732348089867419,1373.2348089867419
1,R16 independent salt regression,99206e81eaea460fb6e37836f7f2e946619895c1b14b8487ef54791a7a99c7ec,9.930000000000001,9.930000000000001,9.930000000000001,1211.842325583422,Elution 1,1.0,13.374999999999986,13.374999999999986,23.934999999999928,50.0,50.0,0.46978504008814126,3.0,6.0,0.47869999999999857,50.0,0.47869999999999857,0.2674999999999996,0.4810333333333326,0.4810333333333326,1.211842325583422,1.211842325583422,1211.842325583422
1,R16 independent salt regression,99206e81eaea460fb6e37836f7f2e946619895c1b14b8487ef54791a7a99c7ec,9.96,9.96,9.96,1045.3170737636517,Elution 1,1.0,12.999999999999986,12.999999999999986,23.559999999999928,50.0,50.0,0.3679321032048676,3.0,6.0,0.4711999999999985,50.0,0.4711999999999985,0.2599999999999998,0.47353333333333236,0.47353333333333236,1.0453170737636517,1.0453170737636517,1045.3170737636517
1,R16 independent salt regression,99206e81eaea460fb6e37836f7f2e946619895c1b14b8487ef54791a7a99c7ec,9.99,9.989999999999998,9.989999999999998,880.3789396892812,Elution 1,1.0,12.625000000000014,12.625000000000014,23.184999999999924,50.0,50.0,0.28342946816592546,3.0,6.0,0.46369999999999845,50.0,0.46369999999999845,0.2525000000000004,0.46603333333333213,0.46603333333333213,0.8803789396892812,0.8803789396892812,880.3789396892812
1,R16 independent salt regression,99206e81eaea460fb6e37836f7f2e946619895c1b14b8487ef54791a7a99c7ec,10.020000000000001,10.02,10.02,727.1825660306996,Elution 1,1.0,12.25,12.25,22.8099999999999,50.0,50.0,0.21485214344718798,3.0,6.0,0.45619999999999794,50.0,0.45619999999999794,0.2450000000000001,0.4585333333333314,0.4585333333333314,0.7271825660306996,0.7271825660306996,727.1825660306996
1,R16 independent salt regression,99206e81eaea460fb6e37836f7f2e946619895c1b14b8487ef54791a7a99c7ec,10.05,10.05,10.05,589.6729585869498,Elution 1,1.0,11.874999999999986,11.874999999999986,22.434999999999913,50.0,50.0,0.16027651755934957,3.0,6.0,0.44869999999999816,50.0,0.44869999999999816,0.23749999999999982,0.4510333333333315,0.4510333333333315,0.5896729585869498,0.5896729585869498,589.6729585869498
1,R16 independent salt regression,99206e81eaea460fb6e37836f7f2e946619895c1b14b8487ef54791a7a99c7ec,10.080000000000002,10.080000000000002,10.080000000000002,469.7850400881413,Elution 1,1.0,11.499999999999972,11.499999999999972,22.059999999999906,50.0,50.0,0.11772826873989317,3.0,6.0,0.44119999999999804,50.0,0.44119999999999804,0.22999999999999954,0.4435333333333314,0.4435333333333314,0.46978504008814126,0.46978504008814126,469.7850400881413
1,R16 independent salt regression,99206e81eaea460fb6e37836f7f2e946619895c1b14b8487ef54791a7a99c7ec,10.110000000000001,10.11,10.11,367.9321032048736,Elution 1,1.0,11.125,11.125,21.684999999999924,50.0,50.0,0.08522851841587442,3.0,6.0,0.43369999999999836,50.0,0.43369999999999836,0.22250000000000014,0.4360333333333317,0.4360333333333317,0.36793210320487363,0.36793210320487363,367.9321032048736
1,R16 independent salt regression,99206e81eaea460fb6e37836f7f2e946619895c1b14b8487ef54791a7a99c7ec,10.139999999999999,10.14,10.14,283.4294681659214,Elution 1,1.0,10.75,10.75,21.309999999999942,50.0,50.0,0.06086003330754565,3.0,6.0,0.4261999999999987,50.0,0.4261999999999987,0.21499999999999986,0.42853333333333204,0.42853333333333204,0.2834294681659214,0.2834294681659214,283.4294681659214
1,R16 independent salt regression,99206e81eaea460fb6e37836f7f2e946619895c1b14b8487ef54791a7a99c7ec,10.17,10.170000000000002,10.170000000000002,214.85214344718474,Elution 1,1.0,10.374999999999972,10.374999999999972,20.934999999999935,50.0,50.0,0.04289915479760407,3.0,6.0,0.41869999999999863,50.0,0.41869999999999863,0.20749999999999957,0.4210333333333319,0.4210333333333319,0.21485214344718476,0.21485214344718476,214.85214344718474
1,R16 independent salt regression,99206e81eaea460fb6e37836f7f2e946619895c1b14b8487ef54791a7a99c7ec,10.2,10.2,10.2,160.27651755935278,Elution 1,1.0,10.000000000000014,10.000000000000014,20.559999999999953,50.0,50.0,0.02987014357818857,3.0,6.0,0.41119999999999896,50.0,0.41119999999999896,0.20000000000000018,0.41353333333333225,0.41353333333333225,0.1602765175593528,0.1602765175593528,160.27651755935278
1,R16 independent salt regression,99206e81eaea460fb6e37836f7f2e946619895c1b14b8487ef54791a7a99c7ec,10.23,10.23,10.23,117.7282687398957,Elution 1,1.0,9.625,9.625,20.18499999999995,50.0,50.0,0.020557579519769227,3.0,6.0,0.40369999999999884,50.0,0.40369999999999884,0.1924999999999999,0.40603333333333214,0.40603333333333214,0.1177282687398957,0.1177282687398957,117.7282687398957
1,R16 independent salt regression,99206e81eaea460fb6e37836f7f2e946619895c1b14b8487ef54791a7a99c7ec,10.26,10.260000000000002,10.260000000000002,85.22851841587298,Elution 1,1.0,9.249999999999986,9.249999999999986,19.809999999999967,50.0,50.0,0.013992868917767541,3.0,6.0,0.39619999999999916,50.0,0.39619999999999916,0.1849999999999996,0.39853333333333246,0.39853333333333246,0.08522851841587298,0.08522851841587298,85.22851841587298
1,R16 independent salt regression,99206e81eaea460fb6e37836f7f2e946619895c1b14b8487ef54791a7a99c7ec,10.29,10.29,10.29,60.86003330754709,Elution 1,1.0,8.875000000000014,8.875000000000014,19.434999999999985,50.0,50.0,0.00942491026811598,3.0,6.0,0.38869999999999955,50.0,0.38869999999999955,0.1775000000000002,0.3910333333333328,0.3910333333333328,0.06086003330754709,0.06086003330754709,60.86003330754709
1,R16 independent salt regression,99206e81eaea460fb6e37836f7f2e946619895c1b14b8487ef54791a7a99c7ec,10.32,10.32,10.32,42.89915479760513,Elution 1,1.0,8.5,8.5,19.059999999999977,50.0,50.0,0.006284806200522688,3.0,6.0,0.38119999999999943,50.0,0.38119999999999943,0.16999999999999993,0.38353333333333267,0.38353333333333267,0.04289915479760513,0.04289915479760513,42.89915479760513
1,R16 independent salt regression,99206e81eaea460fb6e37836f7f2e946619895c1b14b8487ef54791a7a99c7ec,10.35,10.35,10.35,29.87014357818857,Elution 1,1.0,8.125,8.125,18.684999999999995,50.0,50.0,0.004151004391616773,3.0,6.0,0.37369999999999975,50.0,0.37369999999999975,0.1625000000000001,0.376033333333333,0.376033333333333,0.02987014357818857,0.02987014357818857,29.87014357818857
1,R16 independent salt regression,99206e81eaea460fb6e37836f7f2e946619895c1b14b8487ef54791a7a99c7ec,10.38,10.38,10.38,20.557579519769227,Elution 1,1.0,7.749999999999986,7.749999999999986,18.30999999999998,50.0,50.0,0.002716726580399385,3.0,6.0,0.3661999999999995,50.0,0.3661999999999995,0.1549999999999998,0.36853333333333277,0.36853333333333277,0.020557579519769227,0.020557579519769227,20.557579519769227
1,R16 independent salt regression,99206e81eaea460fb6e37836f7f2e946619895c1b14b8487ef54791a7a99c7ec,10.41,10.41,10.41,13.992868917767929,Elution 1,1.0,7.375,7.375,17.93499999999999,50.0,50.0,0.0017624792436598147,3.0,6.0,0.35869999999999974,50.0,0.35869999999999974,0.14749999999999996,0.361033333333333,0.361033333333333,0.01399286891776793,0.01399286891776793,13.992868917767929
1,R16 independent salt regression,99206e81eaea460fb6e37836f7f2e946619895c1b14b8487ef54791a7a99c7ec,10.44,10.44,10.44,9.424910268115982,Elution 1,1.0,7.0,7.0,17.560000000000002,50.0,50.0,0.0011338109143289232,3.0,6.0,0.35119999999999996,50.0,0.35119999999999996,0.14000000000000012,0.3535333333333332,0.3535333333333332,0.00942491026811598,0.00942491026811598,9.424910268115982
1,R16 independent salt regression,99206e81eaea460fb6e37836f7f2e946619895c1b14b8487ef54791a7a99c7ec,10.47,10.47,10.47,6.284806200522688,Elution 1,1.0,6.624999999999986,6.624999999999986,17.184999999999988,50.0,50.0,0.0007235027227725365,3.0,6.0,0.34369999999999973,50.0,0.34369999999999973,0.13249999999999984,0.34603333333333297,0.34603333333333297,0.006284806200522688,0.006284806200522688,6.284806200522688
1,R16 independent salt regression,99206e81eaea460fb6e37836f7f2e946619895c1b14b8487ef54791a7a99c7ec,10.5,10.5,10.5,4.151004391616772,Elution 1,1.0,6.25,6.25,16.81,50.0,50.0,0.00045807937474141673,3.0,6.0,0.33619999999999994,50.0,0.33619999999999994,0.125,0.3385333333333332,0.3385333333333332,0.004151004391616773,0.004151004391616773,4.151004391616772
1,R16 independent salt regression,99206e81eaea460fb6e37836f7f2e946619895c1b14b8487ef54791a7a99c7ec,10.530000000000001,10.530000000000001,10.530000000000001,2.716726580399385,Elution 1,1.0,5.874999999999986,5.874999999999986,16.434999999999985,50.0,50.0,0.00028785532163891136,3.0,6.0,0.32869999999999966,50.0,0.32869999999999966,0.11749999999999972,0.33103333333333296,0.33103333333333296,0.002716726580399385,0.002716726580399385,2.716726580399385
1,R16 independent salt regression,99206e81eaea460fb6e37836f7f2e946619895c1b14b8487ef54791a7a99c7ec,10.56,10.56,10.56,1.7624792436598147,Elution 1,1.0,5.5,5.5,16.059999999999995,50.0,50.0,0.00017959715041267684,3.0,6.0,0.32119999999999993,50.0,0.32119999999999993,0.10999999999999988,0.3235333333333332,0.3235333333333332,0.0017624792436598147,0.0017624792436598147,1.7624792436598147
1,R16 independent salt regression,99206e81eaea460fb6e37836f7f2e946619895c1b14b8487ef54791a7a99c7ec,10.59,10.59,10.59,1.1338109143289232,Elution 1,1.0,5.125,5.125,15.685000000000006,50.0,50.0,0.00011128934830946924,3.0,6.0,0.31370000000000015,50.0,0.31370000000000015,0.10250000000000004,0.3160333333333334,0.3160333333333334,0.0011338109143289232,0.0011338109143289232,1.1338109143289232
1,R16 independent salt regression,99206e81eaea460fb6e37836f7f2e946619895c1b14b8487ef54791a7a99c7ec,10.620000000000001,10.620000000000001,10.620000000000001,0.7235027227725365,Elution 1,1.0,4.749999999999986,4.749999999999986,15.309999999999992,50.0,50.0,6.849166841431694e-05,3.0,6.0,0.30619999999999986,50.0,0.30619999999999986,0.09499999999999975,0.30853333333333316,0.30853333333333316,0.0007235027227725365,0.0007235027227725365,0.7235027227725365
1,R16 independent salt regression,99206e81eaea460fb6e37836f7f2e946619895c1b14b8487ef54791a7a99c7ec,10.65,10.65,10.65,0.45807937474141674,Elution 1,1.0,4.375,4.375,14.935000000000002,50.0,50.0,4.187564375651963e-05,3.0,6.0,0.2987000000000001,50.0,0.2987000000000001,0.08749999999999991,0.3010333333333334,0.3010333333333334,0.00045807937474141673,0.00045807937474141673,0.45807937474141674
1,R16 independent salt regression,99206e81eaea460fb6e37836f7f2e946619895c1b14b8487ef54791a7a99c7ec,10.680000000000001,10.680000000000001,10.680000000000001,0.28785532163891137,Elution 1,1.0,3.999999999999986,3.999999999999986,14.559999999999988,50.0,50.0,2.5458509504805705e-05,3.0,6.0,0.29119999999999985,50.0,0.29119999999999985,0.07999999999999963,0.2935333333333331,0.2935333333333331,0.00028785532163891136,0.00028785532163891136,0.28785532163891137
1,R16 independent salt regression,99206e81eaea460fb6e37836f7f2e946619895c1b14b8487ef54791a7a99c7ec,10.71,10.71,10.71,0.17959715041267685,Elution 1,1.0,3.624999999999986,3.624999999999986,14.184999999999997,50.0,50.0,1.5410556793522072e-05,3.0,6.0,0.2837,50.0,0.2837,0.07249999999999979,0.2860333333333333,0.2860333333333333,0.00017959715041267684,0.00017959715041267684,0.17959715041267685
1,R16 independent salt regression,99206e81eaea460fb6e37836f7f2e946619895c1b14b8487ef54791a7a99c7ec,10.74,10.739999999999998,10.739999999999998,0.11128934830947328,Elution 1,1.0,3.250000000000014,3.250000000000014,13.810000000000006,50.0,50.0,9.283024110670441e-06,3.0,6.0,0.2762000000000002,50.0,0.2762000000000002,0.06500000000000039,0.27853333333333347,0.27853333333333347,0.00011128934830947328,0.00011128934830947328,0.11128934830947328
1,R16 independent salt regression,99206e81eaea460fb6e37836f7f2e946619895c1b14b8487ef54791a7a99c7ec,10.770000000000001,10.77,10.77,0.06849166841431947,Elution 1,1.0,2.875,2.875,13.434999999999992,50.0,50.0,5.553621655304298e-06,3.0,6.0,0.26869999999999994,50.0,0.26869999999999994,0.05750000000000011,0.2710333333333332,0.2710333333333332,6.849166841431948e-05,6.849166841431948e-05,0.06849166841431947
1,R16 independent salt regression,99206e81eaea460fb6e37836f7f2e946619895c1b14b8487ef54791a7a99c7ec,10.8,10.8,10.8,0.04187564375651963,Elution 1,1.0,2.499999999999986,2.499999999999986,13.060000000000002,50.0,50.0,3.299586910046882e-06,3.0,6.0,0.2612000000000001,50.0,0.2612000000000001,0.04999999999999982,0.2635333333333334,0.2635333333333334,4.187564375651963e-05,4.187564375651963e-05,0.04187564375651963
1,R16 independent salt regression,99206e81eaea460fb6e37836f7f2e946619895c1b14b8487ef54791a7a99c7ec,10.830000000000002,10.830000000000002,10.830000000000002,0.025458509504805705,Elution 1,1.0,2.1249999999999716,2.1249999999999716,12.684999999999988,50.0,50.0,1.9532597769894177e-06,3.0,6.0,0.2536999999999998,50.0,0.2536999999999998,0.04249999999999954,0.2560333333333331,0.2560333333333331,2.5458509504805705e-05,2.5458509504805705e-05,0.025458509504805705
1,R16 independent salt regression,99206e81eaea460fb6e37836f7f2e946619895c1b14b8487ef54791a7a99c7ec,10.860000000000001,10.86,10.86,0.015410556793522668,Elution 1,1.0,1.75,1.75,12.309999999999997,50.0,50.0,1.146407138050732e-06,3.0,6.0,0.2462,50.0,0.2462,0.03500000000000014,0.24853333333333327,0.24853333333333327,1.5410556793522668e-05,1.5410556793522668e-05,0.015410556793522668
1,R16 independent salt regression,99206e81eaea460fb6e37836f7f2e946619895c1b14b8487ef54791a7a99c7ec,10.889999999999999,10.89,10.89,0.00928302411067022,Elution 1,1.0,1.375,1.375,11.935000000000006,50.0,50.0,6.63756691145792e-07,3.0,6.0,0.2387000000000002,50.0,0.2387000000000002,0.027499999999999858,0.24103333333333346,0.24103333333333346,9.283024110670221e-06,9.283024110670221e-06,0.00928302411067022
1,R16 independent salt regression,99206e81eaea460fb6e37836f7f2e946619895c1b14b8487ef54791a7a99c7ec,10.92,10.920000000000002,10.920000000000002,0.005553621655304164,Elution 1,1.0,0.9999999999999716,0.9999999999999716,11.559999999999992,50.0,50.0,3.798550770721583e-07,3.0,6.0,0.23119999999999988,50.0,0.23119999999999988,0.019999999999999574,0.23353333333333318,0.23353333333333318,5.553621655304164e-06,5.553621655304164e-06,0.005553621655304164
1,R16 independent salt regression,99206e81eaea460fb6e37836f7f2e946619895c1b14b8487ef54791a7a99c7ec,10.95,10.95,10.95,0.0032995869100470154,Elution 1,1.0,0.6250000000000142,0.6250000000000142,11.185,50.0,50.0,2.1757230326370825e-07,3.0,6.0,0.22370000000000007,50.0,0.22370000000000007,0.012500000000000178,0.22603333333333336,0.22603333333333336,3.2995869100470153e-06,3.2995869100470153e-06,0.0032995869100470154
1,R16 independent salt regression,99206e81eaea460fb6e37836f7f2e946619895c1b14b8487ef54791a7a99c7ec,10.98,10.98,10.98,0.001953259776989497,Elution 1,1.0,0.25,0.25,10.809999999999986,50.0,50.0,1.25014083865564e-07,3.0,6.0,0.21619999999999978,50.0,0.21619999999999978,0.004999999999999893,0.21853333333333308,0.21853333333333308,1.9532597769894973e-06,1.9532597769894973e-06,0.001953259776989497
1,R16 independent salt regression,99206e81eaea460fb6e37836f7f2e946619895c1b14b8487ef54791a7a99c7ec,11.01,11.01,11.01,0.001146407138050732,Elution 2,1.0,0.0,0.0,10.434999999999995,50.0,50.0,7.19006176344769e-08,4.0,6.0,0.2087,50.0,0.2087,0.0,0.21103333333333332,0.21103333333333332,1.146407138050732e-06,1.146407138050732e-06,0.001146407138050732
1,R16 independent salt regression,99206e81eaea460fb6e37836f7f2e946619895c1b14b8487ef54791a7a99c7ec,11.04,11.04,11.04,0.0006637566911458205,Elution 2,1.0,0.0,0.0,10.059999999998375,50.0,50.0,4.103551803866426e-08,4.0,6.0,0.20119999999996765,50.0,0.20119999999996765,0.0,0.20353333333332518,0.20353333333332518,6.637566911458206e-07,6.637566911458206e-07,0.0006637566911458205
1,R16 independent salt regression,99206e81eaea460fb6e37836f7f2e946619895c1b14b8487ef54791a7a99c7ec,11.07,11.07,11.07,0.00037985507707217515,Elution 2,1.0,0.0,0.0,9.684999999845566,50.0,50.0,2.290201767067264e-08,4.0,6.0,0.19369999999691148,50.0,0.19369999999691148,0.0,0.19603333333153872,0.19603333333153872,3.7985507707217515e-07,3.7985507707217515e-07,0.00037985507707217515
1,R16 independent salt regression,99206e81eaea460fb6e37836f7f2e946619895c1b14b8487ef54791a7a99c7ec,11.1,11.1,11.1,0.00021757230326370825,Elution 2,1.0,0.0,0.0,9.310000005324413,50.0,50.0,1.2826675707212137e-08,4.0,6.0,0.1862000001064884,50.0,0.1862000001064884,0.0,0.18853333337874645,0.18853333337874645,2.1757230326370825e-07,2.1757230326370825e-07,0.00021757230326370825
1,R16 independent salt regression,99206e81eaea460fb6e37836f7f2e946619895c1b14b8487ef54791a7a99c7ec,11.13,11.13,11.13,0.00012501408386556402,Elution 2,1.0,0.0,0.0,8.935000054977657,50.0,50.0,7.344172350870091e-09,4.0,6.0,0.17870000109955322,50.0,0.17870000109955322,0.0,0.18103333405398114,0.18103333405398114,1.25014083865564e-07,1.25014083865564e-07,0.00012501408386556402
1,R16 independent salt regression,99206e81eaea460fb6e37836f7f2e946619895c1b14b8487ef54791a7a99c7ec,11.16,11.16,11.16,7.19006176344769e-05,Elution 2,1.0,0.0,0.0,8.559999988870214,50.0,50.0,4.278824655843361e-09,4.0,6.0,0.17119999977740438,50.0,0.17119999977740438,0.0,0.17353333417977013,0.17353333417977013,7.19006176344769e-08,7.19006176344769e-08,7.19006176344769e-05
1,R16 independent salt regression,99206e81eaea460fb6e37836f7f2e946619895c1b14b8487ef54791a7a99c7ec,11.19,11.19,11.19,4.1035518038664255e-05,Elution 2,1.0,0.0,0.0,8.184998623251994,50.0,50.0,2.3308936341238004e-09,4.0,6.0,0.16369997246503995,50.0,0.16369997246503995,0.0,0.16603331735537086,0.16603331735537086,4.103551803866426e-08,4.103551803866426e-08,4.1035518038664255e-05
1,R16 independent salt regression,99206e81eaea460fb6e37836f7f2e946619895c1b14b8487ef54791a7a99c7ec,11.22,11.22,11.22,2.290201767067264e-05,Elution 2,1.0,0.0,0.0,7.809994360853991,50.0,50.0,1.2792090811966572e-09,4.0,6.0,0.15619988721707984,50.0,0.15619988721707984,0.0,0.158533250127985,0.158533250127985,2.290201767067264e-08,2.290201767067264e-08,2.290201767067264e-05
1,R16 independent salt regression,99206e81eaea460fb6e37836f7f2e946619895c1b14b8487ef54791a7a99c7ec,11.25,11.25,11.25,1.2826675707212136e-05,Elution 2,1.0,0.0,0.0,7.4349914799572145,50.0,50.0,7.272878153284172e-10,4.0,6.0,0.1486998295991443,50.0,0.1486998295991443,0.0,0.1510331690090782,0.1510331690090782,1.2826675707212137e-08,1.2826675707212137e-08,1.2826675707212136e-05
1,R16 independent salt regression,99206e81eaea460fb6e37836f7f2e946619895c1b14b8487ef54791a7a99c7ec,11.280000000000001,11.280000000000001,11.280000000000001,7.3441723508700915e-06,Elution 2,1.0,0.0,0.0,7.0600106409812335,50.0,50.0,4.3166888227459866e-10,4.0,6.0,0.1412002128196247,50.0,0.1412002128196247,0.0,0.14353337548713072,0.14353337548713072,7.344172350870091e-09,7.344172350870091e-09,7.3441723508700915e-06
1,R16 independent salt regression,99206e81eaea460fb6e37836f7f2e946619895c1b14b8487ef54791a7a99c7ec,11.31,11.31,11.31,4.278824655843361e-06,Elution 2,1.0,0.0,0.0,6.6850887654241244,50.0,50.0,2.6193431369563237e-10,4.0,6.0,0.13370177530848254,50.0,0.13370177530848254,0.0,0.13603452620096937,0.13603452620096937,4.278824655843361e-09,4.278824655843361e-09,4.278824655843361e-06
1,R16 independent salt regression,99206e81eaea460fb6e37836f7f2e946619895c1b14b8487ef54791a7a99c7ec,11.34,11.34,11.34,2.3308936341238006e-06,Elution 2,1.0,0.0,0.0,6.310246944325523,50.0,50.0,1.593795532298513e-10,4.0,6.0,0.12620493888651046,50.0,0.12620493888651046,0.0,0.12853720978125546,0.12853720978125546,2.3308936341238004e-09,2.3308936341238004e-09,2.3308936341238006e-06
1,R16 independent salt regression,99206e81eaea460fb6e37836f7f2e946619895c1b14b8487ef54791a7a99c7ec,11.370000000000001,11.370000000000001,11.370000000000001,1.279209081196657e-06,Elution 2,1.0,0.0,0.0,5.93542079622863,50.0,50.0,9.648326434614138e-11,4.0,6.0,0.11870841592457261,50.0,0.11870841592457261,0.0,0.12104077022837488,0.12104077022837488,1.2792090811966572e-09,1.2792090811966572e-09,1.279209081196657e-06
1,R16 independent salt regression,99206e81eaea460fb6e37836f7f2e946619895c1b14b8487ef54791a7a99c7ec,11.4,11.4,11.4,7.272878153284173e-07,Elution 2,1.0,0.0,0.0,5.560383560275998,50.0,50.0,5.8078909560220405e-11,4.0,6.0,0.11120767120552,50.0,0.11120767120552,0.0,0.1135417493440517,0.1135417493440517,7.272878153284172e-10,7.272878153284172e-10,7.272878153284173e-07
1,R16 independent salt regression,99206e81eaea460fb6e37836f7f2e946619895c1b14b8487ef54791a7a99c7ec,11.430000000000001,11.430000000000001,11.430000000000001,4.316688822745987e-07,Elution 2,1.0,0.0,0.0,5.184725179877593,50.0,50.0,3.482560468523603e-11,4.0,6.0,0.10369450359755189,50.0,0.10369450359755189,0.0,0.10603303367325213,0.10603303367325213,4.3166888227459866e-10,4.3166888227459866e-10,4.316688822745987e-07
1,R16 independent salt regression,99206e81eaea460fb6e37836f7f2e946619895c1b14b8487ef54791a7a99c7ec,11.46,11.46,11.46,2.6193431369563236e-07,Elution 2,1.0,0.0,0.0,4.8079533727805925,50.0,50.0,2.083390237933847e-11,4.0,6.0,0.0961590674556119,50.0,0.0961590674556119,0.0,0.09850505832699025,0.09850505832699025,2.6193431369563237e-10,2.6193431369563237e-10,2.6193431369563236e-07
1,R16 independent salt regression,99206e81eaea460fb6e37836f7f2e946619895c1b14b8487ef54791a7a99c7ec,11.49,11.49,11.49,1.593795532298513e-07,Elution 2,1.0,0.0,0.0,4.429744478044366,50.0,50.0,1.2444167237022767e-11,4.0,6.0,0.08859488956088733,50.0,0.08859488956088733,0.0,0.09094990485214552,0.09094990485214552,1.593795532298513e-10,1.593795532298513e-10,1.593795532298513e-07
1,R16 independent salt regression,99206e81eaea460fb6e37836f7f2e946619895c1b14b8487ef54791a7a99c7ec,11.520000000000001,11.520000000000001,11.520000000000001,9.648326434614137e-08,Elution 2,1.0,0.0,0.0,4.05030679390959,50.0,50.0,7.422746463646903e-12,4.0,6.0,0.0810061358781918,50.0,0.0810061358781918,0.0,0.0833679617766272,0.0833679617766272,9.648326434614138e-11,9.648326434614138e-11,9.648326434614137e-08
1,R16 independent salt regression,99206e81eaea460fb6e37836f7f2e946619895c1b14b8487ef54791a7a99c7ec,11.55,11.55,11.55,5.8078909560220406e-08,Elution 2,1.0,0.0,0.0,3.6707587659729146,50.0,50.0,4.421269655704148e-12,4.0,6.0,0.07341517531945826,50.0,0.07341517531945826,0.0,0.0757755417144257,0.0757755417144257,5.8078909560220405e-11,5.8078909560220405e-11,5.8078909560220406e-08
1,R16 independent salt regression,99206e81eaea460fb6e37836f7f2e946619895c1b14b8487ef54791a7a99c7ec,11.580000000000002,11.580000000000002,11.580000000000002,3.482560468523603e-08,Elution 2,1.0,0.0,0.0,3.2933978578800396,50.0,50.0,2.6295856069100182e-12,4.0,6.0,0.06586795715760077,50.0,0.06586795715760077,0.0,0.06821108058270398,0.06821108058270398,3.482560468523603e-11,3.482560468523603e-11,3.482560468523603e-08
1,R16 independent salt regression,99206e81eaea460fb6e37836f7f2e946619895c1b14b8487ef54791a7a99c7ec,11.610000000000001,11.610000000000001,11.610000000000001,2.083390237933847e-08,Elution 2,1.0,0.0,0.0,2.9217566158516677,50.0,50.0,1.561660985000944e-12,4.0,6.0,0.05843513231703331,50.0,0.05843513231703331,0.0,0.06073766771791655,0.06073766771791655,2.083390237933847e-11,2.083390237933847e-11,2.083390237933847e-08
1,R16 independent salt regression,99206e81eaea460fb6e37836f7f2e946619895c1b14b8487ef54791a7a99c7ec,11.639999999999999,11.639999999999999,11.639999999999999,1.2444167237023263e-08,Elution 2,1.0,0.0,0.0,2.56040128447521,50.0,50.0,9.261325912459424e-13,4.0,6.0,0.05120802568950416,50.0,0.05120802568950416,0.0,0.05344061844268585,0.05344061844268585,1.2444167237023263e-11,1.2444167237023263e-11,1.2444167237023263e-08
1,R16 independent salt regression,99206e81eaea460fb6e37836f7f2e946619895c1b14b8487ef54791a7a99c7ec,11.67,11.67,11.67,7.4227464636471996e-09,Elution 2,1.0,0.0,0.0,2.2145014055874914,50.0,50.0,5.485213200778245e-13,4.0,6.0,0.044290028111749785,50.0,0.044290028111749785,0.0,0.04642020612501119,0.04642020612501119,7.4227464636472e-12,7.4227464636472e-12,7.4227464636471996e-09
1,R16 independent salt regression,99206e81eaea460fb6e37836f7f2e946619895c1b14b8487ef54791a7a99c7ec,11.7,11.7,11.7,4.421269655704326e-09,Elution 2,1.0,0.0,0.0,1.8892599772792378,50.0,50.0,3.2449093251550944e-13,4.0,6.0,0.03778519954558473,50.0,0.03778519954558473,0.0,0.03978099700329401,0.03978099700329401,4.421269655704326e-12,4.421269655704326e-12,4.421269655704326e-09
1,R16 independent salt regression,99206e81eaea460fb6e37836f7f2e946619895c1b14b8487ef54791a7a99c7ec,11.73,11.73,11.73,2.6295856069101246e-09,Elution 2,1.0,0.0,0.0,1.5893238027273051,50.0,50.0,1.9175662105339662e-13,4.0,6.0,0.03178647605454607,50.0,0.03178647605454607,0.0,0.03362003530297342,0.03362003530297342,2.6295856069101245e-12,2.6295856069101245e-12,2.6295856069101246e-09
1,R16 independent salt regression,99206e81eaea460fb6e37836f7f2e946619895c1b14b8487ef54791a7a99c7ec,11.76,11.76,11.76,1.5616609850010074e-09,Elution 2,1.0,0.0,0.0,1.3172024855389823,50.0,50.0,1.1320856218114846e-13,4.0,6.0,0.026344049710779614,50.0,0.026344049710779614,0.0,0.028006378830561746,0.028006378830561746,1.5616609850010074e-12,1.5616609850010074e-12,1.5616609850010074e-09
1,R16 independent salt regression,99206e81eaea460fb6e37836f7f2e946619895c1b14b8487ef54791a7a99c7ec,11.79,11.79,11.79,9.261325912459424e-10,Elution 2,1.0,0.0,0.0,1.074967682762816,50.0,50.0,6.67769080960297e-14,4.0,6.0,0.021499353655256296,50.0,0.021499353655256296,0.0,0.02296715923707198,0.02296715923707198,9.261325912459424e-13,9.261325912459424e-13,9.261325912459424e-10
1,R16 independent salt regression,99206e81eaea460fb6e37836f7f2e946619895c1b14b8487ef54791a7a99c7ec,11.82,11.82,11.82,5.485213200778245e-10,Elution 2,1.0,0.0,0.0,0.8662058652947666,50.0,50.0,3.935713521712739e-14,4.0,6.0,0.017324117305895313,50.0,0.017324117305895313,0.0,0.018583874895944996,0.018583874895944996,5.485213200778245e-13,5.485213200778245e-13,5.485213200778245e-10
1,R16 independent salt regression,99206e81eaea460fb6e37836f7f2e946619895c1b14b8487ef54791a7a99c7ec,11.85,11.85,11.85,3.2449093251550943e-10,Elution 2,1.0,0.0,0.0,0.6899774888711738,50.0,50.0,2.3179425001084212e-14,4.0,6.0,0.013799549777423457,50.0,0.013799549777423457,0.0,0.014859496263506966,0.014859496263506966,3.2449093251550944e-13,3.2449093251550944e-13,3.2449093251550943e-10
1,R16 independent salt regression,99206e81eaea460fb6e37836f7f2e946619895c1b14b8487ef54791a7a99c7ec,11.88,11.88,11.88,1.9175662105339663e-10,Elution 2,1.0,0.0,0.0,0.5437396210699188,50.0,50.0,1.3642658053986974e-14,4.0,6.0,0.01087479242139836,50.0,0.01087479242139836,0.0,0.01175174922972261,0.01175174922972261,1.9175662105339662e-13,1.9175662105339662e-13,1.9175662105339663e-10
1,R16 independent salt regression,99206e81eaea460fb6e37836f7f2e946619895c1b14b8487ef54791a7a99c7ec,11.91,11.91,11.91,1.1320856218114846e-10,Elution 2,1.0,0.0,0.0,0.4242780074327671,50.0,50.0,8.025092442215853e-15,4.0,6.0,0.008485560148655329,50.0,0.008485560148655329,0.0,0.009199952001119982,0.009199952001119982,1.1320856218114846e-13,1.1320856218114846e-13,1.1320856218114846e-10
1,R16 independent salt regression,99206e81eaea460fb6e37836f7f2e946619895c1b14b8487ef54791a7a99c7ec,11.94,11.94,11.94,6.67769080960297e-11,Elution 2,1.0,0.0,0.0,0.32811416657149484,50.0,50.0,4.718383212446443e-15,4.0,6.0,0.0065622833314298865,50.0,0.0065622833314298865,0.0,0.0071358650012780895,0.0071358650012780895,6.67769080960297e-14,6.67769080960297e-14,6.67769080960297e-11
1,R16 independent salt regression,99206e81eaea460fb6e37836f7f2e946619895c1b14b8487ef54791a7a99c7ec,11.97,11.97,11.97,3.935713521712739e-11,Elution 2,1.0,0.0,0.0,0.2517500634701966,50.0,50.0,2.773087188660898e-15,4.0,6.0,0.0050350012694039235,50.0,0.0050350012694039235,0.0,0.005489413850304922,0.005489413850304922,3.935713521712739e-14,3.935713521712739e-14,3.935713521712739e-11
1,R16 independent salt regression,99206e81eaea460fb6e37836f7f2e946619895c1b14b8487ef54791a7a99c7ec,12.0,12.0,12.0,2.3179425001084213e-11,Elution 2,1.0,0.0,0.0,0.19184927548001976,50.0,50.0,1.6292671215470295e-15,4.0,6.0,0.003836985509600391,50.0,0.003836985509600391,0.0,0.004192689951528893,0.004192689951528893,2.3179425001084212e-14,2.3179425001084212e-14,2.3179425001084213e-11
1,R16 independent salt regression,99206e81eaea460fb6e37836f7f2e946619895c1b14b8487ef54791a7a99c7ec,12.030000000000001,12.030000000000001,12.030000000000001,1.3642658053986974e-11,Elution 2,1.0,0.0,0.0,0.1453672637926191,50.0,50.0,9.569895041536251e-16,4.0,6.0,0.0029073452758523782,50.0,0.0029073452758523782,0.0,0.0031828715387609324,0.0031828715387609324,1.3642658053986974e-14,1.3642658053986974e-14,1.3642658053986974e-11
1,R16 independent salt regression,99206e81eaea460fb6e37836f7f2e946619895c1b14b8487ef54791a7a99c7ec,12.06,12.06,12.06,8.025092442215853e-12,Elution 2,1.0,0.0,0.0,0.10963017290961516,50.0,50.0,5.619956684119037e-16,4.0,6.0,0.0021926034581923005,50.0,0.0021926034581923005,0.0,0.0024041197797099816,0.0024041197797099816,8.025092442215853e-15,8.025092442215853e-15,8.025092442215853e-12
1,R16 independent salt regression,99206e81eaea460fb6e37836f7f2e946619895c1b14b8487ef54791a7a99c7ec,12.09,12.09,12.09,4.7183832124464435e-12,Elution 2,1.0,0.0,0.0,0.08236568892891603,50.0,50.0,3.299837350871045e-16,4.0,6.0,0.0016473137785783184,50.0,0.0016473137785783184,0.0,0.0018084847313036894,0.0018084847313036894,4.718383212446443e-15,4.718383212446443e-15,4.7183832124464435e-12
1,R16 independent salt regression,99206e81eaea460fb6e37836f7f2e946619895c1b14b8487ef54791a7a99c7ec,12.120000000000001,12.120000000000001,12.120000000000001,2.7730871886608977e-12,Elution 2,1.0,0.0,0.0,0.0616958409544385,50.0,50.0,1.9373462775798273e-16,4.0,6.0,0.0012339168190887689,50.0,0.0012339168190887689,0.0,0.001355983715054333,0.001355983715054333,2.773087188660898e-15,2.773087188660898e-15,2.7730871886608977e-12
1,R16 independent salt regression,99206e81eaea460fb6e37836f7f2e946619895c1b14b8487ef54791a7a99c7ec,12.15,12.15,12.15,1.6292671215470294e-12,Elution 2,1.0,0.0,0.0,0.046104257453080326,50.0,50.0,1.137357116319968e-16,4.0,6.0,0.0009220851490616056,50.0,0.0009220851490616056,0.0,0.001014090620072031,0.001014090620072031,1.6292671215470295e-15,1.6292671215470295e-15,1.6292671215470294e-12
1,R16 independent salt regression,99206e81eaea460fb6e37836f7f2e946619895c1b14b8487ef54791a7a99c7ec,12.180000000000001,12.180000000000001,12.180000000000001,9.569895041536251e-13,Elution 2,1.0,0.0,0.0,0.03438967347867355,50.0,50.0,6.676966097652285e-17,4.0,6.0,0.0006877934695734703,50.0,0.0006877934695734703,0.0,0.0007568792932405953,0.0007568792932405953,9.569895041536251e-16,9.569895041536251e-16,9.569895041536251e-13
1,R16 independent salt regression,99206e81eaea460fb6e37836f7f2e946619895c1b14b8487ef54791a7a99c7ec,12.21,12.21,12.21,5.619956684119037e-13,Elution 2,1.0,0.0,0.0,0.02561494512338939,50.0,50.0,3.919854048406336e-17,4.0,6.0,0.0005122989024677871,50.0,0.0005122989024677871,0.0,0.0005640232188679795,0.0005640232188679795,5.619956684119037e-16,5.619956684119037e-16,5.619956684119037e-13
1,R16 independent salt regression,99206e81eaea460fb6e37836f7f2e946619895c1b14b8487ef54791a7a99c7ec,12.24,12.24,12.24,3.299837350871045e-13,Elution 2,1.0,0.0,0.0,0.01905777603052653,50.0,50.0,2.301335517678048e-17,4.0,6.0,0.00038115552061053016,50.0,0.00038115552061053016,0.0,0.00041979427149056454,0.00041979427149056454,3.299837350871045e-16,3.299837350871045e-16,3.299837350871045e-13
1,R16 independent salt regression,99206e81eaea460fb6e37836f7f2e946619895c1b14b8487ef54791a7a99c7ec,12.270000000000001,12.270000000000001,12.270000000000001,1.9373462775798272e-13,Elution 2,1.0,0.0,0.0,0.014166639558014806,50.0,50.0,1.3511755460066941e-17,4.0,6.0,0.0002833327911602958,50.0,0.0002833327911602958,0.0,0.00031214635176467486,0.00031214635176467486,1.9373462775798273e-16,1.9373462775798273e-16,1.9373462775798272e-13
1,R16 independent salt regression,99206e81eaea460fb6e37836f7f2e946619895c1b14b8487ef54791a7a99c7ec,12.3,12.3,12.3,1.137357116319968e-13,Elution 2,1.0,0.0,0.0,0.010523385578243614,50.0,50.0,7.933367710038158e-18,4.0,6.0,0.00021046771156487206,50.0,0.00021046771156487206,0.0,0.00023192541226304208,0.00023192541226304208,1.137357116319968e-16,1.137357116319968e-16,1.137357116319968e-13
1,R16 independent salt regression,99206e81eaea460fb6e37836f7f2e946619895c1b14b8487ef54791a7a99c7ec,12.330000000000002,12.330000000000002,12.330000000000002,6.676966097652285e-14,Elution 2,1.0,0.0,0.0,0.00781265393266732,50.0,50.0,4.65802499533446e-18,4.0,6.0,0.00015625307865334623,50.0,0.00015625307865334623,0.0,0.00017221575912214365,0.00017221575912214365,6.676966097652285e-17,6.676966097652285e-17,6.676966097652285e-14
1,R16 independent salt regression,99206e81eaea460fb6e37836f7f2e946619895c1b14b8487ef54791a7a99c7ec,12.360000000000001,12.36,12.36,3.919854048406499e-14,Elution 2,1.0,0.0,0.0,0.005797546881798581,50.0,50.0,2.7348043237679453e-18,4.0,6.0,0.00011595093763597154,50.0,0.00011595093763597154,0.0,0.00012781566794840116,0.00012781566794840116,3.9198540484064994e-17,3.9198540484064994e-17,3.919854048406499e-14
1,R16 independent salt regression,99206e81eaea460fb6e37836f7f2e946619895c1b14b8487ef54791a7a99c7ec,12.389999999999999,12.39,12.39,2.3013355176780482e-14,Elution 2,1.0,0.0,0.0,0.0043006238612408,50.0,50.0,1.6055172537220614e-18,4.0,6.0,8.601247722481594e-05,50.0,8.601247722481594e-05,0.0,9.482521635452246e-05,9.482521635452246e-05,2.301335517678048e-17,2.301335517678048e-17,2.3013355176780482e-14
1,R16 independent salt regression,99206e81eaea460fb6e37836f7f2e946619895c1b14b8487ef54791a7a99c7ec,12.42,12.420000000000002,12.420000000000002,1.3511755460066941e-14,Elution 2,1.0,0.0,0.0,0.003189277357551423,50.0,50.0,9.42446015710098e-19,4.0,6.0,6.378554715102841e-05,50.0,6.378554715102841e-05,0.0,7.032771948687231e-05,7.032771948687231e-05,1.3511755460066941e-17,1.3511755460066941e-17,1.3511755460066941e-14
1,R16 independent salt regression,99206e81eaea460fb6e37836f7f2e946619895c1b14b8487ef54791a7a99c7ec,12.45,12.45,12.45,7.933367710038487e-15,Elution 2,1.0,0.0,0.0,0.002364576624612081,50.0,50.0,5.531514783001464e-19,4.0,6.0,4.729153249224159e-05,50.0,4.729153249224159e-05,0.0,5.214596012098799e-05,5.214596012098799e-05,7.933367710038488e-18,7.933367710038488e-18,7.933367710038487e-15
1,R16 independent salt regression,99206e81eaea460fb6e37836f7f2e946619895c1b14b8487ef54791a7a99c7ec,12.48,12.48,12.48,4.658024995334653e-15,Elution 2,1.0,0.0,0.0,0.0017528161469536805,50.0,50.0,3.2462270144591795e-19,4.0,6.0,3.505632293907358e-05,50.0,3.505632293907358e-05,0.0,3.865711605998286e-05,3.865711605998286e-05,4.658024995334653e-18,4.658024995334653e-18,4.658024995334653e-15
1,R16 independent salt regression,99206e81eaea460fb6e37836f7f2e946619895c1b14b8487ef54791a7a99c7ec,12.51,12.51,12.51,2.7348043237679454e-15,Elution 2,1.0,0.0,0.0,0.001299149360107066,50.0,50.0,1.9048750520776934e-19,4.0,6.0,2.5982987202141302e-05,50.0,2.5982987202141302e-05,0.0,2.865313656561635e-05,2.865313656561635e-05,2.7348043237679453e-18,2.7348043237679453e-18,2.7348043237679454e-15
1,R16 independent salt regression,99206e81eaea460fb6e37836f7f2e946619895c1b14b8487ef54791a7a99c7ec,12.54,12.54,12.54,1.6055172537221284e-15,Elution 2,1.0,0.0,0.0,0.0009627981986968953,50.0,50.0,1.1176711598501219e-19,4.0,6.0,1.9255963973937885e-05,50.0,1.9255963973937885e-05,0.0,2.123556309740131e-05,2.123556309740131e-05,1.6055172537221284e-18,1.6055172537221284e-18,1.6055172537221284e-15
1,R16 independent salt regression,99206e81eaea460fb6e37836f7f2e946619895c1b14b8487ef54791a7a99c7ec,12.57,12.57,12.57,9.424460157101372e-16,Elution 2,1.0,0.0,0.0,0.0007134693003055286,50.0,50.0,6.557409518140973e-20,4.0,6.0,1.4269386006110553e-05,50.0,1.4269386006110553e-05,0.0,1.5736773649383854e-05,1.5736773649383854e-05,9.424460157101372e-19,9.424460157101372e-19,9.424460157101372e-16
1,R16 independent salt regression,99206e81eaea460fb6e37836f7f2e946619895c1b14b8487ef54791a7a99c7ec,12.6,12.6,12.6,5.531514783001464e-16,Elution 2,1.0,0.0,0.0,0.0005286747750018297,50.0,50.0,3.8471589803737504e-20,4.0,6.0,1.0573495500036582e-05,50.0,1.0573495500036582e-05,0.0,1.1661064507052432e-05,1.1661064507052432e-05,5.531514783001464e-19,5.531514783001464e-19,5.531514783001464e-16
1,R16 independent salt regression,99206e81eaea460fb6e37836f7f2e946619895c1b14b8487ef54791a7a99c7ec,12.63,12.63,12.63,3.2462270144591794e-16,Elution 2,1.0,0.0,0.0,0.00039172430215055943,50.0,50.0,2.2571851066696677e-20,4.0,6.0,7.834486043011177e-06,50.0,7.834486043011177e-06,0.0,8.640468505371197e-06,8.640468505371197e-06,3.2462270144591795e-19,3.2462270144591795e-19,3.2462270144591794e-16
1,R16 independent salt regression,99206e81eaea460fb6e37836f7f2e946619895c1b14b8487ef54791a7a99c7ec,12.66,12.66,12.66,1.9048750520776934e-16,Elution 2,1.0,0.0,0.0,0.0002902386114745299,50.0,50.0,1.3245177316396146e-20,4.0,6.0,5.804772229490589e-06,50.0,5.804772229490589e-06,0.0,6.402028246053517e-06,6.402028246053517e-06,1.9048750520776934e-19,1.9048750520776934e-19,1.9048750520776934e-16
1,R16 independent salt regression,99206e81eaea460fb6e37836f7f2e946619895c1b14b8487ef54791a7a99c7ec,12.69,12.69,12.69,1.117671159850122e-16,Elution 2,1.0,0.0,0.0,0.00021503958703391812,50.0,50.0,7.774333973378325e-21,4.0,6.0,4.300791740678355e-06,50.0,4.300791740678355e-06,0.0,4.743350758060623e-06,4.743350758060623e-06,1.1176711598501219e-19,1.1176711598501219e-19,1.117671159850122e-16
1,R16 independent salt regression,99206e81eaea460fb6e37836f7f2e946619895c1b14b8487ef54791a7a99c7ec,12.72,12.72,12.72,6.557409518140972e-17,Elution 2,1.0,0.0,0.0,0.0001593209229301835,50.0,50.0,4.564608947231023e-21,4.0,6.0,3.1864184586036646e-06,50.0,3.1864184586036646e-06,0.0,3.514334728483809e-06,3.514334728483809e-06,6.557409518140973e-20,6.557409518140973e-20,6.557409518140972e-17
1,R16 independent salt regression,99206e81eaea460fb6e37836f7f2e946619895c1b14b8487ef54791a7a99c7ec,12.75,12.75,12.75,3.8471589803737505e-17,Elution 2,1.0,0.0,0.0,0.00011803709330157727,50.0,50.0,2.6807365471402258e-21,4.0,6.0,2.3607418660315424e-06,50.0,2.3607418660315424e-06,0.0,2.6037036963173295e-06,2.6037036963173295e-06,3.8471589803737504e-20,3.8471589803737504e-20,3.8471589803737505e-17
1,R16 independent salt regression,99206e81eaea460fb6e37836f7f2e946619895c1b14b8487ef54791a7a99c7ec,12.780000000000001,12.780000000000001,12.780000000000001,2.2571851066696677e-17,Elution 2,1.0,0.0,0.0,8.744968701909532e-05,50.0,50.0,1.5745489360739143e-21,4.0,6.0,1.7489937403819037e-06,50.0,1.7489937403819037e-06,0.0,1.929005433341275e-06,1.929005433341275e-06,2.2571851066696677e-20,2.2571851066696677e-20,2.2571851066696677e-17
1,R16 independent salt regression,99206e81eaea460fb6e37836f7f2e946619895c1b14b8487ef54791a7a99c7ec,12.81,12.81,12.81,1.3245177316396147e-17,Elution 2,1.0,0.0,0.0,6.478897643253412e-05,50.0,50.0,9.247926815952344e-22,4.0,6.0,1.295779528650681e-06,50.0,1.295779528650681e-06,0.0,1.4291504703863789e-06,1.4291504703863789e-06,1.3245177316396146e-20,1.3245177316396146e-20,1.3245177316396147e-17
1,R16 independent salt regression,99206e81eaea460fb6e37836f7f2e946619895c1b14b8487ef54791a7a99c7ec,12.84,12.84,12.84,7.774333973378324e-18,Elution 2,1.0,0.0,0.0,4.799991794367466e-05,50.0,50.0,5.430857165191759e-22,4.0,6.0,9.599983588734916e-07,50.0,9.599983588734916e-07,0.0,1.05881137468919e-06,1.05881137468919e-06,7.774333973378325e-21,7.774333973378325e-21,7.774333973378324e-18
1,R16 independent salt regression,99206e81eaea460fb6e37836f7f2e946619895c1b14b8487ef54791a7a99c7ec,12.870000000000001,12.870000000000001,12.870000000000001,4.564608947231023e-18,Elution 2,1.0,0.0,0.0,3.5561159980911494e-05,50.0,50.0,3.188597900461265e-22,4.0,6.0,7.112231996182291e-07,50.0,7.112231996182291e-07,0.0,7.844314365222915e-07,7.844314365222915e-07,4.564608947231023e-21,4.564608947231023e-21,4.564608947231023e-18
1,R16 independent salt regression,99206e81eaea460fb6e37836f7f2e946619895c1b14b8487ef54791a7a99c7ec,12.9,12.9,12.9,2.680736547140226e-18,Elution 2,1.0,0.0,0.0,2.6345605849926996e-05,50.0,50.0,1.8716867387997374e-22,4.0,6.0,5.269121169985391e-07,50.0,5.269121169985391e-07,0.0,5.811496706104442e-07,5.811496706104442e-07,2.6807365471402258e-21,2.6807365471402258e-21,2.680736547140226e-18
1,R16 independent salt regression,99206e81eaea460fb6e37836f7f2e946619895c1b14b8487ef54791a7a99c7ec,12.930000000000001,12.930000000000001,12.930000000000001,1.5745489360739142e-18,Elution 2,1.0,0.0,0.0,1.9519013156064194e-05,50.0,50.0,1.0984372196794368e-22,4.0,6.0,3.9038026312128313e-07,50.0,3.9038026312128313e-07,0.0,4.305644971771079e-07,4.305644971771079e-07,1.5745489360739143e-21,1.5745489360739143e-21,1.5745489360739142e-18
1,R16 independent salt regression,99206e81eaea460fb6e37836f7f2e946619895c1b14b8487ef54791a7a99c7ec,12.96,12.96,12.96,9.247926815952345e-19,Elution 2,1.0,0.0,0.0,1.4461882253360836e-05,50.0,50.0,6.445147099424725e-23,4.0,6.0,2.892376450672162e-07,50.0,2.892376450672162e-07,0.0,3.1901096156479626e-07,3.1901096156479626e-07,9.247926815952344e-22,9.247926815952344e-22,9.247926815952345e-19
1,R16 independent salt regression,99206e81eaea460fb6e37836f7f2e946619895c1b14b8487ef54791a7a99c7ec,12.99,12.99,12.99,5.430857165191759e-19,Elution 2,1.0,0.0,0.0,1.0714857993983238e-05,50.0,50.0,3.781046901450891e-23,4.0,6.0,2.142971598796645e-07,50.0,2.142971598796645e-07,0.0,2.3635649450948923e-07,2.3635649450948923e-07,5.430857165191759e-22,5.430857165191759e-22,5.430857165191759e-19
1,R16 independent salt regression,99206e81eaea460fb6e37836f7f2e946619895c1b14b8487ef54791a7a99c7ec,13.020000000000001,13.020000000000001,13.020000000000001,3.1885979004612653e-19,Elution 2,1.0,0.0,0.0,7.938471189854523e-06,50.0,50.0,2.2178194546921793e-23,4.0,6.0,1.587694237970902e-07,50.0,1.587694237970902e-07,0.0,1.7511294698838573e-07,1.7511294698838573e-07,3.188597900461265e-22,3.188597900461265e-22,3.1885979004612653e-19
1,R16 independent salt regression,99206e81eaea460fb6e37836f7f2e946619895c1b14b8487ef54791a7a99c7ec,13.05,13.05,13.05,1.8716867387997373e-19,Elution 2,1.0,0.0,0.0,5.88153320571674e-06,50.0,50.0,1.3007686728600497e-23,4.0,6.0,1.1763066411433461e-07,50.0,1.1763066411433461e-07,0.0,1.2973947604282273e-07,1.2973947604282273e-07,1.8716867387997374e-22,1.8716867387997374e-22,1.8716867387997373e-19
1,R16 independent salt regression,99206e81eaea460fb6e37836f7f2e946619895c1b14b8487ef54791a7a99c7ec,13.080000000000002,13.080000000000002,13.080000000000002,1.0984372196794368e-19,Elution 2,1.0,0.0,0.0,4.358228276526393e-06,50.0,50.0,7.629058856028257e-24,4.0,6.0,8.716456553052777e-08,50.0,8.716456553052777e-08,0.0,9.61372535712148e-08,9.61372535712148e-08,1.0984372196794368e-22,1.0984372196794368e-22,1.0984372196794368e-19
1,R16 independent salt regression,99206e81eaea460fb6e37836f7f2e946619895c1b14b8487ef54791a7a99c7ec,13.110000000000001,13.11,13.11,6.445147099424992e-20,Elution 2,1.0,0.0,0.0,3.23000194701834e-06,50.0,50.0,4.474960180267648e-24,4.0,6.0,6.460003894036672e-08,50.0,6.460003894036672e-08,0.0,7.124996208110794e-08,7.124996208110794e-08,6.445147099424993e-23,6.445147099424993e-23,6.445147099424992e-20
1,R16 independent salt regression,99206e81eaea460fb6e37836f7f2e946619895c1b14b8487ef54791a7a99c7ec,13.139999999999999,13.14,13.14,3.781046901450891e-20,Elution 2,1.0,0.0,0.0,2.3939390802558166e-06,50.0,50.0,2.625507190047436e-24,4.0,6.0,4.787878160511625e-08,50.0,4.787878160511625e-08,0.0,5.280743149076694e-08,5.280743149076694e-08,3.781046901450891e-23,3.781046901450891e-23,3.781046901450891e-20
1,R16 independent salt regression,99206e81eaea460fb6e37836f7f2e946619895c1b14b8487ef54791a7a99c7ec,13.17,13.170000000000002,13.170000000000002,2.2178194546921792e-20,Elution 2,1.0,0.0,0.0,1.7741172778246488e-06,50.0,50.0,1.540937023198887e-24,4.0,6.0,3.548234555649293e-08,50.0,3.548234555649293e-08,0.0,3.913491136226742e-08,3.913491136226742e-08,2.2178194546921793e-23,2.2178194546921793e-23,2.2178194546921792e-20
1,R16 independent salt regression,99206e81eaea460fb6e37836f7f2e946619895c1b14b8487ef54791a7a99c7ec,13.2,13.2,13.2,1.3007686728601039e-20,Elution 2,1.0,0.0,0.0,1.314655085723965e-06,50.0,50.0,9.046975069138411e-25,4.0,6.0,2.6293101714479284e-08,50.0,2.6293101714479284e-08,0.0,2.8999727292265917e-08,2.8999727292265917e-08,1.3007686728601039e-23,1.3007686728601039e-23,1.3007686728601039e-20
1,R16 independent salt regression,99206e81eaea460fb6e37836f7f2e946619895c1b14b8487ef54791a7a99c7ec,13.23,13.23,13.23,7.629058856028577e-21,Elution 2,1.0,0.0,0.0,9.742152168319033e-07,50.0,50.0,5.31285218175638e-25,4.0,6.0,1.9484304336638043e-08,50.0,1.9484304336638043e-08,0.0,2.1490030764070354e-08,2.1490030764070354e-08,7.629058856028576e-24,7.629058856028576e-24,7.629058856028577e-21
1,R16 independent salt regression,99206e81eaea460fb6e37836f7f2e946619895c1b14b8487ef54791a7a99c7ec,13.26,13.26,13.26,4.474960180267648e-21,Elution 2,1.0,0.0,0.0,7.221585012498716e-07,50.0,50.0,3.120313330593646e-25,4.0,6.0,1.4443170024997405e-08,50.0,1.4443170024997405e-08,0.0,1.5929959986451796e-08,1.5929959986451796e-08,4.474960180267648e-24,4.474960180267648e-24,4.474960180267648e-21
1,R16 independent salt regression,99206e81eaea460fb6e37836f7f2e946619895c1b14b8487ef54791a7a99c7ec,13.29,13.29,13.29,2.6255071900475454e-21,Elution 2,1.0,0.0,0.0,5.358109652404181e-07,50.0,50.0,1.8325676447441715e-25,4.0,6.0,1.0716219304808335e-08,50.0,1.0716219304808335e-08,0.0,1.1819354858511036e-08,1.1819354858511036e-08,2.6255071900475455e-24,2.6255071900475455e-24,2.6255071900475454e-21
1,R16 independent salt regression,99206e81eaea460fb6e37836f7f2e946619895c1b14b8487ef54791a7a99c7ec,13.32,13.32,13.32,1.5409370231989511e-21,Elution 2,1.0,0.0,0.0,3.9798674578377095e-07,50.0,50.0,1.0761581485944555e-25,4.0,6.0,7.959734915675411e-09,50.0,7.959734915675411e-09,0.0,8.779116325918051e-09,8.779116325918051e-09,1.5409370231989512e-24,1.5409370231989512e-24,1.5409370231989511e-21
1,R16 independent salt regression,99206e81eaea460fb6e37836f7f2e946619895c1b14b8487ef54791a7a99c7ec,13.35,13.35,13.35,9.04697506913841e-22,Elution 2,1.0,0.0,0.0,2.955865279540058e-07,50.0,50.0,6.318706542802377e-26,4.0,6.0,5.911730559080121e-09,50.0,5.911730559080121e-09,0.0,6.520289113202603e-09,6.520289113202603e-09,9.046975069138411e-25,9.046975069138411e-25,9.04697506913841e-22
1,R16 independent salt regression,99206e81eaea460fb6e37836f7f2e946619895c1b14b8487ef54791a7a99c7ec,13.38,13.38,13.38,5.31285218175638e-22,Elution 2,1.0,0.0,0.0,2.1954202473678224e-07,50.0,50.0,3.70947534653917e-26,4.0,6.0,4.39084049473565e-09,50.0,4.39084049473565e-09,0.0,4.842837579017233e-09,4.842837579017233e-09,5.31285218175638e-25,5.31285218175638e-25,5.31285218175638e-22
1,R16 independent salt regression,99206e81eaea460fb6e37836f7f2e946619895c1b14b8487ef54791a7a99c7ec,13.41,13.41,13.41,3.1203133305936463e-22,Elution 2,1.0,0.0,0.0,1.6293709914946033e-07,50.0,50.0,2.177394116088461e-26,4.0,6.0,3.2587419829892024e-09,50.0,3.2587419829892024e-09,0.0,3.5941999513468087e-09,3.5941999513468087e-09,3.120313330593646e-25,3.120313330593646e-25,3.1203133305936463e-22
1,R16 independent salt regression,99206e81eaea460fb6e37836f7f2e946619895c1b14b8487ef54791a7a99c7ec,13.44,13.44,13.44,1.8325676447441715e-22,Elution 2,1.0,0.0,0.0,1.2082351920187336e-07,50.0,50.0,1.2779466509198912e-26,4.0,6.0,2.4164703840374583e-09,50.0,2.4164703840374583e-09,0.0,2.6652242047751132e-09,2.6652242047751132e-09,1.8325676447441715e-25,1.8325676447441715e-25,1.8325676447441715e-22
1,R16 independent salt regression,99206e81eaea460fb6e37836f7f2e946619895c1b14b8487ef54791a7a99c7ec,13.47,13.47,13.47,1.0761581485944555e-22,Elution 2,1.0,0.0,0.0,8.959433393454476e-08,50.0,50.0,7.49978597817182e-27,4.0,6.0,1.791886678690886e-09,50.0,1.791886678690886e-09,0.0,1.9763453133085046e-09,1.9763453133085046e-09,1.0761581485944555e-25,1.0761581485944555e-25,1.0761581485944555e-22
1,R16 independent salt regression,99206e81eaea460fb6e37836f7f2e946619895c1b14b8487ef54791a7a99c7ec,13.5,13.5,13.5,6.318706542802376e-23,Elution 2,1.0,0.0,0.0,6.655173720694591e-08,50.0,50.0,4.401035132396533e-27,4.0,6.0,1.3310347441389133e-09,50.0,1.3310347441389133e-09,0.0,1.4680528750492352e-09,1.4680528750492352e-09,6.318706542802377e-26,6.318706542802377e-26,6.318706542802376e-23
1,R16 independent salt regression,99206e81eaea460fb6e37836f7f2e946619895c1b14b8487ef54791a7a99c7ec,13.530000000000001,13.530000000000001,13.530000000000001,3.70947534653917e-23,Elution 2,1.0,0.0,0.0,4.9649281330470795e-08,50.0,50.0,2.5825144698997997e-27,4.0,6.0,9.929856266094182e-10,50.0,9.929856266094182e-10,0.0,1.0952046876487376e-09,1.0952046876487376e-09,3.70947534653917e-26,3.70947534653917e-26,3.70947534653917e-23
1,R16 independent salt regression,99206e81eaea460fb6e37836f7f2e946619895c1b14b8487ef54791a7a99c7ec,13.56,13.56,13.56,2.177394116088461e-23,Elution 2,1.0,0.0,0.0,3.744785046842414e-08,50.0,50.0,1.5154091621310355e-27,4.0,6.0,7.489570093684949e-10,50.0,7.489570093684949e-10,0.0,8.260555383979548e-10,8.260555383979548e-10,2.177394116088461e-26,2.177394116088461e-26,2.177394116088461e-23
1,R16 independent salt regression,99206e81eaea460fb6e37836f7f2e946619895c1b14b8487ef54791a7a99c7ec,13.59,13.59,13.59,1.2779466509198913e-23,Elution 2,1.0,0.0,0.0,2.8277935700329626e-08,50.0,50.0,8.892861486325168e-28,4.0,6.0,5.655587140066045e-10,50.0,5.655587140066045e-10,0.0,6.237779613576283e-10,6.237779613576283e-10,1.2779466509198912e-26,1.2779466509198912e-26,1.2779466509198913e-23
1,R16 independent salt regression,99206e81eaea460fb6e37836f7f2e946619895c1b14b8487ef54791a7a99c7ec,13.620000000000001,13.620000000000001,13.620000000000001,7.49978597817182e-24,Elution 2,1.0,0.0,0.0,2.1767469570875427e-08,50.0,50.0,5.219183872450343e-28,4.0,6.0,4.3534939141752124e-10,50.0,4.3534939141752124e-10,0.0,4.80164700655762e-10,4.80164700655762e-10,7.49978597817182e-27,7.49978597817182e-27,7.49978597817182e-24
1,R16 independent salt regression,99206e81eaea460fb6e37836f7f2e946619895c1b14b8487ef54791a7a99c7ec,13.65,13.65,13.65,4.401035132396534e-24,Elution 2,1.0,0.0,0.0,1.6564436181179664e-08,50.0,50.0,3.0635402335900746e-28,4.0,6.0,3.3128872362360145e-10,50.0,3.3128872362360145e-10,0.0,3.6539186370647704e-10,3.6539186370647704e-10,4.401035132396533e-27,4.401035132396533e-27,4.401035132396534e-24
1,R16 independent salt regression,99206e81eaea460fb6e37836f7f2e946619895c1b14b8487ef54791a7a99c7ec,13.680000000000001,13.680000000000001,13.680000000000001,2.5825144698997996e-24,Elution 2,1.0,0.0,0.0,1.2726616251662375e-08,50.0,50.0,1.7984470216470011e-28,4.0,6.0,2.5453232503324787e-10,50.0,2.5453232503324787e-10,0.0,2.8073405069327793e-10,2.8073405069327793e-10,2.5825144698997997e-27,2.5825144698997997e-27,2.5825144698997996e-24
1,R16 independent salt regression,99206e81eaea460fb6e37836f7f2e946619895c1b14b8487ef54791a7a99c7ec,13.71,13.71,13.71,1.5154091621310355e-24,Elution 2,1.0,0.0,0.0,9.608397864671765e-09,50.0,50.0,1.0558602256109684e-28,4.0,6.0,1.9216795729342947e-10,50.0,1.9216795729342947e-10,0.0,2.1194988967688767e-10,2.1194988967688767e-10,1.5154091621310355e-27,1.5154091621310355e-27,1.5154091621310355e-24
1,R16 independent salt regression,99206e81eaea460fb6e37836f7f2e946619895c1b14b8487ef54791a7a99c7ec,13.74,13.74,13.74,8.892861486325168e-25,Elution 2,1.0,0.0,0.0,7.1735667155947925e-09,50.0,50.0,6.199103032152524e-29,4.0,6.0,1.4347133431188403e-10,50.0,1.4347133431188403e-10,0.0,1.5824046089617355e-10,1.5824046089617355e-10,8.892861486325168e-28,8.892861486325168e-28,8.892861486325168e-25
1,R16 independent salt regression,99206e81eaea460fb6e37836f7f2e946619895c1b14b8487ef54791a7a99c7ec,13.770000000000001,13.770000000000001,13.770000000000001,5.219183872450343e-25,Elution 2,1.0,0.0,0.0,5.298745277204959e-09,50.0,50.0,3.6395501004294784e-29,4.0,6.0,1.0597490554408623e-10,50.0,1.0597490554408623e-10,0.0,1.168841831984389e-10,1.168841831984389e-10,5.219183872450343e-28,5.219183872450343e-28,5.219183872450343e-25
1,R16 independent salt regression,99206e81eaea460fb6e37836f7f2e946619895c1b14b8487ef54791a7a99c7ec,13.8,13.8,13.8,3.0635402335900747e-25,Elution 2,1.0,0.0,0.0,3.892550616555166e-09,50.0,50.0,2.136742759707316e-29,4.0,6.0,7.78510123310937e-11,50.0,7.78510123310937e-11,0.0,8.58652396113361e-11,8.58652396113361e-11,3.0635402335900746e-28,3.0635402335900746e-28,3.0635402335900747e-25
1,R16 independent salt regression,99206e81eaea460fb6e37836f7f2e946619895c1b14b8487ef54791a7a99c7ec,13.830000000000002,13.830000000000002,13.830000000000002,1.7984470216470012e-25,Elution 2,1.0,0.0,0.0,2.8750193548589123e-09,50.0,50.0,1.2544049709755928e-29,4.0,6.0,5.750038709717533e-11,50.0,5.750038709717533e-11,0.0,6.34196795569423e-11,6.34196795569423e-11,1.7984470216470011e-28,1.7984470216470011e-28,1.7984470216470012e-25
1,R16 independent salt regression,99206e81eaea460fb6e37836f7f2e946619895c1b14b8487ef54791a7a99c7ec,13.860000000000001,13.86,13.86,1.0558602256110127e-25,Elution 2,1.0,0.0,0.0,2.154752275988542e-09,50.0,50.0,7.363830818475803e-30,4.0,6.0,4.309504551977593e-11,50.0,4.309504551977593e-11,0.0,4.753135928868939e-11,4.753135928868939e-11,1.0558602256110126e-28,1.0558602256110126e-28,1.0558602256110127e-25
1,R16 independent salt regression,99206e81eaea460fb6e37836f7f2e946619895c1b14b8487ef54791a7a99c7ec,13.889999999999999,13.89,13.89,6.199103032152524e-26,Elution 2,1.0,0.0,0.0,1.6758675896732264e-09,50.0,50.0,4.3226723528799364e-30,4.0,6.0,3.3517351793475775e-11,50.0,3.3517351793475775e-11,0.0,3.696763273507801e-11,3.696763273507801e-11,6.199103032152524e-29,6.199103032152524e-29,6.199103032152524e-26
1,R16 independent salt regression,99206e81eaea460fb6e37836f7f2e946619895c1b14b8487ef54791a7a99c7ec,13.92,13.920000000000002,13.920000000000002,3.6395501004294785e-26,Elution 2,1.0,0.0,0.0,1.3587969829630431e-09,50.0,50.0,2.5373882409850866e-30,4.0,6.0,2.7175939659277332e-11,50.0,2.7175939659277332e-11,0.0,2.997331605378925e-11,2.997331605378925e-11,3.6395501004294784e-29,3.6395501004294784e-29,3.6395501004294785e-26
1,R16 independent salt regression,99206e81eaea460fb6e37836f7f2e946619895c1b14b8487ef54791a7a99c7ec,13.95,13.95,13.95,2.1367427597074048e-26,Elution 2,1.0,0.0,0.0,1.1300014677624464e-09,50.0,50.0,1.4894032466262796e-30,4.0,6.0,2.2600029355271e-11,50.0,2.2600029355271e-11,0.0,2.4926251244982194e-11,2.4926251244982194e-11,2.1367427597074048e-29,2.1367427597074048e-29,2.1367427597074048e-26
1,R16 independent salt regression,99206e81eaea460fb6e37836f7f2e946619895c1b14b8487ef54791a7a99c7ec,13.98,13.98,13.98,1.2544049709756451e-26,Elution 2,1.0,0.0,0.0,9.45283753824268e-10,50.0,50.0,8.742452020345649e-31,4.0,6.0,1.890567507650738e-11,50.0,1.890567507650738e-11,0.0,2.0851545343637608e-11,2.0851545343637608e-11,1.2544049709756451e-29,1.2544049709756451e-29,1.2544049709756451e-26
1,R16 independent salt regression,99206e81eaea460fb6e37836f7f2e946619895c1b14b8487ef54791a7a99c7ec,14.01,14.01,14.01,7.363830818475803e-27,Elution 2,1.0,0.0,0.0,7.574700091980175e-10,50.0,50.0,5.131613837184705e-31,4.0,6.0,1.5149400183972917e-11,50.0,1.5149400183972917e-11,0.0,1.6708652868365247e-11,1.6708652868365247e-11,7.363830818475803e-30,7.363830818475803e-30,7.363830818475803e-27
1,R16 independent salt regression,99206e81eaea460fb6e37836f7f2e946619895c1b14b8487ef54791a7a99c7ec,14.04,14.04,14.04,4.322672352880117e-27,Elution 2,1.0,0.0,0.0,6.013893271531106e-10,50.0,50.0,3.0121573397058966e-31,4.0,6.0,1.2027786543067428e-11,50.0,1.2027786543067428e-11,0.0,1.3265733659350677e-11,1.3265733659350677e-11,4.3226723528801164e-30,4.3226723528801164e-30,4.322672352880117e-27
1,R16 independent salt regression,99206e81eaea460fb6e37836f7f2e946619895c1b14b8487ef54791a7a99c7ec,14.07,14.07,14.07,2.537388240985192e-27,Elution 2,1.0,0.0,0.0,4.5799375941625087e-10,50.0,50.0,1.768098903313549e-31,4.0,6.0,9.159875188322962e-12,50.0,9.159875188322962e-12,0.0,1.010265129512877e-11,1.010265129512877e-11,2.537388240985192e-30,2.537388240985192e-30,2.537388240985192e-27
1,R16 independent salt regression,99206e81eaea460fb6e37836f7f2e946619895c1b14b8487ef54791a7a99c7ec,14.1,14.1,14.1,1.4894032466262795e-27,Elution 2,1.0,0.0,0.0,3.2565997911066876e-10,50.0,50.0,1.0378677016995243e-31,4.0,6.0,6.5131995822036735e-12,50.0,6.5131995822036735e-12,0.0,7.183619905847214e-12,7.183619905847214e-12,1.4894032466262796e-30,1.4894032466262796e-30,1.4894032466262795e-27
1,R16 independent salt regression,99206e81eaea460fb6e37836f7f2e946619895c1b14b8487ef54791a7a99c7ec,14.13,14.13,14.13,8.742452020345648e-28,Elution 2,1.0,0.0,0.0,2.1232601063016882e-10,50.0,50.0,6.092344390466633e-32,4.0,6.0,4.246520212586948e-12,50.0,4.246520212586948e-12,0.0,4.6837358258087734e-12,4.6837358258087734e-12,8.742452020345649e-31,8.742452020345649e-31,8.742452020345648e-28
1,R16 independent salt regression,99206e81eaea460fb6e37836f7f2e946619895c1b14b8487ef54791a7a99c7ec,14.16,14.16,14.16,5.131613837184705e-28,Elution 2,1.0,0.0,0.0,8.411900903462475e-11,50.0,50.0,3.576295953277094e-32,4.0,6.0,1.6823801806712578e-12,50.0,1.6823801806712578e-12,0.0,1.855734324000244e-12,1.855734324000244e-12,5.131613837184705e-31,5.131613837184705e-31,5.131613837184705e-28
1,R16 independent salt regression,99206e81eaea460fb6e37836f7f2e946619895c1b14b8487ef54791a7a99c7ec,14.19,14.19,14.19,3.0121573397058967e-28,Elution 2,1.0,0.0,0.0,-1.775315904786658e-11,50.0,50.0,2.0993638804601478e-32,4.0,6.0,0.0,50.0,0.0,0.0,0.0,0.0,3.0121573397058966e-31,3.0121573397058966e-31,3.0121573397058967e-28
1,R16 independent salt regression,99206e81eaea460fb6e37836f7f2e946619895c1b14b8487ef54791a7a99c7ec,14.22,14.22,14.22,1.768098903313549e-28,Elution 2,1.0,0.0,0.0,-6.734976453681769e-11,50.0,50.0,1.2323821000613315e-32,4.0,6.0,0.0,50.0,0.0,0.0,0.0,0.0,1.768098903313549e-31,1.768098903313549e-31,1.768098903313549e-28
1,R16 independent salt regression,99206e81eaea460fb6e37836f7f2e946619895c1b14b8487ef54791a7a99c7ec,14.25,14.25,14.25,1.0378677016995243e-28,Elution 2,1.0,0.0,0.0,-8.617533066991628e-11,50.0,50.0,7.234430899332691e-33,4.0,6.0,0.0,50.0,0.0,0.0,0.0,0.0,1.0378677016995243e-31,1.0378677016995243e-31,1.0378677016995243e-28
1,R16 independent salt regression,99206e81eaea460fb6e37836f7f2e946619895c1b14b8487ef54791a7a99c7ec,14.280000000000001,14.280000000000001,14.280000000000001,6.092344390466633e-29,Elution 2,1.0,0.0,0.0,-1.1606828616569798e-10,50.0,50.0,4.246809959222203e-33,4.0,6.0,0.0,50.0,0.0,0.0,0.0,0.0,6.092344390466633e-32,6.092344390466633e-32,6.092344390466633e-29
1,R16 independent salt regression,99206e81eaea460fb6e37836f7f2e946619895c1b14b8487ef54791a7a99c7ec,14.31,14.31,14.31,3.576295953277094e-29,Elution 2,1.0,0.0,0.0,-1.1949133921953347e-10,50.0,50.0,2.492983133580994e-33,4.0,6.0,0.0,50.0,0.0,0.0,0.0,0.0,3.576295953277094e-32,3.576295953277094e-32,3.576295953277094e-29
1,R16 independent salt regression,99206e81eaea460fb6e37836f7f2e946619895c1b14b8487ef54791a7a99c7ec,14.34,14.34,14.34,2.0993638804601477e-29,Elution 2,1.0,0.0,0.0,-9.056398252286076e-11,50.0,50.0,1.4634338075389328e-33,4.0,6.0,0.0,50.0,0.0,0.0,0.0,0.0,2.0993638804601478e-32,2.0993638804601478e-32,2.0993638804601477e-29
1,R16 independent salt regression,99206e81eaea460fb6e37836f7f2e946619895c1b14b8487ef54791a7a99c7ec,14.370000000000001,14.370000000000001,14.370000000000001,1.2323821000613315e-29,Elution 2,1.0,0.0,0.0,-6.469488920163932e-11,50.0,50.0,8.590606033613426e-34,4.0,6.0,0.0,50.0,0.0,0.0,0.0,0.0,1.2323821000613315e-32,1.2323821000613315e-32,1.2323821000613315e-29
1,R16 independent salt regression,99206e81eaea460fb6e37836f7f2e946619895c1b14b8487ef54791a7a99c7ec,14.4,14.4,14.4,7.234430899332691e-30,Elution 2,1.0,0.0,0.0,-3.9275515562705194e-11,50.0,50.0,5.042799815789837e-34,4.0,6.0,0.0,50.0,0.0,0.0,0.0,0.0,7.234430899332691e-33,7.234430899332691e-33,7.234430899332691e-30
1,R16 independent salt regression,99206e81eaea460fb6e37836f7f2e946619895c1b14b8487ef54791a7a99c7ec,14.430000000000001,14.430000000000001,14.430000000000001,4.246809959222203e-30,Elution 2,1.0,0.0,0.0,-1.1808965469802347e-11,50.0,50.0,2.960175251346032e-34,4.0,6.0,0.0,50.0,0.0,0.0,0.0,0.0,4.246809959222203e-33,4.246809959222203e-33,4.246809959222203e-30
1,R16 independent salt regression,99206e81eaea460fb6e37836f7f2e946619895c1b14b8487ef54791a7a99c7ec,14.46,14.46,14.46,2.492983133580994e-30,Elution 2,1.0,0.0,0.0,1.4968346416678032e-11,50.0,50.0,1.737647172831027e-34,4.0,6.0,2.9936692834312275e-13,50.0,2.9936692834312275e-13,0.0,3.300377276737284e-13,3.300377276737284e-13,2.492983133580994e-33,2.492983133580994e-33,2.492983133580994e-30
1,R16 independent salt regression,99206e81eaea460fb6e37836f7f2e946619895c1b14b8487ef54791a7a99c7ec,14.49,14.49,14.49,1.4634338075389327e-30,Elution 2,1.0,0.0,0.0,4.237551428127179e-11,50.0,50.0,1.0200112492373522e-34,4.0,6.0,8.475102856336229e-13,50.0,8.475102856336229e-13,0.0,9.345903916691851e-13,9.345903916691851e-13,1.4634338075389328e-33,1.4634338075389328e-33,1.4634338075389327e-30
1,R16 independent salt regression,99206e81eaea460fb6e37836f7f2e946619895c1b14b8487ef54791a7a99c7ec,14.520000000000001,14.520000000000001,14.520000000000001,8.590606033613426e-31,Elution 2,1.0,0.0,0.0,6.46119280141122e-11,50.0,50.0,5.98753594945615e-35,4.0,6.0,1.292238560288046e-12,50.0,1.292238560288046e-12,0.0,1.4250995267635442e-12,1.4250995267635442e-12,8.590606033613426e-34,8.590606033613426e-34,8.590606033613426e-31
1,R16 independent salt regression,99206e81eaea460fb6e37836f7f2e946619895c1b14b8487ef54791a7a99c7ec,14.55,14.55,14.55,5.0427998157898374e-31,Elution 2,1.0,0.0,0.0,7.874092509347906e-11,50.0,50.0,3.514727212096896e-35,4.0,6.0,1.5748185018719042e-12,50.0,1.5748185018719042e-12,0.0,1.7367896264131875e-12,1.7367896264131875e-12,5.042799815789837e-34,5.042799815789837e-34,5.0427998157898374e-31
1,R16 independent salt regression,99206e81eaea460fb6e37836f7f2e946619895c1b14b8487ef54791a7a99c7ec,14.580000000000002,14.580000000000002,14.580000000000002,2.9601752513460322e-31,Elution 2,1.0,0.0,0.0,8.182584299765648e-11,50.0,50.0,2.0631738424355932e-35,4.0,6.0,1.636516859950796e-12,50.0,1.636516859950796e-12,0.0,1.8048851840745936e-12,1.8048851840745936e-12,2.960175251346032e-34,2.960175251346032e-34,2.9601752513460322e-31
1,R16 independent salt regression,99206e81eaea460fb6e37836f7f2e946619895c1b14b8487ef54791a7a99c7ec,14.610000000000001,14.61,14.61,1.7376471728310994e-31,Elution 2,1.0,0.0,0.0,7.093001920492668e-11,50.0,50.0,1.2111027539800143e-35,4.0,6.0,1.4186003840902816e-12,50.0,1.4186003840902816e-12,0.0,1.5646106932041987e-12,1.5646106932041987e-12,1.7376471728310994e-34,1.7376471728310994e-34,1.7376471728310994e-31
1,R16 independent salt regression,99206e81eaea460fb6e37836f7f2e946619895c1b14b8487ef54791a7a99c7ec,14.639999999999999,14.64,14.64,1.0200112492373522e-31,Elution 2,1.0,0.0,0.0,6.831959462088607e-11,50.0,50.0,7.10930640858178e-36,4.0,6.0,1.3663918924060117e-12,50.0,1.3663918924060117e-12,0.0,1.5070722175740236e-12,1.5070722175740236e-12,1.0200112492373522e-34,1.0200112492373522e-34,1.0200112492373522e-31
1,R16 independent salt regression,99206e81eaea460fb6e37836f7f2e946619895c1b14b8487ef54791a7a99c7ec,14.67,14.670000000000002,14.670000000000002,5.98753594945615e-32,Elution 2,1.0,0.0,0.0,6.652530542422043e-11,50.0,50.0,4.1732508142273935e-36,4.0,6.0,1.3305061084709338e-12,50.0,1.3305061084709338e-12,0.0,1.4675216608728343e-12,1.4675216608728343e-12,5.98753594945615e-35,5.98753594945615e-35,5.98753594945615e-32
1,R16 independent salt regression,99206e81eaea460fb6e37836f7f2e946619895c1b14b8487ef54791a7a99c7ec,14.7,14.7,14.7,3.5147272120970424e-32,Elution 2,1.0,0.0,0.0,6.079729271558529e-11,50.0,50.0,2.4497544884009346e-36,4.0,6.0,1.2159458542978006e-12,50.0,1.2159458542978006e-12,0.0,1.341191042997824e-12,1.341191042997824e-12,3.5147272120970423e-35,3.5147272120970423e-35,3.5147272120970424e-32
1,R16 independent salt regression,99206e81eaea460fb6e37836f7f2e946619895c1b14b8487ef54791a7a99c7ec,14.73,14.73,14.73,2.0631738424356793e-32,Elution 2,1.0,0.0,0.0,5.08378603902348e-11,50.0,50.0,1.4380407241017278e-36,4.0,6.0,1.0167572077920093e-12,50.0,1.0167572077920093e-12,0.0,1.1215107946975717e-12,1.1215107946975717e-12,2.0631738424356793e-35,2.0631738424356793e-35,2.0631738424356793e-32
1,R16 independent salt regression,99206e81eaea460fb6e37836f7f2e946619895c1b14b8487ef54791a7a99c7ec,14.76,14.76,14.76,1.2111027539800143e-32,Elution 2,1.0,0.0,0.0,3.6349312343425085e-11,50.0,50.0,8.441508473024523e-37,4.0,6.0,7.269862468589979e-13,50.0,7.269862468589979e-13,0.0,8.019113467207002e-13,8.019113467207002e-13,1.2111027539800143e-35,1.2111027539800143e-35,1.2111027539800143e-32
1,R16 independent salt regression,99206e81eaea460fb6e37836f7f2e946619895c1b14b8487ef54791a7a99c7ec,14.79,14.79,14.79,7.109306408582077e-33,Elution 2,1.0,0.0,0.0,2.1939058380770083e-11,50.0,50.0,4.955288248538583e-37,4.0,6.0,4.387811676093296e-13,50.0,4.387811676093296e-13,0.0,4.840340978677293e-13,4.840340978677293e-13,7.109306408582076e-36,7.109306408582076e-36,7.109306408582077e-33
1,R16 independent salt regression,99206e81eaea460fb6e37836f7f2e946619895c1b14b8487ef54791a7a99c7ec,14.82,14.82,14.82,4.173250814227567e-33,Elution 2,1.0,0.0,0.0,1.1939667193810897e-11,50.0,50.0,2.9088248100238836e-37,4.0,6.0,2.3879334387222517e-13,50.0,2.3879334387222517e-13,0.0,2.6345720925220445e-13,2.6345720925220445e-13,4.173250814227567e-36,4.173250814227567e-36,4.173250814227567e-33
1,R16 independent salt regression,99206e81eaea460fb6e37836f7f2e946619895c1b14b8487ef54791a7a99c7ec,14.85,14.85,14.85,2.4497544884009347e-33,Elution 2,1.0,0.0,0.0,2.980036600721585e-12,50.0,50.0,1.7075202539358648e-37,4.0,6.0,5.960073201275235e-14,50.0,5.960073201275235e-14,0.0,6.580905945597359e-14,6.580905945597359e-14,2.4497544884009346e-36,2.4497544884009346e-36,2.4497544884009347e-33
1,R16 independent salt regression,99206e81eaea460fb6e37836f7f2e946619895c1b14b8487ef54791a7a99c7ec,14.88,14.88,14.88,1.4380407241017279e-33,Elution 2,1.0,0.0,0.0,-4.288952133297895e-12,50.0,50.0,1.002337011316678e-37,4.0,6.0,0.0,50.0,0.0,0.0,0.0,0.0,1.4380407241017278e-36,1.4380407241017278e-36,1.4380407241017279e-33
1,R16 independent salt regression,99206e81eaea460fb6e37836f7f2e946619895c1b14b8487ef54791a7a99c7ec,14.91,14.91,14.91,8.441508473024523e-34,Elution 2,1.0,0.0,0.0,-9.216417743045602e-12,50.0,50.0,5.883845923774858e-38,4.0,6.0,0.0,50.0,0.0,0.0,0.0,0.0,8.441508473024523e-37,8.441508473024523e-37,8.441508473024523e-34
1,R16 independent salt regression,99206e81eaea460fb6e37836f7f2e946619895c1b14b8487ef54791a7a99c7ec,14.94,14.94,14.94,4.955288248538583e-34,Elution 2,1.0,0.0,0.0,-1.1300945733234588e-11,50.0,50.0,3.453890001177236e-38,4.0,6.0,0.0,50.0,0.0,0.0,0.0,0.0,4.955288248538583e-37,4.955288248538583e-37,4.955288248538583e-34
1,R16 independent salt regression,99206e81eaea460fb6e37836f7f2e946619895c1b14b8487ef54791a7a99c7ec,14.97,14.97,14.97,2.9088248100238838e-34,Elution 2,1.0,0.0,0.0,-1.1513268923266756e-11,50.0,50.0,2.0274749188045823e-38,4.0,6.0,0.0,50.0,0.0,0.0,0.0,0.0,2.9088248100238836e-37,2.9088248100238836e-37,2.9088248100238838e-34
1,R16 independent salt regression,99206e81eaea460fb6e37836f7f2e946619895c1b14b8487ef54791a7a99c7ec,15.0,15.0,15.0,1.7075202539358649e-34,Elution 2,1.0,0.0,0.0,-9.425523373697491e-12,50.0,50.0,1.1605842955662461e-38,4.0,6.0,0.0,50.0,0.0,0.0,0.0,0.0,1.7075202539358648e-37,1.7075202539358648e-37,1.7075202539358649e-34
